Feed_Temp_K,Feed_Press_Pa,Benzene_Frac,Stages,Feed_Stage,Reflux_Ratio,Bottoms_Rate
-0.2443198339021589,-1.0836789364000157,-0.6706001040804653,-0.3144902689957184,1.528229432216687,0.4710911611007583,-0.39981165608303937
-0.9597289999080489,1.175938119524191,-0.5753596406912624,-1.4813842241405668,-1.5470431034833698,-0.48515766410991423,-0.3236108654040532
-0.475542840141671,-0.5632851129385728,-0.8337284897237983,0.2689567085767058,-0.009406835633341456,-1.3627527196035047,-0.2332754364457884
1.3014273524934843,0.7095130628533906,1.7121196367275215,-1.4813842241405668,1.1438203652541798,1.5210783977437863,-0.9493314174031114
1.3653200705900106,-1.2080050329855934,-1.6370032148906004,0.2689567085767058,-0.3938159025958486,0.5786849223422916,0.5335227510468071
0.90748995059461,-0.16998651854080685,0.7423660709977651,-0.3144902689957184,0.37500223132916566,1.0243405189145511,-0.976946363884481
-1.0138683727507538,1.5637059125588089,-0.9885032887266141,-1.4813842241405668,0.37500223132916566,-1.0870979926704063,-0.6862433158949083
-0.6010498719008698,-0.3110266188839711,0.022821322386779395,1.4358506637215542,0.37500223132916566,-1.2988609673501104,0.0015120060743830154
0.8154743920790073,1.5783404689262148,-1.4146259643566774,0.2689567085767058,1.528229432216687,-0.4265158890464646,1.4268750378783799
-0.9163689155675745,-0.48222547202025035,0.8420439153141993,-0.3144902689957184,0.37500223132916566,0.241897396569948,-0.39092817386800305
0.6167059567365311,-1.2901463177175023,-1.5130833962962504,-0.3144902689957184,0.37500223132916566,-0.29516159594610714,-0.4950155874862735
1.228077190123194,1.6013462293223528,-1.044587299716105,0.85240368614913,-0.7782249695583556,1.7228178838763661,-1.0605214723392626
-1.7242423006346206,-1.4246498943496662,1.6760625710644896,0.85240368614913,-1.1626340365208627,-1.252673977788655,-0.8933862152324638
-0.36446250182569867,-1.3122967141557758,1.0593804988661315,0.85240368614913,0.7594112982916728,-0.7417145512074134,1.5014626417114203
-0.10691426385830377,1.6215312052707196,-0.8307882322712822,-0.8979372465681427,-0.009406835633341456,-0.149804905811585,-0.4314726634594182
0.9607312513832108,-0.31677072610859464,-1.6642158954677135,0.2689567085767058,1.528229432216687,-0.007960652780190905,0.48866843685011263
-0.8666522383103058,-0.5401870476243483,1.6874173340141527,-1.4813842241405668,0.37500223132916566,0.3619148060582743,1.537009963732155
-1.2844304727902902,1.5432929256364276,-1.622667281089843,0.2689567085767058,-0.7782249695583556,0.048439448191849456,1.4513595722151884
-0.7860396282724529,-1.4215464337454085,-1.0521511058582351,-0.8979372465681427,0.7594112982916728,1.217710995838565,-0.15315783476842057
0.5815967313705266,-1.3997055848679825,1.442550454920424,-0.8979372465681427,0.7594112982916728,-0.6663188054506539,-0.8873205084032757
1.167685264188261,1.205094290280694,-0.3994857656802671,-0.3144902689957184,-1.5470431034833698,-0.30479959042185245,-1.187705308536862
-1.3502457296504098,-1.1349708903674314,1.7269040562011997,1.4358506637215542,0.37500223132916566,-0.9259634605740483,-0.33992199841394116
-0.6716223866520322,1.373791110400249,0.47251414772529526,0.2689567085767058,-0.7782249695583556,0.40801042456509146,1.0006762333091326
1.08608937554366,0.10213425518479097,-0.13197959812605217,-0.8979372465681427,-0.7782249695583556,1.1661672391703686,1.0598637019295916
1.2373721078240052,0.46429641111705294,1.2116886718486786,-0.8979372465681427,0.7594112982916728,1.375010850299293,-1.193118275959079
-1.5856563083573967,-0.9970090759805544,0.8072388439469789,-0.3144902689957184,0.37500223132916566,-0.8328612709768158,-1.0070629864362113
0.5137055443676823,1.1957068184803776,0.979285071186796,-0.3144902689957184,-0.009406835633341456,-0.49565866858364765,-0.03401281112709976
0.19874266550132166,0.9660508232325159,-0.8316222687680486,1.4358506637215542,-0.3938159025958486,0.0155720574169735,1.5611593772701473
-1.1795379843057028,-1.1530156800842142,1.1564382834847815,-1.4813842241405668,1.528229432216687,1.1699642258033591,1.3164179345755904
-0.4513285548587497,0.1800884331095426,1.2371878395509188,0.85240368614913,1.528229432216687,-1.634016090617645,-1.115780331729421
1.503117476920826,-0.6834473341986729,-1.0357889786271468,-0.3144902689957184,1.1438203652541798,-1.596595187606952,1.1635302327234083
1.050914348674944,-0.11453335501310914,0.3179381275907219,0.2689567085767058,-1.5470431034833698,1.7096219224882845,-1.5219485392657857
-1.1416276761804118,-1.5632886696721338,-1.323584854559887,0.85240368614913,-0.3938159025958486,1.5549250430233061,-1.6773641908144576
0.16030856926530598,1.3593617655349588,1.405583451039124,-0.3144902689957184,-1.1626340365208627,0.4117794466423923,-0.672916924323603
-1.168296382466751,-0.39543568830351095,-0.2761405761631925,-1.4813842241405668,-0.3938159025958486,0.14107152087360422,-0.19357632101310498
0.015257485156990736,0.16962973143409465,-0.6186493337414976,0.85240368614913,0.37500223132916566,-0.9077861415724219,0.721310338213135
-0.5026899554934302,0.9392360933409535,1.6043838128430326,-1.4813842241405668,0.7594112982916728,-0.8880571432692334,-1.3361057542890926
-1.2252065979670166,0.7897125359756044,-0.8612188231069662,-0.3144902689957184,0.37500223132916566,-0.6501680867266145,1.6519025525563176
-1.313739752923027,1.2723903867441282,-0.3552864806870932,-1.4813842241405668,-0.009406835633341456,1.0498848431242742,-0.8419401889627588
0.9593980946834927,0.12764417958042754,-0.22291160008435063,-0.8979372465681427,-0.009406835633341456,0.6274304676266673,0.8569753417138999
-1.4574050349514762,1.0341311919110976,1.305839433535659,-0.3144902689957184,1.1438203652541798,1.1947937566007645,1.6469209355060852
0.7753663396823804,0.20466968720803239,-0.19901304243010418,0.2689567085767058,0.37500223132916566,-0.49621515600575566,0.8029320784769365
0.9849528978323315,-1.3772533914002474,1.1309200351831523,0.85240368614913,0.37500223132916566,1.4765001093558239,-0.9239320182375558
-0.19119124823866698,-1.3151571907912014,1.1061945974757992,0.2689567085767058,0.7594112982916728,-0.9444522130879085,-1.5382467921299954
1.2380690113299389,1.2708212183585985,-1.4900784764073824,-1.4813842241405668,-0.3938159025958486,-1.2094025841192266,-0.830410938017144
-1.6434540374042441,-0.36079015325930236,-1.2832964259485682,0.2689567085767058,-1.1626340365208627,1.7309288933055276,1.3106021019073963
0.8366329698671668,-0.12602924021081846,0.7347280085578528,-0.3144902689957184,-0.3938159025958486,-1.1177950409458912,-0.021134247076018416
-0.5394153632525548,-0.14506000435262711,1.5733591895552164,-0.8979372465681427,-0.009406835633341456,0.8562486654425583,-1.6068801891115707
1.41491395076501,1.1715593912094433,-0.21592075796441915,0.85240368614913,1.1438203652541798,0.590603644708746,-1.7458354437014576
-0.8643350384544171,-0.16802108552272776,1.4798407793450572,1.4358506637215542,-0.009406835633341456,-0.2397391976857254,-0.7724661819665589
1.1711300022476592,-1.5003274733558682,-1.1194048891291437,-0.8979372465681427,-0.3938159025958486,-1.057954213287123,0.7704753992595528
0.9196545418266655,-0.1731615452129811,0.18241591280473746,-0.8979372465681427,1.1438203652541798,0.675438952516397,0.6409132277576949
0.12368395152537234,1.6815209787378556,-1.4060599222780232,0.85240368614913,0.37500223132916566,0.39781050985079425,-0.47116593514019667
0.2578362298701448,0.24568073912313823,-0.4233327002890919,0.2689567085767058,1.528229432216687,1.5750634657772775,-1.5790920716627497
1.0898658650581008,0.10738136107309085,-0.6651045302587147,0.85240368614913,-0.3938159025958486,1.6255204327662265,0.7464168602806502
-0.7600810487978445,-0.8287592125360594,-1.2566355242916636,-0.3144902689957184,1.1438203652541798,1.4407476974092217,1.393659798721209
-0.679784977473607,0.2626881223631723,-1.4255731866806083,-1.4813842241405668,-1.5470431034833698,0.4145567728913844,1.5521270281376383
-0.6106762974571261,-1.1371918561800478,-0.00789117581328734,-1.4813842241405668,-0.009406835633341456,0.5555311174242294,1.1675014931609613
-1.1113193962001549,0.1757733684236927,-0.7231382694284024,0.2689567085767058,-0.7782249695583556,-1.089456786057213,0.8482313577828943
-0.48440992472670796,-0.07927816220420422,1.2460934364024931,0.85240368614913,1.528229432216687,-0.7591576180722532,0.8754793139784852
-0.5548427715504055,-0.8637779260693154,-1.6885187101730676,0.85240368614913,0.37500223132916566,-0.17828421405266548,0.21770587604062125
0.526410438211469,-1.3966283102274226,0.30584791892420876,-0.3144902689957184,1.1438203652541798,-0.6418075082701282,-1.0090770159053153
0.35680451993182116,0.23438270750024515,-0.534400971928376,-0.8979372465681427,-0.009406835633341456,-0.19218818789486877,-1.4192185511174842
-1.378262684493964,1.3499183156444061,-1.2300911830798553,-1.4813842241405668,1.528229432216687,-1.0850132420182383,1.6669385941819246
-0.8819994776669907,1.3669422839790588,-0.5675043309976336,1.4358506637215542,1.528229432216687,-0.26459695113008525,-1.4856796826932421
-1.1361986916365903,-0.8687680625103479,1.0406944003680407,0.2689567085767058,-1.5470431034833698,0.38232787875139185,-0.0468666323139424
-0.7470758213102926,0.8072508758649873,1.3789975834915478,1.4358506637215542,1.1438203652541798,-0.4386414488789536,1.6501221249333677
-1.7219517798150412,1.4508640136755755,0.7537803525765946,-0.3144902689957184,1.528229432216687,0.99096494288319,-0.7940715826784371
0.5625322773106631,0.09550578974835422,1.248461793916312,0.2689567085767058,-0.7782249695583556,0.6635906149810737,-0.9091488576522172
0.8338746300559126,-1.0742593423574804,1.1426166896901788,-0.8979372465681427,1.1438203652541798,1.1859298253286208,1.3175552557716146
0.6451039129548022,-0.9664062478392019,1.0538910233265548,-0.3144902689957184,0.37500223132916566,1.1433537574035009,1.125433671081998
1.1034260226623938,1.478258373059982,1.3324955749844687,1.4358506637215542,-1.5470431034833698,1.1769477409750762,-0.31316905976779663
-1.4631053897317028,1.2736374987441643,-0.681567134528173,0.2689567085767058,1.528229432216687,1.7428525901468759,0.59245425412173
-1.5659764587096268,0.7035827995848113,-1.662963911343598,1.4358506637215542,-1.1626340365208627,-0.05283811615559337,-0.30080981116003064
-0.3170386032671159,-0.18984361641876998,-0.28117450493585655,1.4358506637215542,-0.7782249695583556,-0.49284930315627196,-1.3050781125344815
0.6048433893284401,-0.18527514164426287,1.1285939307538184,-0.8979372465681427,-1.5470431034833698,-0.27694960284908526,0.4257142830742129
-0.3569642514310874,1.6716889628986493,-1.5345647641635745,0.85240368614913,1.1438203652541798,-1.1893457250472028,1.1005709015785916
1.4839080685870787,1.4947303150744753,-1.1483750432869515,0.85240368614913,-0.7782249695583556,-1.23031794497744,-1.47151072037419
-1.1219371618695189,-1.055332829007978,-0.4516129923278495,-0.3144902689957184,-0.7782249695583556,1.2324963831183744,0.29214957700894667
-0.9018635189758489,-1.4513896025986315,1.4158697656367998,-1.4813842241405668,-1.1626340365208627,1.0096233930041774,1.6439603346003375
-1.372690938187781,0.6644424880289943,-1.581361216815092,1.4358506637215542,-0.009406835633341456,-0.4210363267308536,-1.6609844535322904
1.3555785895353822,-1.6410631277062364,-0.32431931142181575,-0.8979372465681427,-0.009406835633341456,0.3622614850389713,0.9320101565248635
-0.837907376220547,0.42632407822856455,-1.1287609506959704,0.2689567085767058,-1.1626340365208627,-0.29210677783211003,0.9366251960404522
0.9992638119663547,-0.780985451128059,1.432241805984597,0.2689567085767058,1.528229432216687,-1.1635102688436814,1.5455340370053585
0.37816162267544967,1.4595248606356233,-0.14737027466132815,0.2689567085767058,-1.1626340365208627,1.4383765223292275,-0.15831507788089175
-0.8932349529085891,-0.881526612178302,-0.10363555748099705,1.4358506637215542,-0.3938159025958486,1.108917118351025,1.3561984814807284
-1.4257430783097857,-1.0497956064152554,1.5625660098331489,0.2689567085767058,-0.009406835633341456,-1.3974560881214455,0.3103389168873131
-0.7814177270167879,0.8755060028663101,1.326280945904274,-0.8979372465681427,1.528229432216687,1.621108130889689,-0.7562625970096665
0.1841407105143637,-0.20032424339962274,0.5495409434760284,-0.8979372465681427,-0.7782249695583556,-1.453131280105454,-1.3836229839672372
1.5652842623854328,1.0313449586279118,-1.3372022197282396,-0.8979372465681427,-0.7782249695583556,0.17246753060481332,1.3272202460741134
-1.31167222373838,1.7438191336691289,0.9985761787181924,-0.3144902689957184,1.528229432216687,1.4225869768423358,-0.4745454382245922
1.3777396006599687,1.0262884177691192,-0.3271630006987936,0.2689567085767058,-1.5470431034833698,0.6867269076162026,-1.6019168776210022
1.5674233858836468,0.9238025306228497,-1.2677160672865369,0.85240368614913,-1.1626340365208627,-0.4000402246027368,-1.0425952881309966
0.37754644289624684,0.7427794336635511,0.2661810939328216,1.4358506637215542,-0.3938159025958486,1.2366250773812884,0.33661444591550455
1.2671417812331256,1.5077909675558603,-0.8443456950873814,0.85240368614913,-0.009406835633341456,-0.6795827283790165,-0.32222092501590727
-1.6762564116662,1.1286734973664274,1.225202844915989,-0.3144902689957184,1.1438203652541798,-0.1570650413925179,-0.7282946364793217
-1.553217660778253,-0.77282418161098,1.158919879974586,1.4358506637215542,-1.1626340365208627,-0.30695936687276365,0.38799155445698125
-1.0705917679938335,-0.7610133224683066,-1.1254461535611657,0.85240368614913,-0.7782249695583556,-0.7426768937756216,-1.3920206827796064
-0.9512276278244932,1.0563613549480901,1.0756858080233545,-1.4813842241405668,-1.1626340365208627,1.4785798833701351,0.3003303735248009
-0.9847469467325446,-0.25832729919858105,0.42961293134324785,0.85240368614913,0.7594112982916728,-0.25130145163856055,-0.5677052195779083
1.5955111475471753,-0.688267594430222,1.2906871985304416,0.2689567085767058,1.528229432216687,0.8238843994526351,0.4475408338255616
1.572247896799428,0.8559841239997,1.7050740595482725,1.4358506637215542,0.7594112982916728,1.3198714402622098,-1.2175694475664256
1.6432990893735555,-1.4689973136470673,-1.3857408661964994,-1.4813842241405668,1.528229432216687,1.6843192027994884,0.0703240975520539
-0.41476132687490785,0.20649459104830867,0.9813027190156887,-0.8979372465681427,-1.5470431034833698,-0.18639472531403448,1.6560251414460125
-0.4039814942291766,0.08693189781132352,1.6029796884576157,0.2689567085767058,-0.3938159025958486,0.20811624624456765,0.5726182448204766
0.0935596383211939,0.9259782169236874,-0.5368555869873185,-0.3144902689957184,0.37500223132916566,-1.2753883142508142,1.0917539078717189
-0.7923196274147098,-1.3328644409724009,-0.43378688664805837,0.2689567085767058,0.37500223132916566,0.15890014341960274,-1.4106973824317437
-0.6167888995173492,1.513248124237008,-0.9141451867450079,0.2689567085767058,1.528229432216687,1.3537191383934646,0.7966986159126278
0.12326053082060975,-1.1883781085837248,1.0761661206268232,0.85240368614913,-1.1626340365208627,1.4106205457064638,-1.5043466904416871
0.0429958875984734,-0.5203526709368252,1.1509333439677014,0.85240368614913,0.7594112982916728,1.7070424074525685,1.3511525743038815
-0.004784238413463976,1.6644659474214722,-0.22888679385632765,0.2689567085767058,-0.3938159025958486,-0.9673618011986984,0.6232161383129522
-0.7749733288137713,0.06106788584115472,0.48144809905512,0.85240368614913,-0.7782249695583556,-1.4288461959865524,-0.5518749338008995
0.5615239589412552,-1.2865440386745284,0.0846072588030803,0.85240368614913,-1.5470431034833698,-0.47538725702490453,-0.6898091853085099
1.5092413899785786,1.0894446782189684,-1.1590364244179114,0.2689567085767058,-1.5470431034833698,1.189146140147987,0.14893708613091622
1.4952500931179498,-0.7103318077333068,-1.6908694286410941,0.85240368614913,-0.3938159025958486,0.7728548207735577,-1.1474666591716571
-0.8093759327630796,-0.3046562513979845,1.5196711012287796,0.2689567085767058,-0.7782249695583556,0.05755718327411583,-1.3219272864686782
-1.1749475626318568,0.8208997283197432,-0.8632712556660809,-0.8979372465681427,-1.1626340365208627,-0.5558416426701389,1.4717808535476535
-0.3901059134729824,-1.2315172521379532,-0.32769834339982984,1.4358506637215542,1.528229432216687,-0.6155034450824673,0.8936119891315739
-1.3484616698347724,-1.0367247372422568,-0.845194673406781,0.85240368614913,-0.3938159025958486,1.5433832615594307,0.5508318699072118
0.39755477028918884,1.060185822459537,0.6189601335508726,-1.4813842241405668,1.1438203652541798,-0.9340605384391025,-0.4783267807918333
-1.5020115549107924,-1.3755804387554957,-0.46113070906027515,0.2689567085767058,-0.009406835633341456,-0.10044197620939753,-1.0534090488582923
1.6430746017259106,0.010130438096422122,0.9643608589392193,-0.3144902689957184,0.37500223132916566,-0.17957060318509652,-0.9747585522443428
0.31400160343193834,1.1023063023586415,1.190466044243066,0.85240368614913,-0.009406835633341456,-0.51228408849346,-0.3373830866584298
0.3098932228918941,1.6071245891076222,-0.5445144548575681,-1.4813842241405668,-1.1626340365208627,-0.17698593921029754,-1.5843696057399432
0.21592046957572658,-0.5623789200245296,1.2941994283198877,-0.8979372465681427,-1.1626340365208627,-1.0062814464897623,0.6662741172613893
-0.26142288511713613,-0.0192170803433593,0.027763939076063116,-1.4813842241405668,1.528229432216687,1.4830060459593692,-0.24216412032176327
-0.5847941121579262,0.8870305166429338,1.097537740392208,0.85240368614913,1.528229432216687,1.7150922373391404,0.4801324669629592
-0.37968223796854483,1.3258343318898898,-0.7004229706005293,-0.3144902689957184,-1.5470431034833698,-0.5920433380528716,0.058852850676124
0.48626888268614143,1.4937972943939068,0.0031442993175064345,0.85240368614913,0.37500223132916566,-1.0215066614997708,0.5376641111508751
0.9683290361260946,-0.435471734603352,-1.3068912349624344,0.2689567085767058,-1.5470431034833698,1.663610600172597,1.3696757424012338
-0.3579335705508138,0.933601588493078,0.38837153766598126,1.4358506637215542,-0.7782249695583556,0.9998035796139959,-1.7268262213978074
1.6557071187000678,1.2576157776559294,-0.3583627254992749,-0.3144902689957184,-0.3938159025958486,-0.8063225493488353,-0.8886584745599112
-1.656588235761812,0.18542152909063062,0.7088217893361647,1.4358506637215542,0.37500223132916566,1.474732561911462,1.446798162713593
-0.6609818136453405,0.37273898715806547,-1.2771134762798146,-0.8979372465681427,-0.3938159025958486,1.1829933359863636,1.241739658165727
1.3933695521212233,-0.7023218591429349,0.7873310872057884,0.2689567085767058,0.7594112982916728,-0.299349710947735,0.3133126839784173
0.8989245652490181,-0.6567866199126428,-0.09648620685945658,0.85240368614913,0.37500223132916566,1.6081803906835508,-0.8964240788658293
1.3859516310290725,-0.6557949807465042,-0.8930090654484754,-0.8979372465681427,-0.3938159025958486,-0.6021658232224512,0.20553131784551154
0.9131168414865479,1.427741678442862,0.6955215615843086,-0.3144902689957184,-1.1626340365208627,1.4703640593538498,-0.3105533695140544
1.5405172417660093,0.8289256908956988,-1.0437187924038602,1.4358506637215542,-1.1626340365208627,1.0424316369267228,0.8586204307069943
-0.5725082396066021,1.6018494853911018,-1.2207799992039474,-0.8979372465681427,-1.5470431034833698,-0.4411180817252892,-1.5172593471835725
1.6836791627670291,1.1246955485067047,-1.3950367087572026,0.85240368614913,0.7594112982916728,-0.7970888838965159,0.8252700079234963
0.6266848170004762,-1.06601480833716,1.1687007830718228,0.85240368614913,-1.1626340365208627,-0.5621021967717972,1.3239329460121472
0.44719181504670047,-1.1543290404557032,0.5242422558766687,0.2689567085767058,0.37500223132916566,-0.6941409493552345,1.6082544515756334
0.3146118483086259,-1.2030517960511176,-0.36459636083076297,-1.4813842241405668,-1.1626340365208627,-0.2271221190428748,-0.1979072528538998
1.510980267601032,-0.5677914106794909,1.4005850059922897,0.85240368614913,1.1438203652541798,-0.22890182507328408,-0.3690969446267798
1.0239807565152774,-1.039803274448379,-1.4804317588467646,1.4358506637215542,-1.5470431034833698,-1.4538381745965046,-1.2550856528596044
-0.9833982907585634,-1.1050598078997873,-0.5763904249440318,-1.4813842241405668,-0.3938159025958486,-0.14046963578253355,-1.6356972498268623
0.4801567398561057,0.29603702625124667,-0.13514168724013845,-0.8979372465681427,-0.009406835633341456,0.3636658966553995,1.4935950194867913
1.461382497839632,-0.0426149127031185,1.4493314814304845,0.2689567085767058,-0.009406835633341456,1.7542764269772748,0.8641900552165113
1.0576865445410197,-0.254090925907712,0.5028217208675573,-0.8979372465681427,1.528229432216687,-1.569304155075745,0.543346227058249
-1.4985107845193688,-0.5332215654607413,0.7269242377136779,0.85240368614913,-0.7782249695583556,-0.01105973823179211,-0.5429522377235236
0.8714947789646609,-0.9527237337756244,0.5525725517021366,-1.4813842241405668,-0.009406835633341456,-0.23135983955660458,-1.0541349067356696
-1.2624260536787302,1.2275230582815053,0.7554022299098132,-0.3144902689957184,-1.5470431034833698,1.062475597820451,-1.1677196477502163
-1.1092761581878627,-0.5062583055286818,-0.20652823224484976,0.85240368614913,-0.3938159025958486,-1.431319079784894,-0.8381433027472107
-1.0329568581806299,1.6172745953686942,0.4441304271236555,1.4358506637215542,0.7594112982916728,0.14885941031451067,1.4993586205713219
-1.6649782377963294,1.4161250740042017,1.4534551106426163,1.4358506637215542,0.37500223132916566,-0.7183613100519206,0.7359928839272024
-1.4381617213555553,0.5132695298680963,-1.2637646885031484,1.4358506637215542,1.1438203652541798,-1.1877979954602385,1.453793069456988
1.0019038192166514,-0.6966614980318694,-0.637159293359398,0.85240368614913,-0.7782249695583556,-1.2844841689540218,-1.1857375084703419
-1.5528429008594813,0.752482974437605,0.11248496067377935,-0.8979372465681427,-1.5470431034833698,0.3212103855518367,-1.7227544387678644
0.39148443434920704,0.3535722018277445,-0.33370289715073853,1.4358506637215542,0.7594112982916728,-0.4666654926919262,-1.3524957095762642
0.580152410011974,0.8092978292269396,-0.5418815191589714,1.4358506637215542,1.528229432216687,0.6260152178638532,1.5912759516513328
1.4585835478589961,-1.6462634413845574,-1.5256160803030008,-1.4813842241405668,-1.5470431034833698,-1.6193538519069839,-0.4933336588052978
0.5654955416624731,0.9946836784340464,0.41851332689340515,-0.3144902689957184,1.1438203652541798,-0.8015396084669599,1.4140666298543416
-0.48807739571313263,-0.8723665063792538,-1.3994021636093255,0.2689567085767058,0.7594112982916728,-0.12586540048397424,1.259129967662306
0.3473602182320593,1.2544688699119628,0.015591391318751258,0.85240368614913,-0.3938159025958486,-1.4740902233297586,-1.6829731350966333
1.2185988452407646,-0.3466084047728839,1.0494203487484175,-0.3144902689957184,-0.7782249695583556,0.9553308274713258,0.446599174912142
0.03427732948951398,0.0922533003351329,-0.2908441325152069,-1.4813842241405668,-1.5470431034833698,1.7220741190075886,-0.38918335398637655
-0.9664285519086666,1.2608766257255983,-1.153839085411214,1.4358506637215542,0.7594112982916728,1.54629810105965,-1.647784616636919
-0.5790348700608107,0.5598062586010385,1.3381218600213465,0.85240368614913,-0.009406835633341456,-0.9702330678537111,0.4128770639420252
-0.04162983042346103,0.9980415693468672,-0.9340076934608731,-0.3144902689957184,1.528229432216687,1.3893971242587662,0.3505710705930303
-0.26131260229326975,-0.5457279790379959,0.5922058893032998,1.4358506637215542,1.528229432216687,1.724595785060755,-0.18424196402690318
1.5135937364365584,-0.07160115231817032,0.19201607452081615,-0.3144902689957184,-1.1626340365208627,0.03305609451817526,0.004508419140114993
-1.1230365369704596,-0.7359495327536928,-1.4264245817963856,0.85240368614913,-1.5470431034833698,-0.7113779959248987,-0.12050589716501871
-0.44344346434666104,-0.37441177226322647,-0.8558247028693757,-0.8979372465681427,-1.5470431034833698,-1.4781480680928303,-0.46356090644294085
0.1974028098767125,-1.6032708439022867,0.15397781755349269,0.2689567085767058,0.37500223132916566,-1.0011772198464508,-1.3795574124126861
-1.0978761821820195,1.7730284008864539,-1.4304743663587398,1.4358506637215542,-0.009406835633341456,0.11280924852369557,0.31159790870420956
0.3721577101174628,1.0460604730156198,0.9668534031546753,0.2689567085767058,-0.3938159025958486,-0.11795802546903855,-0.35180178616872887
-1.3748918687940868,-0.31591313080745237,0.29072340766658544,0.85240368614913,-1.5470431034833698,1.550186336218398,0.06294459610446854
1.2720032367659055,1.0050042040369138,0.200106800138721,1.4358506637215542,-1.5470431034833698,1.0494943098213363,0.804010019829746
-0.23968689050978836,0.04194772761760332,-1.4707026861682326,-0.8979372465681427,1.1438203652541798,-0.6875054250873216,0.3372694307522952
1.5842289496486,1.7249272850125323,0.07916272872417683,-0.8979372465681427,-1.1626340365208627,1.498783743004818,-0.45822737705752764
-0.3090781390587323,0.29943864528182473,-1.236143089887857,0.2689567085767058,-0.3938159025958486,0.8721985661172509,0.28535774171916534
-0.06471252820042843,-0.23440459476971065,1.0644111566777381,-0.8979372465681427,1.528229432216687,-0.13848374852618067,-1.700407365321086
1.1137811544419423,0.5496819260953155,1.5974022011890974,-1.4813842241405668,0.7594112982916728,1.011007914325309,0.17264011584015804
0.48282729806538294,-1.5342426952203092,-0.8722870749414854,-0.3144902689957184,1.528229432216687,0.18841560071533678,-0.2083368523295862
-1.096780395689179,-0.6239356971506778,1.3255400444222711,0.85240368614913,-0.7782249695583556,1.7351590188261388,0.9007922795635169
0.10503675273496463,1.4094327130370319,0.2372525874102379,0.2689567085767058,0.7594112982916728,-0.3189098538535658,-1.476164735013464
0.6079698848454071,1.2610693075016315,-1.618614990654095,1.4358506637215542,1.528229432216687,-1.4334690502481342,0.5703895142921951
-0.7199729462441297,-0.34320763772713053,-1.0229715121816452,-0.8979372465681427,1.528229432216687,-1.1497687371831808,-1.3476865730750025
-1.0753481469187498,1.4962671340368168,-0.6995835707928079,1.4358506637215542,0.37500223132916566,1.6495755420854825,0.9045435384578313
-0.03936178502916109,0.6443104900829578,1.629978160218297,0.2689567085767058,0.7594112982916728,0.40620969596079964,-0.6876151111477087
-1.5577205097136075,0.47661718809983183,1.224288562996044,0.2689567085767058,-0.7782249695583556,-0.3388425103987279,0.035722604078899614
1.4504379951141941,0.8990505682100018,0.24410946910662412,0.2689567085767058,0.37500223132916566,-0.05102075126192392,0.21136896446597112
-0.2630715962851338,0.5261453000277552,1.1338553763441654,-1.4813842241405668,-0.3938159025958486,0.3572857823307794,-0.16193768676010745
0.05758188300679835,1.071929134760423,0.19837277595621775,0.2689567085767058,0.7594112982916728,-0.6067080955875331,1.460858980266043
-1.4464428449652391,-1.2603082051261743,-0.009306390860136864,-0.8979372465681427,1.528229432216687,-0.8995738107053443,0.636936165588179
0.6588419748876497,0.17674068363500728,-0.48484477561152745,-0.8979372465681427,-0.3938159025958486,0.1373436684629798,-0.2418983152777103
-0.36211877954538346,-1.25650187544814,-1.0334238125193165,-0.8979372465681427,1.1438203652541798,0.6303669832757695,0.9904519343931109
-0.371486979616438,0.46630614232149115,0.6276360444757693,1.4358506637215542,-0.7782249695583556,1.2089263553182699,-1.7512795575634146
0.46982426218063483,0.15328910436935936,-0.7036996498099839,1.4358506637215542,-0.009406835633341456,1.5347688139609363,1.2883465056457604
-0.032559135448915644,-1.6325203560167478,0.3084091266682225,-0.8979372465681427,0.37500223132916566,-0.5568055586783407,-1.5580051258593288
-0.9458186373129546,1.2166486986495926,0.8914798052919207,-0.3144902689957184,-1.1626340365208627,-0.24080899530694677,1.4040323417946832
-0.9792583813778112,-0.07034000353878996,-1.6707208546405061,1.4358506637215542,0.37500223132916566,-1.5370822234549666,0.995674146636256
1.1908835227694345,1.4185842277480714,0.33591737856818854,-0.3144902689957184,-1.1626340365208627,1.493618461828725,1.681934770578176
1.4238268459453365,0.9155846745993432,1.7072245779607602,0.2689567085767058,0.7594112982916728,1.0720259741854665,-0.37846445698802317
0.5297251419960972,-0.8926326109793093,1.2856155640051123,0.85240368614913,-0.3938159025958486,1.617957236368129,-1.0566197348580688
-1.2563741364222454,0.14634655871299604,0.3023541160623328,-0.3144902689957184,-1.5470431034833698,-1.391935371460501,1.173090282789478
-1.45802429215264,-0.3496552462319048,0.7494712882196748,-1.4813842241405668,-0.3938159025958486,0.10648779291811211,-1.086235967658112
-0.08406642232879025,-1.081780727765273,-0.13420986845103117,-0.3144902689957184,-1.1626340365208627,-0.13378640512322246,-1.0361315390599108
-0.4544025982346592,-0.9841243487917862,1.3184874948593022,0.2689567085767058,-0.009406835633341456,-0.8599706915442673,-0.063024734647923
-0.009782571027605066,-0.35876595758497015,0.7464421851889234,1.4358506637215542,1.1438203652541798,-0.7347012797245678,0.4856013873131133
0.5646401402428235,0.24872151121205824,0.011082099946128314,1.4358506637215542,0.7594112982916728,-0.40824670358239196,-0.5557504667746483
-0.5929031894814332,0.9537132999167205,-0.5896321030003842,0.2689567085767058,0.37500223132916566,-0.5051761617983658,1.4148289601150925
-1.3851902526085045,1.7787643475868524,0.3673249764333464,-0.3144902689957184,-0.3938159025958486,0.28417012982827394,0.7985421412329105
-0.42333562574788297,1.4128580011495884,1.4443411703190574,0.85240368614913,0.7594112982916728,-0.35363400517386046,1.665134131515357
1.6216321150466697,-0.9637882157755154,-0.26328899330598304,-0.8979372465681427,-1.5470431034833698,0.18622322908839734,-1.6636219771874479
0.9561393872211661,0.9573117087873892,0.12080881726778377,-0.3144902689957184,0.37500223132916566,0.9613006177852548,0.5035052255595982
1.5549811567256844,0.9813442288947081,0.6925474985724899,1.4358506637215542,1.528229432216687,-1.1148987956065828,1.2532119096193177
1.6281955298056165,0.039207570614380495,-1.4237769494037327,-0.8979372465681427,-1.5470431034833698,0.3135316244125421,-1.1828956034414049
1.5490438445607653,1.7573820127748985,0.48984187718681643,0.2689567085767058,1.1438203652541798,0.393489188343125,-1.2457601598135466
0.8558347040953604,-0.01679491163184668,-0.07244232515114483,-0.3144902689957184,-0.009406835633341456,-1.2249532024042538,1.32537625077388
0.7815236701531358,1.229121847532701,-0.16961013117256565,-0.8979372465681427,0.37500223132916566,-0.16102517347212808,0.46236611823049306
1.1241746139753428,-1.6076317890867955,0.6044689388096471,-0.3144902689957184,0.7594112982916728,-0.9123509223198067,0.911826362242924
-0.35962148559075635,-1.1466157857905217,-0.7574008224922808,-0.3144902689957184,-0.3938159025958486,0.508249163631686,-0.8757394053476873
-0.0015498202655411662,0.8909604528181557,0.5352320697520001,-0.8979372465681427,1.528229432216687,0.3984090267064229,1.1759320328824394
-1.2324430443825274,1.7369920283481277,0.26465365501362736,1.4358506637215542,-1.1626340365208627,-0.5340723423201437,-1.7000631098407213
-0.8241875896128427,1.474647386007247,-1.4476508371143797,-0.3144902689957184,0.37500223132916566,-1.1076775249147697,0.06385931975342173
0.7807481845340931,-1.273916391528331,1.5878758366071817,1.4358506637215542,-1.1626340365208627,0.5804617893065854,1.5689278097579633
-0.8127936101080937,-1.0523030946926966,-1.2957833848044975,0.85240368614913,-1.5470431034833698,-0.037704268457678936,-1.0515459482006235
-1.5764437221000587,-1.4566086463488015,1.3844393242620658,-0.8979372465681427,-1.1626340365208627,-1.1438433581294942,0.3238721663914276
1.1519816788859063,0.7717097829608472,-1.6786362623869353,0.2689567085767058,1.528229432216687,1.6772067655800467,-1.7242890419527326
0.9200775551311968,0.9631515505672993,-1.1562618357293584,0.85240368614913,1.528229432216687,-0.49729580703380166,-0.146160731271797
-1.413531051512634,0.3518044995493311,-0.44001202739057965,0.2689567085767058,1.1438203652541798,-0.3697419245400215,-0.6129453003025579
1.683553007810236,-0.21962674461601275,0.24929272874711642,-1.4813842241405668,-1.5470431034833698,-0.7876245682034474,1.425176259355482
-1.2049994200599128,0.5902657177048342,1.3704049902427704,-1.4813842241405668,0.7594112982916728,-0.811116998678526,0.598267229868306
-0.8684741478586261,-1.0976350373161734,-0.7333335360209003,1.4358506637215542,0.7594112982916728,0.6885668695902767,1.3707988558030002
-0.6759142661300166,-1.2436897957611712,-1.4855558196561591,1.4358506637215542,1.1438203652541798,-1.4215886458276974,-0.1579140055279441
-1.4198620176620658,0.3181851292905562,-0.968925732110041,-1.4813842241405668,-1.5470431034833698,1.076556736513674,-0.744841624896563
-0.09997356653848632,1.2743311105763067,-0.5648372077198999,0.2689567085767058,1.528229432216687,-0.8816485891403174,1.1314877186931505
0.10606748691391406,-0.5195306587108213,-0.36783216711404737,0.2689567085767058,-1.5470431034833698,1.6588533309746878,0.1344628443497714
1.7002481981545876,-0.4748192114894293,-1.5616168849975847,0.2689567085767058,-1.1626340365208627,-0.7650471174969041,0.8022961711608996
-1.272033793160971,1.33892008312768,1.1650321738460523,0.2689567085767058,-1.1626340365208627,-0.7237856833062185,-1.2846468403966986
0.5167252480313628,0.7011614899693058,-0.29139053567129447,-1.4813842241405668,-0.3938159025958486,-1.1804733431411003,0.9857368871189793
-0.6083667113968662,0.22926151827175176,0.7113990415993141,0.85240368614913,1.1438203652541798,0.1741100280296808,0.7131519531313285
-0.6259928565796757,0.16039120045001232,-0.321244426278855,0.2689567085767058,1.1438203652541798,-1.5989735754947563,-0.4533111927625703
-1.6678634401036734,-0.3858204958659594,1.434526109801276,-1.4813842241405668,-0.7782249695583556,1.1118786043659545,-0.8649439485605436
1.5838441274788388,-0.38995710133788325,-1.5087050659946415,-0.3144902689957184,1.1438203652541798,1.5974727732868435,0.2987542423692913
-0.8544057799720975,1.0430416504453977,0.8566063187604832,-0.3144902689957184,-0.7782249695583556,0.28695389113074904,0.048466041918496815
1.367343521561501,-1.6921786536588321,-0.6265047654469695,-0.8979372465681427,0.37500223132916566,-1.5853031395772927,-0.11967583514508393
-0.22864724022995797,1.1721063569040404,0.6451961732103938,0.85240368614913,-0.3938159025958486,0.5178818781182267,0.4843810819666111
0.9808201471461573,0.02248820950517613,-1.45998858930131,-1.4813842241405668,-1.5470431034833698,-0.6714685392294383,-1.1707032278864329
1.1840228660890229,-0.5034206563112843,1.6327173501889738,1.4358506637215542,0.7594112982916728,-0.3980002878174138,0.1673452471518049
1.0763076521922483,1.4791639671791537,0.739143235648056,0.2689567085767058,-1.1626340365208627,-0.11667512716294358,-0.8279417771488641
1.6774963949923372,-0.22159426657650377,0.1989592762001401,-0.3144902689957184,1.1438203652541798,0.4470801979255178,0.041586087680251654
0.35781278373196046,-0.5188414326421047,-1.2402541281919166,0.85240368614913,0.37500223132916566,-1.35603638143291,1.1795011828326933
-0.3417393784024336,1.670269387405851,0.057708901127195934,-1.4813842241405668,0.37500223132916566,-0.6743767656635475,1.7294160923714958
-1.2708500871536945,-0.9803669635941855,0.8690747799863449,-0.8979372465681427,-0.009406835633341456,0.9788666339373981,0.9064165345706785
0.8116478208549592,0.07703024103372673,0.19358647130529272,1.4358506637215542,-1.5470431034833698,-1.2677456834859409,-0.07636333579336678
1.1129010480270072,1.6958300204538825,-1.593137588614473,-0.3144902689957184,-0.009406835633341456,-1.6742313241722122,-0.22188426130633335
-0.26604235706407997,0.8110393421416988,0.4195455804413306,0.2689567085767058,-0.7782249695583556,-0.3626634436283984,-1.6559683426565808
0.016806922746962234,0.001889894715447561,0.15692055280349454,0.85240368614913,-1.5470431034833698,-1.295949532159957,-0.9282814081031908
-0.5304762597237973,-0.3300526472156254,0.987036387528692,0.2689567085767058,1.1438203652541798,0.7266171857673557,0.7917514369565167
-1.3765872993123092,0.7468332265849907,-1.0223698076924166,0.85240368614913,1.1438203652541798,-1.5449864532628272,0.2960399161665473
-1.3616880361244799,-0.1907806542304912,0.3211371458647554,-0.3144902689957184,1.1438203652541798,-1.5329472866679206,0.3714703392219615
-0.9610215930185707,0.7507706424910717,1.5756357290073753,0.2689567085767058,0.37500223132916566,-1.5649288069110048,-1.302960522534677
-1.5403639272310434,-1.0520761665101817,-0.45913382868169433,0.85240368614913,-0.3938159025958486,0.4373715609177911,0.42756830391218964
-1.2583400382405145,-1.5818750218328566,-0.048874310351074424,0.2689567085767058,-1.1626340365208627,1.4580192860820804,0.7943497687870612
0.5963001999068828,-0.41817292053802163,-1.5769956028173793,-1.4813842241405668,-1.5470431034833698,-0.022512101248974285,-1.1803329540302638
-0.5573568693424542,1.0753740540503156,-0.979453342376322,-1.4813842241405668,1.1438203652541798,-0.8227458059055546,-1.0614314826730378
-1.6917394846152602,-1.2875148466414739,1.6957153706280919,0.85240368614913,-1.1626340365208627,0.35868078217976695,-1.0555866503747233
-1.21055335059548,0.6260450795088263,0.7320731974290071,1.4358506637215542,-1.5470431034833698,-1.5287796805547245,-0.10765739784594638
0.6792470184677242,-0.8159990153412966,-1.2139739159402287,-0.3144902689957184,-0.7782249695583556,1.0310105418924977,1.3974537104808402
0.6339451959767296,0.6366770327728011,1.2258903019781935,0.85240368614913,1.1438203652541798,-0.5814373151915918,0.5295263686809405
1.197528821686672,-1.63761123331284,-1.290168110023502,1.4358506637215542,-1.5470431034833698,-0.38909419873153067,-1.4485638260637563
0.8920414832732243,-0.060247674645609886,-1.5342921135545955,1.4358506637215542,0.7594112982916728,-0.0334731283247225,1.7556026658985694e-05
-0.6234540322061933,-1.261048348609821,-0.596792072908589,-0.8979372465681427,-1.5470431034833698,0.8612938769769913,-0.7678045368432364
-0.1300715768799717,0.29013833802852,1.2311143817018866,1.4358506637215542,-0.009406835633341456,-0.7223329138631798,-0.8347179792458046
-0.7581245743820434,-1.0833056200751912,1.3646370245048658,0.2689567085767058,0.7594112982916728,-1.4635916801615547,-0.767504159523194
-1.4232684131782014,1.0972914920522976,-0.062071093169602264,0.2689567085767058,0.37500223132916566,0.16540767927378214,0.010755859921748226
-1.657154133196388,-0.2786601064296614,0.6496514265870663,-1.4813842241405668,-1.1626340365208627,-0.35029531210740233,-0.3248817694634268
-1.546061412879788,0.40774213196490433,-0.9334427521651292,0.2689567085767058,0.7594112982916728,-0.6847205250457358,-0.11328045901633918
1.620341728839085,-1.4392473746213938,-0.26019885889605726,-0.8979372465681427,-0.7782249695583556,1.6523372408755295,-1.2318685666948739
1.6893745970221739,1.4479498402940212,0.4176521317316591,1.4358506637215542,-0.009406835633341456,1.134215992851639,1.5400809567158364
-1.1507972641267337,0.31641782258577417,1.1764935119266544,-0.8979372465681427,-0.7782249695583556,-0.3319165033471071,0.5516681837929855
-1.472437245283203,-0.898014343211577,0.5614071305252302,-1.4813842241405668,1.1438203652541798,-1.6382306976448355,-0.8865762628834141
-1.2277140748649105,0.9758726742371636,-0.2014714127784008,1.4358506637215542,-1.1626340365208627,-1.3469786455179322,1.700952874627225
-0.7140601138559,-0.5878782322883629,-1.0659627562830163,-0.3144902689957184,-0.009406835633341456,-0.5352303214364263,1.5534621293471647
-1.5663021434853255,-1.014630724992259,-1.403771523358997,0.85240368614913,-1.5470431034833698,1.1962662334622722,-1.1500544557540127
1.4670901379916006,-1.505675367793784,-0.5662061039697406,0.85240368614913,-0.3938159025958486,1.1291518827595903,0.6554630804442508
1.119634865682678,0.543156959254946,0.23692723238325664,0.2689567085767058,1.528229432216687,1.0807100813525432,1.139230652732702
-0.04557964975513976,1.4550322040681483,-1.6099447083953442,-0.3144902689957184,-1.1626340365208627,0.2979688095193894,0.36874295852005184
-1.3337269859077008,-0.22311144992858958,1.116865209639837,-0.8979372465681427,0.7594112982916728,-0.9026204056601507,0.8956475572066399
0.26010818051291834,-1.5287188266207523,1.3308019917030809,1.4358506637215542,0.37500223132916566,1.134629620685024,-0.45801425278352864
-0.10435924161855023,-1.0005632310641803,-0.6235573361287328,-0.8979372465681427,-0.009406835633341456,-1.47107561654425,0.9788342408212212
1.133426423711631,-0.42524722442069324,-0.1569855244362432,0.2689567085767058,-1.1626340365208627,0.8974496034758448,-0.7037201559328633
1.008918668688404,-1.6711521996022007,-0.011631147574010224,-0.8979372465681427,-1.5470431034833698,-0.08767112327141834,1.5690915484332868
-0.6171245230252982,0.8596495877629335,-0.6497084237248151,-1.4813842241405668,1.1438203652541798,0.31156389632200454,-0.23761618952731445
-1.2699875082418672,-1.6659355528371338,-0.5787562585927731,1.4358506637215542,-0.009406835633341456,-0.05054933156583477,-0.44840280252735526
-0.06671327203217732,0.8676792297390089,-1.5858269884598006,-1.4813842241405668,0.37500223132916566,0.22327584899868638,0.5155047386720116
-1.3360508679811973,-1.3719068203006242,-0.5729524883560905,0.2689567085767058,-1.5470431034833698,-1.613209390103049,-0.3872049154359599
-0.1915112729067071,-1.6099192069924,-0.8813209376141267,-0.8979372465681427,-0.7782249695583556,-0.06360281451100117,-0.3952721134566414
-1.5838142338802335,0.23798088888014726,1.1669761775029541,-1.4813842241405668,1.1438203652541798,0.1723533086330917,-0.0020358256860640057
0.8234070896381499,0.5740671172984423,-1.068290411590326,0.85240368614913,-1.5470431034833698,0.3512926659779718,0.5346398575254425
-1.0360923736064291,-0.41902531931808645,0.6994782046332764,-0.3144902689957184,0.37500223132916566,0.8694198387760333,0.45780390153276507
-0.840921275383319,-0.0745761947826187,-0.87868386013175,1.4358506637215542,-0.3938159025958486,0.16908431629122375,1.1855434221975525
1.6459041963428762,-0.6069437883830274,-0.5698936286876591,-1.4813842241405668,1.1438203652541798,-0.964638282854968,-1.0512042744475754
1.0342362204604056,-0.6149431435059488,-1.5897560137137348,-0.3144902689957184,0.37500223132916566,-1.4027764423054898,-0.5052538467465321
1.55177615599779,0.696607221962785,-1.6203173313000034,0.85240368614913,-0.7782249695583556,-0.18149021755707057,0.6501682313727598
-0.42868906834102205,0.203271367652154,0.22020564908016974,1.4358506637215542,-0.3938159025958486,-0.2852677494125018,-1.3003824342850065
0.9328971754841003,1.1796630319716404,0.27400199004944087,1.4358506637215542,-1.5470431034833698,-0.5143473624066349,1.270373068242514
0.3508245234496736,-1.4201940920690788,-1.176186233690483,-1.4813842241405668,1.1438203652541798,1.5171961630340687,1.4958234661502183
1.6947110622357036,-1.2783223818865457,-0.27088333595690434,-0.8979372465681427,0.37500223132916566,0.8768958967048986,1.2188841244046358
1.6092505961010974,1.4648014311836839,-0.30105490023513926,-0.8979372465681427,0.7594112982916728,1.7238630744096972,1.2587049858146182
-1.3445229050327618,0.5799566775910943,-1.2066463937513028,1.4358506637215542,0.7594112982916728,-0.6733292815848941,0.293389967867809
0.9674306593719744,0.8340736313742434,0.46568513511604226,0.2689567085767058,1.1438203652541798,0.729432493618838,1.0976768588302515
0.34945851926531646,-0.12810425059199515,-0.9366801573711412,1.4358506637215542,-0.3938159025958486,0.2387752052105904,0.706906728514222
-0.016231897040467732,1.5882252561208061,1.1710083713525712,-1.4813842241405668,-0.7782249695583556,-0.3179482364990249,0.47623532089511533
-1.5771383126065948,0.5507999974098141,1.1637074470960806,-0.8979372465681427,1.528229432216687,-0.8685135182585585,0.5125899695948114
-0.4531431307238285,-0.15135790494959975,0.49928311686527477,-1.4813842241405668,-0.009406835633341456,-1.546042096263881,-0.7880809752528353
-1.616519559556759,-0.9126007911468189,-0.08857930916547704,1.4358506637215542,-0.7782249695583556,0.9357300913045953,1.5111389647701847
1.287087959786331,-1.2972386924496604,-1.4565625780751705,1.4358506637215542,1.1438203652541798,-0.07043811360569244,0.4295219542591474
0.9241914599400397,1.6144129416963897,1.7385750010085486,-0.8979372465681427,-0.7782249695583556,0.6418959788268941,0.741887228592988
0.2461712499658351,1.5664418065087247,1.3426124226478262,1.4358506637215542,1.528229432216687,0.306549682380014,-0.22792448188542125
-0.1229206751918011,-1.2710955421951573,-0.8749086568790742,-0.3144902689957184,0.7594112982916728,-0.6833370244483569,0.3404611693613738
0.8894507140461919,1.197648175980443,1.168399261738917,-0.3144902689957184,0.37500223132916566,0.9528248563066621,-0.0010216711129861762
1.3955017476385596,1.0420065120650412,-0.6805073337430371,1.4358506637215542,-0.3938159025958486,1.7482025766042917,0.9638937498348501
0.6067798042584663,0.8195412831366151,-1.3085872017399973,1.4358506637215542,0.37500223132916566,-1.4010800513313142,0.17686878047455254
-1.6518258795827396,0.07226641212238347,1.3504228939541927,-1.4813842241405668,0.37500223132916566,-0.37595750529244076,-0.7016818105604119
1.4421340948772285,0.5937773366493324,-1.587910931777264,0.2689567085767058,-1.5470431034833698,0.21922237692087895,1.2858647848282603
0.8471063740741059,0.29590237683279486,0.2241793244449706,0.85240368614913,0.37500223132916566,0.8753714559514485,0.01830104863328592
1.195400705437497,-0.5016515269705325,-1.436335665663285,-1.4813842241405668,-1.1626340365208627,1.6441880025474496,-1.1031624241314173
-1.5932029790143485,1.2807295698648682,-0.9258084452785812,0.85240368614913,0.7594112982916728,0.9481980324644159,0.9853934028901757
0.01389947761849017,-0.7968754132624344,1.511678399964474,0.2689567085767058,-1.1626340365208627,-0.8675730557772313,0.4308286623807364
-0.8914566283862866,-1.2722443069637295,-0.9860525221401802,1.4358506637215542,-1.1626340365208627,0.8740601129469865,-1.4023156584121599
0.7618291209573587,0.42220197530382425,-1.5470584372426408,1.4358506637215542,1.1438203652541798,-0.24695157467608064,-1.2477568454222725
1.5557202624007653,-0.15855315664149178,0.708045077613266,-0.3144902689957184,-0.3938159025958486,1.5723763340030108,1.6778028843625996
0.09628939053437437,1.028934837405951,1.6850386919514666,0.85240368614913,-1.5470431034833698,0.734628570266302,-0.7706627695484939
1.0734780781119153,-0.1691055062519562,-1.588564114707898,0.85240368614913,-1.5470431034833698,-1.6865508612736906,-0.8157273345574597
1.5830250065147793,-1.4908579706583815,-0.7349445312074715,-1.4813842241405668,-0.3938159025958486,1.6900173214139675,-1.5182919298415192
-0.5953943567738575,1.1709970042554998,0.6269672696715509,-1.4813842241405668,1.1438203652541798,-0.23144885427030254,-0.31237662445258463
-1.2737573634293673,-0.829537715600296,1.3853973184182204,-0.3144902689957184,-0.3938159025958486,-0.43675712040885467,-0.22644470809916084
-0.09231965869467511,-0.1007376893695568,-1.558024029995093,1.4358506637215542,-0.7782249695583556,-1.1029187445126447,-0.7351974785891678
0.4614693474875971,-0.9436053144290961,1.3569820892844395,0.2689567085767058,-1.1626340365208627,0.25111995182257024,1.348848465087613
-0.3034233244880069,-1.0391210850200534,0.7622680520974826,0.85240368614913,0.37500223132916566,0.47916765711333603,0.0912947074477613
-1.4214195526542892,1.2409872313142176,-0.4358100972602267,0.2689567085767058,-1.1626340365208627,-0.6773161949334264,1.0417536211732126
-0.7810284462875658,1.4209177792955259,1.425571476655125,-0.3144902689957184,0.7594112982916728,0.6177429794056334,-1.370311905125271
0.2932854411898859,1.0902621676591069,1.4899523892559545,0.2689567085767058,1.1438203652541798,0.02529284325154853,-0.47031275460156574
1.6525456434698982,0.2237748136904267,0.5003867259136995,0.85240368614913,-0.3938159025958486,-0.4236985352551937,-0.591780985255974
-0.3648895903862715,1.2289400841216669,-0.5359832877593141,1.4358506637215542,-0.3938159025958486,-0.407189689651937,-0.8259030137089445
1.353137134862893,-0.4630637239319119,-1.4587605960845662,0.85240368614913,-0.3938159025958486,-1.3814289936818214,0.13189270723580576
0.8640264879508545,-0.7242848246519854,0.098857269252579,-0.8979372465681427,-1.1626340365208627,-0.07865106102422259,-0.43837752269992647
-1.1943643462988671,-0.4500624924757377,0.6069476529595448,-0.8979372465681427,-0.3938159025958486,-1.0791879427965425,0.13550202543276493
-1.4272812219877735,0.6167335666669781,1.0896214384165577,-0.3144902689957184,-1.1626340365208627,-1.4436258481942679,-0.34821421645949757
0.9757317285297277,-1.0291277040917826,0.6059311266050696,0.85240368614913,-0.009406835633341456,1.1752010362509158,-1.426327964900445
-1.6472817341083288,0.47568484657451954,1.6318510047223909,1.4358506637215542,-0.3938159025958486,0.3913407482340232,1.6696723298950609
-0.6676353732598934,-1.5669697933859317,1.4180618462083743,-0.8979372465681427,-0.7782249695583556,0.15471449341934296,-1.3279501455149367
0.2613135984846456,1.518369719745477,1.0884258082512441,1.4358506637215542,1.1438203652541798,1.306126190057121,1.3551055842723225
-0.5119984016377961,-1.2530600957109856,-1.1187638614753643,-1.4813842241405668,-1.1626340365208627,0.8623215325218094,-0.49593130720201606
-0.3319804243931422,-1.3255750511472346,1.1198072876983245,-0.3144902689957184,-0.009406835633341456,-1.3238597765075244,-0.28505762027968945
-0.15332494554245,1.2438697624275985,-0.6895376163630628,0.85240368614913,-1.1626340365208627,0.46916417875964794,-0.630792329593495
0.37899238326296036,1.461067833102124,-0.4684252913111903,1.4358506637215542,-1.1626340365208627,1.0653475042924898,-1.2511570143854016
1.4549867626772663,-0.7474042672723027,0.5678070662857951,1.4358506637215542,0.7594112982916728,-0.48737426768150394,-1.750640226843556
-1.6297800698348535,-0.4381500572545421,-1.1556173641298335,-0.3144902689957184,-1.1626340365208627,-0.49411471957155106,1.5767915494829405
1.0612972158553373,0.798021559463097,0.3788270266228062,1.4358506637215542,1.528229432216687,1.0617212169508654,-1.5144106137470337
-1.2653600784006305,0.5412495168244681,0.03133226895773952,-0.3144902689957184,-1.5470431034833698,-0.5451071023989777,-1.6234273453385104
0.6379820647976691,-1.4678449788447834,-1.1864944584755401,-1.4813842241405668,0.7594112982916728,0.8210789023880353,-0.6561943096296767
-0.5567221139099743,1.2347974397162818,-0.7030103602933901,1.4358506637215542,-0.3938159025958486,0.02733591344553783,1.722052269953246
0.04797780574967326,-1.5901591395812242,1.045339269634427,-0.8979372465681427,1.1438203652541798,-1.4323610557442872,0.799014049805573
-0.40317897703758465,1.0516218184944295,-0.5005974898735238,-1.4813842241405668,0.7594112982916728,0.7161820908657665,1.6003221877375557
-1.0725812654841824,-1.4426339192406434,-1.3662614551692716,0.2689567085767058,0.7594112982916728,1.4835264083127122,-0.44665725640969606
1.4023282110556359,-0.22241114316585187,1.2935452662005358,-0.3144902689957184,-0.3938159025958486,0.056148406477089866,0.4454108433406745
-0.28789993396371094,-0.11315493589040086,-1.5451702602067632,-0.3144902689957184,1.528229432216687,-0.23712864347789106,1.5249436906238776
1.3625811227593305,-0.9514068042730353,0.18070359286688828,-1.4813842241405668,-0.009406835633341456,1.6860491759906648,0.7260741281855002
-0.7005988722271392,-1.0044449299664389,0.6077046713688371,1.4358506637215542,1.528229432216687,0.15793064865149722,1.2925854840748812
-1.0346335164113065,1.1654174248476905,0.6251083073224718,0.85240368614913,-0.3938159025958486,-1.6380743942353282,-0.5887104811567578
-0.8672094585070882,-1.5131751295007223,-1.4092553358250195,1.4358506637215542,0.37500223132916566,-0.879498810725292,0.26975707765138496
-0.629442879614682,-0.6472523125202763,-1.0663595864635158,0.2689567085767058,-0.009406835633341456,-0.09385026078286594,1.408127179185519
1.3398437189014563,-0.11270673664198742,1.2666545976528474,0.85240368614913,0.7594112982916728,-1.2168867937961065,1.7337916753681721
-1.68647425099192,0.7167634448667036,-1.4194503662436024,1.4358506637215542,-1.1626340365208627,1.020480671310102,-0.7276711598329372
0.1552596909326611,-0.7592184339903838,0.12794235422961076,0.85240368614913,0.37500223132916566,0.9220475001732854,0.02686216596748715
0.2837141780577235,0.2253486513193104,0.8391704903668448,0.85240368614913,-0.009406835633341456,-1.1194535436503195,0.3908059953368446
-0.4006193327495703,1.1745010557639348,-1.676178041506191,0.85240368614913,-0.7782249695583556,0.6561204617304647,1.5335275209139323
-1.2765358808801426,5.8479428812067425e-05,-0.7469452249913946,0.2689567085767058,-0.7782249695583556,0.835694741108297,-0.6884780687089171
0.1438791778096771,-1.3244363828410388,0.4362230943867893,0.2689567085767058,0.37500223132916566,0.10755095323464106,0.128878498761641
0.6681754638936089,0.9919981676502625,0.7134234996426778,0.2689567085767058,-1.5470431034833698,0.4914488036960244,-0.880605173416416
1.707579487245609,1.1568743238542132,0.3338399923705542,1.4358506637215542,1.528229432216687,1.4907345301531514,1.3203331154068272
-1.308764443935645,-0.7034287162263145,1.0198156732642434,0.85240368614913,1.528229432216687,-0.0015595356449664022,-1.5055485243244742
-1.1934382585740069,-1.5375484828191666,-0.8194227852573855,1.4358506637215542,1.1438203652541798,1.7467629865653636,-1.0851521488175306
-0.6158473149880977,0.9168344020951339,0.4100559126218508,-1.4813842241405668,-0.009406835633341456,-0.04136764995475378,-0.7253275560748939
0.5202774381292261,0.9138246919092917,1.4020968099055091,0.2689567085767058,0.7594112982916728,1.2546844780955784,-1.249127462837501
0.9412534928631858,0.7027924832740533,-0.6782764769778562,-1.4813842241405668,1.1438203652541798,-0.6807156120236307,0.10050885153375302
-0.37864948911000923,-0.7941346122120553,-0.012964458497119096,-0.3144902689957184,1.1438203652541798,0.578150048967798,1.384304514405838
-0.8194806200401965,-0.39984772342737823,-0.5868800171440295,0.2689567085767058,-0.3938159025958486,-0.7774937829389087,1.6684592980941306
0.3542241309934623,-0.7078260494325572,-1.2219501495327785,0.2689567085767058,0.7594112982916728,-1.2819861356148738,-0.5617887307068362
1.409669410246281,0.6417413806061452,-0.7751907790418575,0.85240368614913,-0.7782249695583556,0.9242699882137966,-0.7227485499926456
-1.4037325686617046,0.81697310198483,-1.5796938084439347,0.2689567085767058,-1.1626340365208627,0.5202474197141868,-1.6148159874933612
-1.1331990437589914,0.23143079176332085,1.0518152348575263,-0.3144902689957184,1.528229432216687,1.189747749664909,-1.743268106125894
0.5776745853721451,-0.03696770773970116,1.300031756530148,-0.3144902689957184,-1.1626340365208627,0.7854696716699627,0.21718979770000024
-0.2309785412366444,1.0251577231085787,-0.6427731739739746,-1.4813842241405668,1.1438203652541798,-1.6879575712582544,-0.0877892378224484
0.8446110920233546,1.4682357509710664,-0.31441693531948794,-0.8979372465681427,1.528229432216687,1.3473699437145756,1.0529276114367367
0.36763872114865687,-1.090906854226088,0.5999273949368935,0.2689567085767058,1.528229432216687,-0.4383955457228419,-1.6685267947077485
1.2211227486863465,-0.32356888870912065,-1.3211803679033798,-0.3144902689957184,1.1438203652541798,-0.3984787423645664,-0.38430911177153265
0.32249463373503506,1.246534925836728,1.2492933473409538,-1.4813842241405668,-0.3938159025958486,0.8698548346573325,-0.9921461404356157
-0.5936003070228477,1.183757503692315,-1.5326987187286092,0.2689567085767058,-0.009406835633341456,0.9724021985731534,0.632016687145721
1.1608091294184986,-0.7744501467523539,-1.066882722017475,-0.8979372465681427,0.7594112982916728,-0.2567006688005947,1.1848674246370625
-0.19281861353683463,-1.1107368462557627,0.1724865345896806,0.85240368614913,-0.7782249695583556,-1.0113066380261988,0.2970652049078244
0.6763734456784226,-1.2779910877092944,0.2186797378233279,1.4358506637215542,-0.3938159025958486,-0.6620615060648488,1.1577618771799558
-1.4770235695495657,-0.6115793280468588,1.2520985541347764,-0.8979372465681427,0.37500223132916566,-1.3860306516493412,0.8102983388743278
-1.5479303218032463,-1.1279312712276535,1.278846559343857,-0.8979372465681427,1.1438203652541798,-0.3863271742483969,-1.0941812275840075
1.3745843502643456,-1.187439213834317,0.6306357362860364,-0.8979372465681427,0.37500223132916566,0.5199254089297083,0.8651851529097552
-1.6672184112708488,-0.044810436972655056,-0.7021035109817837,0.85240368614913,-1.5470431034833698,1.1473829475287995,0.9226013538527089
0.49308218106725865,0.23534806303851669,0.9838884490686776,-1.4813842241405668,0.37500223132916566,0.5188413375909166,0.6584600716515581
-1.5121457001397456,-0.34749081384381664,0.3242152772553145,-0.3144902689957184,1.528229432216687,1.1387836664195055,-1.7567282207454158
-0.8461129765419165,0.06066126950881687,-1.0098718570665277,-1.4813842241405668,-0.7782249695583556,0.2808474006003441,-0.761329528955992
-0.1268019139555398,0.5054471303118846,1.1185177052376756,1.4358506637215542,-1.5470431034833698,-1.58171179975186,-0.08940859559645124
1.0268325149585051,0.3242252106626473,0.6716829406555936,0.2689567085767058,0.7594112982916728,-0.7854414515719862,0.12661545627328497
0.3289563122737491,-1.6852416790388725,-0.9011117776124383,0.85240368614913,-1.1626340365208627,1.5759811228335088,-0.10470875028732278
0.13304320194003688,-0.04676748301904459,1.6367882301815824,0.85240368614913,-1.5470431034833698,0.07401925265174798,-0.0463425888443927
-0.7093870237052905,1.6374841780970304,-1.0824143500216017,-1.4813842241405668,-0.3938159025958486,-1.2064658750632973,0.42837810859495956
1.2962148531013569,-1.2107217967238757,-0.9596799378448513,-0.3144902689957184,-0.7782249695583556,1.21221451300878,1.1265487473709237
-1.050564474420755,-0.8064803912465007,1.68932861801588,0.2689567085767058,-1.5470431034833698,1.3147852154530266,1.2669404407025326
1.0964400823418534,1.6382850480157276,0.6759763053204659,0.85240368614913,-0.009406835633341456,-0.5261680969535507,-0.6659574997499434
1.5602847260176145,1.127333173055461,-0.24965820454188725,-0.8979372465681427,0.37500223132916566,0.2541526356573731,0.5588545317683106
-1.067408314500904,-0.27056006532551213,-0.3487492625750415,0.2689567085767058,0.37500223132916566,1.3822960860689826,-0.5278466456373151
-1.6695162678402016,-0.9101207695016683,-1.367541564679384,0.2689567085767058,1.528229432216687,1.3740364579938875,0.11512374422213606
-0.591675806189338,-1.580254869794773,-0.4035165955654589,0.85240368614913,1.1438203652541798,0.21099159497003925,-0.7917019012933112
1.3241782432393994,-0.18688840951370791,1.456893863570931,0.85240368614913,-0.7782249695583556,1.1627328312158023,1.1150269968792506
-1.2297689310098412,1.6486334047144062,-0.9030208027693953,-0.8979372465681427,-0.009406835633341456,-0.12476026295055265,0.37416016354250486
1.5789880811240216,1.4468465976703637,1.2866099112779534,-1.4813842241405668,-1.5470431034833698,0.8264482729928885,1.6564859236270653
0.8963631903106443,-1.2287598585704163,-1.1968589313695313,0.2689567085767058,-1.1626340365208627,-0.23478331066925062,0.1387131255575954
-0.5739838547023165,0.2880418323429072,-1.338060015801258,0.85240368614913,-0.3938159025958486,0.31485235066383216,0.25291990606731823
0.1400795504564657,-1.7006146384778071,1.3318694414402783,-1.4813842241405668,1.528229432216687,-0.5625187112068966,-0.16319200057435412
0.3732731930163529,0.39582706757890157,0.5117481521129316,0.2689567085767058,1.528229432216687,0.7080503871019265,-0.9871903621995942
0.9735609168862083,1.6940680407544633,-1.5374923586752554,-0.3144902689957184,0.7594112982916728,-0.8220653777268632,-1.2155962808535083
0.2734338371997275,-0.24650589683613242,1.2888474930740426,-0.8979372465681427,-1.5470431034833698,-0.3107416138668398,0.129509362080114
-0.9863006253526544,0.19480378102177542,-1.5971123839998687,-0.3144902689957184,0.37500223132916566,-0.8517574863960394,0.12737475986190194
-1.6421126160977182,-0.21185673954954204,-0.06106345713709569,-0.8979372465681427,-1.1626340365208627,-1.1811955886171166,1.4502290387496903
0.011868671301462927,0.03680827736840982,0.42253573902133595,0.2689567085767058,-0.7782249695583556,0.7864047885432995,1.04320206119862
1.6988582523970146,-0.5668826021735588,0.887901128512968,-0.8979372465681427,-0.7782249695583556,1.0169945011798192,-0.15571787880531865
-1.0840721487006024,-1.2636952247901228,0.2822651039547892,-0.8979372465681427,0.7594112982916728,0.811675566225966,-0.05040933593653164
0.06063053741875138,0.8896978623123871,0.3207158156056982,0.85240368614913,-0.009406835633341456,1.4388770137221132,-1.2470069697626753
-0.930631093465343,0.009345941988511483,-0.23719780562906487,0.2689567085767058,-1.1626340365208627,1.767026345059277,0.9414663773997536
-0.5066356905354283,0.8504431390057721,-1.4007030690935829,-0.3144902689957184,-0.3938159025958486,-0.33912553554107494,0.8418429745749949
-1.7276658726052985,0.33326976797939495,-1.4430260438449267,-0.3144902689957184,-0.009406835633341456,-0.35746103530869555,-0.36933813353665923
0.525438834610261,-0.3781595445540202,-0.3891036527150159,-1.4813842241405668,-1.1626340365208627,0.8883469806055009,-0.6262897793839586
-0.3078505288972411,-1.1028805776826665,-0.7063062576413843,1.4358506637215542,-0.009406835633341456,1.0104414658971665,-1.0282887516618688
-1.0648608045149444,-0.6637259433881736,0.3425325962908823,-0.3144902689957184,-1.5470431034833698,-1.4132433660076147,0.8447028274393931
1.452488165079572,-1.1133469093097546,-0.4314314344406152,-0.8979372465681427,-0.009406835633341456,0.732020652256867,1.1197234286405153
-0.2662610062321649,0.48439578350812923,-0.6771506420315407,-1.4813842241405668,-0.7782249695583556,-0.8486222854820334,-1.1355892702904211
-0.35041187670026547,-1.3184182048835382,0.5076103866661144,-0.8979372465681427,-0.009406835633341456,-1.1697437190641744,0.8239668315779444
0.2577279764049058,0.9836456553339719,-1.353199275961673,0.85240368614913,-1.5470431034833698,0.14507665856897242,0.6832816979161374
-0.24386713420195685,1.1088021713524576,0.424818029112339,-0.8979372465681427,-1.5470431034833698,-1.4033801192844115,-1.546204080113507
-0.18637630028979357,0.5978680817927976,-0.24218562030808838,-0.3144902689957184,-1.1626340365208627,1.4185396433848463,-0.8469734151960515
0.870770150280128,-0.3314069368278265,-1.6169140918609806,0.85240368614913,-1.1626340365208627,1.3888165930458471,0.1961502447075767
-1.0211704376163948,0.21712233802947764,-1.7109684857538423,-1.4813842241405668,-1.5470431034833698,-0.09744994223376707,1.2601927317610344
1.0937028980058554,0.6610946303672777,0.9887617987971912,0.85240368614913,1.528229432216687,1.543004417165819,1.0286897601107352
-0.5044158829267982,1.4411278653495698,-0.29662671852831113,1.4358506637215542,-0.009406835633341456,1.4414407716332378,-1.060169401965775
1.5575498740435423,-0.21856059712533474,1.0397144445311677,-0.3144902689957184,-1.1626340365208627,-0.14396645047673823,0.918607672656437
0.6317759711784986,-1.2653946274263488,0.08447009369931043,1.4358506637215542,1.1438203652541798,-0.06998951407412395,0.7325974244064203
0.8282321034852291,0.853558081951334,1.0400302441698295,-1.4813842241405668,0.37500223132916566,0.14810388822116402,0.8500530359405394
1.1307665524418782,1.1640566854583243,-0.8457432136253837,1.4358506637215542,1.528229432216687,1.1678283642697196,0.8796847780995861
0.4608784118422235,-1.5267388171015737,-0.63130591418609,-0.8979372465681427,-0.009406835633341456,-0.9771072599857787,-0.4058005264877837
-1.2828480137948512,-1.5728923708071292,1.3222843382268161,0.2689567085767058,-0.7782249695583556,-0.9184929791469717,0.18709304884111608
-0.7008425973351304,0.7242847443571927,0.25241096386012657,0.2689567085767058,-1.1626340365208627,-0.6008370320825407,-0.07917348955995411
1.3773426940608353,1.0113339950124556,-0.7365323603664508,0.2689567085767058,-0.009406835633341456,-0.12000640415391645,-0.9865167838846671
1.479906910573563,1.0690351691048037,-0.2937521081222086,0.2689567085767058,1.528229432216687,1.755693219124692,-1.2721611744589416
-1.6082373186653283,0.8078170594261377,0.8194027754489185,0.2689567085767058,-0.3938159025958486,1.3371705687213649,-1.0991651454564437
-1.494054152821961,0.19453661889234938,-0.30377867740957937,0.2689567085767058,-1.1626340365208627,0.031179626740434525,0.10013267547755436
-1.68313207921053,-0.3401992651668566,1.2653427700908821,0.85240368614913,0.7594112982916728,-1.0909604767533743,-0.4508211210977128
0.24218279422592048,-1.284663340030942,-0.975277711719654,0.85240368614913,-0.3938159025958486,1.685460207416338,0.2916513644499442
1.5905274795681221,-0.6954060697954234,-0.8483851110113879,-0.3144902689957184,-0.7782249695583556,1.606080766176981,-0.6111653379458823
1.0407698647282322,-1.4258570945110225,-0.7862102411648568,1.4358506637215542,-0.7782249695583556,1.303159217589434,1.1749508261103971
-0.5689803771212769,0.03171014716516851,1.304244841226838,-0.8979372465681427,-1.1626340365208627,-0.11225975483979099,1.7133036790586111
1.207977340425331,-0.14642739120000658,0.7682968190375986,1.4358506637215542,0.37500223132916566,-0.11282698157298998,0.34536845147376183
-0.8987609965158846,-0.14255027033393539,1.6833274290465405,-0.8979372465681427,1.1438203652541798,-0.46792972469842037,-0.41636630925638596
-0.1242583713760751,1.1125564749213717,1.2816045298041756,0.2689567085767058,-1.5470431034833698,1.1250875717505033,1.2368722241175134
-0.1096828905707167,0.9821241340973829,1.5635369961990706,0.85240368614913,-0.3938159025958486,1.213143313746904,-0.902260956355014
-0.9783292350594432,1.6334411121307193,-0.22472542093409062,-1.4813842241405668,-0.009406835633341456,0.20267174664229556,-1.5811287299873467
1.2983514445920967,1.7685177007356803,-0.972966357150826,-0.8979372465681427,-0.009406835633341456,0.613652778269017,1.1927930594977458
1.3155980996861671,-1.2121144536003137,-1.6449397164320345,-0.3144902689957184,-0.009406835633341456,-0.1147419665909584,-1.5077972604920933
0.3283185115517451,-0.9421831771974337,-0.18208058101668692,1.4358506637215542,1.528229432216687,-0.46288574720532083,1.6425209963917913
-1.4929909096318073,0.42843364558962377,1.1121448707433006,-1.4813842241405668,-0.3938159025958486,0.5980027973664822,1.5544525996341811
0.9234525517691958,0.8761164256998821,-1.2971549845830368,1.4358506637215542,-0.7782249695583556,1.766714344035374,-0.726581296485706
0.02047079027169791,-0.5741903194751502,0.03765591933408837,-0.3144902689957184,0.37500223132916566,-0.2598675132334922,0.23967660649573502
0.33099994949015504,0.5110949446528884,-1.2960606084257609,1.4358506637215542,-0.3938159025958486,0.013419412507448266,-0.10895994888084996
0.8213249882010777,1.085322016978642,-1.213144119174882,-0.3144902689957184,-0.009406835633341456,0.9131673429227108,-0.2959700350919736
-1.6681551950528979,-0.3846553164472107,1.5951244688311497,-1.4813842241405668,-1.5470431034833698,-0.5859983416481768,0.8826063893418048
0.5753715697676662,0.24786465275731703,0.3770597365026505,-0.3144902689957184,1.1438203652541798,0.24886558039113146,0.7395083002060066
1.5248784949306977,-0.36298332249397125,-0.6648229174403688,-0.3144902689957184,1.528229432216687,0.7609306948855147,-0.15034364422025542
-0.20258020009287206,0.7749676680103853,0.2437782768126297,-0.3144902689957184,-1.1626340365208627,1.1931522001558743,-1.2913097860100817
-1.2815984014627015,0.052146365511452505,1.095153598400795,-0.8979372465681427,0.7594112982916728,1.10498505577324,-0.6213315941123821
-0.8062500803605863,1.7236648379429929,-1.533012279673923,-0.8979372465681427,1.528229432216687,-0.7636743563042556,-0.8794806671341113
-1.3719700258807608,1.410654365553949,-1.2976374183425068,-1.4813842241405668,0.7594112982916728,0.19175857798337478,-0.0027199679042043947
0.9544307581008181,-0.37592775264158507,1.5851678541567866,1.4358506637215542,-0.3938159025958486,-1.4459788292800673,0.050885008583465084
-1.6044161540599653,1.0391348431943077,-1.1421162140785945,-0.3144902689957184,1.1438203652541798,-0.7910212341210981,-0.725998133147411
-0.2918563589302284,0.310702434156064,0.9595853498858833,1.4358506637215542,-1.1626340365208627,-0.2966590703391772,0.5081255128718217
1.6101259542892574,1.4444579943668125,-1.0057092090083424,1.4358506637215542,1.528229432216687,-0.6867485929211441,-0.1414725289882499
1.0753581873635132,0.6806618043784558,1.3614419213106115,0.2689567085767058,-0.7782249695583556,-0.7830938125838426,-1.0356244392432143
-1.0847103766380788,1.456367265277751,-1.6292409490316044,0.85240368614913,1.528229432216687,0.6014490423241982,-0.4965111789741943
-0.23302498825631676,0.9688998158172286,0.09944360474056363,-0.8979372465681427,-1.1626340365208627,1.2563024312772513,1.3074377697181658
0.7625800015634414,-0.59590987221723,1.6141350857248529,-0.3144902689957184,1.528229432216687,1.2077693663004772,0.09195122495589586
0.6276588159552093,-0.07935692875181317,1.6223248796968803,-0.8979372465681427,-1.5470431034833698,-1.3587413127705554,-0.657945037321346
-1.4702738692358708,-0.20288755079262408,-1.3363109304886298,-0.3144902689957184,-1.5470431034833698,-0.6964056885131694,-1.5006640109635752
1.1058276709138304,0.3792866897085886,-0.4896659475733478,0.2689567085767058,-1.5470431034833698,0.3090829081850349,-1.2598010529235961
-1.563792940319733,0.5394874883605613,0.13172529760873325,0.85240368614913,-0.009406835633341456,1.7614916182686715,1.3043540823889193
-0.38537695843681746,-0.8525883815579615,1.0154168114968936,0.85240368614913,-1.1626340365208627,0.8657599933920505,-1.3958468101201984
-1.0513669512890385,-0.8026470490494162,-0.25292760583042156,-0.3144902689957184,-0.7782249695583556,1.2840998598128672,-0.29674634403650596
-0.5864783818581529,-0.45735746819971684,0.39051221866751495,0.85240368614913,0.7594112982916728,-0.9146891685166336,-1.0714319210025398
-0.7641149467302686,-0.5219031538746062,-1.1880268218885504,-1.4813842241405668,-0.009406835633341456,0.4363147044935876,1.2420033097785865
0.6036293216531978,1.3200145106122885,-0.4143021969032423,1.4358506637215542,-0.009406835633341456,0.9069432060214822,0.42033071433244096
1.5218544779137457,0.08200253687017607,-0.16768383160850714,0.2689567085767058,1.1438203652541798,-0.5867798895766013,0.24957211620382858
1.195567349675228,0.3877356056903638,1.1437936216873994,0.2689567085767058,-0.009406835633341456,0.14152756789564355,-1.287911769355821
-1.484741268297354,0.7818450773089882,-0.9500991189605221,1.4358506637215542,0.37500223132916566,0.9149989381604371,0.6915535434038769
1.1901689976871062,1.2449038677212343,-0.7975677621541353,1.4358506637215542,1.528229432216687,0.07924480436296383,-1.138013420987587
-0.5974447083749712,1.1892313922195976,-1.6953641461847166,-1.4813842241405668,-0.7782249695583556,0.14987623969067843,-0.15494176133609824
-1.5085912696588948,-0.0873231266838126,1.180940831416067,0.85240368614913,-0.009406835633341456,-1.6148249180481011,0.30456616625270017
0.17991128076326843,1.0348339419241268,-1.4724091893501647,1.4358506637215542,-1.5470431034833698,1.7646996205204095,-0.18239608680818198
1.3720943908221575,-1.5734504174726436,-1.598544230215803,1.4358506637215542,1.1438203652541798,0.8929569326050416,-0.8900402988476194
-0.1400363708394862,-0.39275943411253034,1.0660332090795799,0.85240368614913,-0.7782249695583556,-0.17162751297113965,-0.7432932815925015
1.653243631665019,1.2472002941747995,-1.0746881436454725,-1.4813842241405668,-1.1626340365208627,-0.4562155326944203,-0.2889425274825469
-0.013641354569006657,1.1198210499213896,0.11370803631472592,1.4358506637215542,1.528229432216687,-0.8090781086930875,-0.8040779613716904
-0.756488857201532,-0.6182355324895993,0.8378413414958626,0.2689567085767058,-0.009406835633341456,-0.8973773011210171,-0.504140577932452
0.006135557732580731,1.7143626699369328,-1.4130725606790433,0.85240368614913,1.1438203652541798,-0.13940011585805376,1.4401316964313748
0.9478233887349079,1.218925027954399,-1.3574655444589423,-0.3144902689957184,0.7594112982916728,0.7273556230568307,-1.043811616160749
-0.518153469427303,0.4047703245607317,-1.1717882656783916,-1.4813842241405668,1.1438203652541798,1.0893272905067795,1.6052928410203537
0.9893550369572109,0.7181723778616652,0.7005177797461862,0.2689567085767058,-0.009406835633341456,-0.5361036468173985,1.4317623350846274
-1.3795605355421239,0.5288490714825034,0.860779297315841,0.85240368614913,-1.5470431034833698,0.006213829648291778,-1.4015447354534125
-1.0187459963364531,-0.2907064599717655,0.05576114498898901,-0.8979372465681427,1.1438203652541798,0.25735582488273706,-1.2332733026907212
0.04691391232434873,-0.26585852077434124,-0.382115742100474,-0.3144902689957184,-0.009406835633341456,-0.015863811747693028,-0.5325272692882812
0.4936889126625049,-1.5236252680729399,1.054843572895075,-1.4813842241405668,-0.009406835633341456,-1.5925307627250576,1.0674447663748168
-0.42741363636118695,0.8186502544424998,-1.206304551287633,1.4358506637215542,0.7594112982916728,1.4885334089075413,1.2442904213399513
1.59868177015404,-0.7532489586416047,1.6292403722516486,1.4358506637215542,1.1438203652541798,1.0828032158413576,-0.9701527833294937
-0.9293335295283855,-0.4114111853465986,1.2693477658284085,-0.8979372465681427,-1.5470431034833698,1.4093282533660545,1.3039265896279253
-0.4874385623219049,1.726546809422419,-0.5799955958794459,0.2689567085767058,0.7594112982916728,-0.8435510942953834,-0.33349201626955466
0.6329711690684361,1.3357298393645782,0.8159787758954572,-0.3144902689957184,-0.009406835633341456,0.7035966741075537,-0.5976599958206466
-1.5401124090352032,0.6796177280470264,-0.9868134819850927,0.85240368614913,-0.3938159025958486,-0.6344996495826699,-1.7177440785761389
-1.5334051939514437,0.7959171418051535,-1.3332903781990597,-1.4813842241405668,-0.3938159025958486,-1.1113083928673602,-0.3879825198978133
1.4039113461108477,0.7334942649562096,-0.6070589898873903,0.2689567085767058,0.7594112982916728,-0.09943819443534291,0.2716178369521151
-1.6748073592828778,0.4542495295952849,-0.8768200506797514,0.2689567085767058,-0.3938159025958486,-1.3950347963126095,1.7163194727921807
-1.6185820259170351,0.2743261240819771,-1.652803557302092,0.85240368614913,-1.1626340365208627,1.5354583222870903,1.111072684962284
-0.7193317735396872,1.6286031809055517,-0.8984280882101903,1.4358506637215542,-0.3938159025958486,0.505601975859629,0.1047613390860321
0.26478903295951733,-1.326986128894188,0.7171837448737914,-1.4813842241405668,1.528229432216687,1.6450014028521838,-1.6876513380071478
0.9638449120457867,0.9997179104101317,-1.4907463946113897,0.2689567085767058,-1.1626340365208627,-0.40773505030610485,0.9152179354358171
-1.387603504364452,1.2560794795305568,0.8053951800371197,-1.4813842241405668,-0.3938159025958486,0.712098346628398,-0.3764242407375019
-1.7129878746143958,-1.281631915770388,0.31412551031268005,-1.4813842241405668,-1.1626340365208627,0.5947419507932682,-0.8822656164911101
0.027462919506221976,0.07410776171451408,1.3469720798344196,1.4358506637215542,0.37500223132916566,0.49538413464816833,-1.4362992125806733
0.5987790469589755,-1.52222131574718,0.9584104231266181,1.4358506637215542,-1.5470431034833698,-1.6668668260978368,0.15070313855566606
0.15822511629192637,0.8246114492472731,-1.2793350044773533,0.2689567085767058,-0.7782249695583556,-1.4242557270260845,0.40808742555156746
0.06837452699858435,-1.1008465289425264,-1.3043701860697021,-0.8979372465681427,-0.3938159025958486,-0.8419890458515342,-1.443770703228686
1.4535923403110425,0.07865488062212891,0.26112550221281194,-1.4813842241405668,-0.009406835633341456,-0.040265539092699976,0.6343509638556655
1.3199286074920586,-0.24710120207054304,-0.029579081806143017,-0.3144902689957184,-0.3938159025958486,-0.34165445468872946,1.3734102599423166
-1.215561798839901,-1.382854416985616,0.8440765536197165,-1.4813842241405668,-1.5470431034833698,1.640792254389024,1.2489171056511184
-0.53266172750891,-1.5814097571061854,-1.6592901073265045,1.4358506637215542,1.1438203652541798,0.23017298754009088,1.2778950053638198
1.045143196640805,-1.0356205988459881,0.3703839551615087,1.4358506637215542,0.37500223132916566,1.2828928849977534,-1.142919338635495
-0.9372741250341157,-0.8878515678876404,0.7392079474014176,-0.8979372465681427,-0.7782249695583556,-1.5660484412997944,0.5526765275923736
1.4409815595362938,-1.3385545718746852,-0.5213473107778521,-0.8979372465681427,1.528229432216687,0.4455323353576833,1.5565800079757108
0.37054170915201223,-0.5503905563164144,0.8326125886275959,-0.8979372465681427,0.37500223132916566,-1.4753945635817218,-0.8357836593536401
-0.4549338571534601,1.7411844702045693,0.15851924979567117,0.2689567085767058,-0.009406835633341456,1.009048860887686,1.7165769202546386
-0.184208683915499,-1.057619351270391,0.538708709073704,-0.3144902689957184,-0.7782249695583556,-0.7108958672210229,0.13261999588734907
-0.44524433840782707,-1.5041358015339867,-1.7008417391070172,1.4358506637215542,-0.009406835633341456,1.1981954868425484,-1.0701684781490217
-1.5432540988316161,1.0763680695399895,-0.7810505973334122,1.4358506637215542,-0.7782249695583556,-0.9421087948057625,-0.9130356257187319
0.883211360883689,0.4581504847660573,-1.7014181553812273,0.2689567085767058,-1.1626340365208627,1.3257678009253053,0.8948962218784557
0.249212948281983,-1.4314514318553395,0.10151811520549063,1.4358506637215542,1.528229432216687,1.5866610959242806,-0.6378145248991781
-1.0166043874007276,-0.15228589690913172,0.6801601634490129,0.85240368614913,-0.3938159025958486,-1.5722833103089429,1.666482432961539
1.0746192122307803,0.31749534503307436,1.093117546633117,-0.8979372465681427,-0.7782249695583556,1.44254800313614,0.8066831613827755
-1.1545757162492878,-0.4065971781454153,-0.42130021116408994,1.4358506637215542,-1.1626340365208627,1.0533872254597447,1.284330858006696
-0.9785191577180279,0.421169646071466,-1.48921970102981,-0.3144902689957184,0.37500223132916566,0.6152343189978186,0.5137751071372394
-0.3488934860095705,-0.7340856774374082,0.1728240859104484,0.2689567085767058,1.1438203652541798,-0.7792892922577328,-0.20783624143267118
-1.1221396806220556,1.7557245065749885,0.5844604733279174,-0.8979372465681427,-1.5470431034833698,0.1310250554305534,-0.0981648568878192
0.5284181226733605,0.8304689659952921,-0.997956457611845,-0.3144902689957184,-0.3938159025958486,1.353048754052795,1.2914258317502005
-0.45584603287875647,0.6268011387381317,0.854345830331286,1.4358506637215542,-0.7782249695583556,1.3045498623803549,1.499049431614862
-1.715544048103693,1.7476591794866385,1.255935201445378,0.2689567085767058,-1.1626340365208627,0.3792660895611008,1.6179818058102033
0.7526791200797974,1.4622338327713966,-0.8102505199215959,-0.3144902689957184,1.528229432216687,1.2629634017703262,1.1962763997951023
-0.5407073050721956,-0.9781011132371286,0.41055858481723295,-0.3144902689957184,0.37500223132916566,-0.25510614694175293,-1.2693969748872271
0.16243554739962612,0.565802857847623,-0.789203146967522,0.2689567085767058,0.7594112982916728,-0.858288625588353,0.16569099285046
1.685505019530112,-0.371370275528159,-1.1388003804978766,-0.8979372465681427,1.528229432216687,-0.8610972769670031,-1.7411783071100493
-0.11367516387449698,-0.09989878450251317,-1.3257516330055006,-1.4813842241405668,0.37500223132916566,-0.26534147157321064,-0.09119507073338282
-0.10766692720814024,1.6114751338794566,1.0228897497866825,-1.4813842241405668,-1.5470431034833698,1.508206875564163,0.7772642078823674
-0.931060533850562,-1.3738045447785492,-1.3916605926516241,-1.4813842241405668,-0.7782249695583556,-0.9109781351111513,0.7612917957403029
-0.9492643189349447,0.5626843081001766,-1.083048304519387,-0.3144902689957184,-0.7782249695583556,-1.4410479566052696,1.4949003575014306
-1.1100741706515251,1.1760530960560647,0.5144675717326107,0.85240368614913,-1.1626340365208627,-0.8987493529488837,0.4611321920612679
-0.012161996405484581,0.5454198757389209,1.1016474670786551,0.85240368614913,-0.7782249695583556,1.3305331224554775,-1.4642336189836194
0.8138788130362192,0.7342708294721252,1.6135000683089151,-0.3144902689957184,1.1438203652541798,-1.3663876433958329,0.3420836770180052
0.3273330755223389,0.2739904994095911,1.6254816039202515,1.4358506637215542,-1.1626340365208627,-0.7809205450192918,1.0201362049696132
-1.4568358173219007,0.42394081988680826,-1.52025531115496,-0.3144902689957184,0.7594112982916728,-1.3113782707781623,-0.7858052815882925
-1.178835816772624,0.2783675151769486,0.5545127084838154,1.4358506637215542,1.528229432216687,0.7439350100125773,-1.4494631401001217
-1.2243222361212596,0.2766565452810986,1.003715675621775,-1.4813842241405668,-1.5470431034833698,0.9421628301478535,0.4052964339574025
-1.6589323516100494,-1.6468761377649723,0.40341689070569403,1.4358506637215542,0.7594112982916728,-0.698910711177169,0.2356325992935238
-0.39983898065550105,0.8800744518677165,1.5082535603460625,-1.4813842241405668,-0.3938159025958486,1.3581623738938806,0.33349294777220834
-1.3520992815774642,-1.5114510336037332,0.2784268538266275,-0.3144902689957184,-1.1626340365208627,-1.3210633807316936,0.043481480428352454
-0.6688516367929346,-0.1887893867239116,1.6575903765797144,1.4358506637215542,1.1438203652541798,0.6924652388751402,0.43260293445092646
0.4660755189545747,-1.6816317483493368,-0.37610516112443354,1.4358506637215542,-1.5470431034833698,-0.9808874354642955,0.9259012850215101
-1.5911291488304757,0.05351400952951959,1.5966995262960912,0.85240368614913,1.1438203652541798,0.7167379319304155,1.6603620636331673
0.16473263564949356,1.5891378265204565,-0.3189666587049156,0.2689567085767058,1.528229432216687,-1.0902400871823932,-0.8111923506666476
-0.25824005413922113,-1.51565592805599,-1.4872276915214666,-0.3144902689957184,1.1438203652541798,-1.6633672538684854,0.1868562976563367
-0.9381229839345472,-0.19396101411019456,1.310047764226643,-0.3144902689957184,-0.3938159025958486,-1.0731276803172018,0.7284925566913979
-0.9839937244980528,-1.2479328904607954,-1.6378346269446233,-1.4813842241405668,-0.009406835633341456,-0.8002053598157329,1.1866869957420825
0.9863866534765781,-0.45998663288892044,0.23253238698932904,-0.8979372465681427,0.37500223132916566,1.03316543258717,-1.7417262427969635
1.2156118406018834,-0.49180765620435063,0.5309079624930353,0.85240368614913,-0.7782249695583556,-1.3836151559740588,1.516246322534438
0.06389668705006317,-0.878707965904334,-0.3736505837039795,-1.4813842241405668,1.1438203652541798,-0.18709032753773158,-0.25376320478550235
0.9652118413048957,-0.2101950220535263,-1.2882982178168292,-0.8979372465681427,0.37500223132916566,1.6050124615738144,0.032261014053368384
0.08985220620664987,-0.8594355316200029,0.3918774397006936,-0.3144902689957184,-0.7782249695583556,1.3280776013710496,1.3049038246231828
1.6702082028748384,0.5299266740961902,0.07024301606193963,-1.4813842241405668,1.1438203652541798,-0.22082312142955335,0.7736219123271928
-0.961629460577665,-1.6273255647814986,-1.0606760696482749,-0.8979372465681427,-1.1626340365208627,-0.6813858434517478,-0.7902188252866178
1.6475956237840483,-0.7013003721527061,1.154253989064169,1.4358506637215542,1.528229432216687,-0.4591908113178994,-1.066809074205745
-0.09041737412965285,-0.08692081695148658,-1.6874851461449307,-0.8979372465681427,-0.7782249695583556,1.7323536959690662,-1.5884022014224517
0.3871036974877577,0.13280634587883525,1.4420395650174371,0.2689567085767058,0.7594112982916728,0.04754841063174027,-0.23938113396398206
0.4124191326203528,-1.105398404284815,-1.4979552320870162,0.85240368614913,1.1438203652541798,0.9378684370807869,-0.7696730487944436
-1.411812878119767,-1.152307852994646,0.3495289629247697,1.4358506637215542,-0.3938159025958486,1.7080389345558151,1.6096080074791206
-0.3630867728499723,-0.4858037943553649,0.38729799015326183,1.4358506637215542,-0.3938159025958486,-0.3031223394877109,-1.6167097352274922
-0.13242928508065951,-0.5961977873256828,1.1797239900598278,-1.4813842241405668,-1.1626340365208627,0.16677341824103095,0.9606715055290312
1.6573447000841628,0.16893056359750952,0.8036673232493503,0.2689567085767058,0.37500223132916566,-1.553294814412791,0.39787928877847717
-1.2428955510969466,-0.33990961105822315,-0.8923447269285166,0.85240368614913,-1.5470431034833698,1.0369162524475697,-1.5222882372427793
1.2890423710902719,0.3232658126335338,0.14410609551176698,-1.4813842241405668,-1.1626340365208627,0.5365413874121988,-0.9813655117237894
1.5387703606114127,1.4483463715840352,-1.0543602132947947,0.2689567085767058,-0.3938159025958486,-0.6040130570421738,0.3456556615272625
-1.1190831609105674,1.6096756009087365,-0.16656565506621687,0.85240368614913,0.7594112982916728,-1.6044920695296767,-0.841298941612902
0.7005119487234964,0.2919975209022163,-0.614688724211131,-1.4813842241405668,1.528229432216687,0.987713508464626,0.5939724453617578
-0.0036064557583446928,-1.0080072267187297,-0.8573146511190011,-1.4813842241405668,1.528229432216687,-1.64625021269819,0.34162560860386315
-0.17738760641494933,0.8925173315925112,1.674853125259256,-1.4813842241405668,1.528229432216687,-0.667796688060227,-1.7188398562944582
0.8583274120808233,1.337258530260454,-0.11218627214188737,-1.4813842241405668,1.528229432216687,-1.496624000651416,-0.29202959505495746
-0.5763291783275873,1.6309799454119793,-0.9134412927056558,0.85240368614913,-0.7782249695583556,-1.428151683674235,0.6942372378102475
-1.1235854204876015,1.3815128596407202,1.6523096434292874,-1.4813842241405668,1.528229432216687,0.8944799865197344,-1.1295247952194627
0.46742235384103387,1.6910618318154897,0.8958994380598956,1.4358506637215542,0.37500223132916566,1.4349270074980287,-0.2578166500203548
-0.9181179877189326,1.1953963716558693,1.1939884662569378,-0.3144902689957184,-0.3938159025958486,-0.9138224181280501,-1.3261359568973643
1.688311140993431,-0.5752572545411335,0.6761862903878224,0.2689567085767058,-1.5470431034833698,-1.3438221639721253,0.9890795543071106
1.4776211272140598,1.635208218002957,0.11701025497050171,-0.3144902689957184,-1.5470431034833698,-0.11734768865307299,-1.0372136672820436
1.0830957492196192,-1.0467858254866778,1.0473757286516394,0.2689567085767058,-0.009406835633341456,-0.26597228007485146,0.030619914968324828
-0.4862056421752273,0.759920190827021,1.590547407235862,0.2689567085767058,-0.009406835633341456,-1.465535484255215,1.4900397612953684
-1.3671554721669783,-0.7116473530132084,-0.5542608226957313,-0.3144902689957184,0.37500223132916566,-0.3958282752760894,-1.1100223613083842
-1.3277888431496294,1.6181264126456925,0.8907524119346872,1.4358506637215542,-0.009406835633341456,1.7436392398455602,0.5770279630091215
0.6984568341659204,-0.2832582433829633,0.6290984903999823,-0.8979372465681427,0.37500223132916566,0.31253059809957884,1.5029880377884859
-1.101855557833875,-1.5770711634866417,-0.9948770065505075,1.4358506637215542,0.7594112982916728,-0.6609238598131069,-0.34854325570449757
-1.0871550375499857,-1.6807573078345153,-1.4954896593088698,-1.4813842241405668,-0.7782249695583556,1.4238381534556313,0.5227021814210515
-0.34459928857502364,-0.4307295960618296,-0.13659671126439393,-0.3144902689957184,-0.7782249695583556,-1.6664985584261003,0.5352895865753288
-0.7250207572222581,0.5082806994844816,-0.09146453964064967,-1.4813842241405668,1.1438203652541798,-0.5881552163731006,-1.5940195094431389
-0.7086797482728804,0.9780392040584834,-1.095493734851445,-1.4813842241405668,-0.3938159025958486,-0.774677446405747,-0.628408301310679
-1.6857386469024072,-1.5935633713168174,0.9023744452857734,-1.4813842241405668,-0.7782249695583556,0.9073062336204214,-0.35513157769690307
-0.1514964548634973,0.5456254570429355,0.13862378120434668,0.2689567085767058,-0.009406835633341456,-1.204523261942835,-1.5541954760351782
-0.18759159910118298,-1.3590328889301062,-0.15932906397206678,0.2689567085767058,-0.7782249695583556,1.1883318988468334,0.018512989688013442
-1.1374970590629392,0.6425580110463692,-1.4104315822028697,-0.3144902689957184,-0.009406835633341456,-0.8238654325742059,0.20284477084671151
0.45137052479279816,-0.33681690951093224,1.6712454695811332,-1.4813842241405668,-1.5470431034833698,-0.3846355396485755,1.2193320279393833
0.04217534374192281,0.3977349075542582,0.491345915530931,-0.3144902689957184,0.7594112982916728,-0.6349356857379704,0.00856638883792563
0.2019438774013439,0.6725062939407911,0.22484094217328146,-1.4813842241405668,1.528229432216687,-0.515767073894936,-0.568975263716786
-1.0438135237736565,1.5139309630520934,1.3247372427497917,-1.4813842241405668,1.1438203652541798,-0.7200012300300593,0.38685195005162554
-1.070248039006873,1.0440871487275567,-0.9521476729293639,-0.3144902689957184,0.37500223132916566,-0.005393514319497649,-1.397721262583411
0.5310379986128129,-0.9903431077975425,-0.46040824407375347,0.85240368614913,-1.1626340365208627,0.5459809760790911,0.2805162076929048
-0.4100920837305352,-0.7107238824766996,-0.5639757911800363,-0.3144902689957184,-0.009406835633341456,-1.4238515627216868,-0.14534491010614756
-0.30175456649199955,0.03934609464356325,-1.0815265597411372,1.4358506637215542,-0.7782249695583556,-1.307155316995786,1.0872083179510006
1.388330383008889,0.32469468982339794,-1.0949161821337503,-0.8979372465681427,1.528229432216687,-0.7479592038587284,-1.2055313628509459
1.4893614720538495,-0.7063405768064612,-0.3469005634819176,1.4358506637215542,-1.1626340365208627,0.947854359939523,-0.5855411850818253
1.4924769285004769,-1.5309030371961927,-1.0574853671986575,0.85240368614913,1.1438203652541798,-0.8715967934030234,-0.541728009136464
-1.69817224306261,1.4358692916234606,1.5556366665062444,-0.8979372465681427,0.37500223132916566,0.4633568334122369,-0.508771195067823
0.18832555459470587,-0.8016384559031288,-1.1084701270276103,-0.3144902689957184,1.528229432216687,1.0753971216006322,-1.3587148401059441
-0.03173477811019432,1.3179121182048872,1.1847509102177647,0.85240368614913,0.37500223132916566,-1.2873649733192778,-0.8586247969483342
-0.9188783204924933,-1.661181282702773,0.8676678497195188,0.85240368614913,-0.009406835633341456,-1.3318150074151802,1.5643906927145166
-1.2788172068850234,-0.5370050370477529,-0.21013910989138426,0.85240368614913,-1.5470431034833698,1.2773651020684011,-1.1895786848511998
-0.6510850837130305,-1.4139933325901175,0.04780993958464565,-1.4813842241405668,-1.5470431034833698,-1.4596293544825363,-1.5994252391965982
-1.4640654978649807,-0.6010707584510224,0.3075756039532576,0.2689567085767058,-0.009406835633341456,0.40300312902129715,0.6379842565880735
-0.6583208213611821,-0.06576325487087487,0.8081274423321534,1.4358506637215542,-1.1626340365208627,-1.029548124712694,1.0212316168757392
-1.2263986413817474,1.7173709217102275,0.9562326271813725,-0.8979372465681427,-1.1626340365208627,1.5715961477034328,-1.4926117828895118
1.2911143620950878,1.5990887506747393,0.9893076434660858,-0.3144902689957184,-1.1626340365208627,1.3101494930495798,-0.11215676815773329
-0.8268824668013431,-1.3455196299676149,-1.682158056617259,-0.3144902689957184,-0.7782249695583556,0.09749111749558345,1.448095010212989
0.4690000160668589,0.7553315018198133,0.5683897911090063,-0.3144902689957184,-1.5470431034833698,-1.0000564164768095,-0.11656051208063792
-0.8851923287684601,1.08182552218987,-1.288503084226876,-0.8979372465681427,-1.1626340365208627,-0.3009440088376983,0.17002383561721704
0.133997495348721,1.5338202587083976,-0.606145011196841,-0.8979372465681427,-1.1626340365208627,0.7596732868996461,-0.6597384161753487
1.5224529002453304,-0.7590777971732281,-0.4780012060949301,-1.4813842241405668,-0.7782249695583556,-1.051734454881348,-0.08372990391271747
1.0918941424163677,-0.6899807061183018,-0.889840264721943,-0.3144902689957184,1.528229432216687,-1.3343082311521541,-1.0958349265264253
-0.7890115758229237,-0.252264843547087,-1.100345091924976,-1.4813842241405668,-0.7782249695583556,1.4053522345829472,-0.1738835539849203
-0.6137472639299385,-0.8677048645492065,0.7813871728004647,0.85240368614913,0.37500223132916566,-0.12800548062687345,-0.415735143751448
-0.04084728112968931,1.0336606690060226,1.2005262651318735,0.2689567085767058,-0.009406835633341456,-1.0103239402545179,1.16581904841929
-1.441918161381615,-0.48406855778148666,1.407060688683494,-0.8979372465681427,-1.1626340365208627,1.449665082773602,-0.7888241589751807
-0.3519115286229341,0.455520566534315,0.005061432430012651,0.2689567085767058,0.7594112982916728,0.51835092952205,1.3894213999622531
-1.1639779048974834,1.583425498564428,-0.342101822847007,1.4358506637215542,1.1438203652541798,1.6625578425646361,-0.17081755747477614
-0.4443584866309863,0.6519469241720116,1.6589214111296604,-0.3144902689957184,-0.009406835633341456,0.5613221881028647,1.2788412047522422
0.7058738292560568,-0.7297288979882455,1.30115155473399,-0.3144902689957184,0.7594112982916728,0.8919258189589535,-0.052533179945291025
-1.4663552171422871,1.277703566152519,-1.5673158890273458,-0.8979372465681427,0.37500223132916566,-0.41600236306853794,0.07666329121735986
-1.1029608158154678,-0.9894396220466574,-1.2077317667613,0.2689567085767058,1.528229432216687,-1.2646664033787924,-0.37766784324511393
0.9249750199224444,1.5692451428311949,1.099855639454584,-0.8979372465681427,-0.3938159025958486,-1.3056419903124297,-0.4989726773335683
1.2348486123649445,-0.42669183388520465,-0.05286261361125263,-0.8979372465681427,0.7594112982916728,-1.5558508844388454,1.724061816772483
0.8061860659456769,-1.1459935177777627,0.041540094966871076,1.4358506637215542,0.37500223132916566,-1.2666766491990293,-0.23152513693217563
1.3043591238040226,0.49516532699324456,-0.14800793129661496,-0.8979372465681427,-0.009406835633341456,0.3473694521767935,0.22543204801752711
-0.07621636969100123,1.6990604407387162,-1.4287379868650678,-0.3144902689957184,-0.3938159025958486,1.178449346376147,0.5268251965845576
1.0408570629323977,0.5098087001799273,-1.037427431590747,0.2689567085767058,-1.5470431034833698,-0.2445741820759508,0.22903938382913228
-0.0686250094098241,-0.13144612573132347,1.4611938816038443,0.2689567085767058,-0.009406835633341456,-0.8460830291519295,-0.10127834074249674
-0.047872371114060806,-0.5705542577837543,0.22958495902250134,-0.8979372465681427,-0.009406835633341456,-0.22796565144452458,0.20477050152910178
-1.2164125199201719,1.5924465919396416,-0.31158813455270307,-0.3144902689957184,-0.009406835633341456,-0.7454801544464719,-0.4562365680465802
0.13166535168196355,-0.647725864641728,0.921689992544104,-0.8979372465681427,-0.7782249695583556,-1.026289860813263,-0.4322884848772126
-0.5372398708992231,0.5038229574369326,1.3733909084036457,-0.3144902689957184,-1.1626340365208627,1.1499941743855775,-1.092189369206323
0.5347419333962662,0.02791862463261559,-0.23504247427564867,1.4358506637215542,-0.3938159025958486,-1.5017506587924723,0.7449556434232121
-1.0895856088720528,-1.1998094441398672,1.557624501950618,-0.3144902689957184,1.1438203652541798,-0.8163711819986821,0.6480017074204774
-0.9212250978191348,-1.1789050300952875,0.5286904297891589,0.2689567085767058,1.528229432216687,-1.6701417153918265,0.33413341840399297
-0.4686335492318631,1.113879007247775,-0.2658192581741289,-0.8979372465681427,-0.3938159025958486,1.5102703629103782,-0.3187476416062959
1.052593635430476,-0.9450808976969765,-1.3261383974330132,0.2689567085767058,-0.3938159025958486,0.7905807338500263,-0.17646729449451573
1.6817072183142203,0.9866064608431773,-0.6980620638879094,0.2689567085767058,0.37500223132916566,-0.4489261107231514,-0.8186749358963813
0.6178323860661736,-1.5142878385689458,0.9855557380798964,0.85240368614913,-1.5470431034833698,-0.27936942376334056,-0.6296112336858621
-0.9010516002817629,-0.6426343957015606,0.41554235326568656,0.85240368614913,-0.3938159025958486,0.03646402270667207,0.645290711640429
0.5769218944140979,-1.0628214951763097,-0.8802469679653379,-1.4813842241405668,0.37500223132916566,-0.030267792973010955,1.0582586783551835
-0.9568118008059138,-0.46649575211057315,0.3589842334515146,-1.4813842241405668,1.528229432216687,1.0215123931826273,-1.3912070376780639
-1.7088813873603697,1.6023348350104756,-0.774189010081472,-0.3144902689957184,1.528229432216687,-1.337940886866458,-1.226552863925878
-0.8355918100566934,-1.592574022744291,-0.47511367235376895,0.2689567085767058,0.7594112982916728,-0.4147932773428503,0.7477209715602029
0.6200691503954849,0.8433726065319821,-0.5744935232415513,0.2689567085767058,-0.3938159025958486,-0.05368073163254492,0.6982307887905327
1.6638781959324358,1.4515267941288252,1.748712316853781,1.4358506637215542,0.7594112982916728,-0.25270818568402825,0.4111074333147211
-0.6664934970022421,0.9637947607444559,1.0462322345394037,-0.8979372465681427,-1.5470431034833698,0.017197538072352244,-1.2362349447360186
0.11874842047991546,-0.17946779523858788,0.6828950733572121,0.85240368614913,1.1438203652541798,0.3764428792264456,0.18157426517151895
0.7868833544726795,-1.0326487595488754,0.39789376520766556,-0.8979372465681427,1.1438203652541798,-1.1771438069689388,-1.277706080939165
0.601610800863139,1.5496031468192597,1.653622090099758,-0.8979372465681427,0.37500223132916566,0.015260717262876007,-0.8603279872425114
-0.18641262441852502,-0.4001000971611071,0.9538307477042317,-0.3144902689957184,-0.3938159025958486,0.7623390731810733,0.14029878653928143
-1.4820916390665817,1.6176590907331536,-1.5424710366705223,1.4358506637215542,0.37500223132916566,-1.0930339299887044,0.7792042455480973
1.3123499909300633,0.7891685044502315,0.04934146549511291,-0.8979372465681427,-0.3938159025958486,-1.606577515414118,-1.4986058665327235
-1.1855313105340965,0.6623271159272409,1.6716015485065652,-1.4813842241405668,0.7594112982916728,1.2862746074917202,0.6631247506526476
1.5459767087768024,-0.6047143221738561,-0.5876596655313566,-1.4813842241405668,-0.7782249695583556,0.26140048770215607,0.8473985312584896
-0.6607569285263876,0.6894400109743981,0.16959998331442785,1.4358506637215542,-1.1626340365208627,-1.1502699457974257,0.3761072763218564
0.9280598848881642,-0.10143797417318592,1.6814475265012336,0.85240368614913,1.528229432216687,0.5678295709926147,0.5907984937127561
-0.5073043743914176,-1.524696385717103,0.6888685329322686,-0.8979372465681427,-0.3938159025958486,-0.935013006468954,-1.1572582249101453
-0.469368766733715,-1.1744251310398126,-1.1694907497507048,1.4358506637215542,-1.5470431034833698,-0.1825447752776568,0.0031738360640138135
1.6798615273815547,-1.4858006525459455,-1.2511272496421848,-1.4813842241405668,1.1438203652541798,0.614649669118158,1.5144385988501865
0.9482315284446019,0.8383289476474423,-1.6417524749046801,-1.4813842241405668,1.528229432216687,1.1649918189316504,1.0339867581840416
-0.461004212864,-0.17612490580289056,-0.910942897330115,-0.3144902689957184,-0.3938159025958486,1.1377418289193366,-1.3008396878796775
-1.5688792084965308,0.7381135263127115,-1.1121003692203948,-0.3144902689957184,0.7594112982916728,0.9825013625961022,1.2333241059464444
-1.0075989038729858,-1.0823610273597446,-0.8545433663967809,1.4358506637215542,-0.009406835633341456,0.04719630760045978,1.4222025269534904
1.48069074992272,-0.9501524945431661,-0.6219274054806018,-0.3144902689957184,-1.5470431034833698,-0.2628409841520263,-1.0757762263430042
-1.700687085236674,-0.8769759004763092,-0.13925321607271401,0.85240368614913,0.7594112982916728,1.0694867929859693,1.3542818737771107
0.18343685570589524,0.18827254451337533,-0.2701991793325307,-1.4813842241405668,0.37500223132916566,-1.037039146139377,-0.058174408693671575
0.5668079924373333,-1.344119159713109,-1.4086257156096462,0.85240368614913,-1.1626340365208627,-0.16934669400670435,-0.1040900675097589
1.5977339957418457,0.959287309231183,0.08006700335277583,1.4358506637215542,1.528229432216687,-1.6722422806588166,-0.1994274585697465
1.3663694415717889,-0.9402201482754292,-0.4371715595151505,-0.8979372465681427,-0.7782249695583556,-1.656937498865194,-0.30800278594268515
-1.0196967278446027,-0.4908688018877948,-1.0269125510820958,1.4358506637215542,-0.009406835633341456,0.3413732148678324,-0.1905618830829313
0.02962330298389667,0.19630179666595565,0.8817453018122539,-0.8979372465681427,-0.3938159025958486,-0.9045269869890887,-1.5949937005648496
-0.3433027653962588,-1.5851812941203112,-1.2715110246459318,-0.8979372465681427,-0.3938159025958486,1.0715679422160873,-0.8120213918220565
-1.4875666635381966,-0.9888668088676446,1.5291944730705407,-1.4813842241405668,-1.5470431034833698,-1.3452889664981533,0.852105347980969
1.4461724797564877,1.3167212478189247,-0.9409173850486723,-1.4813842241405668,-0.7782249695583556,0.11746151487392363,-0.9714908105847873
0.4338444266414108,-0.44306031158698245,-0.2668121833731778,-1.4813842241405668,-0.3938159025958486,-1.6296933191701897,1.6992629000833737
-1.506577443656721,-0.7410578231624034,0.1352965971734657,-1.4813842241405668,0.7594112982916728,-0.09257450999501005,-1.0096917851205713
1.6905075835891927,-0.8976171235306459,-0.33386374564049054,0.2689567085767058,-0.3938159025958486,-1.3102690334377507,-1.719985037673902
-1.627832820187359,0.7529732216735001,-1.3659432288001803,0.2689567085767058,-1.1626340365208627,-1.3259788369118173,1.2933775743405023
0.8777988152395085,-1.0120456668688467,0.9976122668105062,-1.4813842241405668,-0.7782249695583556,1.6006121517408192,0.43433970972894154
1.2977788362927254,-1.11665363773403,0.6437418363296596,-0.3144902689957184,1.1438203652541798,0.6446202315132579,0.09278711577048966
-0.13742520281059284,1.38684933925343,-1.3648567455900809,-0.3144902689957184,1.1438203652541798,1.0564436580556742,-0.5731230451986276
1.697128844761036,1.703463965931496,1.4690208455776677,0.2689567085767058,0.37500223132916566,-0.3743530514825414,-1.6648173128058241
-0.7847207588422548,1.106034512611226,-0.24351290883692053,1.4358506637215542,1.528229432216687,-0.8528017420244253,0.5360769440329901
1.6917765523481236,-0.3949928000828175,-1.6425175565317,0.2689567085767058,1.528229432216687,1.2943329905347558,-0.9528074988019297
1.097194713582269,0.9460091028281751,-0.9273217754651587,0.2689567085767058,-1.5470431034833698,-0.15975368551020516,-0.6476252444507976
0.46042028577056665,-1.4450663349695185,-0.5692140182449216,-0.3144902689957184,-0.009406835633341456,0.10271015189659648,0.9811151004025143
0.883775086683146,1.1632950182210597,1.283081168613361,1.4358506637215542,-0.009406835633341456,-1.5251046051937622,1.3814862097922336
0.09878855629423147,-1.1897216199547946,1.3655714287184968,-0.8979372465681427,-1.1626340365208627,-1.3703922800565052,0.4657646988213983
0.47957939422852897,0.32664888666492187,-1.4827820552270905,1.4358506637215542,-1.5470431034833698,0.8206219379761012,1.4793625924720344
0.7844017416731898,0.14943260634768615,0.829770441645728,-0.3144902689957184,1.1438203652541798,-0.5594336939874982,-0.8184555058468095
-0.8539850747566315,0.2072409930042132,-0.7492592005596086,-0.3144902689957184,0.7594112982916728,-0.658499931878192,1.2506495807306863
-1.531194238142778,0.47601244371807555,1.7125455778356804,-0.3144902689957184,0.37500223132916566,1.7677770456762907,0.049117297495342875
1.2093201820255557,-0.9068179986394727,1.3701006895268488,0.85240368614913,-0.009406835633341456,0.9314160786707802,-1.143609585242477
-1.2805059270975494,-1.1550445463443948,1.6130828043624865,1.4358506637215542,-0.3938159025958486,0.5140425740016036,-0.4333561684377725
0.19597229910024647,1.4855737183018094,-0.45835428716459253,0.2689567085767058,1.1438203652541798,-1.0614913547856462,1.3932102908755146
0.6783650857817264,-0.6530677537781177,0.9051324105040156,-0.8979372465681427,-0.009406835633341456,0.028829884395274175,1.3791530480172043
0.6631018076453387,-0.7781871716613193,1.21398296435958,1.4358506637215542,0.7594112982916728,0.7149744610076421,-0.6314221581827296
-1.4013179509920133,-1.1263382907031625,1.3176679115196719,0.85240368614913,-0.7782249695583556,-0.19937691502083466,-1.3067123442272301
1.518586521830931,0.37451333562624084,1.2993927288969187,1.4358506637215542,1.1438203652541798,0.67937335636685,0.6311486789430718
-0.57972782918522,-0.2866456378378038,1.7197016111847465,-1.4813842241405668,-1.1626340365208627,-0.410068337737651,-1.5746247563439966
0.18187353130057662,1.4218696315127104,0.8226902117901356,0.85240368614913,-0.7782249695583556,-1.2085640945484246,-0.731093978730125
-1.5804190471087092,1.706902124379788,-0.36369085385992306,0.85240368614913,-0.3938159025958486,-0.001250621760608647,1.2372950650515282
0.6578140200692931,-0.15715098585576195,-1.3968498018730031,-0.8979372465681427,-0.7782249695583556,-0.7837462207737158,1.0612334926233864
1.4757169981204186,1.2943228249367746,-0.8388828023225757,-0.8979372465681427,-1.1626340365208627,-1.1786051962754691,-0.23505067025051155
1.6997186894633032,1.1778610701016472,-0.39660532400688736,0.2689567085767058,-1.5470431034833698,0.6545657226541223,-1.4375433963464528
-0.061810879153182154,0.9219016233360758,-1.479780836348865,1.4358506637215542,1.1438203652541798,0.4209156670977354,1.606285299407217
1.356205021675442,1.6627063653247616,1.3421584277189305,-0.3144902689957184,1.528229432216687,0.32193996570952754,-0.4686308354328748
0.6948282817861003,-1.245190749606935,0.4539516324524067,1.4358506637215542,-1.1626340365208627,1.468884673473322,1.6940750514713225
-0.2947876169408303,0.08610445557905357,1.462628281355676,0.2689567085767058,-0.7782249695583556,0.8890158888856757,-0.16824339424772475
0.21250620800296355,-1.1226449973268384,0.6010237595577903,-0.8979372465681427,-0.3938159025958486,-0.8353837159906002,-0.29428041224667406
-0.8582412769313267,-1.12921602804378,-1.5439400219545623,1.4358506637215542,-0.009406835633341456,-1.190041714159007,-0.11411690206614707
0.11164905487989031,0.5719240328849526,-1.3030194955978045,-0.3144902689957184,0.37500223132916566,1.4648397795952053,1.274992079032319
-0.18934330554669968,0.35785498511708336,1.0132222234669137,-0.8979372465681427,-0.009406835633341456,-0.5731223772340917,-0.23284047237366673
-0.6036194018237641,-0.3332685777362768,0.9554303818934362,0.2689567085767058,-0.009406835633341456,-1.2728852006306208,-0.5592827023949541
-1.0851566942684308,-1.2856224079608953,1.192366896905482,0.85240368614913,0.7594112982916728,0.6896156164377613,1.3233466189329595
1.2807708528344868,0.6674062603354244,0.29616174789757177,0.2689567085767058,-0.3938159025958486,-0.6637688475774197,0.15226548669463388
-1.441462316208691,-1.352520211728545,-0.8646193129411419,-0.3144902689957184,1.1438203652541798,0.20924850900083983,1.5438923921819017
-1.3243940238187069,1.0646874183038868,-0.7771095535625628,1.4358506637215542,0.37500223132916566,1.4730602121203638,-0.07734319494688709
0.3664136154298061,0.1079312860243019,0.9880521244749445,1.4358506637215542,-0.009406835633341456,0.8021345303227585,1.2196840181552608
1.2649566321537717,1.0882451436043388,-0.016160065248017066,-0.3144902689957184,-0.009406835633341456,-0.9487818904012743,1.4684748427386056
0.9270643448136533,0.15070902138441472,-0.07015899333890774,0.85240368614913,1.528229432216687,0.46631462312876915,1.6325143383354277
-1.0998016615694184,0.9496770753575066,0.5862290169304618,0.2689567085767058,0.7594112982916728,-0.07456761154073945,-1.2277552593503704
-0.8286778250468144,1.371571398757732,-1.2470908308720563,-1.4813842241405668,-1.1626340365208627,-1.594046388596833,-0.9275857202700097
-0.891817309197649,0.8944949446491545,0.22356396128846678,-0.8979372465681427,-0.009406835633341456,0.7577242393822964,0.16383832904760587
-1.31487018081015,1.4504615294441061,-0.4271829557601067,0.2689567085767058,-1.1626340365208627,0.5486924544929646,-1.4005575256404053
-0.038580238191998836,-1.383689184564338,1.5937179745061294,0.2689567085767058,-0.3938159025958486,-0.3275170588438564,1.039822452501427
-1.4207115672989274,0.5221303839773781,-0.16572962187189696,0.85240368614913,-0.009406835633341456,0.843458148993825,0.6195693970820493
0.13745111105839483,-1.274963702008487,1.6433796278100936,-0.8979372465681427,0.37500223132916566,0.513038121001684,-0.20655842473584074
-1.3275589200500644,-1.4727228403425978,0.2163479829424237,0.85240368614913,-0.7782249695583556,0.7770488151685352,0.47205002035694127
0.1567033989659718,0.9256074833212898,-0.3289883881197495,-1.4813842241405668,1.528229432216687,0.5331465188263186,-1.000060435506922
-0.7686964112309339,-0.8148248436003229,-0.8909451745556273,0.85240368614913,1.528229432216687,-0.9555902190857626,-0.7590178956729391
-0.31942966830402686,-1.0559002387557708,-1.0353633234563149,1.4358506637215542,-0.7782249695583556,-1.1950202172088167,0.5065258893712637
-0.8455296977422183,-0.10916096648184109,0.322545272604993,-0.3144902689957184,0.7594112982916728,1.6519344592559697,0.6126356844426865
0.34160641640758227,-1.5018608671703007,0.442067002706849,0.2689567085767058,-0.009406835633341456,1.338704560698002,0.04648444280282488
-0.5362816510050349,-1.0064897149940437,1.5398268865999993,0.85240368614913,-1.5470431034833698,-1.4069445432970622,1.5345303274923692
1.3482188009491347,0.49790150095506325,0.46680355963653447,-1.4813842241405668,0.7594112982916728,0.26630245302881167,-0.33245518307191285
-1.3056104649700166,-0.3972186831066637,-0.08493089548400026,1.4358506637215542,-0.7782249695583556,-0.7151110314828345,-1.720905252914931
1.5746731373599276,0.8736716497066651,0.4132432297220157,-0.8979372465681427,1.1438203652541798,-1.5492596288223488,1.3446745440117933
-0.33082862418857023,1.3998335675048967,-1.0694190924512423,-0.8979372465681427,1.528229432216687,0.7509448699667729,0.5313958350411352
0.6647351285375588,-0.053782343241066885,0.9487513057900583,1.4358506637215542,0.37500223132916566,-0.9210025501886522,-1.2644086424339454
-1.6111794433912754,1.3803817702252117,0.31902653106768186,0.2689567085767058,0.37500223132916566,-0.5790274846148298,-0.9218573412402451
0.36374003372103764,-1.0386404312643054,1.646485247017257,0.85240368614913,1.528229432216687,-0.5560178878623331,1.3479964857443818
-0.8330556745626974,-1.2377885860739728,1.3725737619066722,-1.4813842241405668,0.37500223132916566,1.0575402491744916,0.6132120517451007
0.5400402350328767,-0.9233474491706619,0.4884908896847754,0.85240368614913,-1.1626340365208627,-0.7757508112881677,0.10794249457406785
1.3968301071540261,0.04555865888866651,-1.3564526986508343,0.85240368614913,-0.3938159025958486,1.7053686637381134,1.1076224420294651
-1.15518702583063,0.04501916612932261,-0.8356103012062908,-0.8979372465681427,-0.3938159025958486,0.819155668863048,-1.312785192578496
-0.2883396375139235,1.4863172840780985,1.474560345171632,-0.3144902689957184,1.1438203652541798,-0.5676199785759999,0.6894953821536292
0.29537272437707374,1.6564841179395837,0.7913143016018225,0.2689567085767058,-0.009406835633341456,1.6557217315931507,0.18919557032339562
-0.40754281587767316,0.1296691962490988,-0.3045467175860878,0.2689567085767058,-0.7782249695583556,1.2271816184963666,1.0649214154043711
-1.2198527255268725,0.17816956733308512,-1.2023907578227704,-0.3144902689957184,0.37500223132916566,-0.47352310814034343,1.7342716025419873
-0.5433684161812262,0.8272131913892634,-1.1061551994617609,-0.3144902689957184,-0.7782249695583556,1.313934015126881,-0.6672813685505815
-1.3540131404496734,0.7059228975577474,-1.018523962551468,-0.8979372465681427,-0.009406835633341456,-1.0505408092217001,0.6784085955200858
-0.641109773570907,-0.5992888170938342,-0.9905526429123016,-0.8979372465681427,0.37500223132916566,-1.3635002836634253,-1.0520640831160044
0.6833008886208514,0.30271319704314814,-0.8270055357135965,-0.3144902689957184,1.1438203652541798,1.7275691276057672,-1.2064450273996454
0.7770707569762844,0.3633771958429283,1.254377742835106,-1.4813842241405668,1.1438203652541798,0.5966285203643165,0.424095596759684
1.655141350696634,0.4611411730526759,1.4501414629169154,0.85240368614913,-1.1626340365208627,1.2753779221179478,1.5169679211391234
-0.2817286986184266,1.077587613471768,1.6860435376198533,-1.4813842241405668,-0.3938159025958486,1.1352477411059907,1.0894961956827056
-1.0248114339398995,0.7158823357654518,1.2637787793719633,-1.4813842241405668,1.528229432216687,-1.5619578632578377,0.18369763119572335
1.023248270089459,-0.8320015053142693,-1.4323772534769588,-0.3144902689957184,1.528229432216687,0.43918925420140364,0.4290257937221425
-0.42800798984536,0.7210597700648185,1.3634179287095984,0.2689567085767058,1.528229432216687,-0.5527410303831187,-1.0646672956429817
1.4173814290512312,0.03586309371925432,1.6685535944457082,-1.4813842241405668,0.37500223132916566,-0.5418257389375428,0.05603572090803274
-0.6023258085874792,-0.995697583991662,0.18565070181258014,-1.4813842241405668,-1.5470431034833698,-1.1429417061448182,-1.5251409889002214
-1.670549755935668,1.4898781509983157,0.2537701892359464,-0.8979372465681427,-1.5470431034833698,1.7259188843056112,0.8189782794733507
-1.3024090378626272,0.6447571222936677,-1.3938347638341215,-0.3144902689957184,0.7594112982916728,0.5031086477195287,0.9419684986968001
-1.7098098753389976,0.4275376144947293,0.03591290232332316,0.85240368614913,1.1438203652541798,0.3556866471276702,0.7873157309609962
1.6611343707007473,-1.6061391172848405,1.729007312637825,-0.8979372465681427,-0.3938159025958486,0.23352715111941566,-0.4413776415703184
0.3767919978282026,0.8296506343269342,-1.3203828553671433,1.4358506637215542,-0.009406835633341456,-1.4837436186315767,1.4386275954797143
0.9842350342850588,-0.5922847940027263,-0.125355095413676,1.4358506637215542,-1.1626340365208627,-0.35911751962558797,0.5465216549254254
-1.3118966791117768,-0.9815594738814274,-1.2453090087796241,0.2689567085767058,1.1438203652541798,-0.9944807892932098,-0.0547509157579121
1.4349957815497605,0.5930802143428306,0.35226189973436245,-0.8979372465681427,1.1438203652541798,-0.4011803988727078,1.3763148314741014
0.5686246486853509,-0.646590468803168,1.2895604643118292,-1.4813842241405668,-1.5470431034833698,0.7243370216148981,-0.8895757358876946
0.42087309791892225,-0.97958397172598,0.45271194009333293,0.2689567085767058,-0.7782249695583556,0.918494351450964,0.6721823202948952
0.44825019508236924,-0.3484403202897522,-0.3442014791165406,1.4358506637215542,-1.5470431034833698,1.0302691867718794,-0.018054993912616328
-0.2051019111093318,-0.1488799821833026,1.4555414774476196,-0.8979372465681427,1.1438203652541798,0.7504117546592127,0.06670099654421871
0.15975862759220394,-0.7132154124632757,-1.0542360327139064,-0.3144902689957184,0.7594112982916728,-0.9635745058597572,1.6294676105241672
-0.4798917297903796,-1.0052553244315565,1.4199951393323313,0.85240368614913,-1.5470431034833698,-0.12097542614846683,-0.7295316284787734
0.45645414023598974,-0.8953579775560563,-1.2036398403514845,-0.3144902689957184,1.528229432216687,0.855040690390308,1.2385305428251272
0.959866485084197,-0.9722093903294134,-1.0086282558736455,0.85240368614913,1.528229432216687,1.0063480579112905,-0.7112983650281661
-0.9066060487140124,-0.34507385867947843,0.07449072361174633,-1.4813842241405668,-1.1626340365208627,-1.6003799539396182,1.1114986298186362
-1.438718871083772,-1.4126503651006856,-0.5551051596403568,-0.8979372465681427,-1.1626340365208627,-0.4514098395758644,-0.26206030267597774
-0.6819651363539008,0.5758912778644752,-0.1913944743078343,-1.4813842241405668,-0.7782249695583556,1.3288023038579988,-0.9676333294382385
-0.3005888467177983,-0.13492401945661273,0.5608033677485894,-1.4813842241405668,-1.1626340365208627,0.5592769439807981,-1.6712385517194879
1.2595028008786726,0.5752345141088963,0.5688238637419446,0.2689567085767058,1.1438203652541798,-1.6305869140223457,1.7266904517175665
-0.9050895610051248,-0.46569974152877963,0.09007581555035629,1.4358506637215542,0.37500223132916566,-0.6892238559555418,-0.6745593617611343
-1.0445226586904426,0.6832964172469337,-1.2044527973813794,0.85240368614913,-1.1626340365208627,-1.2470314635271063,-0.1665107224219398
1.640188768882728,1.3378717834674647,-1.2708979882504865,-0.3144902689957184,0.37500223132916566,-1.6965085499116013,0.02814263804879577
-0.8067703102061644,0.38150052557491126,-0.05406892324942647,1.4358506637215542,1.528229432216687,-0.5670669678071448,-0.8543741182637379
-0.7209548122214792,0.41691198849734157,-0.3960405427381819,1.4358506637215542,1.528229432216687,0.7461004315168723,-1.369659265860941
-0.7454268161982761,-0.19670868460755694,1.1799382227243147,-0.8979372465681427,0.7594112982916728,-1.3516684717287963,-0.9943212023003175
-0.7780503008773665,-0.18233204184922347,-1.20570767297639,0.85240368614913,-1.1626340365208627,-1.2784803173711532,0.9664637370193843
0.6436706746972057,1.432253916368139,0.36398024938397006,-0.3144902689957184,-0.009406835633341456,-1.137824589784109,-0.6461388054601486
1.3867183744862595,-1.164853426181403,0.17119168874876442,-0.3144902689957184,-0.3938159025958486,0.2847569114319877,0.6266950278851142
0.17166366701266622,1.4064317175260521,-1.1712430582126823,-0.3144902689957184,1.1438203652541798,-0.2697945186248653,-1.573159846197367
-1.2662685596408798,0.42057113815976727,1.6235011867046016,-0.8979372465681427,1.1438203652541798,0.5667014660240351,-1.6363095083991694
-1.6097501699895886,-1.1202261967488611,0.6809291076186632,-1.4813842241405668,-0.009406835633341456,0.4813111297332726,0.3526275151018728
0.9932975621082757,1.2457586090392527,-1.4487429996548733,-0.3144902689957184,0.7594112982916728,-0.8613029734670188,0.7272113151642817
-1.6818627013911231,0.2219871433439896,0.5437867526967948,0.85240368614913,-0.3938159025958486,0.22178345069695402,1.6750099614861016
0.5838902807873051,-0.5775786476956526,-0.04271074014052321,1.4358506637215542,0.7594112982916728,-0.3041628028169098,0.5954436103543621
-0.9806068994765776,0.11374692016479357,-0.3514992164477431,-0.8979372465681427,1.1438203652541798,-0.16498137508412894,0.03688947033533801
-1.3894802454568023,1.6590740900228387,1.0072399931233014,0.2689567085767058,0.37500223132916566,-1.6798441515510274,1.555593042603676
-0.5872450537433715,0.3496445657769505,1.1370694630306193,-0.3144902689957184,1.1438203652541798,1.1147519202940162,1.088850691974673
1.4499001625840822,1.564251935890509,0.5877885926565954,1.4358506637215542,0.7594112982916728,-0.4305086048831336,1.0182782023777222
0.32203095616153765,-0.30022365225000647,-0.07735068634226883,0.85240368614913,-0.7782249695583556,0.9280878207830299,0.5734782957665837
0.7138635271912223,-1.0854904806225576,-0.11859969965274017,-0.8979372465681427,1.528229432216687,0.6800636234403474,-1.5776331720109795
-0.10506446599000203,1.2523198727634053,0.3066155203692903,-1.4813842241405668,1.528229432216687,-0.3142189434262419,1.4285756361328141
-0.40111277266339557,-1.4964696289093953,0.7671834672667717,-0.3144902689957184,-0.7782249695583556,-1.5048246246480828,0.15151581276617737
1.3634990494253203,-0.020877630890949225,1.5818010653009598,-1.4813842241405668,-0.3938159025958486,-1.611657650516834,1.4202111697192465
-0.013123990238571302,1.4019894803065633,-1.0145454850102757,0.2689567085767058,-0.009406835633341456,0.024988409876769303,1.582204478307724
-0.05940045138294417,-0.1300938926569121,-1.55137945584286,0.85240368614913,-1.1626340365208627,-0.5018193282083535,0.9336054263472979
-0.19791042472775916,0.10566924092912867,-0.03727131480280022,0.85240368614913,1.528229432216687,1.2723768992012305,-0.9468200479447658
-0.17495709418649855,-0.19556006793972194,0.4475972166472428,0.2689567085767058,0.7594112982916728,0.12305271420556876,1.4849497942218353
1.399313235143394,-0.9607750389111792,-1.2782182911368487,0.2689567085767058,-0.009406835633341456,-1.4400071528970555,-0.16466923546022294
-0.1334117095542372,1.4487893632145397,-1.11693701386829,1.4358506637215542,1.528229432216687,0.7911787441086856,-0.4550767088401709
-0.9766319608000769,-0.4972682876279035,-1.0921235966394007,1.4358506637215542,-1.5470431034833698,-0.8921952984822726,-0.06725922185159164
0.8765389363043024,0.33979653426780226,-0.26872164328071,-0.3144902689957184,1.1438203652541798,-0.08042397572757828,1.4421437894585307
-0.4816937210036106,-1.2132680313902577,-0.38277455569436225,0.85240368614913,1.528229432216687,-1.5771911270956964,0.69621911078571
-0.00033635833999757435,-0.06984475739470246,-1.0766079117649237,-1.4813842241405668,-0.009406835633341456,0.8331359006321539,-1.5101930612608723
1.28441850337207,-0.7638863804114219,-1.3894944986017788,-0.8979372465681427,0.37500223132916566,0.44562244448609595,-1.1598965518679953
0.3164901765092796,1.1356620501519605,1.1266948863758548,-1.4813842241405668,-0.3938159025958486,-0.6982963294694275,-0.2952741316151768
1.2744654780501365,-0.658702145546913,1.006371023140115,-1.4813842241405668,0.7594112982916728,1.1539321462226044,0.767115239016723
-0.7392284065072388,-0.6126566059775875,0.8513384508855659,0.2689567085767058,1.1438203652541798,-0.2518380338097632,-0.33160343544362936
0.2157801453946273,1.3227458754886794,0.6783797950244701,-0.8979372465681427,-0.7782249695583556,-1.6841546996126189,0.5258966410116989
1.381726997507645,0.8827800627800161,-1.4078497589993808,0.85240368614913,-1.5470431034833698,1.2999878189540037,1.570037711291194
0.3605224964205308,-1.086679932661966,-1.5717896848330721,1.4358506637215542,1.528229432216687,-0.65498054394735,1.5411928952331357
0.4676671524485965,-0.6903275406098388,-1.7000969197904245,0.2689567085767058,-1.1626340365208627,-0.7234455395221031,0.3792587705649998
0.8504158290435283,1.5146901728770508,1.6439906367528203,0.85240368614913,1.528229432216687,0.6221754790526824,-1.6844791546141125
-1.2337055561483183,1.0467409359353317,-1.494059033077798,0.2689567085767058,0.37500223132916566,0.026025908165401197,-0.006097536040296757
0.8819987549768227,-1.1243094979117396,-0.10058826764481255,0.2689567085767058,1.528229432216687,-0.23772516571177163,0.6558347785364314
-0.6269012869401398,-1.3484799557341463,-0.12481249179300927,0.2689567085767058,-0.3938159025958486,-0.6460893452477625,1.6611346253747308
-1.2682801050890937,0.6584052594625183,0.17114644728898276,0.85240368614913,-0.3938159025958486,1.0443306449180974,1.5197378548235059
-0.2243076218866769,-0.8755122222719801,-0.6402380835978193,-1.4813842241405668,1.1438203652541798,0.597761563078715,-0.2612657450383478
-1.3106630719558108,0.25140702841908125,-0.5456535161056018,1.4358506637215542,1.1438203652541798,0.6056001601296914,0.6012829334824312
0.06491436428724345,-1.4644207770652482,-0.1362529005186238,-0.8979372465681427,1.1438203652541798,-1.1288001713310756,-1.6372797908642218
0.08239065057958823,0.9002643966842974,0.5123883908398317,-1.4813842241405668,-0.7782249695583556,-0.4128257211208321,0.9111493927525659
1.275205920511199,-0.8104015565095649,-0.8278110407531325,0.85240368614913,-0.7782249695583556,-0.47099792499012083,-0.1301174064601168
0.1514809473773703,1.099295459336111,0.9724364108835604,0.85240368614913,-0.7782249695583556,-1.172854519549756,-1.3352695074008825
-0.8714288270448881,-0.06870038597799041,-0.13819786607525442,1.4358506637215542,-1.5470431034833698,-0.9791751975339944,1.2128234314485768
0.9732213463500714,-1.1711945140856854,0.789754660645149,-1.4813842241405668,0.7594112982916728,1.365801902310076,0.2784517455564008
0.5513624860732371,-0.840440952466241,1.5391755356923222,-0.3144902689957184,0.7594112982916728,-0.5833936514934495,1.5427078060317634
-0.16372662765398885,0.6054182137551617,0.11954773067128117,-0.3144902689957184,-1.5470431034833698,-0.14804099745628313,-0.16075046019143652
1.4440360260165468,-1.3134233963620001,0.2683967903041097,-1.4813842241405668,-1.5470431034833698,-0.05427376045047215,0.028639058615231573
-0.3948586774938447,-0.9982826620898995,-0.28369245463829745,-0.8979372465681427,1.528229432216687,1.7169991932498616,0.6073663988269599
-1.3043631035717391,-1.3477219950425647,-1.1773780265308984,0.2689567085767058,-1.5470431034833698,-1.6199468580818188,1.5862877134007476
0.630830148463798,0.3906919434136075,0.15783643724168228,0.85240368614913,-0.3938159025958486,-1.6594764873436234,-0.40945571451378326
1.50517844301527,1.4958544215933365,0.06864741666277847,-1.4813842241405668,-0.3938159025958486,1.1969080595349266,0.6362277167401345
0.43184227178313,0.5633701606561391,-1.2645725399822056,1.4358506637215542,-1.5470431034833698,-1.5035673219376817,-0.745809478286462
1.4364299351420662,-0.8604674787734096,-0.36624043591215893,0.2689567085767058,-0.7782249695583556,-1.0227948738359287,-0.6548553812233626
-0.17325275083928487,-0.3409954521896774,-0.613914607024213,0.85240368614913,-1.5470431034833698,-0.7295001580050278,-0.3171564280582072
-1.700094275776998,-0.5143992818403298,-0.28838317276826575,0.85240368614913,-0.7782249695583556,0.7936801837175353,0.023805826066307087
-1.708296954241033,-0.24023787233855523,1.0609521612101822,-0.3144902689957184,-0.3938159025958486,-0.3942264789067617,-1.0053306504487212
1.4082590682723384,1.1542020579574017,0.5590455808536047,1.4358506637215542,-0.009406835633341456,0.8893390404752004,-0.547102940231141
-0.7045285297136833,-0.1441599000349982,1.2800398768697563,0.85240368614913,-1.1626340365208627,-0.5085065006535109,1.441227144388056
-0.5945422896239846,-1.1904045265117142,-0.501334474177005,0.85240368614913,-0.3938159025958486,0.9257252126731685,1.3068043703176155
-0.1710221863795466,-0.7285366110721255,-1.4699944752599925,-0.3144902689957184,-0.3938159025958486,-1.36814593280541,-0.442874292068167
1.4476174829555541,0.42449448225404857,1.0439043752967498,0.2689567085767058,-0.7782249695583556,-0.016209194613654172,0.8910184284179951
-1.1965657924020365,0.5992516760469874,-1.6698127836413434,0.2689567085767058,-1.5470431034833698,0.7017803762719613,1.730262528631947
0.1612497897276351,-1.0449246377475463,-0.6410544424401254,-1.4813842241405668,-1.5470431034833698,-0.7250525716313645,-0.4177793541163819
0.3622124315825051,0.8982187260265928,1.0654213506556935,-1.4813842241405668,-0.3938159025958486,1.2981927980968206,-1.3631381366765902
0.8997827071707699,1.414638088133631,0.8871881378427775,0.85240368614913,-1.1626340365208627,-0.2501220628192317,1.558608110175505
-0.5125384135615592,0.13891007521142526,1.0963613545357365,1.4358506637215542,1.528229432216687,1.1165832956820203,0.38990765320634246
-1.4510250448513982,-1.376333296554091,-0.6378574975479604,-0.3144902689957184,-0.7782249695583556,-1.6326894044576177,0.608574571643586
0.582738234319739,0.4016538869567069,0.5266810383023265,-0.8979372465681427,0.7594112982916728,-0.875886335675734,-0.8863344099164119
0.6461485868090102,-1.3239942000042313,-1.3056367047449078,0.85240368614913,-0.009406835633341456,0.08487764005631335,1.5395733570081094
0.2924032380983993,-1.1587999020030773,-1.3335736954632238,1.4358506637215542,1.528229432216687,-0.9806546511931234,1.154339076963854
-1.3161789248513445,-0.5086073651741392,1.5151650925490203,0.2689567085767058,-0.7782249695583556,1.4334768862156761,0.09597638192952704
-1.241019140435497,0.03770419560468906,0.7772997346746486,1.4358506637215542,0.37500223132916566,-0.8069059259019923,1.1569288510686013
1.4012580242736308,1.769798142744912,1.3778135630450443,0.85240368614913,1.528229432216687,-1.1719451984775013,1.654914482591066
0.8537141400636151,-0.22154235036904485,0.6167931628197567,1.4358506637215542,0.37500223132916566,-1.6702403809668933,-1.6573926235211733
-0.7150449681149533,-1.4781419157123277,-0.12768701815424993,0.2689567085767058,0.7594112982916728,0.4771147452444287,-0.5550642826220212
1.4344041966575565,1.4290639211811444,-1.1525502608080351,-1.4813842241405668,-0.7782249695583556,-1.3996283546353432,-0.3742849935864125
-1.4097636951788093,1.5103138657280972,-0.9380659377671353,-0.8979372465681427,1.1438203652541798,-0.5068946750361049,-1.6040959197521667
-1.3174213259255287,0.12547337402029052,-1.4579272662484388,0.85240368614913,1.1438203652541798,1.1281610122460657,0.1537557967983134
1.3178769755101638,-1.7008101414394425,0.2506520667481072,-0.8979372465681427,-0.009406835633341456,0.4519737448319376,0.992415596444821
-0.01852409136385032,0.5314086623795767,-0.7602011256525663,0.2689567085767058,-0.3938159025958486,0.6640467254483814,-0.2758041324041741
-0.9700988923101385,1.2568430328799525,-1.5075598049205972,-1.4813842241405668,-0.7782249695583556,-0.020319612009944123,-0.003245577541461289
1.418742891989961,1.5977037750341205,1.487960363923107,-1.4813842241405668,-0.009406835633341456,-0.7984762577012399,0.012416199965047729
-1.550393082544574,0.4292545809197872,-1.01686370485214,-0.3144902689957184,-1.5470431034833698,-0.20491259447154236,1.5089224818429285
0.5454384525918483,-0.3737830520929057,-0.5712067424057241,0.2689567085767058,0.37500223132916566,-1.6756514458639056,0.3079927377635014
0.16532303925064154,0.07641175804901089,0.01005134362380196,0.85240368614913,1.1438203652541798,1.334558553139809,-1.411558395604782
0.05920811229689742,-0.08388046637141855,0.9235403828676315,0.85240368614913,-0.7782249695583556,-0.05650042262159014,1.2647891940457996
-0.9653805468044951,0.4515353540968728,-0.6669443763517287,-0.3144902689957184,0.37500223132916566,-1.6539960174292394,-0.9485391595685192
0.08246698331453009,1.641325953963366,0.7652774903462561,0.2689567085767058,1.1438203652541798,-0.6025893310397658,1.5539322785515115
-0.6063967451207184,-1.0283891516483732,1.6822615944976886,1.4358506637215542,1.528229432216687,1.5458220709854156,1.086851069334916
-0.9249765320051622,0.191303475445319,1.470245924779187,-0.8979372465681427,1.528229432216687,-1.0803976749585362,-0.3981769310931166
1.519701758046037,1.098399097793237,0.5194452938698119,-0.8979372465681427,1.528229432216687,-1.4927697004330913,-1.4848420433026903
0.805110698560121,-0.2334077942759769,0.5012896751005472,-0.3144902689957184,-0.7782249695583556,-1.1372561700970274,0.5062200020707945
-0.27238140554073004,-1.4988174198716258,-0.9953797997588347,-0.8979372465681427,-1.1626340365208627,-0.8765468011417651,-0.8439317241012418
-1.3644882660188833,1.0633473607616768,1.094487197469668,0.2689567085767058,1.1438203652541798,0.27990986060472123,1.1447191298318384
1.2198872689076645,-1.3204776775566176,1.4035020798600375,-1.4813842241405668,-0.3938159025958486,-1.4269192163458213,0.16679895639227194
1.527117430770302,1.5028615562311178,1.1463031972562656,-0.8979372465681427,-0.009406835633341456,0.5274481537761748,1.2657271576636278
-0.019057075756882272,-0.5525453773040828,-1.126514487578438,0.85240368614913,-1.1626340365208627,0.08617152056314348,-1.3448324858205847
0.9000928355230702,-0.6247086769494237,1.1420635271923334,-0.8979372465681427,0.7594112982916728,-0.6863722927652405,1.1301045003274865
-1.5994870453431598,-0.6369375121481703,-1.5677871345066654,-1.4813842241405668,1.1438203652541798,-0.6033559659884667,0.09913684908664357
0.6294658666982427,-0.9026970700183845,-1.3448227049441686,1.4358506637215542,1.1438203652541798,-1.6351252745964622,1.6215088469525432
-1.6952405765332108,-1.6691656682994866,0.4303452152033566,-1.4813842241405668,0.7594112982916728,1.042970363892862,0.5281663338173352
1.2841260838801225,-0.4051071446398382,0.3586918587529283,-0.3144902689957184,1.528229432216687,1.0465800768001254,1.0029463276447226
-0.12177391136313767,-1.4917754835926513,0.21559198696253512,-0.3144902689957184,-1.5470431034833698,1.2143242625490505,-0.5196018714683462
0.42040649142996606,-1.3880658167026776,1.4244381038279719,-0.3144902689957184,0.7594112982916728,0.6691989685095945,-0.4018077339716875
1.153235147823665,1.4297162225449782,-0.046762147338513645,0.2689567085767058,0.37500223132916566,-1.0204173712608609,1.199800995269917
1.6238668826083764,0.8228914646815083,-0.004797821321176708,0.85240368614913,-1.5470431034833698,1.0290539204171327,0.8746108711687322
-1.0430853173514738,0.8661395345923689,-1.4281984786798367,-1.4813842241405668,0.7594112982916728,-1.6677643307250438,0.9590057204990066
0.9181391705238433,1.0100409146331062,-1.3887740703662497,-0.8979372465681427,-1.1626340365208627,-0.850067732518207,-1.202628904233663
-0.3400980494769208,-1.145137470721688,-1.1457417505412877,-0.8979372465681427,0.7594112982916728,1.2643198120114567,-0.719400246585713
-0.787939883249544,0.042903141011559995,-1.5774543208588832,0.85240368614913,0.7594112982916728,1.4311468088525692,-1.1950462990668769
-1.4767130934357358,-1.2529233154558184,-1.524886978107854,-1.4813842241405668,-1.1626340365208627,0.049528557771811116,0.07244688371117129
1.3269880086364403,-0.8421858032426199,-0.5131835252806654,1.4358506637215542,0.37500223132916566,-1.4963995140304314,0.732627427505536
0.7475644833568843,1.5202265241957318,-1.2561536754103293,-0.3144902689957184,-0.009406835633341456,-0.39541164856586053,-1.25190072141205
0.5427620808263299,0.13496198685412433,1.7159252046058393,-1.4813842241405668,0.7594112982916728,-1.4024544466735682,0.3328535608778696
-1.7262285256557688,-0.6051387801146145,-1.53780074714257,1.4358506637215542,-0.7782249695583556,0.6523375217312066,1.5034047172942766
0.23026634389293377,-1.367610583134738,-1.5994891806880684,-1.4813842241405668,-0.7782249695583556,-1.2209295027553466,0.6673301808937996
0.20679469270093304,-1.4305052772608273,0.5472805828589691,-1.4813842241405668,-0.009406835633341456,0.3496239702908091,0.5274985019735464
0.4141845090357084,0.012212032349731458,1.4111118458008063,-0.3144902689957184,1.1438203652541798,0.12015023221671917,-0.613567944111779
1.0599667705365674,0.4932869380188945,1.72574226451562,1.4358506637215542,-0.7782249695583556,0.8775142072352844,-1.3238643101252547
1.5397661014756363,1.4427430041988574,1.6344733040153345,1.4358506637215542,1.1438203652541798,-1.6514198635428077,1.4762931768379106
-0.3603491186619987,-0.29576064354585624,0.6185298460138556,-1.4813842241405668,-0.7782249695583556,-1.0673130581407417,0.32106458343990296
-0.4168996553113888,-0.5572700815881352,-1.517346695020337,-0.3144902689957184,-0.7782249695583556,1.0028101496597877,-0.07558177262944268
-0.3103085164159625,1.644332820575202,1.6126467946498348,1.4358506637215542,-0.3938159025958486,-1.6924631780433255,-0.9207931145619276
-0.43094154220140046,1.076012246105209,0.22099939100367422,-0.3144902689957184,-1.5470431034833698,0.09034982653408703,0.21315008054220083
-1.7197776802903109,-1.5102027750648181,0.21117779762270686,-0.8979372465681427,-0.7782249695583556,1.4485159623690553,-0.12500558394751132
-0.277467120879657,0.5213897598245913,1.2987891007243617,0.85240368614913,-0.009406835633341456,-1.1737274635952681,-0.6239575968451839
-1.4673975872008582,-1.4341333565425731,-0.6678792644906877,1.4358506637215542,-0.7782249695583556,-0.5136457097010231,1.1480023046221668
-1.418314263918078,-1.0093494420874982,-0.217747753215232,0.2689567085767058,-1.5470431034833698,-1.4694598742384808,0.3150205729271711
0.5122669026937273,-1.5011802391522606,1.2038622241572081,0.85240368614913,-0.009406835633341456,1.5705568002453867,-0.982068847748163
0.8416239594135639,-0.6409829131396158,-0.20947941146959728,0.85240368614913,1.1438203652541798,-0.33436625151860633,-0.7167553773104947
0.6092237849929993,0.8877377023490675,-0.44111433727212235,-0.3144902689957184,-0.3938159025958486,0.9657835999629059,1.697201689517839
1.1447430026418655,-0.24102016910749358,0.1917610043434373,1.4358506637215542,0.37500223132916566,-1.6644364430904202,-1.6914923029875024
-1.4054145899446857,1.3317774306046983,-1.6154383696776324,-0.3144902689957184,-1.1626340365208627,0.789817016664826,-0.6866632801977551
1.697843547936488,-0.08341706758579719,1.3480139964761875,-1.4813842241405668,-0.7782249695583556,0.11391830989342436,-1.2168943971088606
1.4637841744421458,-0.8346023688486758,-0.4163338614056828,0.85240368614913,0.7594112982916728,-1.4878162397320673,0.8667666957301122
-1.253946675267261,0.23940840398661176,0.9290607823498583,1.4358506637215542,-1.1626340365208627,1.4190103855510128,-0.9114662094957374
-0.3063698760894139,-1.5960206515911919,1.5747811201067805,0.2689567085767058,-0.3938159025958486,-1.4612983525247276,1.2346657484261738
1.4597063019764867,0.613239365034815,1.5318137555135414,-1.4813842241405668,-1.1626340365208627,-0.5237180288828629,0.30725758731202807
0.3270483024042273,0.13744925025760207,-1.4867951171021938,1.4358506637215542,-0.009406835633341456,1.4843913272258697,1.2302416380897991
0.842569173210862,-1.257883645897798,1.380567916710361,1.4358506637215542,-0.009406835633341456,1.6823871177296796,1.5888789637357823
-0.25576295080021494,1.0501863774525546,-0.08898973520531307,1.4358506637215542,0.7594112982916728,-0.04668630719036934,1.7062538823837867
-1.1844864340287626,0.23522043381921356,-0.8485407221311381,1.4358506637215542,1.528229432216687,-0.8039872838798685,-1.7111809023445104
-0.4585201962675768,1.1434576769853861,0.87811758047912,-1.4813842241405668,-0.3938159025958486,-0.7888692011738293,1.5508666741970825
-1.3932870160412087,-0.5644753030600757,-0.49427923882175495,0.2689567085767058,0.7594112982916728,-0.7682536229615949,-1.3858862992219105
0.21831981650481463,-0.6203848922164196,-0.31050005076168213,-1.4813842241405668,1.1438203652541798,1.7534106195004064,-0.9336420422376329
0.25659163116009304,0.728451076231125,0.5106268451768419,1.4358506637215542,-0.7782249695583556,0.9575505603965846,-0.0320856768749537
0.20321388043874186,-0.0050667025201566514,1.3877664533959755,0.2689567085767058,-1.1626340365208627,-0.9837964504948961,-0.6274114505262698
1.2458839232889862,1.293032003292592,-0.7899873758241807,0.85240368614913,-0.7782249695583556,0.0458917201698344,-0.07164724560556385
-0.19012907929214973,-0.4388507797283078,0.018464802798146288,-1.4813842241405668,1.528229432216687,1.455673936529481,-1.1607788672602954
1.5263827277377584,-1.604740407056167,1.0340284442845624,-0.8979372465681427,0.7594112982916728,-1.5908270902260315,0.7037824040005185
0.28085458328760526,-1.634093275150742,-1.2394680170384083,0.85240368614913,1.528229432216687,-0.9777485871943548,-1.091061040011274
1.648976112496366,-1.460980076155432,-1.1895211033631587,-1.4813842241405668,1.1438203652541798,-1.2567971556245863,0.29555396592687644
0.7668175839450291,0.8884350916751321,0.3342096229221449,0.85240368614913,-0.7782249695583556,-0.8089755726545239,-0.21949936331333825
1.6250046987401217,-0.13591830696489132,-1.1872019422716997,0.2689567085767058,0.37500223132916566,-1.4198602041100905,1.4891485730209553
-1.2927994589466063,1.4314394065255687,1.0306277074937633,-0.8979372465681427,-0.3938159025958486,0.2752165872477706,1.273780596564123
1.0636925375675272,-1.4186040097734849,-1.3553371697397845,-1.4813842241405668,1.528229432216687,-0.15526510843785246,-1.0455965516494343
-0.46622787651579745,-1.071569007649059,-0.059291099665827685,-0.8979372465681427,-1.1626340365208627,-0.9319794653629143,-0.3509915492357343
0.2263994472993714,-1.5704809635754822,-1.174023096666655,0.2689567085767058,-1.5470431034833698,-1.3753441369788573,1.4428973137364636
-0.40273755172378045,1.1747516780252054,-0.40532987275589033,-1.4813842241405668,1.1438203652541798,-1.2781452094021553,0.11308716584646497
0.25964916079310413,-1.1700727255119714,-0.28778345034417396,-1.4813842241405668,-0.3938159025958486,-0.9904802517652326,-1.7517214540745547
-0.8164592641306029,0.795905776372845,-0.7955011330727046,-1.4813842241405668,0.37500223132916566,-0.02718854618408746,-0.15708572898263382
-0.19891617528871297,1.2622413238272032,0.6844999944443432,-0.3144902689957184,-0.3938159025958486,-0.7862682883455637,0.1631412007739842
-1.3013049763562363,0.3867231720802662,1.3898180761922014,1.4358506637215542,1.528229432216687,-0.9226881049470669,0.30094251901600105
1.4330937894078115,1.651931720092782,-1.124502158937186,0.85240368614913,-0.7782249695583556,0.2745281667066163,-0.42663669756797856
-0.6199988801603418,0.31990782219396363,-1.0862806990699014,0.85240368614913,0.37500223132916566,1.5004939024478523,0.638951865818465
-1.6396935866970386,0.26794346703067123,0.32693520194991044,1.4358506637215542,0.7594112982916728,1.2506791206114933,0.9503243924757029
-1.0814398512464343,-1.5402241030255532,0.7595477601542316,-0.8979372465681427,1.1438203652541798,1.5937437529406617,-1.4902601168486362
1.5007537313757533,0.36410015890423664,1.2700335287433522,0.85240368614913,-0.009406835633341456,1.437210893265755,-1.3139952612675299
-0.27874543905391796,-0.6270769674982329,0.8641532183146959,-1.4813842241405668,-0.009406835633341456,-1.2372079817668233,-0.9361730154366587
-0.8503238950916173,-0.994252304194076,0.920976308989755,-1.4813842241405668,-0.009406835633341456,1.6993782788443341,0.6806138297865022
1.5824506336117476,-0.9987348483789098,-0.9813020313487417,-1.4813842241405668,-0.7782249695583556,-1.2633336728894136,-0.7495919293921314
-0.6405279383476203,-1.3630535768723049,-1.053446152534641,1.4358506637215542,-0.7782249695583556,1.060251565523939,1.63093850085414
0.849986179105017,-1.1389020305219564,0.9626792394943472,1.4358506637215542,0.7594112982916728,-1.481812779838998,-0.08904652297055222
0.055940424360286296,-1.0730673615340687,1.528250019059866,-1.4813842241405668,1.528229432216687,1.6936569877787986,-0.7564069436605585
-1.6444197940974778,0.5807115242770428,-1.1025046291197416,-1.4813842241405668,-0.009406835633341456,0.7196434836376369,-1.2789920037541702
-1.4408442062917575,1.053082097753261,-0.48845090795955726,1.4358506637215542,-0.009406835633341456,-0.862955882747165,-1.3399977595062766
1.4557381760735126,-0.46999547380379564,-0.04523510074458159,-1.4813842241405668,-1.1626340365208627,0.4126254271676789,-0.6359751846138765
1.2396142579928104,-1.2335764904917732,-0.8155453922940403,0.2689567085767058,-1.5470431034833698,1.471421099520228,-1.5598378798864918
-1.3807421733944156,1.4059375532563572,0.992120294116566,1.4358506637215542,0.37500223132916566,1.216837172869399,0.5511857641607177
-0.6658450110964832,0.43987876044787,-0.006340093766060679,-1.4813842241405668,1.528229432216687,-0.4355908877373067,1.1128662165308192
1.2546920969282251,0.28472393792820855,-0.49466677802721537,0.2689567085767058,-0.009406835633341456,0.34467142993055583,-1.2973010378847456
-0.7709755094741588,1.5297425907435471,-0.015785804731564695,0.2689567085767058,1.528229432216687,-1.693741674045644,-1.2462190719987838
-1.6946939831219692,1.413963634730476,0.4501529887505176,-1.4813842241405668,1.528229432216687,1.6828687737687738,-1.5273406054643937
-1.535884748967756,1.3745161024695294,0.8413610599212409,-1.4813842241405668,0.7594112982916728,1.3322015292880127,-1.138601160654554
1.4701502630215793,-1.529513195524147,0.7918828575604181,0.2689567085767058,-1.1626340365208627,-0.7179116383900905,1.011459681162433
0.305302048154892,1.6322289312529863,-0.18071609880797504,0.85240368614913,1.528229432216687,1.6809250277413554,-1.148941465349829
-0.48264886037292687,1.5770951685207284,0.39676384344590704,0.2689567085767058,-0.3938159025958486,-0.4343579732896992,-0.01344174349438999
1.2406657211992758,-0.6084593036415444,-0.08209531148791924,-0.8979372465681427,-1.5470431034833698,0.47418845752409183,-1.5243745946897989
0.31912370879226,0.7934978461488025,-0.9068236337446958,-1.4813842241405668,0.7594112982916728,-1.503019725545488,0.01376032478194094
-1.324971209692005,1.7769599566247452,0.5226755109220343,0.85240368614913,0.37500223132916566,-0.6886526621751701,1.1000358775490884
-0.6709405867021657,0.10198498141219155,0.7485095929202213,1.4358506637215542,-0.3938159025958486,-1.4650306518695877,-0.3228156048033267
0.13012345257298893,-0.24747749437966354,-0.20570845488721196,-0.3144902689957184,0.7594112982916728,0.6441854368963444,-1.6319378226944117
1.6606258235133924,-0.41975137732605244,-0.6179944040308728,-0.8979372465681427,-0.009406835633341456,-1.2326753313136263,-1.0505228735680583
0.17495227065671198,1.0167287606324624,0.8832277171901991,-0.3144902689957184,-0.7782249695583556,0.9368864760825432,0.23187588589279445
0.7911942512899302,1.3798112601908843,-0.41814487514687143,0.2689567085767058,1.528229432216687,-0.5280262297514725,-0.4172952396045931
-0.4783261811806955,0.6421893081617668,-0.46517265268585684,0.85240368614913,-1.1626340365208627,1.2054694001468769,1.7066870663508658
0.1357878214768677,-0.48493201515945744,-0.5507629929084734,-0.3144902689957184,1.528229432216687,0.6849900852833246,0.619214430823974
1.243118120894439,-1.1249411135825178,-1.198047309581296,-0.3144902689957184,-0.3938159025958486,0.6957672896711835,-1.3660058090675253
-0.4361949238854183,1.3193709124316806,-0.6825318691711254,-0.3144902689957184,-1.5470431034833698,-0.5408531277502929,1.0401069423200755
-1.347998573257633,-0.8630663089102513,-0.5424008022807032,1.4358506637215542,-1.1626340365208627,-0.2807401219700815,-0.13653422511439986
1.3461770220953764,-1.1272607325596402,-0.4355020995301476,-0.8979372465681427,-0.3938159025958486,-0.01462889365934339,-0.6761972150603829
1.233164768565598,-0.9854755256629982,-1.4774857202682414,1.4358506637215542,-0.7782249695583556,1.7401705155862959,-0.5404573983552775
1.4389821181717821,0.18733199794253547,-0.11201303327632853,-0.3144902689957184,-1.5470431034833698,1.2834977900455529,0.040175315443941706
0.621447085816446,-0.09714670417902968,0.5954733677997722,0.85240368614913,-0.3938159025958486,-1.6161753215496102,1.350276899033276
1.376358326570719,1.4928821745617853,-1.3718696192926492,0.85240368614913,-1.5470431034833698,-0.30275617350712575,1.2384501485796777
-0.05836561812937544,-1.0533981987929217,-1.3626596036028356,-1.4813842241405668,1.528229432216687,-0.7566155935720731,-0.5108571607522875
-0.44645408987082763,1.0012303545195387,-0.8466657368161445,-0.8979372465681427,-0.3938159025958486,1.6290058653341537,-0.09037923155756254
0.5879539347947095,0.003161579686449836,-1.4532681439008055,-0.3144902689957184,-1.5470431034833698,1.3299986798100154,-1.5637830359386742
-0.2830943598469585,-1.2909702997220915,-0.6381839845394051,1.4358506637215542,1.1438203652541798,-0.06513378277116338,0.9307320410951414
1.0258105889851243,-1.1763749724378478,-0.9423902984569427,-1.4813842241405668,-1.5470431034833698,-0.18956709850561093,-0.9597653729384272
0.5303847251271835,1.7126149400815796,0.291779750253207,-0.3144902689957184,-0.009406835633341456,0.21343185617089597,-1.0195086049832915
0.5985762648976248,0.5993275801803537,-0.7615784350136872,-0.8979372465681427,-1.1626340365208627,-1.2946708406875005,-0.5624137497852474
1.0301704251176091,-1.1001244452661878,1.391911977411898,0.2689567085767058,-0.3938159025958486,-1.244805047321396,0.4599570737629808
-0.8151695359081557,-1.527143685007366,-0.375490434836993,-0.3144902689957184,-0.009406835633341456,-1.6896892689265928,-0.8034913059242652
0.5910459720718084,1.2185081150646895,-1.0674112109162661,-1.4813842241405668,-1.1626340365208627,1.5552795703404116,-0.382528714312668
-1.0384792164186372,-1.4043326619673924,-1.575939817930361,-0.3144902689957184,-0.3938159025958486,-1.2843560593529393,-1.4920200086625885
-0.3862298003933074,-0.7524984788560134,-0.954858807092176,1.4358506637215542,1.1438203652541798,0.3957537326128071,0.08677278239052261
0.6815769310725056,-0.8805569063202766,-0.013743798109151922,-1.4813842241405668,-0.3938159025958486,-1.6284445887642969,0.8085312467877364
-0.4704870349861219,0.4029208240476791,-0.3589870084280559,-0.8979372465681427,1.528229432216687,0.1762593842572006,0.9689183861257638
0.4590923519235143,1.6900152683544742,0.9168219909521623,-0.8979372465681427,0.37500223132916566,0.2061266792910591,-0.1145416099887523
-1.3038909802046137,1.0152719252711457,0.6326625047510656,0.85240368614913,-1.1626340365208627,-1.691380404897196,-0.5808404683910993
-0.3273808629745681,-0.17468353086819277,0.0004186100989956008,1.4358506637215542,-1.5470431034833698,0.3014732749768345,-1.392457658730601
-0.5310040423014685,-1.446189265422003,0.10009187361786642,0.85240368614913,-1.5470431034833698,-0.7956335528324467,-1.5681264385363711
1.4718578328872576,0.8309219837597441,0.16025172762278828,0.85240368614913,0.7594112982916728,-0.34520495952797736,-0.5720343768947912
-1.30836244155952,-1.328561232620671,-0.9084050852188836,0.2689567085767058,-0.3938159025958486,-0.4170693547936139,0.20107893648249847
0.19655709136013677,-1.3112474895974235,-1.5588547110981514,1.4358506637215542,1.1438203652541798,0.5302326957113102,-1.5392141882704367
-1.0118321990795227,-1.064034551411116,-1.3244526368743612,-0.3144902689957184,-0.3938159025958486,-1.0560840747045683,-1.3711849503728313
-1.3456758388638217,1.284463453572239,0.8456757901635177,0.2689567085767058,1.1438203652541798,-1.5878744419559807,0.6967386466712033
-0.3637223679013977,-0.4108464667408528,1.080039521440863,0.85240368614913,-0.3938159025958486,0.13229922321771895,0.06177691788919102
1.684707995001145,-1.0940191754402668,0.5035620941247596,0.2689567085767058,-1.1626340365208627,1.4328345625791088,1.177989485647099
0.6289091441334191,-0.2294760126783177,0.29873264398448546,-1.4813842241405668,-1.5470431034833698,1.2235799175024276,-1.6236320498560965
-1.1897927169809388,-0.839207116435318,0.36261312372841703,-0.8979372465681427,-0.7782249695583556,-1.5585160903057675,-0.9607035276640973
0.09197079892708265,-0.8475793745222109,0.14876936300203839,0.2689567085767058,0.7594112982916728,1.532200340812027,0.7168888631972339
-0.585261415072756,-1.0580312638811038,-1.450928680168248,0.2689567085767058,1.1438203652541798,0.7806913055348805,0.0971131543253197
0.7513031916501751,1.605450937812357,-1.4047210306869284,-0.3144902689957184,-0.3938159025958486,1.366933454905054,0.9930578501680561
-0.6589111402010823,-0.4362412289650235,0.049138893806299495,0.2689567085767058,0.7594112982916728,-1.5023551009408729,0.35637467780598053
-1.4617048422177439,0.18455961256122788,0.03251668972487506,-0.8979372465681427,-0.009406835633341456,0.7871212172614368,1.1416573266873304
1.5528651696505487,-0.681750995458161,0.2976162586601625,1.4358506637215542,-0.3938159025958486,1.3648957996031792,-1.6931352576831653
-1.023215935130859,0.08763930738913489,-0.3257688228946869,-1.4813842241405668,1.528229432216687,-0.4202846922860004,0.9822990567361258
0.2525376054602182,0.2013646492003468,-0.03576220989590949,0.85240368614913,-1.5470431034833698,-0.13525933116455788,0.6278414221221927
-0.7179334618135037,-0.9316310296882826,1.5252710405075562,0.85240368614913,1.528229432216687,0.5963314603692823,0.3389428721692393
0.8261624362251226,0.6394409993153067,1.220945894838686,-0.3144902689957184,-1.5470431034833698,-1.514004356110633,-1.0586391916857727
0.3483932155755351,-0.0592078340671341,1.4562140318745642,1.4358506637215542,-0.009406835633341456,-1.5043698713015123,-0.4492144669132447
-0.2291750683706058,1.403953093976468,0.7470254315885039,1.4358506637215542,-0.3938159025958486,0.33382216032713335,-0.9137966257698876
-0.9649871541224105,0.04023861063336706,0.36925205086908003,0.85240368614913,1.528229432216687,0.7589027246014911,-1.0732292055806514
0.9031808776388789,-1.483176287049051,-0.769511907089518,1.4358506637215542,-1.5470431034833698,0.6072179259596094,-0.3651478404571644
0.9665407059797875,-1.1178666366761782,-0.8951974393320674,-0.8979372465681427,0.7594112982916728,-1.009688243764099,-1.343199277189444
-1.3348232756453242,-1.3919348433009648,0.895391741166661,-0.8979372465681427,-1.1626340365208627,1.0227403277210108,-0.4953967141698965
-1.021818872020456,-1.6759509689021843,-1.4898703309479304,0.2689567085767058,1.528229432216687,0.49570217662806515,-1.4285004172870754
1.6326501146727688,-1.0808500945507589,-1.14991437293406,0.85240368614913,-1.1626340365208627,-1.647946442313371,1.501166810137596
0.8106134855412916,-0.41005890224025093,-0.8862488039954849,0.85240368614913,-0.009406835633341456,1.025943819643965,0.5661852869245046
-0.5885059025803409,0.8478389259518792,0.261924574510933,-0.8979372465681427,1.1438203652541798,1.523733897871232,0.8963918580623541
0.7502190764682619,-0.0028632685770633515,0.2393382636387661,-0.8979372465681427,-1.1626340365208627,0.43133233669707605,1.093340841472583
-0.5280547663583691,-0.14994901730679588,-0.012375031787186273,1.4358506637215542,1.1438203652541798,-0.2584654482355172,-1.0348645890202592
-1.5952684820751586,-1.437500262584973,1.2171214179898475,0.85240368614913,1.1438203652541798,1.26987138064277,0.8734881093975704
0.4712723667120629,-0.8247479085437701,0.3146436539246038,0.2689567085767058,1.528229432216687,-1.5243754035367436,-1.4124296635837466
-0.11350589692251992,0.17291915086054666,1.1897164897338008,1.4358506637215542,-1.5470431034833698,0.9878678095266878,-0.3408732881140836
1.5725640268841015,-1.397763663507124,-0.2686635022155159,0.85240368614913,-0.3938159025958486,1.6428256346495156,1.6641660053417142
1.0781632806656396,-0.7346854086429796,0.06472554489790014,0.2689567085767058,-1.1626340365208627,0.39638711862410064,0.10875692905371394
-0.8972185019127837,1.2084105500437354,1.107362075893736,1.4358506637215542,1.1438203652541798,0.7614292068916039,-1.2902937218283295
1.1617502956144434,-1.6419471442691735,0.6769374410130519,-0.3144902689957184,-1.5470431034833698,0.94178985317821,-0.04905356454344927
-1.637688274040782,0.8841764777584117,1.1498673321679749,-1.4813842241405668,1.1438203652541798,1.6796259678064132,0.9889775151727925
1.3226612948147316,-1.2793553896157597,-0.8330947778942505,-0.8979372465681427,1.528229432216687,0.49344504124973876,-1.1837309472714281
1.2614493754490155,-0.0381555903613299,0.4167192225151299,-1.4813842241405668,-0.7782249695583556,-1.1302200564860012,-0.9666001305190063
1.2766638494170597,-0.3064702079633241,1.3629727105738805,-1.4813842241405668,-0.3938159025958486,-0.13050685898517148,-0.4899941231447106
0.572423263298131,-1.1385355047777512,1.0483207843541051,0.2689567085767058,-1.5470431034833698,0.6531909198650763,-1.3084147812663587
-0.8008875520222682,0.05710830084767712,-1.1920225996818063,-1.4813842241405668,-1.5470431034833698,0.5000961984533688,-0.6759349109888675
0.7333668758661948,-1.2005226336654096,-0.7300277024686372,0.85240368614913,1.528229432216687,1.1617295263317384,1.3985445515637884
-0.7244871127164493,-0.4203593707471939,1.6074704116153504,1.4358506637215542,-1.1626340365208627,1.766228044773868,-0.2582174035114306
0.7262859038298917,0.6595970997375014,-0.8506993111423717,0.2689567085767058,0.7594112982916728,-0.9969994312003179,-0.7425817557765693
-0.1016272628393682,-1.3276267286936438,-1.5189169858698615,0.85240368614913,0.37500223132916566,0.0868527409688944,0.632850824898247
0.5320342741622848,0.35683536235564106,0.3390467977519069,0.85240368614913,0.7594112982916728,-0.7767365891261712,1.164770888430638
0.5584576933970382,-0.1931029615733597,1.2221701332202815,-0.3144902689957184,-0.7782249695583556,0.2815181129964606,0.5576822259292801
0.5002518820037334,-1.3004639823770123,-0.3535912764928554,-0.3144902689957184,1.528229432216687,1.7417544859592302,-1.0135896222562937
0.6059211873506459,0.21126603495988527,0.0907358070731769,1.4358506637215542,0.7594112982916728,1.4250177818253658,1.5294626435613257
0.44125034088808496,-1.4720297533548594,-1.45323897147131,1.4358506637215542,0.7594112982916728,-1.00485851738589,1.4486232102409629
-0.7439090404103745,0.7583113163768788,0.6685317213807873,-0.3144902689957184,-0.7782249695583556,-0.08370323087273421,1.223526188316303
-0.7447525659404712,0.7650371084489428,-1.127818876471685,0.85240368614913,-0.7782249695583556,-0.808016367081325,1.1843868045061157
-0.77401237114715,0.8644350002915113,-0.4973685032664658,0.2689567085767058,-1.5470431034833698,0.6881470459553314,-1.4583271860188411
0.04903654812064063,1.208895395404793,-1.5046562167112392,-1.4813842241405668,0.7594112982916728,-1.1392849866620827,-0.3596553385887745
0.5057178248761955,-0.15984340858668855,0.8233469907381552,-0.8979372465681427,0.37500223132916566,-0.535063851715786,0.2900361462585308
-1.286299256032223,-0.3295941824621496,1.185478962401338,1.4358506637215542,-0.3938159025958486,-0.6112790194495827,1.205323561600572
-0.2927082248089021,1.2057812610296763,1.115149791432119,-0.8979372465681427,-0.009406835633341456,-0.39934163216313795,1.6333222654943456
-0.447385977452181,-1.5416578530426626,0.794263100120472,1.4358506637215542,-1.5470431034833698,-0.8820206681112412,-0.32073532680235817
0.396333369056417,1.1524740893827037,-1.0489071349784074,0.85240368614913,-0.3938159025958486,-0.010971970491240038,-0.6194810617140478
1.1816892267301344,-0.45540250950506045,0.5042471970627269,0.2689567085767058,0.37500223132916566,-1.3945842623066653,0.7627249181138823
1.0739848853300715,1.1477041278377738,-0.8691617373374775,1.4358506637215542,-1.5470431034833698,1.0383109967681887,-1.6923584367403486
-1.3097374371977863,-1.447941946659458,-0.9842546487543594,-0.3144902689957184,-0.009406835633341456,-0.013649861942739183,-0.7412884648351192
1.4518482049713963,1.260189591380015,0.25987220364920965,-1.4813842241405668,1.1438203652541798,-1.0596938114527683,1.4587916828707241
0.5756501740125322,-0.9643330548897041,-0.44844036563744105,0.85240368614913,-0.3938159025958486,0.5920676216734875,0.37773620212619474
-1.183553391827137,-1.0209261456118253,1.5201191445231954,1.4358506637215542,-0.7782249695583556,-0.7579034322392463,-0.42013690708465024
-1.5200783359629821,-0.49337510075002905,-1.6497768620061743,-1.4813842241405668,0.7594112982916728,1.7625959895666736,1.6806228583303118
-0.7254640591914782,-0.7914509649719459,0.6457710570805313,-1.4813842241405668,0.7594112982916728,-1.682009679417282,0.5385372963835574
0.8201669815234589,-0.08828298870584583,0.032734262933504996,0.2689567085767058,-0.3938159025958486,-1.2353920666602107,0.46182818425373434
0.38899761501528224,-1.6577323928209828,0.22253750591011245,-0.8979372465681427,-1.5470431034833698,1.649030566290875,0.5018121217153593
1.3469807509419227,0.36752362384725096,1.3974523670393293,0.2689567085767058,0.37500223132916566,1.230361891017555,-0.13299007781821412
-0.7168343515139101,-1.6911048202815937,-1.2346653772409777,-1.4813842241405668,0.7594112982916728,-0.33684144719491477,0.27653897544575956
-1.5276623087621104,-1.5148909390037257,-1.0036674564631074,-1.4813842241405668,1.528229432216687,0.9042547955233358,-0.5846553533085925
0.5193137481570529,0.0068643438320887895,-1.5945660480357304,-0.3144902689957184,-0.7782249695583556,1.2957045203217021,-0.36354116491729405
0.54620027391428,-1.314892078961289,-0.47696236040632667,0.85240368614913,1.528229432216687,-0.5746413031484296,1.055413864738889
1.2106584439678323,-0.852903967254066,-0.7839836535376375,0.2689567085767058,1.528229432216687,-0.5392331707386748,-0.5007010729887903
-1.4943342082893856,0.5158270759671836,-0.5274434043740706,-0.3144902689957184,-0.3938159025958486,-1.5341583484660115,0.19910861559694426
0.29129399366838465,-0.07797591330526198,1.2452582645667316,1.4358506637215542,1.528229432216687,0.6907096939814967,-0.3086888528456232
-0.9275140610011748,0.8217884198503247,1.04409939755767,0.2689567085767058,1.1438203652541798,-0.8730105604885741,-1.7095811315388578
-1.09384478855038,-1.239168759048834,0.10528842075383471,0.85240368614913,-0.7782249695583556,1.190420195795269,1.557434967700232
-1.2121728477160152,-0.024579705019185986,0.5989959791870185,0.85240368614913,-1.5470431034833698,1.053069357906653,0.6025416707543468
-0.1600239672255578,1.7336072470245594,-1.5786299091358964,1.4358506637215542,-0.7782249695583556,-0.9371048548448829,1.4501002636246363
-0.9268418135671748,0.1897526858714556,-1.6864184201450254,0.2689567085767058,-0.7782249695583556,-1.0167844733036597,-0.23585923273279366
1.7017922142714255,0.4535673108204562,-0.6029979621939693,-0.3144902689957184,1.528229432216687,0.016428769923623368,-1.5457484771727548
1.3935912590574482,-0.9618084212527913,1.5363734113633136,-1.4813842241405668,0.7594112982916728,1.6343304597384078,-0.5640796876947813
1.427163673315087,0.660509393332545,-0.18364246677757903,0.85240368614913,-1.1626340365208627,-0.22105048888083362,-0.8069453892902113
-0.5299092590748389,-1.4194379311956684,0.587232871399072,-0.8979372465681427,-1.1626340365208627,-0.6681575763031645,-0.8728763684203771
-0.04060717301439136,1.4256776463320204,0.1758160808342588,-0.3144902689957184,0.7594112982916728,1.6568977738573138,-0.5894179832142122
1.1848179480799514,-0.6145193118841479,-1.4659604743188397,0.2689567085767058,1.1438203652541798,-0.19802594552630862,0.2808899529331622
-1.4802317454054654,-1.482137403851314,0.7250727421245952,0.85240368614913,1.1438203652541798,-0.9864034681513305,-1.0211765160807538
1.6419206607229806,-0.13236099066183132,-0.7260622072643889,-0.8979372465681427,-0.7782249695583556,-0.24385748029573906,1.0319447983978793
-0.5526280525916702,-1.2771020305110612,-0.20015826622537267,0.85240368614913,1.1438203652541798,-1.1275517921316092,-0.46119489747998804
-1.2348348563238642,-1.3049584209625211,1.5276838459358857,1.4358506637215542,-0.7782249695583556,-0.24563010708106392,-1.682690860509219
-0.8795327808657759,-0.5859948149737458,-0.5225661668972987,-0.3144902689957184,0.7594112982916728,1.4011165677308923,-0.309709986257923
0.5619729510793726,-1.6622883938058486,-0.2458932307967216,1.4358506637215542,0.7594112982916728,1.107545899317207,0.8118920272034418
0.9857506913554762,0.609873855496648,0.9418370579740345,1.4358506637215542,1.1438203652541798,0.021483964789041892,-0.1518916699810944
1.5611342418330003,-0.91390245229369,0.264925834356898,0.2689567085767058,-0.009406835633341456,1.2794140380534018,0.36479776367311223
-0.9520414736312154,-0.056985933201856846,-1.2937397714524526,0.2689567085767058,-0.3938159025958486,0.2754293952167562,-0.8984675211813018
0.6863576039434258,-0.9277349710212075,-1.1507497320992113,0.2689567085767058,-0.7782249695583556,-0.1565473490787028,-0.29147771657830646
0.3334508821573655,-1.4435887277876092,0.13811448186167585,1.4358506637215542,-0.7782249695583556,-1.3199948922051048,1.2498529865734291
0.10939986717699363,-0.9253746834350595,1.2136496665793994,0.85240368614913,-0.7782249695583556,0.6043146428134383,-1.5906791016606694
-0.7967153848176975,1.4858546562747852,-1.25971025044006,1.4358506637215542,-0.3938159025958486,1.278660033858842,1.1326121438332513
1.6625973295183516,-1.6952707285240325,1.4827790484514416,-0.8979372465681427,-0.3938159025958486,0.633353280823853,1.4122063394092912
-0.042127302380591584,-0.8329167076671589,-0.7277814238732458,-1.4813842241405668,0.7594112982916728,-0.9297668835274759,1.3014820877061648
-0.898281582031687,-0.2807700434035187,0.7551181988915442,-0.8979372465681427,-0.009406835633341456,0.12356325477014017,0.6398676309283831
-1.1154660052233238,-0.3892888114674523,-0.5109293698706069,-0.8979372465681427,0.37500223132916566,1.1603067334307589,-1.3614671513484122
1.0893275292664135,-0.4798583222732109,-0.6164517802342607,1.4358506637215542,0.37500223132916566,0.9896105381326297,-1.1227992865806768
-1.3902354893285231,-0.7310052408640358,-0.11117577734006494,0.2689567085767058,-1.1626340365208627,0.5445425447974256,-1.4697796447509262
0.2383405134702647,0.42327801721268954,-1.1660236585280712,-0.3144902689957184,0.37500223132916566,-1.647192065229753,-1.1907197900512052
1.157249934831735,0.2970377362684686,1.3938211416589184,-1.4813842241405668,0.7594112982916728,-0.25022568964544795,-0.43997868732738443
-1.136904653403882,-1.6236142856250786,-0.8085328989308003,-1.4813842241405668,-0.3938159025958486,0.3251809138996275,0.47857127442526076
1.1289099072388273,-1.632075516089263,0.9711976861865463,-0.8979372465681427,1.528229432216687,-0.8187739143221475,-0.45417397862861997
0.5417628922337334,0.0590299473166909,-1.3774569410031747,-1.4813842241405668,1.528229432216687,-0.41105919461358664,1.1363863910690415
-1.4067329416958947,-1.093924644883527,-1.029382477948765,0.2689567085767058,0.37500223132916566,-1.3097235226679025,0.4248543016329921
0.8310174966436057,-0.46489515310277985,0.2869193724416278,-0.3144902689957184,-1.5470431034833698,0.48630390713048777,1.4261665152067438
-1.267768498303236,1.5018538481928687,1.5868850904459086,-1.4813842241405668,1.1438203652541798,-0.6306641994378659,0.8399459727210042
0.7693774734446394,-1.2073612822997686,0.18886250636822022,1.4358506637215542,-1.1626340365208627,-0.8983446338384513,-1.1663649053516714
0.07524063592884517,-0.44398202709853013,0.8047204230376802,-0.3144902689957184,0.7594112982916728,-0.20309452784465326,-0.3051248762178519
-0.3220167955845863,0.4462804374346557,1.0332800158743112,1.4358506637215542,0.7594112982916728,-0.6374590505820844,-0.6534505729142592
1.1738298141169659,-1.076088070341285,1.0296350289208753,0.2689567085767058,-0.3938159025958486,0.8173081403662888,-0.5603578663336694
0.774350089840811,-1.605771079191825,-0.7140748473514773,0.85240368614913,1.1438203652541798,-1.062501798706839,1.6480933056752802
1.275588676613276,-1.3947136449627784,0.977929821188679,0.85240368614913,-0.7782249695583556,0.42808090559208256,0.4150864998244883
-1.547640204946611,-1.5573025727050618,0.7191174282893482,-0.8979372465681427,-0.7782249695583556,-1.4469319710342794,0.5117838123584848
0.8175009242204611,-0.4230088974369998,0.28915491410454847,-0.8979372465681427,0.7594112982916728,-1.5377206344786722,1.4911975311555445
1.0162631161963334,1.6837237597396535,-0.24740978879557685,-1.4813842241405668,-1.5470431034833698,-0.8262178410401908,1.1800524593101056
1.5796233937299662,0.9885406949643734,1.036535189683486,0.2689567085767058,0.37500223132916566,0.2010206353510392,-1.6338522402028013
0.5788882345013704,1.142494789158562,1.3409952669007184,-0.3144902689957184,-1.5470431034833698,-0.0989992160685375,-0.9981005037478072
0.2779679086882272,0.7156025252886159,0.760573986659281,0.2689567085767058,-0.7782249695583556,-0.21992225856247946,1.311200911867651
0.8454653572840779,-1.601834949290134,-0.8343273999726549,-0.3144902689957184,-1.1626340365208627,0.5261934967876387,1.2119699510197215
0.34253937720727706,-1.2209655785948994,0.27977063160934446,-0.8979372465681427,-0.009406835633341456,-0.07599588332800652,1.7030535315940678
0.18990158921840683,-0.6405717511657737,-0.2695163187528812,-1.4813842241405668,1.528229432216687,1.1282588052080957,-0.4844946961377795
0.5371353323117691,-1.295972320220456,-0.021922969353736138,1.4358506637215542,1.528229432216687,-0.9500785047467727,0.7105869462315649
0.5129232191082934,-1.4224272025588647,-0.741262928935553,1.4358506637215542,1.1438203652541798,-1.3042243861563882,-0.4739605879223914
-0.8144296992331115,0.5786019919455792,1.2051113136695168,0.2689567085767058,1.1438203652541798,0.17486076894890293,-0.6020760148514975
0.20986088577508366,1.5503462814043112,-0.14203288346928428,0.85240368614913,-1.5470431034833698,0.8662958284690728,-0.12131528195885685
0.5430814143513367,1.585305067811603,-0.9242822036823338,0.2689567085767058,0.37500223132916566,1.1516137775008066,-1.7141954836156137
1.2494348187090907,0.2941325460753593,1.5648272785949486,-1.4813842241405668,0.37500223132916566,1.7520632417098339,-0.9006827222882989
-0.003440949857747563,-0.9291082074387015,-1.6792193305050347,-0.3144902689957184,1.1438203652541798,1.16144925163948,-1.4035889594791071
-0.5652981633192385,1.2527952749103681,-0.08348764096434376,-0.3144902689957184,-0.009406835633341456,-1.1564901720260385,-1.0948306528368466
1.516184954697476,0.25908074964347555,-1.7046149773109638,-0.8979372465681427,-0.3938159025958486,1.7010466973423437,-1.2832169167005683
0.8939747600990804,1.1109546511685868,-1.3844305443568623,0.85240368614913,-0.009406835633341456,0.5431171136814567,0.4794750040524047
-1.051019255876423,-0.8051846224036097,0.7967995265163996,-1.4813842241405668,1.1438203652541798,-0.2688244616960431,1.5281150992903343
-0.5055432666891706,-0.9261025842939391,-0.2849050373750376,0.2689567085767058,1.528229432216687,1.206599761625833,-1.3467657952061305
-0.007241007573965924,1.1732449843903119,0.6218498082317923,-0.3144902689957184,-0.009406835633341456,-1.5540806580838982,-1.6892029699798305
1.4027197169797554,-0.19264712651206112,1.4112143319789874,0.85240368614913,1.528229432216687,0.7494076289578938,-0.6497420964246015
1.0441716752962094,0.034309964838871436,0.817587449476552,-1.4813842241405668,-1.1626340365208627,-1.0079938103746535,0.7853882990660755
1.24280773338281,-0.9631693443339311,0.7931166046729685,1.4358506637215542,0.37500223132916566,-1.3302233597325217,-1.3228383639810957
-0.5670349493752147,0.6181454526210993,-1.2828185748545302,-1.4813842241405668,-1.5470431034833698,-0.9579387255631494,1.6901059998116548
-0.2334532758337628,-1.2753799856247916,1.3717829586738846,1.4358506637215542,1.1438203652541798,-0.7118162267195738,-0.6434157813169192
-1.5465791316398483,1.0157980394023456,1.5690998557501643,0.85240368614913,-0.3938159025958486,-1.3621008184092096,1.5595182284847255
1.1878145648193963,-1.227856360270458,0.31821779235539477,-0.8979372465681427,1.1438203652541798,-0.5784806019347184,0.4374706341096322
-0.42426615192892964,-0.16331146881353534,0.14596999072127093,-1.4813842241405668,1.1438203652541798,-0.10201591619592526,1.6352389837682064
0.7123912734825671,0.22873040859295588,1.4206996143209096,0.85240368614913,1.528229432216687,-0.0595367103914804,-1.7391836581770341
1.380122587739748,-1.4349124733246774,-0.42228050404099,-0.8979372465681427,-0.009406835633341456,0.9394025557772708,1.2082882085802007
1.5074452194974068,0.5620116225643745,-0.25812968531525976,-1.4813842241405668,1.1438203652541798,-0.009773249832914721,0.581011342942605
-1.694116167582997,0.011289999442000676,-0.48053945306933055,1.4358506637215542,0.7594112982916728,0.6488826454720971,-1.519301100257467
0.7904320003385842,0.026468569398924773,1.0846205452248954,-0.8979372465681427,1.528229432216687,-1.5072283520517777,-0.3913840063656181
0.3295149715966158,1.4881160152644017,-1.440312635212238,0.85240368614913,0.37500223132916566,0.7332100831392834,1.0094447919909877
0.003709613254103145,1.3110741848228504,-0.6222873681019297,0.2689567085767058,0.37500223132916566,0.621994172278565,-0.596749905655624
1.4856075598254208,-0.6163164092956733,0.42301951302203555,1.4358506637215542,-1.5470431034833698,0.6778762550374345,0.44265349264583836
-0.36811464606184296,0.9721026424402501,1.7021288819550988,1.4358506637215542,0.7594112982916728,-1.4188024955563672,-1.434907002312578
-1.1510291771019923,-0.7564482034863391,-1.1365911924243208,-0.3144902689957184,0.7594112982916728,-1.3214137865560942,-0.6817910666415984
-0.08616044306169236,-0.6436775223969835,0.7770307375688459,0.2689567085767058,-1.1626340365208627,0.12066015231683519,-1.2375658333487858
-0.12732761370661697,-1.5278260975546003,-1.3005604388689072,0.2689567085767058,-1.5470431034833698,0.858068521513824,-0.8812050325187134
-1.7170811792045155,1.7181956634769187,0.8383569029813257,0.85240368614913,0.7594112982916728,-0.8536805965464331,-1.3877242355584718
-0.8618546772559598,0.2834554863778805,0.4785961239222992,-1.4813842241405668,-0.3938159025958486,-0.7628331363063878,0.3586315521375523
-0.4264315957396703,-1.3535078398895626,-0.15503881065916247,0.85240368614913,-0.7782249695583556,0.4975635910488611,1.620944878461792
-1.036821421619418,1.0222496732215582,0.7328072512297231,1.4358506637215542,-0.009406835633341456,-1.6575333320073837,0.061913117731508316
-1.5921572474012085,0.8820289131248098,-0.0448343969430324,0.2689567085767058,0.37500223132916566,-0.9099116610369976,-0.24438013352431537
-1.296780885018807,-1.226308981375372,0.9105897519199848,1.4358506637215542,0.7594112982916728,-1.6771115400158392,-1.6012906668540072
1.0687311380302003,0.37737265920476637,0.4557873748577148,-0.3144902689957184,-0.7782249695583556,0.0697419613264445,0.6273708697585455
-0.663254998592753,-1.3290844545458647,-1.3107508118941351,1.4358506637215542,-0.3938159025958486,0.4219614344645358,0.5000564665264661
-0.683550202935281,0.659003881219141,0.22847721439662622,0.85240368614913,-0.009406835633341456,0.24898833976615894,0.03119253481967643
-1.114370012419573,-1.391391836932933,0.408819105774959,-0.8979372465681427,-0.7782249695583556,1.6763041038952846,-0.2627184704043505
-1.3559298902326566,-0.45142473223970925,-0.43164783260284606,-0.3144902689957184,0.37500223132916566,-1.2741244589945389,0.23316447588949693
1.675011927967538,-0.16209555480294727,0.35362660507168886,0.85240368614913,-1.5470431034833698,1.225945226868065,-0.20910051838896065
-0.8826714713753533,-0.31066158577085695,-0.9192689159449056,0.2689567085767058,-1.5470431034833698,1.2568980030502936,-1.6595730971844271
-0.6444621014977656,0.9162209392045395,-1.4061801785361248,-0.3144902689957184,-0.7782249695583556,-0.04807240566049554,-0.10797928627026153
0.7486868456611019,1.5570740700142938,-0.42840426437919094,0.2689567085767058,-0.009406835633341456,-0.570174395767323,-1.4406192507046127
0.2898974495130838,-1.251900461873989,0.3309697745647368,-0.3144902689957184,-1.5470431034833698,-1.256498159796155,1.1040114211869259
-0.1827581348478364,1.761650221975725,-0.558403605910557,-0.3144902689957184,-1.5470431034833698,0.13567223114635796,-0.2644042216869522
-0.30682203064296293,-1.4356783770591688,-0.8548828428484784,0.85240368614913,1.528229432216687,-0.8557851014181134,1.7277673795446766
-1.5345937318545668,-0.5433812910253047,0.3043884513182902,-1.4813842241405668,0.37500223132916566,0.9752336131070918,-0.3470955088706958
-0.1550981145013937,-0.2567811155815091,0.001992341848034261,-0.8979372465681427,0.37500223132916566,-0.7784515164867175,0.6867176710213717
0.6231753201485531,1.4535897275202863,0.4321544620970887,-0.8979372465681427,1.528229432216687,0.891087730280592,0.4365933426418021
0.45091012196653907,-0.7070236798278728,-1.254440399948957,-0.8979372465681427,0.7594112982916728,-1.1217844223534705,-1.1740512957261733
-0.763383178518686,0.7109475605372808,0.6750479319788798,0.2689567085767058,-1.5470431034833698,-1.0302506449146072,-0.1034936020052637
-1.1721481583317797,1.1171771271882827,0.04085272642960366,-1.4813842241405668,0.37500223132916566,1.4245649601096826,-1.234545100401398
1.5303467384432181,0.41913225631183915,-0.18840340530851366,-1.4813842241405668,1.1438203652541798,0.46463227644008864,-1.3136353697626124
1.5760503232632823,-1.034437157710593,-0.6480240285651765,0.2689567085767058,-1.5470431034833698,-1.2108338030496053,0.27513922577311917
0.4051926438053935,1.3330496020133935,0.6634651859999802,-0.3144902689957184,-0.3938159025958486,-0.13098654766996534,1.4135367646294414
-1.3516223410168846,1.7771146916240872,-1.0104297034620404,1.4358506637215542,0.7594112982916728,-0.7588398998384409,-1.6384916517976347
-1.6479995001274113,0.06411467053977472,-0.9926322372221796,-1.4813842241405668,1.528229432216687,-1.2808747279163892,-1.644995121111319
-0.256486560140123,-0.2020855219474523,-0.10627648976212553,0.85240368614913,-1.5470431034833698,0.5776219625643493,-1.0743029296793531
0.8245484477789177,-1.3342533643972585,0.9462298618011669,-0.3144902689957184,1.1438203652541798,0.6184401747444346,1.142800635927622
-0.9679004228292366,-0.4535179546280495,1.5688000016924897,-0.8979372465681427,-1.1626340365208627,-1.1996473722608596,0.8971675533408516
0.6543291305551969,-0.23533296294536385,1.431658800457477,-0.8979372465681427,0.7594112982916728,-0.3299125782119134,-1.5237409123359036
-0.24042131901737918,0.25577230882186497,0.007723952420237438,1.4358506637215542,-0.009406835633341456,0.22564818507336304,0.5993960986348799
0.3990805758979376,-0.103151330278026,0.9313868691922662,-0.8979372465681427,-0.3938159025958486,-0.64004011665978,-1.210065138601711
0.4539822610610693,-1.155942696784772,0.29420020999661123,-1.4813842241405668,1.1438203652541798,1.3781759831085778,0.7412933611072087
0.12116767727845035,-0.6175436316191966,0.32777596247700075,-0.8979372465681427,0.37500223132916566,-0.6012405846376112,-1.4992431884981834
1.4787627210001206,-1.5618275743806456,-0.740929286023953,0.2689567085767058,-1.1626340365208627,-0.07944695573957791,-0.8656781305802229
1.269585488006234,-0.7316041942980975,-1.2723358831139926,1.4358506637215542,-1.5470431034833698,0.07515586132046223,1.2907799901510497
-1.2632689153785355,-1.4705622329018861,-0.2789429138591305,0.2689567085767058,-1.5470431034833698,-0.8274815696570976,-1.4675433169898657
-1.1321161527543189,-0.08013974341470047,0.16518833643095227,-0.8979372465681427,0.37500223132916566,1.1726404546277183,1.5721430423939895
1.082139265743283,-1.355274450695936,-1.223398883378945,-1.4813842241405668,1.528229432216687,0.5109312496954278,0.31981241213557465
1.0941947584677116,-0.8717490325642131,-0.4790104561552029,0.2689567085767058,1.1438203652541798,-1.697168568620951,0.17436937247655163
0.7794426660424429,-0.24188217328284,1.7189878551042073,-0.8979372465681427,1.528229432216687,-0.6186096852989273,-0.8447373272917712
-0.9278448467935301,-0.4239017693253398,-0.8728684451816885,0.85240368614913,-1.5470431034833698,0.0006874575597207719,1.0220059296322952
0.2839212198412759,-1.0482104489923394,0.4748662369612625,-0.8979372465681427,1.528229432216687,-1.1269585222983065,-1.60255715733835
0.4155807773242409,0.8604372957190408,-0.7272291448777144,-1.4813842241405668,-0.7782249695583556,0.6942193393311092,1.3531401056145367
1.1104375683484045,0.4468150876596165,-0.07191740867337947,1.4358506637215542,-0.009406835633341456,-0.9008346950284165,1.0266087282987706
0.2144838990142737,-0.9209793069217053,-0.805412438415404,-0.8979372465681427,0.7594112982916728,1.2415460985478757,-1.7454371052119757
-1.2883778860328439,0.8453068746394342,0.10853670829384685,-0.8979372465681427,-1.1626340365208627,-0.48904178346474053,0.4333234366934542
0.6960226474694705,0.3597076238954103,0.945239757026758,-0.3144902689957184,-0.7782249695583556,0.44061495324244104,0.05944335179918152
0.22216837258898356,0.20213933305759618,-0.502122164332258,-1.4813842241405668,-0.3938159025958486,0.56385385086593,-0.27159570303423847
-1.6731539761257657,-0.9089141044319996,-0.9679938220195404,-0.8979372465681427,1.528229432216687,1.2342841561080753,0.0019892666356711042
-0.736252255077372,-1.0857809018763747,1.102523568696783,0.2689567085767058,-1.1626340365208627,0.5662154150159321,-0.9707578514713987
0.29962950668390903,-0.9096754440564514,-0.43070771754707016,0.85240368614913,-0.009406835633341456,0.8466816123272624,1.3853095704639344
0.5277068155039297,0.10302953161986242,-1.059446422746341,-1.4813842241405668,-0.7782249695583556,0.699503560715609,-1.3076915252645742
0.8950195549409242,-0.954388478433916,-0.7817117092284868,1.4358506637215542,0.37500223132916566,0.7288999534514067,-1.646822586417116
0.47891173498204354,-1.0433946011318342,-0.6840337476264395,1.4358506637215542,-0.009406835633341456,-0.4212033745165449,0.840558286948952
0.8466801840347032,1.3889659118423117,0.6536952730222184,1.4358506637215542,-0.7782249695583556,-1.2227939357279325,-1.5587576929297755
-0.8610666385976036,0.9397342795119958,-0.6118427066278325,0.85240368614913,0.7594112982916728,-1.0443107832851408,0.8265467776148451
0.6258021153740149,1.3493367804082659,0.6941335825655572,-0.8979372465681427,0.37500223132916566,-0.02819662890665798,-1.6214303987330845
-1.434524768058488,0.9739653015071541,1.4806429612180472,1.4358506637215542,1.528229432216687,1.2689682212355264,-0.5269826676567089
0.41246155526968625,-1.1395460122660197,1.0661753941911203,1.4358506637215542,0.7594112982916728,-1.2383627592881052,0.1455698316768852
1.6121138340008565,-0.12081405900260672,1.6594224694296755,0.85240368614913,-1.1626340365208627,-0.031398956458898286,-0.5836297310006702
-1.1003741675606755,0.2572762214206994,-0.35260376259646387,-0.8979372465681427,1.1438203652541798,-0.8121080922270497,-0.8269725443501985
1.3920337650975356,-0.9037745792748715,0.9274394758914621,-0.8979372465681427,1.1438203652541798,0.7962610335808287,1.1069410230124412
-0.6184956810204819,-1.0421641914980777,-0.9477893996274996,-0.3144902689957184,1.1438203652541798,0.5471014707641808,0.021085603550643036
-0.4066620741352479,0.8493300738861678,-1.2674401761328216,-1.4813842241405668,-0.009406835633341456,0.2338680773148015,-0.6012368447894483
0.9751581329137731,0.15858043903711422,-0.25493523766080245,0.85240368614913,0.37500223132916566,-1.3931443662070508,-1.744308956207905
0.5471428455285572,0.6899303888534611,-0.371055020265539,1.4358506637215542,0.7594112982916728,-1.0246240281400483,-0.04017581119035164
0.7651553926014754,-1.1791288585673758,0.1115383202696173,0.2689567085767058,1.1438203652541798,0.5207333318634718,-1.102867999233253
-0.8744766233335697,1.1497252377891456,1.429917134812142,0.85240368614913,-1.1626340365208627,-1.5827293610012032,-1.3559474238801075
1.1881966196667262,-1.0749084607977866,1.6645486682019923,-0.8979372465681427,1.1438203652541798,1.0434444806516194,-0.0038747938455840885
-0.8212258543736933,-1.0564555288025839,-0.3701626661973785,0.2689567085767058,0.37500223132916566,1.4899304994300355,-0.5117644758308213
-0.653397282058456,-1.149233762636881,-0.7989978778121075,0.2689567085767058,-0.3938159025958486,0.3689767930070145,-0.3071529839954353
1.0196358958398541,1.0955894113637106,-1.5603825901866315,-0.3144902689957184,-0.7782249695583556,-0.09160899889757912,-0.5719153212516411
0.7856626453623806,0.8149386460794555,0.9078605431382112,0.85240368614913,-1.5470431034833698,0.9138495917773224,1.3713249839157065
0.2529600528973937,0.35292742650305187,0.3864985027211828,-0.3144902689957184,1.1438203652541798,-0.8024799915425087,-1.4450473511037514
-0.55130922047947,1.3691087754804354,-1.1580751650469603,-1.4813842241405668,-0.3938159025958486,-1.4291204052797029,1.1536260435846952
0.3745379066297043,-0.25345099381028374,-1.3868508194312221,-0.3144902689957184,-0.009406835633341456,-0.1184201158157087,-0.3680831530667909
-0.9572784292831858,-1.1779188896388044,-1.1206705989812413,-0.3144902689957184,-1.5470431034833698,0.24440406456141392,1.0662207450073704
0.007146779347962776,-1.2053077214638928,-1.269068758139913,0.85240368614913,-1.1626340365208627,0.959564394641945,1.2569247179729142
1.1387458097903909,-1.077686539747212,-0.7342217693871772,-0.3144902689957184,0.7594112982916728,-0.22599979466642683,-1.415277082765606
1.6289568572436803,-1.0727620536576241,-1.216415326760508,0.85240368614913,1.1438203652541798,0.5700866011947378,-1.0258155134461644
1.6095592211746113,-0.8989657863635433,-1.1803638976822244,0.2689567085767058,1.1438203652541798,0.30839961819795075,-1.0929181696887733
0.49160256745352626,-1.2826357110386521,-1.2895117609319147,1.4358506637215542,1.1438203652541798,-1.0489952367291928,0.23154760925365137
0.690676302139308,-0.1395758976221449,1.2069747323066011,-0.3144902689957184,1.1438203652541798,1.5034198732934116,0.7645935777646007
-0.07773402195945074,0.05396479637248151,-0.6890104355813589,-0.8979372465681427,-0.3938159025958486,1.2644338337099654,-1.275951307563898
-0.6345432111942502,-0.9340394892915763,0.5738760209995164,-1.4813842241405668,-0.3938159025958486,0.8525318027794107,-0.06068699820793593
0.02473425967199701,0.5652625427809327,1.0953536738965297,1.4358506637215542,-0.009406835633341456,0.006542797485121278,0.0798408056268134
1.008424332138515,1.0507118537296576,-0.27327829427378736,0.85240368614913,-1.1626340365208627,-1.4819888363232974,-0.42379526563018904
1.3865115262208323,0.24226261249489417,-0.3857103430459479,0.2689567085767058,0.37500223132916566,-1.6855267247682728,0.6222848964702844
-1.6446536777192151,1.476777429150927,-0.540178261617417,-1.4813842241405668,-1.1626340365208627,-1.4500048030910535,1.6232234841934012
1.66179300405441,0.7762681263658336,-1.5309759448527358,-0.3144902689957184,0.7594112982916728,-0.15833865777777806,0.2240990584096236
-0.6692327016451076,1.062271601845367,1.3442358039073352,0.85240368614913,-0.009406835633341456,1.444125690291291,1.5496808876575305
1.489062204161223,0.5746546554379486,-0.9047931042988844,0.85240368614913,1.528229432216687,-0.5499271445174522,-1.399600446235829
0.4489143875819677,-0.8092349143302303,-1.4169136870657317,0.2689567085767058,-1.1626340365208627,0.8502789194296266,-0.5166842666279443
-0.3882566725535574,0.8932863032176909,-1.596512111471414,0.85240368614913,1.528229432216687,-0.20857810645341063,-0.23693028906286173
0.814948602466942,1.1915317258462388,0.5260925406178015,-0.3144902689957184,-0.009406835633341456,1.2207061606355403,0.3638376803493793
1.6234190890339926,-1.2998744764376116,0.23065255896358577,-1.4813842241405668,-1.5470431034833698,0.7567073250146423,1.0971174312973067
-0.7407761196612884,-0.05142896612440955,1.5836851674701715,0.2689567085767058,0.7594112982916728,-1.3601342603704445,0.05495104263105131
-1.0206682245006609,-0.04951025492793527,0.9115162415774917,-1.4813842241405668,1.528229432216687,0.7784097057117307,-0.7182661074101341
-0.5592373928660512,0.2888555970963245,1.6203099515116774,-1.4813842241405668,-0.7782249695583556,0.21391699690958083,1.5636168309598757
0.6238939833864949,1.4819639149604364,1.3831194354893253,1.4358506637215542,1.528229432216687,1.3594974703490668,0.10817940936176926
1.0564787124276647,0.7451688653598162,-0.09064531585055127,0.85240368614913,1.528229432216687,-0.5889422407268596,0.9349570744691126
-0.01585430325727297,0.4943678817815083,1.1933765622356738,0.2689567085767058,1.1438203652541798,1.4819086872775769,-1.0811304502578545
-1.1531710815411058,-1.269122037742169,0.8594425130482634,0.85240368614913,1.1438203652541798,-0.2356471065495732,-0.46615083029444854
-0.20882236915890243,-1.23490691054479,1.7379991755475344,0.2689567085767058,1.1438203652541798,1.4231637332209257,0.029637050510990175
-0.3377236962283287,1.1304716064019804,-0.7732039795859291,-1.4813842241405668,1.1438203652541798,-0.5708316363000879,-1.495711195672089
-0.5467325095063549,-1.489043892291226,-1.013663431339413,-1.4813842241405668,0.7594112982916728,0.3499316537646418,-0.50935959990989
-1.542614761204096,-0.5018981488352581,-0.9127848342674932,-1.4813842241405668,0.7594112982916728,0.9836231361536268,-1.266629082645426
-0.5186778800651995,1.4076667935232705,-0.9941760138556954,0.2689567085767058,-0.009406835633341456,-1.1295007541042978,-0.01635522406739844
1.4308140101052294,-1.3044413687107794,1.0105391140569968,0.2689567085767058,-0.009406835633341456,-1.454729000792509,-1.3929698334748444
0.8010229935623585,-0.8514916349155673,1.43109390215118,1.4358506637215542,-0.7782249695583556,-1.4730397352521007,1.0860156680379662
0.268032721310022,1.7001705762876798,1.6330549902152172,0.2689567085767058,-1.5470431034833698,0.6807682655182674,0.47800651879286915
-0.9478061298009984,0.5823784063263582,1.6058758018523802,-1.4813842241405668,1.1438203652541798,-1.645538543981292,-1.4400945685107338
-0.3709561623987138,1.0869173630051459,-1.549203192490909,-0.3144902689957184,-0.3938159025958486,1.4032444274868363,1.5487826439294077
0.6765601151731098,0.9058024658007618,-0.07870593259552144,1.4358506637215542,-0.7782249695583556,-1.578116701425844,-1.68157966558562
0.8008014120822924,1.0783220722685236,1.1613704901988944,-1.4813842241405668,-1.5470431034833698,1.4802717530328584,1.345304814352631
-1.6261316457164066,-0.373443300514819,1.6081136527299875,1.4358506637215542,-0.3938159025958486,-0.7030501733643993,-1.7492670260184982
0.29024241956800995,1.2512120217492044,-1.3579103348576893,1.4358506637215542,1.1438203652541798,0.38082055782277857,-0.714711661856995
0.7081208330128161,1.6480091064124076,0.9997074619252303,0.2689567085767058,-0.7782249695583556,-1.1113488595115153,0.004868279985396651
-0.7489396483842707,0.9270502042486416,-0.45039151697280777,1.4358506637215542,0.37500223132916566,0.8409425067767455,-1.2167581215761694
0.04989333405800484,1.370619736767125,0.04349786629741044,-0.8979372465681427,1.1438203652541798,0.21781859422036565,-0.2487607152097648
-0.5500984871362936,0.12453018718232692,1.1829462740490722,-0.3144902689957184,-1.1626340365208627,0.45083753136519966,-0.3381464237943714
1.0053637534579345,0.020323179154790528,0.8972150741889263,0.85240368614913,-1.5470431034833698,1.4772938060444338,-0.8216968992274577
-0.3395759220841938,0.33509164363935984,0.241701314195426,-0.3144902689957184,-0.009406835633341456,-0.9598195888311785,-0.3239415771467322
-0.2426794766649358,-1.6651074045068561,-0.07486262768609978,-0.3144902689957184,-0.3938159025958486,-0.6131656959873374,-0.357318833285277
-0.4742620010348216,1.5127438044310277,-0.2928204947303665,-0.3144902689957184,0.37500223132916566,-1.678707857448521,0.7659290623798014
0.059040660634388266,-1.4169091576688586,-0.05504139747574889,1.4358506637215542,-1.1626340365208627,0.1838815988896061,0.8515355653040187
-0.21432099103413615,-0.4956358966932138,-1.2313709035167946,0.2689567085767058,1.1438203652541798,-0.6240173910465663,0.1754305936180777
0.5662017924695383,1.159849783623575,1.218467359148992,-0.8979372465681427,-0.7782249695583556,0.2020141264763553,-0.4514237636965638
-0.20324050449118738,-0.33388412140174334,-1.4849464460812771,-0.8979372465681427,-1.5470431034833698,-1.0712397570158316,-0.9733446153471508
0.4996029294477589,1.6259892428523368,-1.049913703556979,0.85240368614913,-0.3938159025958486,-0.21467202488943982,0.23833005830555232
0.11010787752563359,1.4349602317898633,0.5570095442671592,-0.3144902689957184,-0.009406835633341456,1.4321764693879386,1.2823540812851957
1.663113094440193,-0.2822849925144421,-0.09114200340391003,-0.8979372465681427,-0.7782249695583556,1.0005134016405166,-1.2290155695458016
-1.528128660007024,-0.2890553400930669,1.679013585512964,0.85240368614913,0.7594112982916728,1.3405936856940077,-1.630853896475817
-0.3565417579303996,0.8344343377458554,1.1261241013658898,1.4358506637215542,-0.3938159025958486,-0.06048716580430769,1.433427542413162
-1.0488922837508419,0.3220770812677127,0.540404938359243,-0.3144902689957184,-0.3938159025958486,-0.9020944857647463,1.2674095188250076
0.10103766862949864,1.0369328951318975,0.926191575357874,-1.4813842241405668,-0.009406835633341456,-1.641073913311525,-1.3123252875869664
-0.6949921587985758,-0.39156961032458604,0.17942519015428648,-0.3144902689957184,-0.7782249695583556,-1.250028015149888,1.0172819280084755
-0.13582674714156093,1.7309338269333996,1.1593266575621946,-1.4813842241405668,-0.3938159025958486,-1.2089505033360146,-0.2120497644348237
-1.0243785366507736,1.6552515744377287,0.05526749916419789,0.2689567085767058,-1.1626340365208627,0.6310498231476819,-0.8747248186879331
-0.10102733836189008,-1.5512394788830757,0.14268061498704174,-0.8979372465681427,-0.009406835633341456,1.5841955997518815,0.944651874048122
1.1013721380766768,0.044745720390745695,1.2686248787541077,-0.8979372465681427,-0.7782249695583556,0.7628631813752935,-0.7655984431681729
-1.0562646723784397,-1.6364542254594918,0.7234370906343779,-0.8979372465681427,-0.009406835633341456,-0.7783558758228264,-0.31187516297550993
-0.2534209638579802,0.4280203157411717,-0.4011819235225888,-1.4813842241405668,-0.7782249695583556,0.6842776516921732,0.8206134333861337
0.31739490955307353,0.4713174181455795,-0.48380173231205365,-0.8979372465681427,1.528229432216687,1.0848369917249079,-0.8287609444599695
-0.5818206761536077,-1.3889915339805536,1.1860952954156463,0.85240368614913,0.37500223132916566,-0.11111918524863555,0.2504698592221491
-1.6522276068953827,0.7640476501797945,1.0851939207420616,1.4358506637215542,1.528229432216687,0.21561067189064742,-1.0970520262501229
-0.26016944610556036,-1.2370536036686317,0.030626587954505326,-0.8979372465681427,0.7594112982916728,0.6984888328448082,1.4128883406027999
0.18748178218149347,-0.8541291302922833,-0.646304330550866,-0.3144902689957184,-0.3938159025958486,0.9946048006417706,0.44605097147399164
0.14918309773907829,-0.5616650522955619,1.5223019922593224,-1.4813842241405668,-1.1626340365208627,-1.06108447451854,-1.6840655820980626
-0.3976880970854494,-1.0459820382307126,-1.274922067843501,-0.3144902689957184,-1.1626340365208627,-1.2149968256690031,-0.20503772750290558
1.6169081323697603,0.08144140099082277,-0.7557535257140209,-0.3144902689957184,1.1438203652541798,-1.401770589229917,0.7016028713218843
0.0724404899138135,0.21571288428827884,0.9511969679251684,-0.8979372465681427,1.1438203652541798,-0.779983756029692,0.6427865790846119
0.9821173467406977,-1.1598676956898373,-0.3399020047655679,-0.8979372465681427,0.7594112982916728,-1.609345592143508,1.5108379898467708
0.4350335627451181,-1.1300971059538354,1.7483311063603266,1.4358506637215542,0.37500223132916566,0.9112814301560217,1.1461765458153759
-0.6121445742249034,0.08880031373237394,-0.7588225551349476,-0.3144902689957184,0.7594112982916728,0.38166997541285497,-0.45539882939997595
-1.416560437920672,1.0786623198660326,-0.5053983893492053,-0.8979372465681427,-1.1626340365208627,-0.051684165727766906,0.22669612510250878
-0.3389309399602852,-0.4729196172213015,1.0867334458583706,-0.3144902689957184,1.1438203652541798,0.38838574097292705,0.846773193679293
-0.06076744790369365,-0.47183693784977576,0.3833621854777364,-1.4813842241405668,-0.009406835633341456,-1.3488319648537124,0.19113794581442187
0.4532370672900448,0.966556662580473,-0.746629128819169,-0.3144902689957184,-0.3938159025958486,-0.6165114513574783,0.23887557328258324
1.4564628208628687,1.5380358802483163,0.37903714431078916,0.2689567085767058,0.37500223132916566,1.4592253586058757,1.7055218175448787
0.31004893926148175,-0.30102356784339346,-0.032383480948267956,-0.8979372465681427,-1.5470431034833698,-0.5587536333545041,-1.1225005268949155
0.030206422924255464,-1.441150255686646,-1.1036555386798976,0.2689567085767058,1.528229432216687,-0.8138242504093016,1.0963621859191937
0.1593171079383235,-0.8972590747997274,0.5806913046120218,-1.4813842241405668,-1.5470431034833698,-0.819839667503811,-0.1358507312603238
0.7972612811071228,1.0919323181335627,0.3601232700465884,1.4358506637215542,-1.1626340365208627,-0.5523699764309565,-1.3946598201752758
0.9099334192881241,0.14189518414630237,-0.06720927187087448,-0.8979372465681427,0.7594112982916728,-0.584660226645757,-0.5359578015860742
-0.010772657027534698,-0.2748486849901599,1.322929191842362,-0.8979372465681427,-1.1626340365208627,0.6118037300020277,-0.3864272831948749
-0.7762373119335473,-1.298519723703337,0.5093950654704122,0.2689567085767058,-1.5470431034833698,-0.7299646869554726,-0.9176286131009384
0.6836937597622381,0.8441760425925262,-0.1725983591865293,-1.4813842241405668,-1.5470431034833698,0.45004095673925965,1.3124426208250866
1.0929856727380014,1.1937754228860147,-1.3294199537323206,-1.4813842241405668,1.528229432216687,1.4208808964760125,1.5836741163024122
-1.603605938050107,-1.2022512884551557,1.6610851683902086,-0.8979372465681427,-0.7782249695583556,-0.021133729594920957,-0.09954010546585434
-0.3587012506937639,-0.050207560923895916,-0.10533633590543123,-1.4813842241405668,-0.7782249695583556,0.2590651203406835,0.6843914875071908
1.6770447131397583,-0.25104096155801064,0.9263232527451545,0.85240368614913,-1.1626340365208627,0.8812290253246747,0.18987168223981768
0.5945155891518177,-1.0333662616091253,0.6162574657014824,0.2689567085767058,-0.7782249695583556,1.6696536763481267,0.12556165439920797
0.3257577359332057,-1.5677039274422693,1.7016033984385406,-0.8979372465681427,-1.5470431034833698,0.011211324956475309,1.3058843902772697
1.0883226330902493,1.3098341094534025,-1.367224373594229,-0.8979372465681427,-0.3938159025958486,1.7060036727541303,0.029862345836755656
1.645579638744876,0.40412137441042695,-0.13227654997579646,0.2689567085767058,-1.5470431034833698,-1.460870384294125,0.8059130263407551
-0.7880129163580384,1.5951521257087247,-1.093426665701663,1.4358506637215542,1.1438203652541798,0.8266753130083698,0.3694305047069768
1.3586259386431505,0.411382952639613,1.6960086557040865,0.85240368614913,1.528229432216687,0.16082811652469187,1.4632701673306892
0.3644844925100126,-0.028356853883568046,1.2707759138531336,-0.8979372465681427,1.1438203652541798,0.7284836604746301,-1.6978726561356197
1.6439432221255759,-0.0006096435952514445,1.1049008878922584,1.4358506637215542,1.528229432216687,-0.14482933536623707,-0.70805501695418
-1.3856864238569226,-0.01823652532164309,0.27195295187171914,1.4358506637215542,0.7594112982916728,1.2590680315409877,-1.1013221578717638
1.6023221481396488,0.4136775823842631,-1.260024962743756,0.85240368614913,1.1438203652541798,-0.9285476875737314,0.4402938506738487
0.706099930113965,0.8498109700512215,-1.5818119591124147,1.4358506637215542,-0.7782249695583556,-0.08644090757944123,-1.3678528951832363
0.07994106402522023,-0.5362406418246585,0.873616086327358,-0.8979372465681427,-0.009406835633341456,-1.1607115143157904,-1.2252862649345801
-0.17814436363458447,0.320943575399931,0.21432415673539806,-0.3144902689957184,-0.009406835633341456,-1.4569718389231905,0.8998014301940359
-0.7516130787411989,-1.1194634107934374,-0.27234865684394827,0.85240368614913,-0.009406835633341456,0.7642148204779423,-1.2411177500507393
-0.3705624527832072,-1.361705323703925,-0.7869598512215139,-0.3144902689957184,1.1438203652541798,-1.579448259856543,-0.4750651299178052
-1.0252727347206216,1.0309031301756004,1.116700498146725,-0.3144902689957184,0.7594112982916728,-0.6497149571617578,0.6704430530089711
1.6886927945559056,1.2671719553768928,0.48198213186658523,-0.3144902689957184,0.7594112982916728,1.158697709316156,1.6450410524249166
-1.5797012903940741,0.29037911332353206,-0.06276065917262655,-0.8979372465681427,1.528229432216687,0.18665161809136807,0.4731754895882395
-1.6800407156952901,0.19031033351429508,-0.17894352452300535,-1.4813842241405668,-1.5470431034833698,1.3422480833498491,-1.1634226945058168
0.40433740634649784,0.19357558978432562,0.24493079754049377,-0.3144902689957184,-1.1626340365208627,-1.6623382306992445,-1.5607505358714224
0.6501024746788295,-0.5749718681338133,0.5732608814909703,-0.3144902689957184,-0.3938159025958486,0.6409343340496224,-0.7969556881975908
-0.014039207935029024,0.24921391777119842,-0.11950538055716325,0.85240368614913,1.1438203652541798,-0.14751581888147394,1.614076294652612
-1.042938052206004,0.7195836850650136,0.2933670784714498,-0.8979372465681427,-1.1626340365208627,1.7687407441891907,-0.9577227275489761
-0.9144653153649349,-0.6356048836983117,1.181300027090395,1.4358506637215542,1.1438203652541798,0.24725451871231802,-0.41444031534838915
1.2068255503851544,-0.44858552230867066,-1.706454629272354,-0.8979372465681427,1.1438203652541798,-1.3165830219460593,0.3809524200093959
0.09332161582614523,0.7418592045477491,-0.8368031488574306,-0.3144902689957184,1.1438203652541798,0.29351144960449904,0.42638713434862413
1.6109796998575128,-0.22892612149709082,-1.4522873029704368,-0.8979372465681427,0.37500223132916566,-1.3900919416416375,-1.2998559649644645
1.0775657054601935,-1.0622672155619095,1.4078249321355445,-0.8979372465681427,-1.1626340365208627,-1.0485936537296128,-1.496956737533827
1.205542600941448,-0.7890985934759143,1.5790117321534953,-1.4813842241405668,-0.009406835633341456,1.4067821560161993,-0.1507501774354308
1.594756539949927,-1.5329708090633483,-1.0556584061082066,0.85240368614913,1.528229432216687,1.2728007125911123,0.5856967815841828
-1.363605207937431,1.0099597200601902,-1.1472272615938433,1.4358506637215542,-0.009406835633341456,-0.34943047131212257,0.9834911636267614
-0.18863313617850463,1.6216593869816132,0.7404354680862228,-0.8979372465681427,-0.7782249695583556,-0.3402869909676315,-0.05571256498258587
-1.2291709367350125,-0.8454823739677558,1.0263506723322149,0.85240368614913,-1.5470431034833698,-1.1260056188880105,-1.5347788002150449
-0.4421880940762306,0.5590231909849902,-0.22598975487580164,-1.4813842241405668,-1.1626340365208627,0.3851709512498001,1.06524403407882
-0.6115400766195496,-1.6859166521383468,1.0533266769255396,1.4358506637215542,-0.3938159025958486,-1.6368380312713389,-0.16686231326186482
0.5019770347111127,-1.588339037321888,1.3127545298594834,-0.8979372465681427,-0.009406835633341456,-0.4047950998337741,-1.6269808517579645
1.010333614521167,-1.5487611518231148,-1.0019035670837275,0.2689567085767058,0.37500223132916566,-1.2766727957715622,-1.7372606983862804
1.2864428154480652,1.3040082860896625,0.9448007773016885,0.2689567085767058,-1.1626340365208627,0.6376838859330178,0.36790668172313007
0.07434138535428883,1.3301452375132115,1.3338070100303792,0.85240368614913,1.1438203652541798,0.6695288036910234,-0.4458255079632904
-0.28201432027576057,0.9620716729280377,1.1959335176775021,0.85240368614913,0.7594112982916728,1.6351530875571607,0.7352596634397938
0.608771434216264,1.439179492313519,1.5830843511543446,0.85240368614913,1.528229432216687,-0.8938633630583688,-0.2876951323485923
-0.8411449321015293,-0.17767885670559608,1.2536622389063201,0.2689567085767058,1.528229432216687,-1.117405186874082,-0.8998948647861922
0.6148800103553381,-1.4217198420322665,-1.6003821295796448,-0.8979372465681427,0.37500223132916566,1.4075211367766536,1.0455073274732272
-0.20031204619383494,1.393803626218071,-0.803207050859355,1.4358506637215542,0.7594112982916728,0.23087125797831384,0.19541002225753618
-0.6769697921139172,-1.3409494781560907,1.3344995202331948,-1.4813842241405668,0.37500223132916566,-0.11564235595325097,-0.3343967123377043
-0.833962247060105,1.2976043024016193,-1.6046549624521869,0.2689567085767058,1.528229432216687,-0.19010761149828004,-0.12662017140354567
-0.9171260429475995,1.4205344130496433,0.05285721107272269,-0.8979372465681427,-0.009406835633341456,-1.5948865365988967,1.0948284577290084
0.3017275053439678,1.7270698771947712,-1.2810569799038278,-1.4813842241405668,-0.009406835633341456,1.4264476250486362,-1.3892287737124285
-0.4132636265812036,0.3892033606755104,1.3936253982633957,0.85240368614913,0.7594112982916728,1.5970704067653725,-1.4383850365238655
0.06025887393781405,0.4884370667503184,-0.5026951183042689,-0.3144902689957184,-0.7782249695583556,-0.9216573026357382,-1.1652039895939088
1.3093702435256094,-0.9735348008209576,-1.6934361510355749,-1.4813842241405668,0.7594112982916728,1.6101351729150408,-1.3788334631720673
-1.2479047747896759,0.40821141065321664,0.183891678511543,0.2689567085767058,-0.7782249695583556,0.743506347492694,0.46343790464222534
0.6547051388096398,-0.3522328616499018,1.1976686372349816,1.4358506637215542,1.1438203652541798,-0.12938782796986328,-0.3804369773886606
0.41626369722661816,-0.586768337749947,1.5144588569412432,0.85240368614913,1.528229432216687,1.1306995971157725,0.5107734956820358
1.2991215935182798,0.01184746647222233,-1.4408077458532116,0.2689567085767058,-0.7782249695583556,1.5611618729687782,0.5964857226342419
1.1826097383030698,-0.4159432518455356,0.3490331746394297,-0.8979372465681427,0.37500223132916566,1.68651905811877,1.45333342897581
1.3401040407309426,-1.0664990009764748,-0.11329134910389733,0.85240368614913,-0.009406835633341456,0.4628316023015977,0.5048925972482898
0.5489749136342539,-1.598756022795245,0.7190549030200941,-1.4813842241405668,-0.7782249695583556,-1.1253756315459966,-0.6193784922784616
-1.5966269974896647,-0.31260469510553357,-0.1602955826576182,-0.3144902689957184,-1.1626340365208627,0.3483287115296424,0.8559209693398664
0.6772427663390396,1.5971748169916469,0.034378025673215094,-0.3144902689957184,0.7594112982916728,-0.391165735215729,0.5536784772344994
1.0140688605634087,-1.235881962857471,0.5744514375899911,1.4358506637215542,-0.3938159025958486,0.22738229589584769,0.4178395717010291
0.7839954871667977,1.397995941331997,-1.039475714645528,1.4358506637215542,1.528229432216687,0.5796354793214654,-0.7851938727951546
-1.6514871071071426,0.6345502358705779,0.6585597568340548,1.4358506637215542,-0.009406835633341456,-0.9729492680595457,-0.6712316091837673
0.9359501277850041,0.6307252424226985,-0.6629216801686002,-0.8979372465681427,-0.3938159025958486,1.3172317413470733,0.2837459077428817
-1.052125712687396,0.2702824341972156,1.280677001351354,0.85240368614913,-0.009406835633341456,0.06769179717117099,-1.705572501930118
0.3689888599829872,1.0534575778128428,-1.6558665088018076,-0.8979372465681427,1.528229432216687,-1.3573175063905334,-1.610289840032107
-1.2011164808797803,1.496959601050281,1.447442798100508,-0.8979372465681427,-1.1626340365208627,-0.025988872994867858,-0.7516770001320169
-1.3993788276931105,-1.0317688241840637,-0.19281901654600508,1.4358506637215542,1.1438203652541798,0.4532735356978641,0.8359266149938496
-1.2271638235547968,-1.4810907696540732,-0.7542914019286169,0.85240368614913,-0.3938159025958486,-0.09541242332040183,1.1876069332567565
-0.6484719709402251,-0.29721161129507645,-0.22164672184561832,0.85240368614913,-1.1626340365208627,-0.7725090298501854,0.8977863995948158
0.3183821787300555,1.1581758652952563,1.2357840752411093,-1.4813842241405668,-0.7782249695583556,-0.6575900196647421,0.5501243782423293
1.0700646821948372,-0.13902144813595738,-1.3311843144156021,-0.8979372465681427,-1.1626340365208627,-0.40528264448606666,0.7976279296373336
0.6850781487646271,0.7723793030102117,-0.9012827549645486,0.85240368614913,1.1438203652541798,-0.8649862730546817,-0.5287459696725261
0.12472816964577192,0.9373487132572856,-0.9360941514053485,-0.8979372465681427,1.1438203652541798,-1.2601665818503698,-0.13404725327914252
-0.5416883314808877,-1.6129352168433198,-0.06313404851512187,-0.8979372465681427,0.37500223132916566,1.7297746993605894,1.5874113094715054
-1.4261502819474614,1.7155728601984332,-1.2620986474729874,0.85240368614913,0.37500223132916566,0.4759336250701827,1.5753563945816436
-1.0827693416827546,-0.25767625596704385,-0.5466772669617956,-1.4813842241405668,-0.7782249695583556,0.499140862521256,-1.3579301353632356
1.5039965785797982,-0.5263334057769814,-0.6586932293824564,0.2689567085767058,-0.009406835633341456,0.5418974185163081,-0.8330558580103901
-0.2412534546259904,0.7605554268406529,-0.869627922304755,1.4358506637215542,-1.1626340365208627,1.4793083796113842,1.03244970825195
-1.1483692266289716,0.39911279102762814,-1.5119663465448172,-0.3144902689957184,-1.5470431034833698,0.9157961039440473,-0.18529548659930298
-1.4893572200480631,0.3700282212895271,0.7933579718491278,-0.3144902689957184,-0.009406835633341456,1.035396592481304,-0.40546887639013934
1.0653604014415343,0.7676514113284187,-0.7228519582343008,-0.3144902689957184,0.37500223132916566,-0.1412012574002454,0.5606659331218289
0.8625907436784657,-0.8185996770002302,-0.187874368983776,-1.4813842241405668,0.37500223132916566,0.613059770146706,1.6367246058153917
-1.0921315183861686,0.10485918922341285,0.38570579321678894,-1.4813842241405668,-1.5470431034833698,-1.3018795804267058,1.6012645358905846
0.9549404545999645,0.1790968768887483,-0.05384216978060896,0.85240368614913,0.37500223132916566,-0.6973032563027861,0.21596496999171064
0.7411105644104699,-0.5647645851503157,-0.9872952807252098,-0.8979372465681427,-0.3938159025958486,-0.7052644142034525,-0.5629352281808485
-0.053973671481774774,1.5282782464205444,-1.6151691704621332,0.2689567085767058,-0.009406835633341456,1.681768932484897,-1.4504289082680726
0.3067775949998309,-0.5559809883712068,-0.3714072337755562,-1.4813842241405668,0.37500223132916566,0.2004992964845336,-0.05639652381171933
-0.7982858769066088,0.6320035749887857,0.6512301882297419,-0.8979372465681427,-0.7782249695583556,-0.9367336478553936,-0.1698764904179119
1.445208250723,-1.1864456927871656,-1.1641879102970365,0.85240368614913,-0.009406835633341456,-0.536523617355087,-1.3965433937561895
-1.2186303877375897,-1.6015965794396367,-0.8042393593769993,-0.8979372465681427,-0.3938159025958486,-0.37801443302672016,-0.7233463119922886
-1.0090806149858527,-0.0400146681950534,0.014109013479980542,0.2689567085767058,1.1438203652541798,0.4032699029547422,-1.253833168362031
-1.5348120417213549,-0.3935215952068864,-0.3686705015643331,0.2689567085767058,-1.5470431034833698,-1.6014454719091349,0.5076009823182929
-0.16539112227830116,0.3643715163448473,0.061189995081055375,0.2689567085767058,-1.1626340365208627,0.9547136319877001,-1.151419211769977
1.6678594303439802,-0.7845922130472921,-0.9164134038168117,1.4358506637215542,0.37500223132916566,1.322988249228392,0.9943748057906645
1.278649217675003,0.8240368973663883,-0.9317793001028771,0.2689567085767058,-1.1626340365208627,-0.6434261197754358,-0.9191097600681948
