x_D_Benzene,x_B_Benzene,Q_C_kW,Q_R_kW
-0.744883709537972,-0.6790360831932184,0.6773682914600042,0.7321924685796475
-0.3970816848045796,-0.8407163337790641,-0.29645867082209143,-0.14162873828052416
-0.786669289392403,-0.8153438347505308,-1.1337010961466298,-1.0261540250932657
0.8408975088185829,1.585372634459103,1.7852870376201408,1.537406308256417
-1.6734454275176982,-0.8480952149029751,0.42568309199513676,0.2969276754686933
0.8394308810990195,-0.3621838763323313,1.3100538118421947,1.1639927289158973
-1.4059810292249892,-0.6921216149619062,-0.7129082376820121,-0.5392363650171329
0.7318066321456342,-0.7199716217293659,-1.2162145534433222,-1.1161209956508313
-0.8723935364141334,-0.6661443509211191,-0.8190404019025228,-0.8658371063797974
0.8390447442128249,0.32622413657007976,0.30208328739506696,0.3867265008057669
-2.031642722671771,-0.8271188483526942,0.05422380922697307,0.025719624762611793
-1.5605895750893588,-0.8513414438456395,2.3594557055307184,2.2113782588477946
0.7811692076759357,1.6278951806802355,-0.9536519999628733,-0.8039378517388797
0.8375808220871525,1.8532292519848674,-1.1822919133139245,-1.1736285302376186
-0.9030046561551871,-0.8177911676030659,0.10115711456437726,0.14940482638035887
-1.841696770622379,-0.7617635465192525,-0.0648111018158998,-0.13316895804403048
0.8399220144785042,2.8133238285528233,-0.3864140235221999,-0.3486242683174464
-1.0350862233610898,-0.8470937251108852,-0.45103899809520354,-0.21133353424137397
-1.1251030221580915,-0.7887528408217168,1.306645746641085,1.4412509982410306
0.8378203335237271,1.0999950603469324,-0.3859014026655066,-0.5108324734210062
-0.6595003991468747,-0.8498016955982785,0.2057266036207913,0.06606970741996583
0.8361720288717117,1.9970228724843904,-0.7949784877203477,-0.693606148828052
0.8248099663270241,0.6777402154887345,-0.1262955794888179,-0.058247587219735976
0.8246225013223693,-0.23870881554051035,0.4401825470737475,0.30508930296907927
0.8405957245333793,0.3920585602639036,1.7678528777634488,1.551702250823807
0.8295606825307644,-0.24746026642788674,-0.5129186935603779,-0.334393657977401
0.832853065253077,0.8421419297424988,-0.4981415471809281,-0.5968610592163747
0.6785315158675189,-0.8403735996398427,-0.6359911007606499,-0.6098136750671999
0.8408459566059618,1.908734266584887,0.31382158211327627,0.40643317983601923
0.807616209788972,0.5532673488426121,-1.281788417675344,-1.2582458206452067
-0.7729723524654583,-0.3052667170688896,-1.6698802399812744,-1.8243045187307079
0.18960613902947576,-0.8511729248406733,2.389597282494693,2.229664312381744
-2.252414410508003,-0.851209788227896,2.602091207559735,2.7757249511209534
0.8222278315534106,1.1997971227889668,0.5799467945719988,0.5014556957232081
0.1576552447669946,-0.805741991139995,0.19752167840073512,0.36582019085035533
0.26710799659773476,-0.7941533287016602,-1.0448338932292853,-1.0029654975506679
0.8344229076090229,1.096670563989781,-0.4733130402052766,-0.4665693008806836
0.4944839197307705,-0.688724457087336,-1.1402767965310756,-0.9281774140928769
-0.4093573087924505,-0.812014975048713,1.423580832986917,1.5984484140865962
0.8293480116722286,-0.5380080203624515,0.10920399198564638,0.0011499327240040468
0.8411159352794357,2.286899781175456,0.16741666597199178,0.2864906329689189
0.823372725915334,-0.5356625132569715,-0.7720603723676313,-0.848924648933909
0.8406153800708809,0.4534534077629173,1.7280534357669137,1.5479833894533759
0.8343047985631948,-0.1325435698322705,-0.47402960606452665,-0.47863592096923907
-2.16745990338559,-0.808202903845664,-0.7633540526685876,-0.8746489893736638
-0.45518937320543107,-0.8505565700019161,0.8805352207715983,1.1429409370943162
0.795704284525202,0.45614646539155956,-1.053360060915813,-1.1790182063162937
0.8395310934206396,0.8051426420757348,1.4371379323545856,1.4360758120829926
-0.7228314260027399,-0.8318566010561617,1.4043085746557162,1.2129303063254928
0.837192061692274,1.255411885321708,-0.009384420010951598,0.04094082613873608
-0.6469873404733224,-0.775506438412584,-1.133882155782611,-1.2362595929692197
0.8387211529899277,-0.0474832205312302,0.24317373534007936,0.11957997875248813
-1.8304319572390326,-0.8467380232061175,0.7228674850110764,0.7531563326055075
-0.9500381627707122,-0.7990196886408432,2.429665500668977,2.3932079709279206
0.26485807999081795,-0.8492807784361373,1.0368735164518066,0.9191576823479606
-0.44372521035436335,-0.7668047162482371,0.6081222210076371,0.758780399086912
-0.5584180014009865,-0.8412346588141024,-0.24375612598099886,-0.08911646482125916
0.8335195664362208,0.024198191651775218,-0.08371098979142073,0.0012691641502207678
0.2099361130087603,-0.8208869462976177,-1.2263468668939814,-1.0338319208177489
0.8401835259224505,1.828607812844578,-1.0070161115994354,-0.9908553954120921
-1.9472382734017426,-0.8438001103631381,-0.10700542469575988,0.03247786062908813
0.34272982337870117,-0.6132140885746882,-0.2812675308532384,-0.35001394331536995
-1.0085443989522858,-0.8236995572365973,0.43801249792033287,0.40871371203570933
-1.3758741995768167,0.09489883846217026,-1.3762582575982283,-1.1473466440609124
-1.091621399215199,-0.8247632449288219,0.39058110766674253,0.5233596323989781
0.7967737288385027,0.9804029764652595,0.2934044048187191,0.391598592767503
0.8403103122331277,2.397708776271967,-1.0093746662149092,-0.9689192006958856
0.8403657230950924,-0.1761571016861022,1.1894371619277118,1.3717841136979978
0.8322725111611786,0.7081425825965697,0.9247802646853905,0.8006651104099771
0.8409966970182461,1.887935659936916,0.32526715542537293,0.16536625720966822
0.8402579997581295,1.6536210269636953,0.388233164669756,0.2568303958342561
0.8116577120095042,1.3162622123004104,1.1339615234989577,0.9300087099938901
0.021930246022927816,-0.7726924191888814,1.2491969701840246,1.4615529503258557
-2.1602851578820537,-0.8514534445277199,0.2269086744820406,0.4907708126617522
-0.5522525172577059,-0.8507824274596446,0.040591734270248404,0.09688364007815245
0.7740836100606308,1.4483213746011825,-0.4591040706259976,-0.5795608576617047
-1.23428479412778,-0.7512363341905061,-1.3073996192758146,-1.1875225687861883
-1.9125604266850766,-0.8494922990614119,-0.6233145361787009,-0.7824103916458699
0.2728104979949878,-0.846669995451663,0.9442461362248571,1.109844965173719
0.8249141623063945,2.4609154746535755,0.037176959217286934,0.08644601304477895
-2.6144264456018345,-0.8505796068708429,0.37838692700496135,0.6089916667805237
0.8176038121024305,-0.6333247799369048,-0.1330687205054972,-0.28899495712043294
-0.4552550395576851,-0.847543971561247,-0.5625151352726123,-0.3970674540766175
0.8380611383740986,2.434486124750507,-1.5036510246829935,-1.6821557674304402
0.4402697985937374,-0.8499785633334013,1.3424108868125217,1.3007981511608278
0.8341992866470759,0.003927988111032897,0.24901302955142166,0.370711215387214
0.8158923483662567,2.081544332562697,-1.3818930784064922,-1.26176792821044
0.8410249468440766,0.9645846794047312,1.7788800708919117,1.812166148711553
0.5342444807863415,-0.7265583046773049,-1.0206411721082767,-1.0448739500911208
-0.5723108694813552,-0.8332972448479797,-0.3336767220074464,-0.489136404774652
0.841086352234938,0.5509385260781429,1.4401989306645182,1.5553953890227974
-0.7893563365401436,-0.8512882502185687,1.4506685336777176,1.2678520707351186
-1.8906946529119306,-0.8510836641347449,0.1380486059105632,-0.034049846784205584
0.8358588064490625,-0.1318419522613019,0.8582439542938977,0.7999540679639265
-0.8363904045693829,-0.8418370706591936,-0.4534795844162991,-0.5862277956875749
0.8402919162936543,0.7909030585070307,0.054177751556738776,0.21297598604380946
0.807453203123708,1.4460647711416168,-0.4742019773852967,-0.3279666464978434
-1.8420487005597102,-0.8505527201425715,-0.11443906815956578,0.06591460781561882
0.8267991697038006,1.2332820110247467,1.085052235669682,1.151390274201812
0.8375048346542092,-0.5923855146612944,-0.09274829419494474,0.02907373549852053
0.8411850956096645,1.6706404811043725,0.4542467578397698,0.1887297407009197
0.841067921654606,1.38437254383046,1.7246854786764678,1.4424735251509484
-1.833895561479778,-0.5080128666783897,1.68616335648923,1.4929107346524373
0.770664604406239,1.858193415906857,-0.8248113707278022,-0.8105713792563335
0.8358369773344869,2.262918048678661,-0.11352743243362233,-0.12863245566287185
0.3910230637625941,-0.5018037290691747,-1.448653628503892,-1.4200781570123149
-0.8456315821476674,-0.8395462820526375,0.799486369303807,0.9141944396975771
-0.2549989866040839,-0.7656879950235532,0.8407530071119902,0.9575627291777947
0.8280976418127571,-0.1549244834612801,1.9680311080732884,1.9051645722708164
0.8410036801348881,1.9170630184635151,0.6993021571922531,0.6381587156300831
0.7462694460177219,-0.656101330918311,-1.0964752255721464,-1.0649435702011258
0.7110227030018385,-0.33087941253173436,-1.201473556923496,-1.1027079994878686
0.41281456692296825,-0.8492770573288703,-0.2268261542134755,-0.28909487783229765
-1.0602141246843855,-0.8511767911166196,1.1155699782445152,0.9463494139700911
-2.575963861592768,-0.8509640261794633,1.480719081600037,1.3202837479961471
0.8304712473915972,0.9367072796736479,0.48949150981477074,0.5298398204483876
0.46258665530353926,-0.7942954430763862,-1.0112223170183339,-0.8050248361462632
0.8161126590179021,-0.6667557961210581,-0.896300762113644,-0.8117929728405863
-0.22356056749126277,-0.8499919981484897,1.1302205290502145,1.3358346430774786
0.5548940061654029,0.16995405549200193,-0.7421925233704876,-0.8077098072486819
-0.6774973892555899,-0.8434058993655835,0.3699575170528362,0.5792962549324341
0.837457909159102,0.08435132343849623,0.12148390422091306,-0.1260668861792811
0.8341317426657888,1.0140110449567012,-0.4141911858341574,-0.49591795031152985
-1.0971879374011417,-0.8442310662864884,0.5236651784596247,0.4996561656958602
0.775765108435806,1.8543390302649503,-1.142440129124449,-1.2150308574992297
0.12524371017869865,-0.25677947360960074,1.4680724385880175,1.4928777362827386
0.8412748035559183,1.36491873056613,1.1864684597139346,1.2055093897408733
-0.33568289145382857,-0.8468953917727542,-0.5276393909495599,-0.4391272356523531
0.8092167740536083,-0.39524656029279354,-1.121827076992332,-1.1662801919930408
-0.45382482112237477,-0.8507695495237441,0.7944716231542525,0.7144726852062028
0.15821475355155437,-0.8513052924360118,1.740595031959036,1.7674331539993302
-0.4287209451608474,-0.8309655316785942,-0.42688034749790715,-0.6292486718205875
0.8403915095551862,1.2925842382973618,0.47466281354984935,0.6434203269596557
-0.5165576142665301,-0.8366303183452791,0.4940764708530824,0.6340841628103507
0.8388732131821497,0.737258856538904,-0.4444711011727273,-0.6537850061981211
-0.017194364946554023,-0.8469614551608493,1.964973806901508,1.8424720874533276
-0.5993175934496943,-0.8127566970079085,-0.5679695756746531,-0.7129502768665141
0.8242632275842663,0.13592748161698076,1.4007561936816084,1.2495693323555612
-0.3505955259946326,-0.851176000854427,0.5603379141314575,0.392255072317221
-2.0376477138708284,-0.8500302601275079,0.2718020666769113,0.38776610741016415
-1.0909746441511787,-0.8044359825528229,-0.9086464686013576,-1.0783747696144026
0.7933566042616829,1.9676117507505786,-0.9902915462279466,-1.113920225805533
0.8322393250350959,1.1088029339514431,-1.1798205193542552,-1.2519517332670456
0.030161193474746887,-0.8305474483179887,-0.13075765849302612,-0.14730014906523947
0.8405632472746017,1.3727608897134296,-0.14231565880749472,-0.39262522493263197
-2.3053270489671713,-0.8512192206755023,-0.907559013804395,-0.9884931941374419
-1.1805649831513352,-0.8276474944252292,0.5899775699310474,0.7336718694779552
0.8330132728766976,0.04840503938299204,-0.3665061620596085,-0.41663065633236285
0.8400231057326785,2.149992151479378,1.0057972147143184,0.7466941812645589
0.35464117305810977,0.8584712178364301,-1.5567080079499884,-1.7066008736597047
0.8241517264365147,0.006395770369103959,0.12637372486100804,0.2900736743696321
0.7414114907586806,-0.6856032262513655,0.10826749696730167,-0.014042086186649623
0.8058471204981408,-0.4704120454748238,1.4451654298752212,1.5734030396554013
-0.15657288802177988,-0.8366046360147025,-1.085376987747168,-0.9195046611525404
0.8398449263843366,0.9217185630198479,-0.5273554447914282,-0.4126298366082087
0.836875080846224,2.0964310113386166,-0.9316818709726998,-0.7835584182237608
-0.4309785061653102,-0.7503072413955543,-1.4349206241166141,-1.1815421515040632
-1.0158399268514486,-0.8475960764903487,-0.8016972251922981,-0.9042538214557377
-0.2323345644714863,-0.8493378670566227,1.0463652926835803,1.2344351985393456
-0.6645207572134572,-0.8410148061750298,0.09313565357428145,0.05710500806492825
0.8404871370426115,-0.5018318596337324,-0.21736828075385448,-0.26049640069531865
-2.0455102126161298,-0.833515242148718,-1.2702506619312584,-1.4061427047700936
0.8357134884980311,0.8363484186192599,-1.2002166016759312,-1.281946261543406
-0.790882991830076,-0.8015041538354689,-0.5271028531858072,-0.3983970938172674
-0.35199537295389854,-0.8408877150303101,-0.9189152662261036,-0.952053118040414
0.8317181303713018,1.2730444997650414,0.5664478550434082,0.36046506701340314
0.02785567983019633,-0.8470309413462314,1.7860675532530486,1.7882687810558466
-1.9985432926886924,-0.8494904668990954,2.5511677472764993,2.6966717920125505
0.8284686349434042,1.74330623622026,-1.0455281204057936,-1.0199776198109505
-0.672840936804283,-0.7142647435720311,1.1517754135177178,1.1880074316511764
0.8412467596949161,0.029002074335954125,1.5620921425761338,1.5672570721905306
0.790976239658028,-0.4797195330803435,-0.03764353802690375,-0.23584089554435353
-1.6750746538044328,-0.8510445254119148,-0.5017639805428932,-0.2958420889623462
-0.9452112460051213,-0.8382571271261221,-1.1813312408849033,-1.0776864155158332
0.012364596462754385,-0.8070920289779289,-0.5140568221596763,-0.5328861759540763
-1.4354314033851996,-0.8493740954084893,0.09072282050956433,0.2905184127068217
0.8315524553780392,0.5949145273590768,-0.045148654635328786,-0.12667894964383292
0.8030269667851778,-0.2707322412358855,1.2768808990417861,1.436902060600178
0.7857524834142774,0.14441280832678743,0.47764287994960974,0.30107296137979744
-1.7212623533700024,-0.6278281361436349,-0.6262483142105911,-0.5347668370002678
0.5740028036149333,-0.8438643295637891,1.540365137640814,1.3259479769414062
-1.1103809818850137,-0.8485157739075053,0.7633621596684683,0.8491930912944012
0.7240647932006132,-0.21391239882535765,0.43866015852517504,0.41199102245531655
0.8407059454623781,2.0444849285739237,0.7440000272741216,0.529920518677486
-0.9704673332991336,-0.6673621286659117,0.3427842198945234,0.31006358803914247
0.8354993606779569,1.9730292316640095,0.9707979214118424,1.041912804025493
0.0719787606743333,-0.8070571844479283,0.2318102666749941,0.21614347866028868
-1.7194441257395483,-0.7556523098376634,-1.3589600423616455,-1.3688665338223154
-1.9579100092903496,-0.4427167310599613,-0.5666565021277987,-0.4363495404500224
0.3345115057415532,-0.8476770269806363,0.9610255688106354,1.131644181883713
0.8407415518027771,1.5977638436386845,0.5786313085997778,0.5156852666894176
0.823231343417788,1.330959173360493,-0.3815271112625682,-0.23709389058890504
0.8361971235161221,-0.26734618016748113,-0.19376305258402968,-0.3858802796525298
0.8347831254511888,1.0297035449624732,0.31465510120324214,0.30200081445946925
0.8355322246744278,0.5302838474735563,-1.0701226013723053,-1.0759837417416176
0.3389521482326865,0.08262405240536788,-1.0179575653980835,-0.8255904165828735
-0.20167086858624736,-0.8297046505981497,0.24551124246474246,0.1823710476465673
-0.46566127599951107,-0.6526278885774749,0.16944312737371098,0.26081701603582164
0.4815798885116425,-0.8512378722582802,1.9338363988037734,1.9544573852249545
0.6802554072737567,-0.847729424186099,0.5839770086352335,0.5557145231236111
0.08563106346977943,-0.75191792139194,0.005433623064359701,0.006300756787070773
0.8010602747266287,1.5772367231967914,-0.7770578115501947,-0.6926076654659409
-1.4829353024225507,-0.8199734500469479,-1.557913128034644,-1.349345207282575
0.8178010748791419,0.8798519775837039,0.36652898770323644,0.19030012272936556
0.840984764761673,1.9330193368396973,1.0654287272665537,0.8052040051586913
0.8386760417412145,0.6574416035642013,1.939164334659943,1.8103982188035006
0.5814569953186898,0.7118763268262632,-1.5691878728051956,-1.4127231967464577
0.8263615544081091,-0.4327822750571283,0.44830519674518204,0.608134478378648
-0.1666044540894654,-0.8480792097564477,0.28572761036535516,0.30741900630019803
0.830570011569557,1.4288733544016925,-0.8141513397830381,-0.802982912253213
0.8387696714457106,0.7822149190256654,-0.869166074707374,-0.8890507389995681
0.37950218577825046,-0.8309056054403743,-0.20456345581360302,-0.2652512076366912
0.799300647908499,-0.6706867565310621,-0.9775248680988272,-0.8561622885442387
0.8317431703733185,0.37160156684945955,-0.14200518278484625,0.020741852038862942
0.8396916005003036,2.5015906271441097,-0.9533005989633291,-0.9556491620209409
-0.7332511778851444,-0.8495549488331375,0.9232524808995991,0.7087480941815578
0.8387736552017206,-0.2524196901193535,0.5435811554951155,0.41705788556726353
0.8361962449434748,1.1637883853769695,-1.3907068047870856,-1.6155147456956163
-2.1903325658551536,-0.8505013694067008,0.9749342432565092,0.7912694418984799
0.5793228831563269,-0.7794340523608582,0.8311958653345938,0.6126072657089601
0.7461231318586486,0.0984063415733483,-1.4876872999913966,-1.5824735851150518
0.7334102711180651,-0.6730524204892558,-0.3708105946423077,-0.451690772541308
0.8320787861452569,0.8266260277748101,-1.1391439312685603,-1.3016367079121816
-1.025479042155237,-0.8460804063436556,0.9515350281817864,1.022223367098963
0.8402694081411738,0.8712925459408479,-0.20865850251727205,-0.2286373247370723
-0.0009046431710080192,-0.8511007913994351,0.08415041012043394,0.23664858758037244
-1.6616656125432592,-0.7965098323774429,-0.9321940345774791,-0.7607125402193508
0.8222762118189015,2.6891978231094495,-0.2389716632839776,-0.40472485254303564
-1.9372314752464752,-0.8514824299706781,0.5277406016014634,0.677313338237458
0.7756245383700798,1.8236712197886125,-1.1656449698207216,-1.0219309794494824
-2.794161931268747,-0.8227080315889118,2.8165585464505507,2.691955478323197
-1.3037431763489336,-0.7794241796744628,-0.3098327551090914,-0.38736942281620945
-0.4284673129812338,-0.7722661084795823,-0.0826584901169595,0.11989237030007274
0.6626322574637615,0.7150037256414663,-1.1822432777246563,-1.4104257382012713
0.8365846535805664,1.889744735407215,-0.9663373509891992,-0.8677804660526953
0.6824981966927725,-0.8340555789396782,-0.058053734408499404,0.09860764908805489
-1.8296219424917717,-0.8128987636865428,-1.1639449015311922,-1.0090095880210541
-1.2785904260851975,-0.849250407664146,1.4902333927265259,1.6988277271049355
0.30537838961821073,-0.44950117332601564,-1.1456106925159473,-1.0942229457452557
0.29707829214166637,-0.8506548741602289,1.400273441823368,1.4016032390985274
-1.3703138801152288,-0.8461940768847224,-0.8607310756730437,-1.0282917572892112
0.7965329107376649,0.2783189136522018,-0.3174570895866884,-0.19725467534175972
0.5959239470745191,-0.356150458440395,-1.3577021170671715,-1.3957172297837313
0.8406641140017242,0.8683164413923289,-0.1977908257789203,-0.14720039175947783
-0.312442176452575,-0.5639576227934756,-1.3303870952959982,-1.2226348394162554
0.8348316143634015,1.104276266839749,1.3420712238036634,1.479301205447149
-1.6319232077825305,-0.7998818429902451,1.4564426821404048,1.2825943552163845
0.8273412110628472,0.6879975404669672,0.16617069651781358,0.24041340804961067
-0.6079244638480287,-0.5566568666592163,-1.3783818701234984,-1.5269758372779394
0.8342627098385391,0.6159742321745533,0.1815082702082401,0.18589989177072255
-2.241483955922001,-0.8475430903845681,-0.08798471840920535,-0.16990598211014568
0.8397952026723903,2.103846538509911,-0.4796861213555078,-0.6944500310045886
0.8033004994878128,-0.18785755881022553,0.13329979428138747,-0.027927966878023104
0.8365423965731313,-0.4840318493830374,0.3094429663490131,0.08583750578749126
-0.5844849162936273,-0.7644667414459024,-1.488952955683236,-1.4711266602334616
0.8228988689889521,0.49231037827923746,-1.2024081085454776,-1.1505367084275877
0.8388114362035882,1.2415980244050622,0.36585175624695726,0.4840841548386869
0.5756483646448585,-0.31648308388691837,-1.1592903110899795,-1.2562882215489506
-2.056345528426648,-0.7964385248841672,-1.384937638365229,-1.4684224593111395
0.24584067014359762,-0.8475331850552493,0.23192829201770132,0.2588452145872295
0.3491258059546619,-0.8444413274026732,-0.9585685035163661,-0.9468769981219293
0.8409816813720532,1.364040749088941,0.21685006209708566,0.24082014034947677
-0.8649608987196238,-0.7146247328245452,-1.4252289434493983,-1.1941551410887474
0.6367304479931051,0.17814976003616992,-1.5018946975367016,-1.3283478751271416
0.8122271747329652,1.0935775209485221,-1.1718825815614498,-1.1031131157724972
0.37087015078916197,-0.8474646514358842,0.18403694693596892,0.40853827325724235
0.8177622050405007,-0.29385334694656573,0.8084442415647041,0.9722836781897947
-2.4196737555292493,-0.8492599407555597,0.6258080575829574,0.5954341009118144
-1.7495387790560806,-0.4700421138027246,-0.3104037508381698,-0.20341697346889734
0.825635534747842,1.5003880599480597,0.6874418348076727,0.820436322287081
0.6082276648595665,0.5879597616418955,-1.3895302628240633,-1.2552602896268177
-0.25011528848905523,-0.8451960642863766,0.27384129606577967,0.2359012396001259
0.839853653113701,1.609285446188114,-0.7548179002231922,-0.8804813679770908
-2.1075899628573502,-0.8515646038095054,0.3090027835831075,0.18737421929907513
-1.7984158712502973,-0.8440682399639466,0.1044866672374585,0.040068564997770374
-0.7089829030340106,-0.8498764199687994,1.2290913136388,1.3273891512422795
0.8324013678091822,0.7314697729133758,-0.45621888473750477,-0.48038634127538327
0.823032650078222,1.053087986279781,-1.1918980435255502,-1.1395091019639778
0.6903860913115771,-0.8188775806515672,0.08748114562514318,0.2834338601667373
0.7955951411758541,0.07242727851023678,-0.26563052581275176,-0.07768999605020627
-0.8894122577216257,-0.8018937058957258,-0.5224163508469654,-0.2809063113452453
-0.4795341277173388,-0.8475004897621151,2.258252237107246,2.0354827451467727
0.8382358215965425,0.9063604197793128,0.17682045171912497,-0.06905820091217026
0.8219013219231266,1.555951143904695,-0.552970753739433,-0.4552648419170894
-0.004781177490692844,0.4404611136123094,-1.289323072448814,-1.1203929534581596
0.5913847108500524,0.25359765326164235,-1.6630109064775631,-1.4850094202053268
0.10423412214437444,-0.7812747644991148,-1.0002840184785238,-0.8468026725821147
-2.1450805008959484,-0.8516032038159314,1.9048966241639413,2.1424572389299037
0.3692539060338715,-0.8482996578913735,0.6619495141939429,0.49192051704115164
0.8410241586215391,0.3818634428284577,0.3330017168104366,0.17502818363170483
-1.7192225234563796,-0.849586187128485,0.2520097622641043,0.3188674690459464
0.8358233552872345,1.635417467261355,-1.1270271645207184,-1.001200399635551
0.8405436700071194,1.1841704929116967,1.1626970365103202,1.069573435705644
0.10950392295256246,-0.4855029336504256,-1.563127860830117,-1.506276635066601
0.023182379167717333,-0.8504133375295954,1.156004848401595,1.0106556941251805
0.7252130669853447,0.3611243964529354,-0.7180577267631975,-0.8448572277967732
-0.7657433862750481,-0.5068160677675093,0.45581116835192903,0.5577268829565539
-0.47864329644867476,-0.8488198182914872,0.17133321755872358,0.36087877076578523
-1.6786109051662528,-0.7676662292421267,0.11974798449635185,0.18890072178970457
-0.433649281329196,-0.8431201500597654,-1.3529952195671746,-1.1429344128343637
-0.9416211012028548,-0.8422250094647483,0.17381052924141166,0.23487820791542274
0.8396487969488869,1.1888684826522649,0.08373175083329036,0.23073691167610377
-0.6391277020061941,-0.8509943684281763,0.15108791364932028,0.0856958135732913
0.8398740787002738,0.684052552531845,0.48794242204306465,0.5877655308064844
0.23731043927600626,-0.8478209459373808,-0.33818606327114437,-0.17979614340931915
-1.217044093401499,-0.34582420132730035,-0.49199810920864856,-0.6957991433962513
-2.186619412313444,-0.7958793663119909,-1.0453376168380848,-1.1214516072994232
-1.5713869697785454,-0.8494471580677228,-0.2958525942776483,-0.44562450147932636
0.191928397524265,-0.8496781999883686,0.19385619619802555,0.24937537172456242
0.7105436803844956,0.6245500371248444,-0.9309864957538558,-1.0579044349698805
-0.4651194671380828,-0.5673128633265763,0.6127762778788062,0.6103756538229158
0.8356718317459123,-0.35081925633578603,0.1391098596932544,-0.07205690793123447
0.838525700512226,-0.37119339529318873,0.7633708516292057,0.5603550732133997
-1.066739405816572,-0.8354618954239881,-0.6331468794766231,-0.40410242317474093
0.8407939997280934,0.7143935712264917,0.080815244277614,-0.06511684477918449
-0.2712825163690544,-0.8492733557207433,-0.04627370980719742,-0.04777264998861748
0.8209457455228307,1.504792270067624,-0.5151878548990617,-0.5570365911239763
0.8374557564958273,1.4980838388689695,-0.9890261959806449,-0.836301413648513
0.5316762137276301,-0.2806704262032988,-1.249443240969581,-1.1931836623466765
0.8257909738537847,0.1353762776195949,0.046724398296342104,0.2566815128839501
-1.4274860650857815,-0.832829418399102,-0.12143243703035789,-0.24025371382886768
0.8331765731979531,2.567409947394281,0.17141331383239997,-0.01991370056052375
0.8411467021718837,1.3570371017464076,0.2951045515918951,0.2090332906470808
-0.5547080052920003,-0.7338827799136853,-0.6868067773996777,-0.6262283826679229
0.840235978078745,1.1914632668512577,0.7759191248082346,0.6091077289780665
0.42647113667514575,-0.8502157514910372,0.9963254263247295,0.8380454552259164
-1.324457236137361,-0.8287842315032211,-1.2476515654638631,-1.2676823859787227
0.8372086900725515,1.0554070099568669,-0.1650265007818889,-0.014007505121742618
-1.0838853771558536,-0.8499223356213772,-0.24625896646868473,-0.3785213026453909
0.8393592712683914,-0.4617546689165099,0.6982626964098185,0.584210874996846
-2.1751869137198554,-0.8492152426120241,2.3610934456819486,2.22876857920475
-0.04381173047488911,-0.8344225201648834,0.3926697074236066,0.6391767424560165
0.7927246385748627,2.0793994245522582,-0.9613915967609084,-1.0178557155034331
-1.6418219129255984,-0.8515824843389784,1.641922585728147,1.7805198962623656
-2.4078143697707035,-0.8422974628105705,0.40800479992631045,0.35508765464145
0.8367548602939734,1.4163588174122412,0.4230854694639169,0.1810751701873451
0.8133639952536268,1.6842017755232555,0.934090113459736,0.8488637982821013
-2.2807247400600597,-0.8499585930064938,-1.2585866357273798,-1.3388596924150433
-1.3409437121275782,-0.8401400552412255,2.5667775537976065,2.3566151283656085
0.8122358519007054,0.02225429553784843,-0.16210049228287415,-0.10258244442217546
0.8312442468339395,1.4465073456894786,-0.3813203648256698,-0.2769391840408842
-2.1962784011724015,-0.8505927496506512,-0.6785449289010701,-0.603785261795577
0.8166322598093435,2.2502103362071257,-0.38943957506815957,-0.5037103291906236
0.8395975904823141,0.5400055080131702,0.3162380828142124,0.325718032635472
0.7180311899726841,-0.6446645367327357,-0.9845958621605879,-0.7664993936193366
0.8406690920484255,0.6862580588032167,1.0820725516255303,1.1193441491461702
0.8407996299005485,1.472964406713801,0.1312824398147158,0.03513747000056886
0.8222954446809795,-0.4617033376146277,-0.24623549632125316,-0.4720597540515214
-0.6497813103009765,-0.8499054939200092,-0.028758206823495374,0.04416407386134994
-1.6006625365951712,-0.8390708063434439,-1.2072897313053075,-1.3279412719192871
0.6077539712995074,-0.8283753106899806,0.04511840296849915,-0.058921255396154185
0.799055228515216,0.34162953827800885,-1.0612617765630714,-0.923267167908481
0.723731474438689,0.9450945961498544,-1.2634875862930532,-1.1200488147726755
0.6717533283415322,-0.8477332719916895,1.6729351902952956,1.5168814787510705
0.8364160177951248,2.784231749831015,-0.42002093750107333,-0.2880257720183649
0.8303491677668683,0.720243289074031,0.5911856763483233,0.6187243693451604
0.8411367278308599,1.8231644650988863,0.39661739346285313,0.31252060739390747
-1.3805629737614904,-0.846808375579529,1.159952428416087,1.2618456859922558
0.8092487787170354,0.9482707574498842,-1.1734744362919842,-1.1644809055520244
-0.7700368679539686,-0.851155504992497,0.7801087194865253,0.8244748298669796
-0.7980329352581393,-0.8515380871149436,1.6882220231662879,1.6453086860956794
0.38706216907581364,-0.8354399105515266,0.11657831279951338,-0.0872118270163403
0.014515468924989077,-0.83538689234127,-0.9720644831259592,-0.6991833154667453
0.2675890953680845,-0.8290276506475964,1.6880683701800703,1.5306590355906216
-0.28830162384569635,-0.8495368944016128,0.0708019159964543,0.23491120581025873
-1.6659930207101044,-0.7372286302928961,1.2212449103151486,1.1684644068246335
0.8172558319796563,-0.632179716826281,-0.6996729528645478,-0.5811636092375624
0.814919408724023,1.4852184758189577,-1.5253135978021013,-1.5628592421996919
0.81721664780833,-0.41698994633879893,-0.15382762017236357,-0.0705228190826739
-1.7595340399424297,-0.8398267258990554,1.7822943025235627,1.959778857530383
0.8335388704769747,1.681436602379062,-0.19051554283004654,-0.42491109931426113
-1.150174011938497,-0.6054174831022567,-0.6933509741874153,-0.5881901326388743
0.8374877371954353,0.012532632233373482,1.0274728415099463,0.8365454400232168
0.8409685565195143,1.0515215247351395,-0.4393110357445293,-0.3732049739908479
0.6942928894814843,-0.07020988939900537,-1.3908642664712252,-1.2671596863887933
-1.4310254563871245,-0.8418314269752549,-0.7930254053835446,-0.6165357026478934
0.03386215889760659,-0.8267651758535561,-0.6122616841299846,-0.47263917266415123
0.8306563198452604,2.2738729790848318,-1.5900924499373392,-1.8078726943708978
-1.974483518860664,-0.8515830200131812,1.4852123685369483,1.743173925272899
0.839073155668723,-0.6240749134785231,0.7355916059028833,0.7184396931307317
0.815954244925766,0.8983357784888656,-1.16507691788506,-1.2245466126922069
-1.079089549020541,-0.8499167897117852,-0.015519203865038479,0.10824642487030504
-0.8964249001845471,-0.8503259323706414,1.1833748015644827,1.3695409718325946
0.8380583698970689,-0.0001402980943133445,-0.024543328686946152,-0.05257056671383131
0.7919956275155937,-0.27060836674736394,0.7487148113988766,0.6385043802311952
0.8412077880022102,0.6464257027433522,0.5533893347465121,0.3069293825518228
0.8406173776934608,-0.29510278544040625,0.49730180994233264,0.6266416897667875
-1.2364736430487482,-0.8459226318474411,2.3638623124538998,2.5305595986522245
0.7664311210316906,-0.6878953435460394,0.1719613789224569,0.24709799680336422
0.8409706169599431,0.7364928726624684,1.6747380918960397,1.5448816137397514
-0.7920841234165079,-0.31414815408207897,-0.5933060784333125,-0.6910104307069218
0.8400620603324841,0.15666406957152887,-0.16165462909648318,-0.1068806061692251
0.77169482967263,-0.46571911077360273,-1.2544151832976382,-1.1051377115708259
-1.6285974961439567,-0.7914925050056815,-0.9322218231387304,-0.9266380955084845
-0.9606321592050063,-0.8509816084475551,1.295063696454243,1.1246090074629609
-2.5941158825006223,-0.8513499102375186,1.425736911894161,1.651898304781974
0.8392853140489586,-0.46320216938762143,1.8556908401085563,1.953295776580351
0.8233931850173694,1.5721586397271405,0.5294192943930707,0.39868630501193414
-1.1418775396553604,0.002313768457723328,-1.4597023817904762,-1.399821504206226
0.7154243306396476,-0.44248223952275084,0.5976638447095967,0.502351612769132
0.3742270652258596,-0.6624597946911424,0.14291737142971797,0.08137906336775799
-1.7327514874967882,-0.7499800527428588,-0.10561525336174381,-0.22385346229276962
0.8367672793729299,0.6386291647973812,1.1650581674196387,1.070455147881752
-1.4254261041327287,-0.846185957519523,0.7050684681998376,0.8395688837053977
-0.3757716716976353,-0.6562821573040277,-0.6288680855663448,-0.7354580902681893
0.7610808716903272,-0.2496762266389249,-1.0438153486254425,-1.0083678916947276
0.8106493141065488,0.38947898884720483,-1.015139308929316,-1.1020946628400408
0.8187243041911717,1.822848158903011,-1.4908253050721563,-1.3512605813813683
0.8387760994915917,0.6133034054789815,-0.042185467763123395,0.10177678286804434
0.8389182778443489,0.8338883566927249,0.018656583367293377,-0.18799695214198883
0.3493060579972176,-0.8506853286856043,0.5452894442902767,0.7929188827109996
0.8391845677416182,1.2832139113808951,0.10681125836491794,0.0023362124030066296
-0.04889741364510798,-0.6993694304852224,1.933823564929957,2.100820594218023
-1.358829573406121,-0.840474081006876,0.6970157099189277,0.8408227635414157
0.6283322895627131,1.2698044752167246,-1.4424802653729993,-1.4604543548967788
0.835156366068923,0.41156409955283996,-0.8044072649263023,-0.9548008923712828
-0.7832285499843937,-0.851338097766075,1.583481522912028,1.5662140610739277
0.8007815160419595,2.036401194913371,0.017398975103051953,-0.06555558426953485
-0.8454752301309639,-0.7512594789123019,-1.1585305019493495,-1.0109905533984536
0.023680093236997875,-0.8453824050483355,0.5264901610869048,0.3930086803735099
0.8159358449678087,2.72700476390804,0.45105562268517346,0.5043860095140499
0.830802801200936,-0.2024458343494597,-0.32006901313698866,-0.47787981724944045
0.7205699030679925,-0.7178895150367975,-0.058690797418024014,-0.24605797963006923
-0.16770941933246591,-0.8416084864430167,1.561263302087314,1.7067708093085505
-1.4942832038014582,-0.7972425801867993,1.342440367787582,1.6001875940765675
-0.4443929237923957,-0.822202119091692,0.5626690882281945,0.6559793737700941
0.8337576557240022,2.285523102928807,0.40909965678068505,0.17220141872862113
-0.5041565836062522,-0.8072760715297227,-0.2094106102442669,-0.008104034444541419
0.8001931426501628,2.291451274385682,-0.09821156408244378,-0.3611131165900908
-1.1337382802963705,-0.8495069352956138,-0.17733364962647277,-0.24881134359446816
-1.3085376524377423,-0.8495444585535046,0.28975933375085877,0.4171634285186009
0.8351396685639642,1.3852756630629335,-0.5164653448150358,-0.5822209950029035
0.7560079811156926,-0.7223034479926451,1.013244284471755,0.9514727596671028
-2.4083942167984826,-0.8036106434103351,-0.22806681357211486,-0.3062491925675816
0.7799779427079966,1.5448798927221599,-0.3854035694689927,-0.4692643356886845
-1.8702344532078838,-0.8106063946259077,-0.7031588495203527,-0.5068887637256781
0.6677628340433021,0.2549741502202636,-1.4827052327022945,-1.2607671667337679
0.8274049079518571,0.6232301322787904,0.15134507315215326,0.13290856417562022
0.8313827473635838,0.5946858821181514,0.908458446743569,0.6446296092082677
0.8370350899539425,-0.41355353987812504,0.6737793672833352,0.8055271115741293
0.3768457935404661,-0.8489135376488325,1.9292933301932194,1.9058701974640861
0.8180705816352745,-0.4872069898491811,0.9757015411974274,1.1076027708985174
-1.0535432774353957,-0.8359653439340369,-0.5309789573700779,-0.4012622524880864
-1.846318940019865,-0.8377350116748206,-0.0641927143058944,0.21344586101716598
-0.2964690952854596,-0.8439671560950235,1.144942836483641,1.0881669046108364
-1.030056723405543,-0.8506226797203966,1.5422604748533955,1.5992209749590365
0.5797703576851387,0.5782672733903441,-1.5081041319987947,-1.3757736176124926
0.820601427349576,-0.6624309541828435,0.0748973947049685,-0.09221039287542053
-1.063272147873331,-0.8270867516267356,-0.3541427098088793,-0.2891993843242563
0.8018714385595317,0.6411852594830149,-1.319144904423451,-1.2827026533068953
-1.056313707643629,-0.8510160504834444,-0.05882522022386744,-0.03666372184067816
0.3093752557217208,-0.8232178675741625,-0.915556690486851,-0.8820574560136555
-0.20697429404232884,-0.8501585869342578,1.772377920596833,1.7993616866203097
-1.8265237975124955,-0.8513995446150028,1.3395687297941412,1.271549980772898
-1.355784613013401,-0.8432604983288293,-0.47209323045673773,-0.2638806088657238
0.8412536583265243,1.4986713827311546,0.7487473941055832,0.5580972670802
-0.4265973272650323,-0.8506387197791314,1.9376007541000129,2.0044094847057483
0.8033270700873335,1.5515919268656457,-0.5284921252301658,-0.7734431479413887
0.8398486509510386,-0.14184400628879493,-0.4038265519489966,-0.4790512960098662
0.8385311569449864,1.4846710425045735,-0.27259159312161774,-0.4211774079240189
0.004870320472874636,-0.8209125864863398,0.6186848741388765,0.5028593740959818
-0.5995995421369797,-0.7761432654715996,-0.7283467226963172,-0.7550315283882715
0.8093611571863286,1.6070677167434106,-0.9361426600538624,-0.8250831053248647
0.7699129656939416,-0.41953545285847454,-0.5723957661695793,-0.4774841721618309
-1.0581727616478067,-0.8434292176354014,0.3540721060158985,0.1933080480072897
-0.5917270226851369,-0.7944269534057672,2.4043340404817073,2.199632778077381
0.8376493929933376,-0.31857865720781614,1.68183166900052,1.845530025122745
0.37726826171876354,-0.8477256032531386,-0.037414280950228675,0.17639318961260558
0.8353895893126807,1.07293437020047,-0.9174465879824015,-0.7536076237442165
-0.6453970899619552,-0.8503606176693342,1.4445920740800167,1.4442457477110764
-1.0116991887816558,-0.8496755757311694,1.9225608354732195,1.7238503028815892
0.4129267139386652,-0.8503755763836187,0.5333160660963396,0.43209809125796816
0.8103049288811494,2.334804900205658,-0.7954261781564136,-0.7757376721537027
0.8380283332994257,0.7271327376802412,-0.2965665421736373,-0.48130166782150463
0.8400324637088574,1.867517895677163,-0.34773095642588836,-0.3012813260618708
0.807739399759651,2.08946078157797,0.32277291660743107,0.28037508329806815
0.838527350288143,1.326817314713095,1.4590420666147401,1.401573202277973
-0.6617123755885403,-0.8042068573002596,0.9004546278001172,1.0296706013351469
0.004115253539836904,-0.8052595156199348,0.025373197264045744,-0.10473588543052154
-2.6527096275556916,-0.844033098300261,0.6683949831201015,0.5376887492763186
0.8392795937722114,0.07095277278166776,-1.0242320487739012,-1.0474251125728684
0.835558301004169,1.959432823965704,-0.2210759265761285,-0.0857758098802172
-1.7819924595940961,-0.8515196526045233,2.2307293152171614,2.1349499011327686
0.8250898633213892,-0.5896185782843729,-0.38359373281448966,-0.37134117011359646
-1.4503170966047356,-0.8504401196425674,0.17033421863947495,0.17530458797959886
-1.4258831345429162,-0.8426361368680706,1.1147934947518796,1.0414829109886103
0.7811869801528625,2.443058199257187,-0.8667221434719806,-0.725803391947816
0.840004062533829,0.3401497440014108,-0.1474447445405965,-0.23260565109168369
-0.5753062552691834,-0.6817422703192179,0.8234692817643805,0.6378957224096722
0.2329590209898368,-0.8496389974043017,1.7185667576547765,1.7323970419143386
0.8405668336647787,0.6222843059169143,1.2150920229106985,1.324328864064537
-2.4507456161216328,-0.5601138063809514,-0.27107039592668275,-0.11096970650668908
-1.5370825803964385,-0.6988392369852888,0.30082996857067984,0.5250460193226344
0.7934779072518079,2.005493541887343,-1.362187336311229,-1.537933275872146
-1.634174529855051,-0.7337075406843614,-0.38893453942696443,-0.13805939886382756
0.8018907375468101,1.1873305000373469,-0.5068146880973015,-0.5047126589345591
-1.032223627450881,-0.7974769570021962,-0.5068018241132264,-0.6835840159934639
0.8130820098394482,0.8601202644517183,-0.45370780093735813,-0.6387778459107754
-2.2215701096800133,-0.8244722772490031,0.9649934396046271,1.1594654310015036
0.8148862753462632,0.29814398372593437,0.38628473069247266,0.412067824288129
0.8412257873690094,2.0296912103124125,0.9554862984289411,0.7853497604652018
0.7193384552998162,1.7490595726226434,-1.1100944044606478,-1.2453793933148587
-2.197555679508724,-0.8507558382033166,-0.008702169572385442,0.22840630955793773
-0.8348305746127599,-0.8511415189543368,0.8955713637686173,0.760822456688004
0.8391402922187591,0.3271472235310072,0.7664350927870984,0.9532380862398662
0.8242835294479834,-0.17457985920444688,1.3509037548612197,1.3595541316974789
0.1579184356677686,-0.8478334239058994,1.3074549181160746,1.451827857720391
0.5629361529060425,-0.7915515826650807,-0.5541669767209809,-0.4766992018098587
-0.41281983856451043,-0.7795102344291708,-0.1023404949494697,0.051955667441642726
0.4459518262351272,-0.8483855282419677,0.5809920328457402,0.5255044702371638
0.543578963644763,-0.6579470607701878,-0.6471764061975103,-0.8293426778999955
0.8375732978530848,0.17394521353017026,0.5611472839930911,0.3642547978063419
-0.3101469917442077,-0.8473810968705553,0.532646950635172,0.7639131156652466
-1.245077080558379,-0.8280556696028456,0.6364513918013696,0.5002169773669193
-2.152227608895697,-0.8414211593141471,0.3640321370259623,0.5040088651187574
0.7785927970856393,1.4625137223812132,-1.564849446585639,-1.4161778088455301
-1.7847639796386379,-0.8516329883858957,1.9066833684996953,1.9219096373653397
-2.3322081892333006,-0.8456561078095608,1.463185315306201,1.3185746293582692
0.8241084024873442,0.49204705220356876,0.047213020986776925,0.02786158570123153
-1.1979955253775953,-0.8381660271898912,-0.22745135394845442,-0.41092808408085235
0.3072448873329541,-0.7645577894145665,-0.5079624333457476,-0.4956090876978464
0.8259385132968088,0.24463442408401687,-0.7207380487210753,-0.6466357390530056
-0.6864808480705223,-0.7949731309249706,-0.6126516457264104,-0.5477339442856971
-2.0472052862296297,-0.8251816667740354,1.342811863020836,1.2509254419911078
-0.42362271052875367,-0.5267937041020606,0.2285737780582714,0.3442349797261807
0.8299119675321995,1.2796371547975796,-1.008152374478519,-1.1605342730510269
0.7876537156345712,-0.4530390801022653,0.4719850340750152,0.6174714863821944
-0.15890251823567494,-0.6412652350446116,0.7657115580685487,0.8920202127711412
-0.23389064777384366,-0.8304497332700838,0.21707770675733337,0.23146843629554925
0.7558938225342458,1.693242910814439,-1.709681878015131,-1.80508193957181
-0.36391295505956317,-0.8445378224423413,0.7191859600902459,0.8250627804455548
0.8411816888055609,1.4061699072507094,1.364182196027049,1.0833502184105372
0.8111126958913878,2.099297114795241,0.5040699579026824,0.5598133090064797
-0.46231050360799925,-0.7835595309235743,-0.6300523676610615,-0.5337039114776192
0.8382455259734293,0.11311617654646257,0.8231924019657847,0.7100735185019518
-1.7911453546521672,-0.8499237049903888,0.10941206923653715,0.3404006925259712
-1.7063950798476188,-0.8044901562062607,-0.8066663743684538,-0.5518465071746669
-0.06850310817515352,-0.7959595684715485,-0.1810551016207038,-0.3382425474932197
0.40729366413073315,-0.6070044749817113,-1.6927696265014895,-1.4216039851440434
-1.333337304793074,-0.8512749404053203,0.9166033977480066,1.1869435422195094
-0.6402040443128112,-0.850472666158969,0.4763768371945293,0.6066818229140254
0.273553713663532,-0.26946678469217045,2.400369249612634,2.325053415217704
-1.1593633701704964,-0.8478575926999505,-0.6086128562681907,-0.6744916935061311
0.834919314902746,0.2743859798996456,0.73200574262281,0.8718943409500431
0.6138989967734584,-0.8305068942654626,0.8721218992186892,1.0799429854671132
0.840170038653002,0.4654125206451701,0.9847704166921091,0.9272741726473547
0.562121178931793,1.2016061298642389,-1.5662896745758546,-1.6709835035636127
-1.1230658645274856,-0.8340061934682409,-1.3337011241748562,-1.2916385362386669
-2.136140151145293,-0.8371941351101092,-0.1915390969355344,-0.15345280989125445
0.8291914154132101,0.08615999155908044,-0.3419823842676122,-0.537906010099587
0.8147709477147229,0.1432158747581214,-0.8427222448244459,-1.0076806792807853
0.8078968004586679,1.4179098414489022,0.7092965252996112,0.8175051858747548
-1.2544117332990172,-0.8325329588336957,-0.22359323121390112,-0.0827004799919159
0.5238903058598153,-0.848467225724491,1.695045996013274,1.542889406583864
0.6948418136379767,0.9455340829614632,-1.5730129729823232,-1.473168679951218
0.5658816246460305,-0.2963112746893545,-0.30960268722246953,-0.4757390416564113
0.7502648233382635,0.05479466300172735,-1.1830927857482636,-1.2463754416573258
0.8377781540495588,0.6232656856557413,0.0005697248596583366,0.05222741935397457
0.7993863282146747,0.22016114133074652,-0.7382802854546513,-0.7246372174434899
-2.5598857331056846,-0.8511155801167015,1.897347672437399,2.0023190528700936
-1.0797001013632943,-0.8504538528833561,-0.5172420776486749,-0.2844191580176437
-1.5690087145348734,-0.8508553749612926,0.881042703475223,0.8203102846595373
0.46162528430893107,-0.8297103068008442,1.736510793593706,1.6992810720304607
0.7225846503116682,1.4497370021149636,-1.823315989198595,-1.7136451993795883
0.8335782162416875,1.550718443859864,0.7875454719626221,0.5957117805690691
0.8074385368929579,-0.5140465549369703,0.24510449048726307,0.4186058322349101
-1.437765910596286,-0.8298149336950439,0.4506743155832824,0.634890363814832
0.7258641434860572,-0.6235217640677828,-0.690592250923851,-0.6338933644626842
0.7789825145181594,0.14886097741669024,0.09081663034301796,0.21326091523812296
0.08703846793569664,-0.8414372689922164,0.5445876985440251,0.5189914240284755
0.8322066545196282,1.546464080478525,0.32290331711690223,0.3397249653288003
0.8185047932667108,2.215938958926197,-0.4055894690198947,-0.2496093255855568
0.1389323838721271,-0.6561275149572363,0.5191071457616158,0.45373367162471373
0.45848849384226786,-0.7984471066102334,0.18874988282856553,0.25277401825352547
-0.4882093238702646,-0.7712039511614017,-0.7926664347944093,-0.7717237070126656
-2.223829119659228,-0.5281534978902352,-0.11586212896854424,-0.31312533456684843
-1.583991794272308,-0.7507499192043698,-0.09262202517658075,-0.02644136590529426
0.8092455114718703,1.4415833488544827,0.8590926571495787,0.8229357069712789
-1.1223164367409462,-0.8093009333395531,-0.9839462641555229,-0.796621227316992
-0.056468909034341964,-0.7279395751259431,-1.6536933612312368,-1.4660035921469705
0.7579902465573394,0.4521164129538121,-0.9940204299515717,-0.864684903575632
0.8347757639208466,-0.07223351915758901,1.863050524438419,1.8165567367517723
0.8327202648881117,2.168494639937955,-1.363869698528941,-1.5228436892405024
0.7977422541862114,2.53820774034378,-1.0647014642412966,-1.1659113545151567
-2.218165278959233,-0.7785526405610966,-0.878970904744041,-0.6281075048985048
0.5632732724587011,-0.8236071824668794,1.2844461522199608,1.4137288467578366
0.8042473997532154,1.1968579242697623,0.5781184781178736,0.6842643454220809
0.8366032482608405,0.025876671942324833,-0.7622957260115425,-0.5592984727030338
0.8382802268187102,1.9794565210134016,0.9632457216800215,0.9435674849702325
0.6732118049323682,-0.17436221595380247,-1.242660046815192,-1.0665864569296801
0.8411197998304403,2.2806187259481945,0.35032033298138243,0.36201164164698346
0.5655565723119635,-0.5087693839824474,-1.1808783452147251,-1.2085743911761975
0.8411006784714719,2.7250695133234606,-0.1827563924540593,-0.057642885217134135
-0.4923635394208808,-0.6127860287456722,-0.7313812430209602,-0.7320591114848248
-1.8564083800224433,-0.6021556241840954,-1.4718018325539157,-1.371385770029868
0.8157813984290125,1.877138654014514,-1.2166067883902012,-1.1459069194178886
-1.384894334453518,-0.7460788359549199,-1.0101281770996617,-0.8070238155434509
-0.09786652698886177,-0.8114446829799479,1.8173080681375833,1.6706345729460248
0.6982076611396176,1.1658985669732,-1.6504508166604848,-1.822696509600998
-0.4298236432739911,-0.3849970937490907,-0.03651049314043865,-0.02896651645540576
-1.380542997063499,-0.823885268945602,1.5929550445237382,1.499090580193833
0.8302238092374057,0.7347281715310452,0.4400522409505574,0.4092354719829953
0.7372151235521948,-0.04556594576210129,-0.5325273096541333,-0.7501773168423445
-1.4493044554894028,-0.8459348863795056,-0.26683133372915235,-0.09878703223653314
0.8405861054184415,0.38210884508756365,-0.12419657081080411,-0.3786954840279341
-2.7400802301409453,-0.8499942358095055,2.794028990820486,2.8423299957832673
0.8403546636043238,1.5313439379039464,0.06374152268180114,-0.042683197188159126
-2.127249871303539,-0.8391982799009577,1.4337478476655743,1.420907077235125
0.8368929901560525,0.8452061467737624,0.5579365750787035,0.7143838094031073
0.22671955205209554,-0.8498266620520427,0.28381031019167874,0.3238352893294185
0.8142185111805977,1.788248588411402,-0.29913063429478387,-0.33021080109726464
0.7606020315025758,0.8953716368210378,-1.5316613736531781,-1.7706821168890257
-1.563161641504078,-0.8515824689403041,1.8736399942798474,2.05098615260609
0.28740395702850263,-0.8384735578592819,0.8958336732385694,0.7225448239616652
-0.759714810142779,-0.8387576267533448,-0.6059737971837176,-0.767323417628398
-0.16651143797004578,-0.7485154270009339,-1.2571593420406768,-1.09159331440258
-0.424815630202083,-0.2554718726020909,0.6527170961302702,0.5774784158416122
-1.5885521488482586,0.2908640560579382,-1.4994970007939927,-1.465132364827798
0.8220423945774512,0.9599969359113844,-0.1280233404980734,-0.16576578974859948
-0.8318619267586255,0.513786972223162,-1.2449198999534685,-1.3538796325375224
-0.26170845049053065,-0.8283721710741778,-1.4435720752341135,-1.3128561679467396
0.8404330860643786,1.3407693709781003,1.2533280867953585,1.317786229386203
0.8405065766928204,0.5244961754827053,1.3382773109818655,1.2362262869257106
0.8208615871299175,0.268023034765475,-0.5013797787478174,-0.42304865957154664
0.6002503437800991,1.1800138538801581,-1.4882233809799044,-1.7313391044514548
0.21465952344421588,-0.8480592390931703,0.2679581080417192,0.07401893747177489
0.835114153702887,1.0037421518987626,-0.3163740048350959,-0.4949208398203828
0.8089228271675005,2.67142895991644,-1.7100664420208003,-1.7041313528387312
-0.8704242011269031,-0.8181136366929751,0.09881733132609555,0.29601828346168957
0.8398181520993632,1.0798232762734152,1.156792306700825,1.2758527704978457
0.8385755925734917,1.203879880965575,-0.40845664852833263,-0.5240452429563501
-1.101901505613424,-0.8386112999643491,-0.410854728865392,-0.22409683711815412
-1.4291697291401535,-0.8431295576536405,1.157843869770555,1.3508992453829085
0.4230831069065142,-0.27473115903286455,-1.6401796988164847,-1.5708799059447247
-0.756192504211079,-0.38469643740803144,0.05039396433116522,0.14445751729831877
-1.4451752426306164,-0.8121185974789621,-0.41349662201411047,-0.2754981784996286
0.8316300711179632,0.4734954689083745,0.9031302718613436,1.07149201547795
-0.1084874028590128,-0.824238159250966,-0.6741307033558636,-0.6469106181082089
0.5593631222193992,-0.8481700200575943,1.0103238774735523,1.0471272560915208
-1.490252034734,-0.8246220788976536,-0.7188253715066716,-0.5090154199501205
0.7851860958358616,2.7036728914066654,-0.8204292683194045,-0.9415873905719874
0.834202123152879,0.0075555889810860755,-0.635695454747435,-0.6478200898737048
-0.15018478911395597,0.18931137993771552,-0.2612773495945635,-0.29615970509083955
0.8372863314626517,1.6978247492470608,-0.8266434103556094,-0.745706673439101
-1.6036298760279741,-0.8318790364077434,0.6774688718783057,0.8449770003902801
0.25166162666772424,-0.8501918948615438,0.3532538340856067,0.30967472342695906
-0.33187990090366926,-0.7584218042761974,-1.234906517091831,-1.1434013379902292
-0.25830480241042886,-0.836005622471259,-1.4411044381089113,-1.3388682703861234
-1.96010288600025,-0.5054661411714644,-0.17369615178337464,-0.3279789623850001
-0.1957748261768567,-0.8513885754889935,1.1724481022209878,0.9825878431296493
-1.3460364882605185,-0.8017713367157402,-0.5426232205130019,-0.7027091243266437
0.8400934231307465,1.5721892062203235,0.557388639503517,0.6968418425302723
-1.8674504782734744,-0.7569181355416086,1.8597759622910495,1.8580609709048552
0.8233439027359712,0.6335238214709258,-0.9991775515308343,-1.029118837831865
0.8026850012503796,1.6211499046963547,-1.6293123375950722,-1.5406277468569238
-0.3759441946840959,-0.8514941691914418,1.8306726190651728,1.992271876639518
-0.26380816295449044,-0.828958995591744,-0.9279689225184452,-0.8326761619706257
0.8367469130854203,0.15862898346880078,0.0205986157729806,0.19631047621368375
0.7550431041268112,1.2794141428488064,-1.2574442773672136,-1.1993678185100334
0.8277251148147686,-0.39900060890470124,2.129316468039413,2.2389799319800225
0.8248907874672388,0.8146237467735774,1.1518969165046633,0.9366840803383238
-1.1628987180044035,-0.8440998454703934,-0.40409102398321917,-0.22150556881431482
0.6865002333297248,0.20496024773520446,-0.9143578368836794,-0.985474491279936
-1.2771912037021624,-0.8453476317488947,-0.24054777111239403,-0.07070689605975385
-0.658315781930251,-0.84821654386238,1.070947176937403,1.0725233485596124
-0.13220521106577926,-0.7713550015147052,-0.9176069457845138,-1.0909193815008573
-1.5777535816654797,-0.5393269913334532,-0.8498552734197464,-0.9619365639239159
-1.167366450984712,-0.8434090428832192,1.4998492271259458,1.6356354026918483
0.8383026391095939,0.19518315751140916,-0.03175288358280033,0.02182762599783729
0.8251996428211749,1.9154380422786295,-1.2865050247492014,-1.3227127644882262
0.8298285770819601,1.1116880480660685,1.6323214978330667,1.741765610110482
0.8397649789092808,0.1878178944223252,-0.20847421311461523,-0.15783020061930278
0.09749457234546687,-0.8414028668450226,1.5987807103712441,1.7579199355022412
0.8391059201765203,2.666974942811438,-0.12824303667793152,-0.14218465788717427
0.8407820701424916,1.3937667591655383,0.7459494812019412,0.5980946027471821
-1.8586474010612815,-0.7977923951085047,-0.28031093359827725,-0.027926044340331763
-1.6083998988089896,-0.677395864500826,-0.9643973894644848,-0.7687857676575448
0.7895433094030558,0.7825087193074457,-1.102969558601095,-1.2544357370428516
0.4849236896391022,0.5613055677563766,-1.813820128985217,-1.964849738011589
0.6255121746029755,-0.7722930875025479,-1.122527616157851,-1.2077978904266173
0.6851478895876219,-0.7829317231451781,0.16086982238446312,0.004528035053473639
-1.3021494363837742,-0.8464752073417618,0.9292047053967408,0.9896967990060386
-0.7975728564829834,-0.8499794642721566,-0.24159287955225767,-0.3364531547749413
0.8315308872822892,1.6594000860141982,-0.7906389572402207,-0.83387706294105
0.8274954157214043,-0.2890627481438554,-0.3438754139501467,-0.3339180842985584
-0.08378921688717604,-0.8120703436790417,-0.5238371689666533,-0.3443572730617148
0.7902492227364546,0.49812196962187744,-0.8588324396936026,-0.9006809917053602
0.8282475200735403,0.8201654098889463,1.492688936717028,1.497752300244572
0.5538822749911784,-0.40288748020460696,-1.555629059982162,-1.5961684436496244
0.839412508783413,2.2215195744692284,-0.9855485978694842,-0.908853950507118
0.6399636412606848,0.5021819736412874,-1.611487321506335,-1.5019184493157087
0.1132704778057999,-0.8397533723177821,1.5364482326181768,1.6053790623225828
-1.540133673626818,-0.8490593518013102,0.9474426519369112,0.8471477595702742
-0.913448082536547,-0.8297366106060201,-0.05467790621964727,-0.2555359634521864
0.7734952943143996,0.4875607769501557,-0.09149336305902027,-0.2045959084499154
0.8301016284871044,0.3475868365589943,-0.28308506912655673,-0.17980314007758416
-0.09715770535011148,-0.6690618185453286,-0.4202572184432087,-0.45278722599205956
-0.09611040657241006,-0.23120083127599783,1.6311481793739289,1.7268603922521566
-1.461351054940569,-0.5460129490855915,-0.8257006973969682,-0.5764043286975867
0.5110551164792214,-0.7544924138117723,-0.6639181752599391,-0.519624869929391
0.37748288668198676,-0.8366974755726649,-0.33856624902943344,-0.38352373195432077
0.8401108236001733,2.424845108188819,-0.4391252754961512,-0.7231737619137111
0.790144421144448,0.08429457443339076,0.4201720266107271,0.467270092836884
0.8407622662888634,0.46476568768597726,0.18833295171282555,0.14850936203302162
0.07685991295410605,-0.29986910428675284,-0.7302000878434142,-0.8387634255356494
0.8394817930848194,1.5314779164017647,0.27005649122502645,0.1278775479985592
0.836120167451428,0.9115464578221228,0.5429700300540495,0.5259622393411213
-1.360654616102802,-0.8364906296843744,-1.1332683924804499,-0.8692615808061981
-0.2503921242929852,-0.7551202238316165,-1.1098445121380576,-1.2727632224535026
0.8408798049131956,2.4149512534999995,0.7338456492947367,0.8030970792253536
0.4432934227286018,-0.8027552125361271,-0.1448573148927069,-0.3188545288663753
0.6965889435282143,-0.13252445419575085,-1.1798106648688627,-1.0856505883577863
0.8412117549437261,2.396880295201443,0.1762721879513901,-0.013055168107041295
0.78949338724546,-0.5739371136063972,-0.5682753520226631,-0.5127003093164128
-1.168946418598542,-0.8513893871888312,-0.07603332098676308,0.03428881133291224
-0.7016000578116761,-0.49619556338174736,-0.06479169613399242,-0.2470499816436841
-1.8410146755319505,-0.46026310546757104,0.6920088696190162,0.6153594675104311
-1.4836014194505538,-0.8483989188525998,1.8614696907557102,1.9407593006680235
-0.24942234069365368,-0.7951442678676917,0.31731021502173734,0.5678270083506831
0.49747769051227775,-0.8421146603483994,-0.545111036079909,-0.36304996809309065
-0.9293153078812162,-0.8500138676752034,0.22954716927900395,0.05214817801560389
0.8403862117885945,-0.056718825366239026,0.2197359691334519,0.4429236918584741
0.000639509796884055,-0.5220445772670914,-0.919271690813806,-0.919677913220075
-1.6362876299445335,-0.8509099931086125,0.0066008362635821705,-0.015864962049123445
0.2948625815237415,-0.3151787656550414,-1.484033121552275,-1.6843937416611956
-0.25983532702927997,-0.7287762515896917,-1.4199542925856874,-1.5703647384644877
-1.0492765923562553,-0.8497598511036749,0.4866923309268769,0.6577806049651458
0.793299495112003,-0.6115069815490835,-0.4125592329247402,-0.4331147135496852
-1.7896784403332813,-0.8450120647590632,1.5657797194647427,1.6459033429492673
0.721900287423411,2.3738022586144067,-1.4627355568095208,-1.3355308491924422
-1.3657962703925957,-0.8391860929804045,0.6177622644179381,0.4503882160209664
0.3798195066617253,0.3042051306250446,-1.8573079106090022,-1.8901376575453765
0.05895964495066829,-0.5823309993948516,0.29726739898449905,0.48494244780573453
-0.8712682465084919,-0.8393858899141521,-0.7000821740348862,-0.9100222522664604
-0.654931407814015,-0.834634822519542,-1.4908142498941552,-1.2090804165356246
0.8338479497473045,1.1763644442461132,1.1162227054504879,0.9535682993465129
0.8405321280654702,0.3326129292667935,0.46075439737871743,0.2653009219387608
-1.8550054824896658,-0.8004605038900509,1.432403568828013,1.489507405340989
0.8383360179405045,0.5299180978946948,0.16377706805663167,-0.11041013694617115
0.678390137832318,-0.6871389605647781,-0.971701521485906,-0.8406009866330841
-2.451929470911626,-0.8130304008423079,1.9276839337065625,1.7338199257036429
-1.1571132619826057,-0.8508413029219446,0.1915675184298692,0.0780520179475574
0.5978052082531857,-0.8026185767032383,-0.33893183495217544,-0.3612103381369791
0.7866984274133372,2.1745958204233045,-1.72866111354243,-1.8847368760287724
0.7424045217485372,1.8988632942230321,-1.3915903993317917,-1.4498896287212117
-0.7217194235286869,-0.8512725471451515,0.11064597596069854,0.10895290892738677
0.8363448916703117,-0.04428119750389524,-0.30337724243845554,-0.42629676411015816
0.2957434521835755,-0.6473669980872021,-1.0076950953015302,-0.8500940898977088
0.8408582495467005,2.179833824112781,1.4711121061129544,1.5747865898659503
0.8395325505389661,0.7577455032640587,1.297129848164473,1.0808821117086616
0.83728837376296,1.7298542391675686,0.5728675881318002,0.6605345651948332
0.6483464904249169,-0.3724232074780455,-1.3771291956023461,-1.3656386872299078
0.8358654014153207,1.559007114751785,-0.5694453198449185,-0.6923622288661575
0.840782411454271,0.8408886751753312,0.8488823558454476,0.7124853417008625
0.8269795523367918,0.5336209739049279,0.2217955456229825,0.34541218536723034
0.8410401953162252,1.7858566123036916,0.25052618089479306,-0.003959291353172711
0.8153308963763877,1.184064558318345,0.09805247687812911,0.10500633476628142
0.7709056802346828,0.09748479475649258,-0.9511639769119536,-0.9919220256220589
0.8231501735901368,-0.47139138493264404,-0.5372537764892887,-0.3080501918320072
-0.9098087371855766,-0.8199748900491768,-0.9800962803870871,-1.00270421848997
-0.7827678070546539,-0.8302273145084323,-0.9586193211077539,-1.116557729195378
-0.7981909861976172,-0.8512529923590579,1.3402242978160355,1.1155861743191835
-0.6450127694980552,-0.8277867583429709,-0.25659151919187695,-0.1818803152578613
0.8409452721850121,1.1976717800974614,0.40799890276252665,0.17684607893896703
0.8191929651834083,1.0606460371597994,0.34224241650675535,0.22775403350826381
0.8339109871857346,1.6192425120807725,0.7983941792282333,0.7707560514904261
0.8090377493291516,-0.0073118137937467674,-0.7227209659339351,-0.7600069792612613
-1.8734934469887616,-0.8461183698384003,-0.9517036970894505,-0.7720854724457625
-0.5531750182386549,-0.8275525040471433,0.7014427158962542,0.7384355534893013
0.8319587284914725,0.7654971607520366,-0.5035161056817662,-0.5126276421745112
0.8104388370192415,0.44085712740176664,-1.0585991202786544,-1.0068652689250464
0.8407177716314418,1.96740249198628,-0.051187426793729264,0.03142145196371135
0.8108780646535358,-0.1983697644378247,-0.7040511703697394,-0.8713984980979517
0.34795523270229395,-0.6623059330705726,-0.4608698568089875,-0.22841687744513456
-0.5583210492648281,-0.8492564432487744,1.4483325483274228,1.6424994603973073
0.8386374916922362,1.6015118663710126,0.08136086213467231,-0.009003418119955317
0.7973642488909451,0.2383894980271636,-1.322721528902942,-1.477918330762255
0.8407953308396022,0.23015561852258698,-0.3508002851767552,-0.46548694475831165
0.7470760432989639,-0.7950449895403436,0.32854942658801145,0.45605103845573974
-1.8201643427132745,-0.8301584576423771,-1.1533555534697308,-0.9898465751003999
0.8356671810955121,-0.3402966276473292,0.5282797206078989,0.6388234415415615
-0.8223240609800684,-0.8509702790025817,1.211817566640886,1.3883816280295989
0.8323382779864505,2.4681979300841514,-0.7184583343074562,-0.7747856955519729
0.8366349427869711,-0.6361841993214238,0.39145142881101036,0.587818339850632
0.8401526193083321,1.9165568556391692,0.4740410287255305,0.38755576718836304
0.8274396345070655,-0.10570692332601041,0.4051489932137436,0.5678114653989799
-0.8806656761815929,-0.27175044032090667,1.020054322752228,1.0004938608072242
-1.232255793256691,-0.7652659502296051,-0.5679337185397031,-0.4288697287162521
-0.605420717901591,-0.8457742714608979,-1.1807754237031989,-1.082682756239083
0.8406336492764415,0.16172985072804216,1.0612492844840191,1.152336146939052
0.8389145396728432,-0.05457666405042012,1.0941267725675086,1.0317393155250538
0.7056063184305446,2.688215675960885,-1.672296704554031,-1.6592502476277213
0.8262816334207884,-0.3043544088228275,0.30240673769979576,0.113432453393082
-0.5107704948199757,-0.8507755176706756,-0.06596021146429279,0.10726217193504964
0.6227711699973736,0.949525545293503,-1.7309183260031977,-1.9467952713462948
-0.9607370391932765,-0.5590250517941778,0.525032305590747,0.6062737925290154
0.8318958918542767,-0.20053114746199988,-0.5272048842591428,-0.6351394853059393
0.5752820494097978,-0.8088829879511236,-0.2662288480525048,-0.06235709656399531
0.8407202622658283,2.675091585695756,-0.9967531269018586,-1.1042580617163653
0.840252619287404,1.8978718608559955,0.5706138833457474,0.6121175379994508
0.7611185858235692,0.15302004511838782,-0.7847534507935507,-0.8624107411787525
-0.7599631297286692,-0.8499413701301374,1.0058608727006861,0.8633826872067237
-1.3812993994624883,-0.8440535084829425,1.5146690294991128,1.682777088755943
0.8399906960408123,2.105033470946923,-0.7945376946825321,-0.8135248338096084
0.8396212295305903,0.6590082901006671,1.2958739862049224,1.21878443727656
0.8258020463700799,-0.5081148398895368,0.48509064832855103,0.5576121407940324
-0.05761245638015529,-0.7523179090647156,-1.0056395400069247,-0.78333606738475
-1.4516872194189872,-0.8498748323064605,1.7058014478428376,1.806132974924504
-0.554713812188848,-0.7510513390470662,-1.106368699705674,-0.8781097575107364
-1.5499483618369554,-0.7511305719979847,-0.8930558146319906,-0.7660469534336849
-1.3420029061859942,-0.8049982407114049,2.4261791355284004,2.345691751188665
0.8404440975071384,1.5969267636249587,0.27330186999039213,0.11991150042440364
0.8257337513393173,2.4583016021602635,0.29305886567864514,0.011639559550324101
0.8380979739339378,2.6306342292264855,0.39994149416174746,0.3610674884837446
0.5626469851198956,1.7496954683014254,-1.4813862435256975,-1.396860899953294
-1.5230755314154902,-0.7022643794571296,0.3391710425551785,0.2508543803506309
0.840342972254063,0.8053994995841383,-0.21802780224432539,-0.2121064872384241
0.8373610814588144,2.1097624929010124,-0.568728212504616,-0.8148407353589623
-0.016855805104943833,-0.8322445645745356,-0.6220978798098699,-0.5388016489436944
0.8022059151024459,0.22718998665927884,1.0130243816113338,1.2065901934453065
-1.0141926787528024,-0.7992921640588068,0.12866278701360806,0.3549411055503314
0.8403684291428833,-0.18119641739261133,-0.08052471869933314,0.14041137773839546
0.8361548520465133,1.9421648547302381,0.31490364498867607,0.02832415025063276
-0.514338365628052,-0.7834212208240986,-1.654333776049417,-1.6338626592736356
0.761926156978108,-0.5588233397721565,-0.5689314005619311,-0.6785014937061238
-1.4196484852725952,-0.7594954425238639,-0.8031303556435925,-0.5784257451770485
0.8370979343462235,0.7117539773785608,-0.8898705955837115,-1.0881234744716974
0.8068590552910225,0.8366620894496806,0.9787221460008404,0.8509587895225632
0.8287101407368431,0.42830159262293577,0.42939693422936204,0.35650635782205065
0.21902922931226534,-0.8513535921112966,0.9262280080148787,0.8843865073229689
0.840928367082968,1.7379306431685684,0.5654359200016349,0.5280602824077327
-0.07857123199529134,-0.5834757017910595,-1.3314863660591205,-1.2946151436273476
0.7939764123391022,1.2228230620702638,0.09403847472047805,0.09877023132444852
-0.587902964036314,-0.6691063446951346,0.24289152193157806,0.23065695937858116
-1.3459089907575192,-0.8204874751884782,1.408305356301906,1.3055658482090762
0.5087203704158467,0.3764435874884966,-1.713786082032313,-1.5875627649015172
-0.3206613789208001,-0.8419931686139691,-0.2909708412716262,-0.07664590855898795
-0.21470015271818838,-0.8410998488715302,1.7471579618743849,1.8354915758997248
0.43212504379174427,-0.8391174748567728,1.2055274692170264,1.2251466031759808
0.7293593037178004,1.3107181913341417,-1.878417940783604,-2.057046417509004
0.42284036304982725,-0.8374690438226465,-0.439620738732778,-0.31168802611645197
-1.3313847639877243,-0.849146974983967,-1.0154407599207136,-0.8232436459085504
-1.467711777951628,-0.7056557788157578,-1.4809036723614395,-1.64832013987595
0.03457272654450205,-0.7934193318966245,-0.23154529606104043,-0.11560595719167899
-0.7715660881486364,-0.8330855016987108,1.4039892436191521,1.5036515514215538
0.8144059264058527,0.5276905426733549,-1.0286244154388402,-0.9686167859594516
-0.5855039490242183,-0.8422495513744693,-1.3723870558680282,-1.205718155808804
0.7257742591381857,-0.6542931931247997,-0.9020927664700098,-0.9797587590105762
0.8290127277798719,-0.06748406581384432,-0.07131936893014314,-0.25554720444850815
-2.037950820186984,-0.7791049628247383,0.4831192871891572,0.4961398952059647
0.840692341626283,0.8875542516785797,1.1455324452053548,1.231713740076475
0.836860586777151,0.5845271218146099,0.2068377279421324,0.3795330186329796
-1.331223454700013,-0.7387507669388635,-0.9213459604738509,-0.9930102822029221
0.831904871365365,1.1745350378009831,-0.5434584307982996,-0.3563262147052091
0.8369788944616446,-0.451989972355513,-0.5463408316052247,-0.6057787640581404
-0.037687886957799815,-0.5558569601801631,-0.15436811744286424,-0.007958983657612027
0.7670936328925617,1.852122133727651,-1.879670240471296,-1.7391356209499824
0.8410658305779951,1.7645874809073236,0.38401306957940445,0.4056704605854828
0.8380934131730313,0.8604439500379131,-0.7922110223186462,-1.001737161341253
0.825486661296339,-0.5160602808953251,0.48426326918071283,0.4533015200009704
-0.674116248767102,-0.5536912541394206,1.4200910842402006,1.3189763067195852
0.8172274970824198,0.6885354470777606,-0.8414781133062934,-0.8336431475242163
0.712250844147922,0.7189286540194676,-1.4322797757066412,-1.3989429219322194
0.7632357277078181,2.664107063175854,-1.8006342771302855,-2.030550287755297
0.29482668183819377,-0.8226313980388854,-0.6082001148055217,-0.5498628433602412
-1.2601606933500926,-0.8495906956827919,-0.6880718862837174,-0.611007425819015
0.01201563837928779,-0.8111326391004278,1.6511541617366525,1.6738233682077943
0.8396350204779393,0.9188135565018551,-0.5406757472124011,-0.5331957092523044
-1.483197830828108,-0.8170339315484667,-1.1935047689016294,-1.327369199684153
-1.36585877429217,-0.8340126174765364,1.0686060341806598,1.121295278910872
-1.08150073465088,-0.8510475168135846,-0.72049396181822,-0.5424138713083176
0.8356572064306166,-0.19058592302158106,-0.6743558914312909,-0.7677937955343624
0.13505237943938841,-0.3093952995867687,-1.5868613938488718,-1.4923263309198822
-1.8417407941135657,-0.8261231123776596,1.6678139273510948,1.6922023438033498
-2.148803431271171,-0.82334420312586,1.1039202570896587,0.9671503288087234
0.8229836655659114,0.9385521001176534,-0.5976847834709125,-0.6756775824199042
0.8404254914905369,1.3818394944642454,0.5738811883811972,0.36080412190072164
0.8400304279685098,0.38790784951883506,-0.17668963893433068,-0.11081108688919634
0.6179999680966154,0.8983666401360665,-1.6623144124258398,-1.7048171071520366
-0.49326267740247853,-0.850986259652252,0.4108209776614279,0.27905161370623555
-0.9661044924272582,-0.7709568227803643,-1.028616409380304,-1.0037605716025515
-1.8741633804941948,-0.8489478242562429,-0.6651770892967561,-0.657804323371979
0.8412083978981538,0.8912218501023721,1.225176083012012,1.047381588158724
-1.738219130179115,-0.8389768919376006,0.15934620311108072,0.3765527758314285
0.8262558794640329,-0.4907599698034495,-0.5118695335681746,-0.6092394808028674
0.8055904880500877,0.19201579224514242,-1.1598193789521494,-1.0618665440486703
0.8347328936789168,0.5258451429744336,0.1213481544742231,0.27381702173753697
-0.7382925615729875,-0.5356275112743674,0.7358738623623483,0.7849183780754989
0.34037054599586414,-0.8298300556167569,0.25346992567810633,0.4523792878407817
-0.764373386109302,-0.5035536212204453,-0.5280532279157043,-0.5278491014407533
0.8078299063822321,0.6991631696786598,-0.7400168110794786,-0.7643101199806704
-0.6792947449567055,-0.8486962615919978,-0.3297332156030265,-0.4637463387661303
0.7825245480485354,-0.14834548042308235,-0.7610415083986852,-0.8023630370951456
0.6236453762594792,0.01781206124557992,-1.2634435212657622,-1.1324403722410956
0.840151149817882,0.7166241822036605,0.9979773806084575,0.8338319537354417
0.8390144973449338,2.593345047718526,-1.0792138985783908,-1.2066194010885392
0.7407492981391034,-0.6955755032343649,-0.1337126792509436,-0.10219161625273186
0.7461457170606167,-0.27881488208221145,-0.11997592266101775,-0.31304011862088305
0.48344757783069353,-0.5213387822550518,1.163702516372114,1.2260631344989055
-0.14957746649463857,-0.7436457342540068,-1.8048669948663658,-1.5672305496228236
0.5079920308924112,-0.5796033418142342,-1.438799261088429,-1.5056459409859078
0.8317094754981709,-0.23212575942361005,0.6751093450439899,0.47360327520751067
-1.7411378610698045,-0.850785471006991,-1.105533785951771,-1.1076972043114572
-0.28154797635940293,-0.8411503733141171,-0.7209547717488625,-0.888316614883154
-0.4473856168795097,-0.8503509826148766,-0.5274604428113924,-0.47028023870683594
0.345276396321766,-0.8500160758085722,0.679160102749554,0.9113280410937956
0.830132421733383,0.2604968821355254,-0.079256633976733,0.09513597529221644
0.8384693421628203,-0.33056723991965115,0.9756048797387983,0.7703210148219467
0.8005654931637298,2.186521907767017,-0.9887151284455051,-0.9492032306827679
0.8307895680231137,-0.6389480448647343,0.13537913913960667,0.24434581285738308
-1.9317772078792785,-0.8325921523811002,-1.036223943817683,-0.9501714552957888
0.8229950163363863,1.526697017806117,-0.41826285642612177,-0.6490231153077193
-0.9120443553965704,-0.8503857356811071,-0.08448090493696872,0.14417073050171494
-0.5681060203092112,-0.8390220461860257,-0.4837085247154415,-0.47096397302752474
0.8366453164865013,-0.05666800016468756,1.7776772896677377,1.6851414072171171
0.796516411800166,1.652023007944274,-0.8382172250299555,-0.9886474321746833
0.8412433042153956,1.3091327448544063,0.7289685558573687,0.7432582814390376
0.06090326352469868,-0.7240137016522694,-1.6108203446295728,-1.3790186450302049
0.6603888166852154,-0.475505093818321,-0.5767653023768211,-0.6573763040736031
-0.32362732117113485,-0.839406935064693,-0.503504511239207,-0.5276022157682421
-0.809823199052435,-0.7461727869526628,-1.1721188641383753,-1.1459173732899357
0.8357126836992109,1.8643477429231359,1.1522829987363352,1.242093045568077
0.8332814457793879,1.243581025417308,-1.127954110454377,-0.9980274091543819
0.837889587316928,2.399698221505773,-1.538104849731158,-1.768302184876607
0.4740343464733774,-0.7668517383120069,-1.18473678737183,-1.2983171129454552
0.14786346063828526,-0.818819109666147,0.6662453516013692,0.7679337597619159
-1.409236137866092,-0.7990691592464693,-1.1058981802518255,-1.2501420592591799
-1.7785416879404936,-0.6850391890512432,0.21320231230550338,0.4235936949559196
-1.5896241789536132,-0.8361540799888527,1.1026287962818513,1.3222385092001556
0.835377808857116,0.31140862842065997,-0.0892608957779008,-0.27053505045552556
-0.6627730076728315,-0.8480952603254274,0.7988040536873457,0.8291906461881242
-1.7602601988655697,-0.8383079393831464,0.11587439731233096,0.3002258244304553
0.8307655888814887,1.7742584507804804,-0.7815806564808349,-1.0194464307511415
0.24485909162753952,-0.8398922298001944,-0.7477557992149445,-0.49107082080689424
-0.17266800164332943,-0.6070674111394238,-1.5730111990749451,-1.6051911653171693
-0.2002218036268233,-0.8339914800666188,1.985680337055071,1.954774786789611
0.8220249434685086,1.538224401485678,-0.5894954865660627,-0.632545051517965
-1.0049960928297004,-0.7464875754717537,-1.2441827917612382,-1.0831100826871745
0.8391278881280886,1.4357161330932486,-1.0967979271847028,-1.1328809793407595
0.8412939496539477,2.620973200698049,0.710312728276496,0.7106292342656797
0.8350400988927422,1.489145452361424,-0.9216761970822342,-0.8579063244294006
-0.20192417762664955,0.18738513252461012,-0.9939875205171521,-1.2103671214865972
0.7547815337730923,0.4636191165038193,-1.2066128630430795,-1.3195920155702041
-1.3776204612278349,-0.8444438990623099,-0.45381340876967075,-0.3757488258666502
0.8408420081360765,1.7267014045460425,-0.28700243849655743,-0.16417767908504274
0.7855896448860027,1.760024435663597,-1.3719131797413984,-1.5760854880293467
0.8380504366693861,1.8704149502339806,-0.14813537391562517,-0.3970652972836193
-1.821174183884943,-0.8513480692792857,0.7715326305944221,0.8082872094649324
0.8373569367591039,1.7964781840203026,-1.0271763383808987,-1.1843093403147857
-2.1104186989723552,-0.5305221388823649,-0.4509706956235244,-0.18457032810314108
-0.6925556444817943,-0.5835356727310366,-1.804420152755619,-1.8200345020533917
0.8391458251224891,0.28227406561189133,0.5998908831165389,0.7924652986870588
0.8408774584305906,0.48521819297393987,0.372705879888296,0.18712904328734248
0.7425513624851996,-0.8403404938051422,1.2813158466201362,1.2942410832403481
0.8407330336749882,1.3954500640851393,0.702914033102746,0.5885744890615623
0.8059124471952086,0.0076180321667285835,-1.3024183878232216,-1.4387058807486743
0.7789278590204246,-0.1309245289566116,0.4277764679038133,0.21250891321397347
-1.5822661070918767,-0.37031520129772855,-1.6552501432585451,-1.454325966989423
-2.1492098174431744,-0.8469242826114444,-0.2749274737532005,-0.3489376561715145
-1.5822894780884214,-0.8002419735014931,1.6958320128322861,1.7700453668927807
-2.4278369226812537,-0.8473320903803289,2.2064606332969294,2.3487714360814524
-1.7424154728361372,-0.8445316464409501,0.1498278700051511,0.39943856604436095
0.2884082637658315,-0.6324540873016629,-1.5353017960997817,-1.6734013181049603
-1.9787856581633907,-0.8395620872289064,0.22348867752610205,0.1647876988818726
0.8258946747398794,2.344854312805242,-1.3920563765197045,-1.5196455996365459
-0.816302109591709,-0.8507066843002574,-0.02269075602771462,0.26668117059730995
-1.5763411178132514,-0.8014173362457864,-1.203595343891035,-1.1621165205492394
0.8355229214853999,0.48025509298591734,0.022507444205297083,-0.022832573306959505
0.8407064773161315,1.229013063711384,0.2758980346694012,0.16726038412224883
0.8350363165740342,1.358183159960783,1.3278721607062713,1.1164783690042535
0.8145610214870161,2.7281996929470465,-1.8443289888685501,-2.0990953057219546
0.773337915037319,0.5177943137876816,-1.0992223713690157,-1.0662976550471486
-1.8051094626206508,-0.8495495028896659,1.1206175131570433,1.2251792909008616
0.7626018902658629,1.5084478438911355,-1.3778967026025375,-1.3907916716281015
0.7626716697384806,-0.23309044388569927,-0.06492499875599787,-0.009112816461380785
0.8288599497087881,-0.5948218706001733,1.2825231451790458,1.491378097593239
0.8222198215314408,1.030172978495097,-0.9489860243823545,-0.9553507452703004
0.6097074331692911,-0.8420544913527165,-0.8833263795348061,-0.6482780974617625
0.45147165115473564,-0.6025353778583206,-1.4246867184884107,-1.215125728091278
0.8399818426910888,0.5519745928566513,1.8517145431457787,1.7294516360757106
-0.10824626845947616,-0.8015079227885882,-0.03640755403961282,-0.1320737301219482
0.8301950741586459,-0.2710129267104929,-0.020293878442716826,-0.07580775607911036
-0.12276695000005919,-0.8151387682412538,-1.1372102458576652,-1.280293641403679
-2.2643617794820945,-0.8508177346359042,1.2503530056608123,1.4825409253622925
0.828042141819701,0.6692443082624866,0.5064500812105276,0.2319175984496197
0.33254052047916355,-0.41832412456884255,-1.561202821451817,-1.7239800303076878
0.8272484150210496,0.08205678347297699,1.6671103319839549,1.780385851466457
0.7940149891653457,2.553501361348268,-1.6475797385826405,-1.6631043261139018
0.803799059688466,2.0391205725411203,-0.6316378354255116,-0.8790404856186848
-0.9240056797525164,-0.8498895697460161,0.7744429126847368,0.787039798095065
0.8398771105131607,2.3742008977880364,0.5504099723048619,0.3777475546279865
0.8386455466570054,0.2502192033397698,-0.748178240943587,-0.7028693098845419
-1.6096169535743887,-0.8219982615631565,-0.09445479911895116,0.08864710461411113
0.8174089339216464,1.619384925066333,-1.2303760265560137,-1.2021397739545656
-0.9399280493626712,-0.8117579080910104,-0.19907845682292266,0.00026751323630744815
-0.5497048009295623,-0.616740519707111,2.201307142561377,2.169243312601198
0.8300770583295143,0.014541228116495677,0.7961280410792024,0.7439082610293585
0.7842011120138783,1.242855868006205,-0.7644362599973705,-0.8374123982398375
-0.5757305410200388,-0.8497398152088961,0.12289810362893461,-0.011327756914892287
-0.3959709975272819,-0.3339758847384513,2.0031490238663445,2.0114629999100564
0.7736183063124235,1.4498149749652274,-1.6304510333291773,-1.861454746396907
-1.9189178335835941,-0.7867906476371981,-0.4569553315710789,-0.4468422314110651
-1.6016593278733648,-0.2850425763686463,-1.1352672247203661,-1.3145284361663239
0.7849447031998505,-0.4054661882418455,-0.7187378029924902,-0.8155786882038285
-0.42869303590860935,-0.6147547961375665,-1.6209370209857132,-1.7819135536567963
0.8341212019385632,1.6988662598728872,-0.34241314845591986,-0.2252649093606989
-2.369989982328395,-0.3950946121393041,0.4270694041484976,0.32072264335982215
0.4059800613055951,-0.8154368961227051,-0.76597303756489,-0.684871929149464
-0.18596517304987456,-0.8033171571360733,-1.5858963133425197,-1.5488313742786004
-0.5830401644201584,-0.04170069021883294,-1.152749354843261,-1.078714710784954
-0.8467405602396626,-0.802411594342227,-0.3378781960071618,-0.3568161504157755
-0.7488823660980731,-0.734607071307355,0.10150427046910494,0.24058168555093362
0.8161105069142536,0.479062012041486,-0.8145847054120162,-0.8061589165130526
0.8399640835826943,1.7579497019130834,-0.974320681574112,-0.8640931976644292
-1.347670530182838,-0.8506616064145982,0.5465645094693643,0.3890907749218615
-0.6018458718441693,-0.8460915436714045,1.084104305349488,1.2052473521734666
0.8407451221636638,0.40038638855596137,0.5595901571910845,0.7486713891310884
0.7329749257854445,-0.6766798107773068,2.1663457529268135,2.2683372623624303
0.8399199151183873,0.410103212975388,1.8940592883645853,1.6394940638609068
0.7846331208755928,-0.012773940977101375,-0.9279366867724343,-0.9105163405911372
0.8394611356387339,1.1927374839682146,1.0631017569523376,1.1232931360438276
-1.3318969944109382,-0.8105982140291859,-0.8777167426428713,-1.0507041857357642
0.2987581782569714,-0.8501406264107139,0.1309867251938546,0.26774737938720816
0.8097925557677084,0.7990404963607293,-1.362961439859276,-1.4979976986581807
0.8407998630370277,1.3557608607485478,1.8489514132991762,1.7686595762242527
-1.7740431047174645,-0.8242996331898852,1.4256509666047295,1.6645638662513464
-0.8804444514039241,-0.8480991501003652,-0.31858875662020714,-0.11189664436361206
0.23632079264872705,-0.8367667335182949,0.6296625847002664,0.4417623844148354
-1.4704884483178486,-0.8514865026683556,2.363935770342044,2.2058927172665648
0.8404304017903177,1.2319679296460218,0.733132430349358,0.8569979031814714
0.35636642862822104,0.37301703678547066,-0.7931308870544256,-0.7022674636327103
-0.8674394537245144,-0.8456034894220241,0.9523989648431193,0.7963971641854184
-0.42022590946810356,-0.43763772224951264,-1.248165172942152,-1.1377929824459998
0.012497396771566329,-0.31114379557542354,2.3901301761278337,2.5666906392646958
0.8368504145757061,-0.3099237508864237,1.6972369656028892,1.8512145111739076
0.7705630916069339,1.235448381665718,-1.01074745831073,-1.2306136371969225
-0.3296020288434318,-0.8202925181621239,2.2217184305409,2.1766827742260415
0.8227758886060408,-0.16497938432412643,-0.4495223910311716,-0.39109169193699184
-0.3924669479404596,-0.8494221866704452,1.1435746680537808,0.9768690339228497
-1.1683229530723722,-0.3815042795509883,-1.3086292007309546,-1.3089203711198354
0.8336112589652589,0.8111932135353435,-1.019418963137829,-0.8671272832922698
0.758048990058131,0.29766377070682304,-1.2912038760067777,-1.220744242968576
-0.6574933731990303,-0.812535484786191,1.4043075017091777,1.386887081086476
-0.9640318269673607,-0.7770443387387703,-0.7855342117593582,-0.9813993187663163
0.8313856442218575,0.8547473390658675,0.6526014112381314,0.5914606674233956
-0.35195158858499503,-0.67208397893261,-0.3090380943542881,-0.3913452155717942
0.8068108888385483,-0.2838707589826644,0.148733726631669,0.23602779857603767
0.11927054303123755,-0.62518636436283,0.3331514673877818,0.3420234636718117
-1.938431273353757,-0.8481937318738858,1.4548800787026592,1.3151246326326782
0.4583542556678255,-0.8234330089027235,-0.8588449526761827,-0.7551418061539962
-0.20350064598109274,-0.8508710480722824,-0.1842143464409752,0.018566326390669664
-0.41319670535458297,-0.8312215209226618,0.28927346219823774,0.1276675847572583
-1.9757652157448065,-0.8515174506759713,2.1119682918587275,1.9796688302648093
0.6547179605916623,-0.8448648635427148,1.072235937772382,0.8892037677160365
0.6707695448565717,1.1952857895859992,-1.7848218603102857,-1.8787898532016756
-0.6905439817440636,-0.8494845629074712,-0.6654425481530408,-0.7905386920998148
-2.2756323321332417,-0.26831946717433086,-0.3907072813929681,-0.3366412313051492
-0.6902480190535712,-0.8428627568257546,1.6149356748507535,1.6981428320516523
-2.3922960450402417,-0.8513940044249141,2.2970510316445996,2.249033714918887
0.4289481939880862,-0.8095940994478692,-0.4395821036184282,-0.3611928232717879
-1.3557824830108418,-0.8470297755695265,0.29343406336815153,0.18800444056055493
0.47793879286208046,-0.8283163844859321,0.5671532427810545,0.49504068517557603
-0.858271026922086,-0.8329279414453601,-0.9809874413388606,-1.0207054279915702
0.8046219850142999,1.8818654188605939,-1.288104222213885,-1.4681330636757126
-0.4646976770483293,-0.7515313488699216,-1.3361379325133464,-1.2013011479013782
-1.2323484300800729,-0.8475723600034565,1.7663981874300028,1.7151023324315189
-2.5473245777751248,-0.8428769245256272,-0.6506981696126426,-0.45401893993429293
-0.7631624339619512,-0.8364613997434881,0.3942368870224462,0.48354895492975764
0.4391175673382534,0.10053776308171218,-1.667548969921573,-1.741252921097977
0.3849806438859131,-0.30009915810473553,-0.2575881089375373,-0.1746348788999334
0.8386986492193572,0.6683156694569748,0.15869059476589806,0.06528122157258352
0.596037500169865,0.0673156039585952,-1.4378299557677494,-1.2834611601763353
-0.19016319849679078,-0.8515037693236022,0.8816185777482336,0.924094343396258
-0.15487481254834504,-0.8507843187582146,-0.22782124603420895,-0.15425740483866482
0.5874798610272448,-0.8094281354982652,-0.15701100705560722,-0.34518367524286814
-0.5987605702674939,-0.8429713778435167,-0.400040534593798,-0.18728079468634698
-2.538695825592322,-0.8460361472470131,1.3981131497671588,1.4145122689152725
-2.1303925122823464,-0.842745208726706,-0.4493889161107783,-0.26671334213249165
0.8014538144650188,1.112679378141581,-1.6279252515702325,-1.4830678912645339
0.833974210645509,1.0827938564636235,0.023769837199809667,0.027505115180994445
0.8195697141373317,0.8395421988068046,0.5868555464855167,0.3365015695083378
0.0935377616969722,-0.8472077630304186,1.938933947496075,1.8389768310403072
0.5135709764673007,-0.6788270268037516,-1.222330991823735,-1.0654335553725223
0.8406126193990988,-0.048996849009134764,0.9068141116939131,0.8888260074062567
-1.6278269693122775,-0.8178410238966558,0.8122975724509435,0.9394351289255191
-0.9433791590880949,-0.8453707105869066,0.8107129719041245,0.7610431813567886
0.6260613296442045,-0.28450262977030644,-1.4717595461760276,-1.3695039734819343
0.8364157273342572,0.06739260376458397,0.1058692144403154,0.29256043546603716
0.050345855375875735,-0.8510915860477932,2.1334229653676,1.9061473155449622
-0.12603160130007046,0.18570304079824013,-0.7041372897927582,-0.5575288389735696
0.7338828132020624,-0.32263530520766454,-0.40958611746266027,-0.4288434287543962
0.8412102272396837,2.0085095136173323,0.31031757352508677,0.33418172189055606
0.6515319380653966,0.7739725070406757,-1.1644628672073698,-1.3070081383071737
0.800887518329723,1.4696474796845231,-1.301574709098153,-1.3922876505011654
0.8343239070696965,-0.28837968196034014,0.60325463691536,0.6094475126032668
0.5313911777847088,-0.79429022781409,1.1314315585050276,1.2429432653694596
-0.7324171244000173,-0.8515083595329547,0.7918849008960264,0.6979028900813192
-1.5751238907524707,-0.71574336244625,-0.4347678768479801,-0.5310782239520679
0.8237495681183227,0.3619532845119893,1.0784174488235796,1.2049589096062352
-2.423059256299796,-0.8048510031018113,1.3004374854288923,1.4757286754063403
-0.33716641989536156,-0.6185610639932686,-1.8003711258122042,-1.9616406901884844
-0.2893661636747377,-0.847295351756562,0.6864295368996578,0.6140900384014104
0.8404826959779171,0.2603588657733814,0.804267280712056,0.8664833876776352
0.8030508246710216,0.3864327382904908,-0.14501410860560573,-0.2496000796631576
0.004424499695801929,-0.8281709344889202,0.14332963823894548,0.21947617378901857
0.8411577741120477,1.780161432801228,0.6136825793654332,0.7518576954405785
-0.04256959006953049,-0.4193650802237729,-1.0533350948360691,-1.1142960564041682
0.8086711170234736,1.038824606077252,0.9736546995561288,0.9348290675719924
0.8346370907022557,-0.04033729425701587,0.48125632224301457,0.28042345498205606
0.8004093166737629,-0.6264050287485478,0.24040088354331868,0.10606946375841628
0.8410650435411259,0.09130112529619383,1.1931077473580392,1.2602071947736813
0.7970117261484714,0.3318377205821639,0.7941684678893616,0.6131576394750436
0.8409207848064056,1.733224590086329,0.8775177565750326,1.021166390146226
-1.4908035193207274,-0.5981857542213178,1.1149713739053604,0.953736653992864
0.5957024698700809,-0.6832894591414905,-0.8007752924139171,-0.9650673038935699
0.8325072987127342,1.2319829725450602,-0.006420953179565436,-0.22437686931669146
0.8031252539482532,0.005714240288637022,1.095890066522911,0.9814278675012753
-1.592739567527412,-0.8488471821516498,0.8999383059485758,1.042867427745996
0.6384297615216338,-0.7754314920320815,0.28821637111899406,0.2297460317359731
0.8314874512258581,1.830871092118842,1.6425071653466568,1.6546627504692342
-1.1352654727728477,-0.795936336862461,-0.6199919220244977,-0.6791564237285292
-1.4039458484351104,-0.8423013622899345,-0.06584842818892458,0.00939402125994596
0.8343148232383641,0.5631918890216026,-1.1071421178496417,-1.1799007043222065
0.8285495539101466,1.629190918267714,-0.04587272380988142,-0.16747274217831595
-0.5726995404788234,-0.7346300306467141,2.2383278079165563,2.1711466559973953
0.8406669961331729,0.40642136744685714,0.3946069404538112,0.30983974360035754
-0.7542296580684704,-0.80048754201461,-1.2786269830910868,-1.265872631810725
0.8196816046299108,1.1226571730358939,-0.5947015248487568,-0.5249366721466726
-0.26126306676335453,-0.8421367355180337,-1.0713628706922456,-0.912506035834445
-0.9566416407194184,-0.8513335131414034,1.4019859632620966,1.5113112198313379
-2.135154527454672,-0.6196908890019096,-0.823709569467995,-0.7707510817900595
0.8347871166180468,0.7872268608545518,-0.6382721057049924,-0.7292444754403302
0.8267931052351393,1.9101780949472693,-0.9921834914861511,-0.8774203132653777
0.8340708884454517,2.0018202485588583,-0.9749900635797814,-0.9799092576784509
0.7267114292737762,0.4183164275923974,-0.7516496729264676,-0.7162634544639432
-1.335094042808929,-0.84961882469486,0.34221873383960877,0.3272904655754419
0.7830170252950596,0.6126677467290416,-1.484506892709264,-1.6472545160847947
-1.6109237306647526,-0.8516386800941567,1.9668295860552263,1.8348009758639792
-1.3091463401145753,-0.8387884492618051,0.3859894149744708,0.5902141627357069
0.743268532436868,0.6906794783206707,-1.3989597576674417,-1.5929695921683102
0.34891867262550075,-0.8475837628208011,0.34062452916043934,0.2914462365993808
0.818282831776759,1.5869829896667411,-0.6144298338014881,-0.5246236493443692
-1.0793359981249664,-0.7306857810347147,0.7468759747985759,1.006310597164672
0.5778343311249408,0.8886879023384265,-1.6612214632279738,-1.5835046532811177
0.72611225416411,-0.3267736715896282,-1.2758858096308388,-1.3662219857895248
0.799104467505089,-0.04659209692642175,1.1248145967938605,1.0633010545140813
0.8405514433929665,1.516316124897767,1.0885805064249978,0.8495114858803076
-1.3278984051183795,-0.6391999855615715,-0.3089516598725302,-0.1650973423593485
-1.6042843214366,-0.4208071499482625,1.2645840207663013,1.4836958273575445
-2.0798827930518704,-0.8500628001141737,1.5779490158747604,1.5539498159600293
0.6229578005227907,-0.6218248799489189,-0.9017840144851266,-0.9368710043383354
-0.9635806436823243,-0.7081987089909069,-0.2503355449479566,-0.38147660276736856
-0.026142769273295948,-0.7543960792004479,-1.4307017638287813,-1.2003099561893422
0.8412057646981662,1.1262542363775352,0.6810868337611351,0.5909502328322545
0.8321362148989888,-0.43430232598868684,-0.34969810745151503,-0.25925863501433744
0.8283774647122348,0.45448870334642927,0.21027096233754242,0.3439783603336204
0.7988570551156563,0.6495802895853551,0.5769014694795362,0.7012183891206848
-0.9480238818947885,-0.8457312694021302,-1.2180605775265183,-1.1200820515411165
-2.170802920756367,-0.84790744221974,-0.7375869978753682,-0.5462681477012034
-1.2665958669530206,-0.6877699762470919,0.7346984943331367,0.5166510201188965
0.8407950430293958,1.4994904322760239,1.6870781938395214,1.4332143422821813
-0.08923296215050398,-0.8502892101765394,0.10648536461483897,-0.07113727405036503
0.7737683625706073,-0.4885838251633062,-0.38658254351347676,-0.3267429761982099
0.5963910000732265,-0.8061128302761036,1.758205849090128,1.7564668322519026
-1.5748772227336354,-0.792224958538848,-0.17019002138431769,-0.2752765878094116
0.833111530387621,-0.42959804345961383,-0.6613084285069202,-0.4887938688076691
0.3479631088988959,-0.8075774727061054,-0.6130755692130825,-0.7927782522372392
0.028187045906594745,-0.7374544067638911,-0.8951463618503198,-0.8004381902632666
0.8281537716760885,0.6581616544117468,0.307221868077961,0.4015843397101571
-0.32500722274651683,-0.8138886436945287,1.4809414676918378,1.6094353250415723
0.8401077990409116,-0.6191071183285228,0.5144072300786416,0.4589469485371267
0.8406388843749142,0.6845624247053045,0.006691004597595212,-0.15568698601241496
0.8384126872048095,-0.11489030144847537,0.8801107998929003,0.6616943366182485
-1.8629661776850996,-0.8493240225096222,0.7879265997248206,0.9537324892754074
-1.3149583267556562,-0.8489693761641471,0.07001402127274077,0.02222947844105829
0.6859780018983052,0.421118180184221,-1.5377882100215032,-1.573404506022649
0.8323525256405824,0.05198405419972638,1.166234071135808,1.1048874331389242
-0.5511750437137666,-0.85054198635774,0.6300199834191672,0.7855973131667873
0.8362355204553655,2.4553555623843284,-0.13242069330822104,-0.4121034524692982
-0.07373044507787345,-0.2948626121209535,-1.211458201492617,-1.165110748327731
0.8363090513375887,0.8978451779259884,-0.20995148130600486,-0.12530513654419118
-0.9441885384900764,-0.8214979440655215,1.8617391516513782,2.0108400941620204
-0.94813468539968,-0.8494697680462743,1.5596729330753858,1.4258095350320767
-0.40106776604566424,-0.8508314232494254,1.1957910947646442,1.371472981311769
-1.8563329118313394,-0.7843650860337671,-1.1485857683874148,-1.1300029804154976
0.8386934134956427,1.3158586726110015,-0.13687340366255688,-0.3393216356032237
-0.25299456495396094,-0.8124526732567611,0.12143334621642024,0.30643181992504565
0.8261608184260162,0.5325011365657728,-0.6616732451643706,-0.8374014271647345
-1.6076141284747616,-0.18698314690747073,-0.666545730910366,-0.687695726044701
-0.7199248403688768,-0.7824802828538991,-1.254221670563581,-1.0184640130243878
0.769881653937984,0.6924155275110793,-0.24169086405974927,-0.3611555769365574
0.8390995555219272,2.3609375582915133,-0.8932079397471547,-0.7980339625151021
0.23593865892033578,-0.8498481099968426,-0.48498736504184997,-0.5785353220600779
0.8388393659938662,0.32396526170341267,-0.14113906745713378,-0.175621043483838
0.8384371919300031,0.48206353004802394,-0.43097306297081067,-0.4223214736251069
0.8365176502730004,0.5494333590533622,0.9140333699955016,0.717673810015321
0.5327232230770427,-0.49953804232519355,-1.4408171139623773,-1.4962360378827573
0.8280135315582082,1.136810006658587,0.1360919315632862,-0.070928221059485
0.7309878092062582,0.8532925333775222,-1.466090169124617,-1.291746258661336
0.6751748579846031,0.8041433076883578,-1.7572655702846327,-1.8643388118977464
0.5999680394502354,-0.1554613436478174,-1.1346694288934458,-1.246198898829475
0.8388508817434304,-0.38429698414810304,0.7594207259277805,0.5174908479059177
0.7914746027618811,0.8762432852598481,0.2144003100127916,0.0893454604771939
0.8170004340012024,1.3157050077070895,-0.7296747959600811,-0.7928366122651331
0.3422617550140197,-0.8427050818535617,-0.08045943052036954,-0.14861030070522838
0.8324770160876366,0.7984370304802884,-0.7674424648747493,-0.818314713706437
-0.47926827515114356,-0.29671135451978803,1.3279144223042925,1.3025290751541256
0.8314763857667336,-0.3247298292578871,-1.1124640039187526,-1.1634533442818304
-0.8035055180687223,-0.7955841601070762,-1.0157828718829411,-1.0442574631421482
0.840783939032371,0.8455446573544139,0.323304257468725,0.3775731477918799
0.47895969415626466,-0.8506195404306419,0.797807671677515,0.7829652345731721
-1.703218414964199,-0.8459488694738546,2.11446178510482,2.0567537538704106
0.8405627089812497,1.3278426667182677,1.9855533716592009,1.7487306531448925
-2.6824141008656923,-0.8165245536166512,2.045227693357419,2.0877304993034325
-0.16333783169728797,-0.8006539048179961,-0.7417879694120694,-0.6527428643737058
-2.6519667653961254,-0.8478694268732478,2.5700864919373174,2.3977741700563127
-1.2510683583135398,-0.8476297236913934,0.3893269441852887,0.32019740204584196
0.838642246338153,1.4700001084593068,-0.8442869863852211,-0.7420871726108883
-0.6278686394151961,-0.786262730432982,1.868061499457919,1.9326822968299828
0.4234679676265137,-0.7104706594216214,-1.0505318138043196,-1.0539736970775317
0.8412086148956524,1.2036554941407283,0.8899155246246068,0.6466929362670747
0.7479501037455101,1.1661919756583454,-1.1749438495970126,-1.3362548305593729
0.8040064174445919,-0.5407240782913479,-0.9268898404849131,-1.1000947460413997
-0.21080940191978892,-0.7919078459882974,-1.3382490210290034,-1.1939862490752533
0.8397961538739165,1.134470656013263,-0.5050831165437899,-0.5235222862696496
0.8053305229918466,2.6695490418097685,-1.6503571956182814,-1.5175231644445253
0.8255185906754934,0.0417416565747587,-0.7218576844911939,-0.8795614757388187
0.8350032499165534,0.5579886687188753,-0.7612889846899366,-0.7061630351651905
0.8409417178095839,0.3524279404776649,0.5238284116514388,0.3806413830128444
0.8288058259608336,-0.5883069122751685,0.19257159824113676,0.03334891947025101
0.24241989774674977,-0.2792643121038503,-0.246321482829576,-0.43350866801666116
-0.968080488172954,-0.8472866748556092,1.3888954755328435,1.611614756836549
0.6504280184663868,0.9895363191981541,-1.3083345488285323,-1.442265978365188
-1.0024419988863302,-0.8433717622187308,0.2864881977860463,0.3000405385515285
-0.6518386814782626,-0.8394310789336362,0.9049251016351125,0.9257087342631735
0.7831772128994056,0.26188693782627637,0.33982882042345103,0.1268051043985609
0.8302019786658418,1.232446173734054,-0.9931264806894119,-1.002909869932286
-1.5884153309511093,-0.7515061119393269,-0.9424761035047464,-0.743476743820446
0.8115753632479189,-0.5011918662921866,0.5232234045642141,0.5128983046541187
-1.8635012307289553,-0.851420768680428,1.3860210440180494,1.4397868047061586
0.8338415459059402,-0.5530005114663672,-0.42304955459565274,-0.22803537655231396
0.8100016589878613,0.2706393866423792,-0.8524723318885338,-0.75121168004255
0.8192302067720901,0.11150582070199011,-0.32136650354284513,-0.2535186109131596
0.7286922520702013,0.5811188654616708,-1.547966716748742,-1.4327185385674515
0.4807157495621465,-0.781429149184042,-0.7814234792748568,-0.5610115174095149
0.7503025382061551,-0.49069556420521715,-1.2206044558182179,-1.073313518102911
0.8187835626125337,0.4118312293095575,-0.2477897796222072,-0.40155648557853085
-1.1019504503257447,-0.8504253119013874,0.26259835319292707,0.40226515062020296
0.8357722188587415,-0.4397410367091034,0.13875280973337165,0.2274777491491659
0.8322525207235572,-0.3582181937842663,1.5626864183288205,1.6852193293667883
0.09151676770270221,-0.6801025330741998,-1.214898497993092,-1.0073834213691257
0.7959935018774984,-0.3736082138949585,1.1287473945814386,0.892262756213685
-1.66714074089005,-0.8515027989782932,2.2001536591181927,2.3297167593823
-1.6373958282726049,-0.8476365738311552,0.1235831226579905,0.2620477634604623
-0.8534531614003525,-0.840945007946826,0.02598247433445286,-0.05558846693141544
0.5991273143941458,0.7016573591090157,-1.4479323213651585,-1.488374163111937
-0.32092677626031074,-0.8494732733063642,0.26327288848742175,0.3139695497876544
0.3782605549706066,-0.5466965316142514,-1.305429038573693,-1.2124096154579191
0.8220863218902146,-0.6107315796683062,0.963258645523453,1.14865125192901
0.805470532029161,-0.28046653191687726,-0.963565827211379,-0.9266036971534272
0.8398052177486035,0.21953873211233652,0.5161084753875667,0.41861798709112796
-2.0226225111517016,-0.7278504184538741,-0.581931644508818,-0.5946310757242447
0.7017225443858234,0.3891650179159435,-0.9462724714810054,-0.8656750712759191
-0.08219738090738389,-0.7789558659727924,1.9705967100356099,2.108791815235382
-0.6516902314148303,-0.5249452499609828,1.066605001455178,0.8587423542190923
-0.09638961120398756,-0.8363538311605935,-1.159692884557983,-1.3314211776197333
0.8282873908195814,1.2145354759650193,-0.7007992308406221,-0.7767825899066506
-1.7925586367546271,-0.8442986931483565,-0.05613151464576043,0.1538047650476073
-2.2341014055351613,-0.13793550468864138,-0.6190451875206362,-0.376920019114577
-0.14654896885597235,-0.8513261423802696,1.026248214835526,1.0632997834103262
0.8408507231667591,1.4938163486777696,-0.025180627642076087,-0.1724340710159635
0.7752420497459928,2.4123713513265956,-1.3603958936295266,-1.2969081143631036
0.8387113875071751,0.5719759943000869,0.16211184026161926,0.0273850747066043
0.8349624403308317,-0.3633952258378511,-0.10964208038110113,-0.06757604224262932
0.8209813847962246,-0.17073494842325773,-0.25768567144390886,-0.3329092172523377
0.8390774216088521,0.2070597755971719,0.7689133974511368,0.6966710558653985
0.14577362460778784,-0.7440268819289969,-0.06608695090351065,-0.08483725286892613
-0.9909044170028284,-0.8503080518408627,0.34410809864630115,0.170087395986214
-0.449274785425457,-0.8506984746212594,-0.4032895294791888,-0.5172790129207421
-0.6442455402324057,-0.8504565932461314,-0.2574211569227695,-0.080314371087091
0.8394352706456459,0.5454265536513564,0.1888295549312109,0.32417139866690486
-1.5726559866227419,-0.35867875263870164,0.4562892038032655,0.34679110616550657
-0.3206346353101847,-0.3947300511369485,-1.557385208587359,-1.671511709975176
0.8396037494671387,1.6696855100315389,-0.352831143952496,-0.515639419323354
0.1075827631866945,-0.8496843687339869,-0.39668932356527997,-0.22793206145860212
-0.16058805515876926,-0.06280566922423747,-0.5743435417317754,-0.6246163853244672
0.6277227633752066,-0.7960449755957566,-0.04067265821395517,-0.053374172269871116
0.8046455274987948,-0.15112830642977254,-1.1610848208059241,-1.2898572983273209
-1.576043925714284,-0.8039159346859073,2.219667098107262,2.2012278798333527
0.7696014529053942,-0.2618323438467128,-0.6406174971659548,-0.46866970670244085
0.8284540604263797,0.8501657527274673,0.2970560216507127,0.16911433189709943
-0.25895489494984003,-0.8208379345309975,0.6642300864790679,0.6563631092040523
-1.0575723856685217,-0.611620404695825,1.234108740546092,1.4754893710453243
0.8219833638082426,0.3828348400746603,0.857465823669739,0.9052900689129112
0.8357280123413172,-0.47714640496597,0.038789087293167705,0.02689051285310175
-1.709744593761628,-0.8441118482881412,1.412171478022899,1.3680243456204495
-1.4654700567096353,-0.8498246244138304,1.5846012643538203,1.4793284852940694
0.2987524890527796,-0.839563326315166,-0.6852249254774239,-0.7046258689346206
0.6433282084164124,-0.8409847425404708,-0.7449783863711271,-0.860094362515103
0.3060145644571965,-0.7395438649362548,-1.189048980333733,-1.03352035872032
0.6039851156084177,-0.7593654971088268,0.5396135502765463,0.44066532757623234
0.8412800365804114,1.4180501300930677,1.32303084550836,1.4293441720104583
0.8297035965637852,1.116931932313914,-1.204971694889158,-1.2897212954073178
0.8182552584544089,1.7467499114714997,0.12305008841306862,-0.1525829126698762
-0.616728791439964,-0.5341074420201786,-0.4391631992161712,-0.28036995142744014
0.8407657177530701,1.4450177873514816,0.12840499163867794,-0.09520289267309238
-0.8654402946781258,-0.762950741651537,0.5709424670382324,0.6870315764341361
-1.702743717157044,-0.8137651781389724,0.606529739733115,0.702811968965051
-0.7800893345373556,-0.827516497360575,-0.7909808701411787,-0.9030471650395053
0.1131801932010736,-0.8059752456927135,-0.9199278878814151,-0.9606342437592814
0.12116670478110877,-0.7942780132990168,0.951773221514495,0.8484154203280988
0.721461709430649,0.8767605327522769,-1.1727600617151968,-1.108321836975563
0.8410579293656439,2.0666099681206687,0.8576201485290151,0.6308957604031507
-0.19071819319028874,-0.8420290631879258,1.6593602423110723,1.773976404494661
-0.7471882176492055,-0.8476818500337258,0.5388397589079967,0.6550481370805068
-2.126030988550009,-0.8484518447610426,0.29368818946850084,0.20842093269254508
0.7965524398764077,1.5888854465161835,0.09950949042016571,-0.043474211463514954
0.1795395904531363,-0.6177760174953877,-0.2984330957972839,-0.3357198712432055
-0.5840797421446281,-0.6523238102024199,-1.5409030272219373,-1.4067667055964392
-1.7535561407601339,-0.8382330359725585,0.16474502944087227,0.16530153036724948
-0.336183107525266,-0.8482532144649673,-0.1857512297926935,-0.0074608175643556315
-0.47032638315397396,-0.8506714027845357,0.30662387731641577,0.3603932329286798
-1.313880096485915,-0.8020222462160498,0.42298422995677887,0.29237776745264854
-1.8162443540682998,-0.835840544138604,1.1501217320228891,0.9595631918109707
-1.8074835114914902,-0.8174852207092839,0.9028368458791823,0.7155194473358543
-1.276702499294386,-0.8102043816282184,-0.9430895530793657,-0.9503052225535574
0.8411301670118825,1.706037553783633,0.8579833226054867,0.7118751005980761
-1.1445122564100447,-0.8445760598247651,1.9497694784776298,1.9714310958348535
0.8342112417424834,0.10033822964516757,0.7153635111421927,0.774165653579312
0.8370166538123998,1.1182412945509865,-0.09418758417116153,-0.13919821976138255
0.022460164996569255,-0.8365568341879782,-1.242078450078116,-1.346890195446213
0.11424029587492344,-0.34590303490155866,-1.6605801900858277,-1.8152423539605296
0.4351587121973087,-0.1872340005653698,-1.7119664368103458,-1.4643016207634663
-1.7170590972414945,-0.796113163665197,-0.1040505555400155,-0.27642263867766914
0.8397532616413825,2.302807976061218,0.3980791314578329,0.41938121170809184
-1.5598768093578719,-0.7963320062720499,0.08173985129462656,-0.09085655936835549
-1.8671599444140348,-0.8511255244865719,1.1981203688512045,1.1807571172372098
-2.058743412604339,-0.8080594430809327,0.04413185575716275,0.15487076135621847
0.8386870393911288,0.3275731729942024,0.8306391502666065,0.7009165618038926
0.7753417430641745,0.39760800078313796,0.10889695100978986,-0.11688595409167751
0.8308009867304813,1.9667645609957671,-1.289605584329768,-1.2518659478541754
0.8315384903276503,0.2049272085241739,0.9501240561075365,1.0406348573363853
0.8301236467507568,2.7300615417309007,-0.504412188859464,-0.500406951239012
0.8412746483865359,1.6348502216267924,1.0803182331562398,0.9362491637243214
0.836107296318419,-0.2732012083945942,-0.8897493344034234,-1.0109811169554854
0.8411318657629419,0.44823901261576804,1.8163932744097524,1.7631087714242455
0.840278327175897,0.2983538151809209,-0.11417078732915327,0.0022278897823718165
0.8412132042014216,2.2140422767233003,1.1771750318567402,1.1237071655991921
-1.6156418991505936,-0.5013812654751759,0.09500212063610303,0.16231609013695183
-1.342142579756345,-0.7030523501392216,0.6561497251556325,0.7608195317710441
-1.5435788330185647,-0.7447261540418924,1.6837498684385945,1.900135448478399
-0.9088452280294113,-0.8246822260691621,-0.9655300463271445,-0.8477352954169743
0.7796747723035028,-0.11815075800010316,-1.0364579811900998,-1.245741484902808
0.7582269170490719,2.2927559765288263,-1.620759054197782,-1.7717348189199893
0.8092663861081816,2.291477194907604,0.32361193791979675,0.21979943138162167
0.6821461271497755,1.239421955483648,-1.2171772188052963,-1.1524221705081017
-0.8125593124047408,-0.8443817433832188,0.5273271291401708,0.6389292812557077
-0.48119553572480156,-0.8477196472252984,-1.0258911024683286,-1.0994566805429946
0.8085005228172558,1.9549947750055043,0.5360694721442576,0.37760691138855496
0.8303578029773955,0.7740631068559493,-0.1569473829299994,-0.01689583226652658
-1.8787316406288068,-0.8427275624946311,0.8173264606981256,0.8217870400928313
0.7844950787654389,0.9549548182361691,-1.0537580010607632,-1.1752855665565294
-0.752950576482515,-0.8493258827531496,1.4296699869989986,1.5353783000734789
0.4275819989141354,-0.5659912670539757,0.2649452336063293,0.2643045442712775
0.8205533764156338,1.0149006446605495,0.475529237833809,0.4955932542916913
0.8104435141172033,0.11706212832462336,1.6793109149419818,1.5070972633465827
0.772162108675686,-0.6499903030476227,-0.8259105153946659,-0.7713308200236516
0.3813635003447598,-0.8218692024706344,-0.46410254657536854,-0.413543202980826
0.26743735998413926,-0.23175789888052828,-1.691873741185304,-1.6011350026859612
0.7935640061979663,-0.24103491997600276,-0.24039340412715543,-0.23545322427687945
-1.2504101506056178,-0.7697423320805621,-0.5396362598586106,-0.457912557413289
0.8285186086198159,0.9930283159298203,0.2903494655307733,0.1696073480565251
-2.1921200425387166,-0.8484348079181536,-0.5776129078432193,-0.4922176433007883
-0.8157056534153755,-0.84748081310219,-0.21689506395651312,-0.2371275187173861
0.8389863942033053,0.9689855337695503,0.5294356220043057,0.48748014988794636
-0.22714939446200122,-0.8455917933106472,1.5447455244589385,1.317907534119425
0.841085699633515,1.0122397658717688,1.9581979974183503,2.0656532464337216
0.8321326307678897,1.9255737531541304,-0.6560645554235797,-0.6554138294617925
0.8090328475014325,0.9578721907056624,-1.2313367042941232,-1.1129220329941396
0.6398528516750547,-0.022384685792928835,-1.237063384389313,-1.2687673819259928
0.7209823625807327,0.3092786323581709,-1.427716092962523,-1.3322563615478769
0.8022884051305339,1.0774068780951205,-1.0862464598099635,-1.105044581021456
0.23469555637928693,-0.8501593479082947,0.9486702073756071,1.079975904778707
0.8383204443030792,0.10454863529827417,0.8266560942729431,0.8327962963579961
0.8324368550363829,0.8567019031170663,0.9566426903743418,0.759763723043142
0.825326236716863,0.18482493518642887,-0.6663927468544499,-0.5510817325781643
0.7392454651379233,-0.7765808133331751,0.1803087928164754,0.24225848937817612
-0.7788817288703297,-0.5878684070821817,1.4918767983419736,1.4570739102892145
0.8389077184635367,1.3803675994176394,-0.2603939772860767,-0.23309190659634582
0.8410799842445472,0.21631657159294493,0.5598611727218286,0.7219808210295502
0.8392049945444064,0.24242065703248564,-0.08456635932446861,-0.048146002582985695
0.045231905545463906,-0.8423548796088295,0.6857323382532716,0.690892853929627
0.7846934792486588,0.711914544376522,-0.552319204770107,-0.6209561487090928
-1.4751482220615182,-0.8444548993720071,-0.9680819810928901,-0.857735937155415
-0.4656272838589603,-0.38469753305410365,-1.4139259469726764,-1.5937284931032372
0.837000030409933,1.2220777350213645,-0.953927749715339,-0.9941415369748365
0.17619764947100178,0.23247405442524743,-1.7932550017825934,-1.8984882560008616
0.8404991287809134,2.750064716979795,0.19907915578186514,0.06958726775869982
-0.8136631264166928,-0.8034343439338939,0.6209850447234581,0.7283630732999079
0.12018572306220933,-0.8403099179548331,-0.1371534682272769,0.07452780117171749
0.840807504823374,1.556204591061926,-0.0789920488590753,-0.08122607615966743
0.7254835007175935,0.06784260053002568,-1.3061124538120232,-1.2970579346754294
-0.30592587116072756,-0.8268374643265672,-0.6103437676896363,-0.6294727643925377
0.8400337482273083,0.9414741650596125,0.3270316640939882,0.11296743024654358
-0.07097868163549446,-0.8450939346972245,-0.1267537683431447,-0.15660139433625622
-0.5840407122474508,-0.6016159400904239,-1.0319150588101278,-0.9812152200521534
0.7118260693528774,0.1852012610347028,-0.7477721369926009,-0.7798864001201835
0.3353472794802695,-0.8505478693326836,-0.06501094096618272,-0.17119957092637206
0.09724702406365757,-0.6290644011187968,-0.3575016528406776,-0.4653047442505863
0.8231039050605355,1.237629938546746,0.6449531624691823,0.5900931283002755
0.7276434638090721,-0.6244704487535002,-0.42948955102269837,-0.33446894362326557
0.750493638277601,-0.06762614768128346,-0.21860120623191645,-0.29500457756080956
-0.9749984273023968,-0.3782173464608067,0.5350210740450447,0.43119187121227237
0.8301483385327215,2.0194861366505448,-0.05043245169354957,0.07663427454710656
0.8074324127232708,-0.4599783076747803,-0.11375792376192868,-0.05112483331330642
0.8202382183747824,0.9123803363891527,0.625470085531857,0.3630468332980861
0.8333415662210157,0.3159554361177921,1.34370183833344,1.2362771917532265
0.7970283332493765,2.7761723943667524,-0.5516170040688129,-0.6600661378329953
-1.4965031411167697,-0.8446981434031211,1.699520429051559,1.5900070612689945
0.3738909268052787,-0.036824333517640834,-1.5272378704273877,-1.7294519876196814
-0.8124160421268092,-0.8391033648977383,0.6567214491789519,0.8015158894764239
0.8411235229843683,2.7965571189395377,-0.5044377972914164,-0.7475296717630916
0.8399183944981766,0.06275463027458482,1.3439577996635488,1.2465122533296027
0.8408886354712249,0.5738893785096641,0.05852976684475282,-0.19708406373554127
0.4031689824196786,-0.8459805992399562,1.6662701021320032,1.8283419897116338
-1.130083367715973,-0.7752643739199097,-0.9030120369252932,-1.06677720192248
-2.501287308170895,-0.8513955187170735,0.6358026935634958,0.5896404718068718
0.7986605340658168,-0.27292118805322396,-0.7784495397326509,-0.8054836455718336
0.7222758252746077,0.2864432461370348,-1.5634844411192264,-1.533545591838543
-0.5021331697266175,-0.8490083086511109,1.33429977250296,1.4357458946103172
-1.084154959496574,-0.5564566050688828,-1.2717265625109995,-1.1836996509803026
0.8381894893623192,1.5092959743070478,-0.8555531501460919,-0.768035229681964
0.8405271804058816,1.060179087997044,0.142427438705068,-0.10631961338029
0.5303679288852255,-0.29590110375805706,-0.06310611883004431,0.14534732673547945
-0.31514861272679134,-0.8484132071999171,1.8768732949924192,2.086060684231127
0.040264559465221304,-0.8233106521576014,-1.1718347661445563,-1.2157346246419125
0.8334556536924976,-0.5212688073182622,0.8526965886535794,0.7520739037631943
0.8393545363022201,0.14582031851854083,-0.7867499558726846,-0.7700534257275996
0.5389448969550031,-0.8464038315307466,2.0805582205113358,2.197825007791703
0.8409129570717351,0.9356422514661251,0.316325312752672,0.3830345633373048
-2.182189787806058,-0.5653251137216074,-1.1902347376531222,-1.286716587899822
-0.43024918194916856,-0.7299376699361269,0.1304608728409315,0.1550577413011712
-2.336537809622311,-0.7753312925777425,-0.8256765137074138,-0.9929314992519477
0.7789528759921699,0.6320797504181793,-0.5894534129216401,-0.7736677767384575
0.8398288907018082,1.8328703704166251,1.2568684799146155,1.028305865906785
-0.6258454974593847,-0.8087168411624296,0.9201198866877309,0.7393399797266155
-0.45696068925080324,-0.8450943960545223,-0.6259686737401704,-0.3926604592237281
0.815968360603451,0.419885975912521,-0.35074995063291264,-0.3488120572354904
0.7236837940284293,-0.13619322059314296,-0.6557557408298116,-0.5294044279248664
0.789365597495165,-0.3543872338270934,-0.16786686136422424,-0.09099975684668614
0.7368230252280249,0.9869900079030557,-1.481581688506023,-1.4338087563740753
0.834441863320757,0.22961147209145089,0.11926374939788036,0.011201835545351634
-1.8350848569412106,-0.8285656481380489,-0.6079519005850264,-0.7058721315296749
0.8177554014749902,1.0610539930831495,0.3353190582705868,0.12662309874250804
0.8410621082757684,1.1974406877478017,0.722815230956562,0.6565235051776894
0.8410168457504323,1.672318527821503,0.9806114500349851,0.9582641885067059
0.8400469662720789,1.7594375158871678,-0.780669129700946,-0.9145365922882769
0.837179975384325,0.7192656275114604,-0.823557527007571,-0.7575779427234637
-1.3185928852426758,-0.8166773635988072,0.8470348987926919,0.8211977674253671
-0.42161615217406107,-0.8410498116399396,0.1709582034526148,0.23399146519063396
0.838313174642111,1.2762087511025337,-0.05004762863396542,-0.01714493924875514
-2.0520196926480057,-0.7709954006736089,0.019508036845193335,0.18888002042920946
0.6065429347025659,0.2530765275756701,-1.7103850502452749,-1.5802838726128183
-2.082142201234712,-0.8318313769092074,2.2799201672176137,2.265828732328698
0.8410722120194749,0.5609954523237294,2.1243197486310152,2.110307709757549
-0.8061541572866954,-0.842864986177718,-0.43780220646959056,-0.4199642708124476
-2.7136282225588846,-0.7884513875933085,2.5312629282979717,2.387662430763493
0.8267615561700196,-0.1658838270245709,0.38096719465220386,0.5360091413815402
0.8406286799458605,0.9901242770868974,-0.046143943650859574,-0.17486872631991188
0.8412594844982457,2.079617069087751,0.6813496806278354,0.5607015166199861
-1.2752965367897258,-0.8503414394870273,1.2234228760758694,1.0926741747335746
0.8399875875365214,0.7508075630598904,0.6278822917310866,0.4517303910329243
0.8342708885265756,-0.6386232928313448,0.12664200309402615,-0.03621540991976784
0.7631917875383623,0.0007067185750354104,-0.8999371342305191,-0.9841846537641582
0.7978632560191545,-0.410838547738711,-0.1107570494332164,0.10758227000975767
0.8306631915365816,-0.3506683501498278,-0.6036416152172547,-0.6792637386040629
0.8318473772498951,0.4538589479040714,-0.03507008399719097,-0.18721172868505925
-1.4236668247003699,-0.8333328643055444,1.0172477818206374,0.9426013551993772
0.8231522320862167,-0.23111754699502832,-0.744851913301482,-0.5508430728519037
-0.11455031260111984,-0.8378723796914156,1.065785137124645,0.9658247237722734
0.8380419249578033,0.08018955774659792,0.6466420015000467,0.7303167606032211
-2.909715446353218,-0.5374203420551591,-0.6884535132574975,-0.6792305235280633
0.8182049056634583,1.2306336000910387,0.19129296020339032,0.2814410370948238
0.840275392970784,-0.5149282347788016,-0.022350173174181066,0.1743556540937234
0.47574255709715435,-0.8411721457579618,-0.5631525137424372,-0.3577689355899941
0.7233274752665261,-0.41498324907276,-1.0163490018880368,-0.9061643975816293
0.813535901603037,1.661399248485832,-0.8227277501794737,-0.9078576505630694
-0.9494811142157046,-0.8396800329125494,-0.5769220855934405,-0.6628633801740955
-1.091097826240679,-0.7985461526981141,-0.5541597063972802,-0.6057630373685062
-1.2085618342044748,-0.47849871965083224,-1.042059926020885,-1.0166272352970478
0.8395882496236146,0.21278663629837435,0.5856488114686605,0.656398972824587
-0.20515124599398013,-0.8373759849116537,-0.23339513534811426,0.011394792446140976
-0.980854168989469,-0.8414137834680527,1.154550586954964,1.3067365744838173
-0.8482019429522649,-0.8454887828039902,0.9506227725212437,0.7661825037042191
0.12465490570654118,-0.8511810138911681,0.7777609077603944,0.8484247905715628
-1.8527123015728444,-0.8510640887050349,1.0964439814723692,1.2953946869433568
0.8389876314243687,0.22468995269429914,1.0448266449781454,1.1953438715547373
-0.05921018645342591,-0.7900269498051705,-0.3262566272517185,-0.4308077109613479
0.8351354793832315,0.061435416133151705,-0.24628630939451318,-0.347131564755576
0.6119949940296395,1.0558925364677472,-1.6069316347135512,-1.4763198877861192
0.8007990532701875,-0.7430410835015531,-0.7521160446555983,-0.8560365694021318
-1.2241683089487303,-0.8270991810835381,-0.3776569256896069,-0.43560127701988344
-2.583550345772337,-0.8498664064941739,2.642000480125644,2.684358507202596
0.009531600050638434,-0.7102797771725803,0.21018726540052776,0.1905591939353845
0.7898162565724935,0.20261078932336282,-0.8495567471127496,-0.7621688658347223
-1.902803321144664,-0.8478759402125726,0.11628370651147028,-0.04241440908363157
-1.0209786215095458,-0.8333410102403146,-0.00912183479631315,0.180906268307798
-0.1203112130282024,-0.7984874687591101,0.9223218206932783,1.0498989550738782
0.33197350645246115,-0.598301419685761,-1.5749411476668451,-1.344478430217515
0.05487727180866263,-0.850651384988884,1.4258067084624384,1.442917639223073
-0.003264958336554056,-0.8468081905075119,0.6860156840012618,0.49677132784285755
-1.3155843912487795,-0.8497819208360152,-0.1935890646035252,-0.3305908959357631
