Feed_Temp_K,Feed_Press_Pa,Benzene_Frac,Stages,Feed_Stage,Reflux_Ratio,Bottoms_Rate
-0.14186151212127052,1.7505159471317087,-1.5846437959142203,1.4726840805064363,-0.7750357365091052,-0.9003995579142978,1.4741560381377294
0.20567264749068884,-0.42999947449417775,-0.6907726589088691,-1.445641679640212,1.1397584360428017,0.9147423065782534,-0.017537307690317465
1.4020510661286572,1.0474644002960802,-0.33148245257539577,0.30535377644777695,-1.540953405529868,0.7099380402066959,-1.5877725092281059
1.1540904539801056,1.1844015065876214,-0.8507648018558928,1.4726840805064363,1.522717270553183,1.1870415074930751,0.9018881319765419
0.7744911744207077,1.4807797393997775,-0.8152240524995245,-0.2783113755815527,1.522717270553183,1.2813859656613817,1.21950788293597
0.6260642972411194,-0.15678974833431525,1.1262455140971224,-0.8619765276108824,-1.540953405529868,-0.24573024582086084,0.4464433706759318
0.7305292776432685,-1.606147325771018,0.9910320569160307,-0.2783113755815527,-0.39207690199872375,-0.3286869171166215,-0.9511604704072634
1.2270597785728254,-0.8812261942976147,-1.2816000989062635,0.30535377644777695,1.522717270553183,-0.44926347881426876,0.9009769936045536
0.9796543393751532,1.2449669565809771,0.44509406524976597,-1.445641679640212,0.373840767022039,-1.3767319042948765,-0.5764765228545214
0.21285343641355164,-0.2200514095018659,0.6405458239732296,0.8890189284771066,-1.540953405529868,-1.5082207127125367,0.7906481705410645
0.7984462577203215,0.18848438448630322,0.2963225611044066,-1.445641679640212,1.522717270553183,-1.2978885446955266,0.7015323675590239
1.1633461821240265,-1.2677727566737917,-0.2000753222103702,1.4726840805064363,0.7567996015324204,0.3261073983396222,-1.1251852374029832
-0.11178935202530149,0.3157555430476446,1.2289047735338974,1.4726840805064363,-0.009118067488342381,-0.6874123879502863,-0.8180821373437981
1.003544462363364,0.04972015831573947,-1.4658418405951807,-1.445641679640212,-1.540953405529868,-0.636970700103582,-1.1551584959276402
-0.9155500426192184,0.03665717861782179,-0.24139544831883303,0.30535377644777695,-1.1579945710194866,1.7812601078985644,0.9638703666247695
0.9770495508371059,-0.3462921446030738,1.5834376198793565,1.4726840805064363,-0.39207690199872375,-1.405044751266264,0.07039684051679017
-0.651714885426728,1.796809686317884,0.19454722613257283,-0.2783113755815527,0.7567996015324204,-0.896432814380827,-0.28332918585383216
-1.167845045273629,1.2094032921174012,0.31366041497135,-0.2783113755815527,-0.7750357365091052,-0.5633027901955876,-1.0086025666494165
-1.0427159187049093,-0.6177936775793976,1.1458176196693324,-0.8619765276108824,-1.540953405529868,1.3232012787672118,-0.5979996703817976
1.5637257350870561,1.4669760618139964,-1.0596642603925333,0.30535377644777695,-0.39207690199872375,-0.570075778057656,0.36612475926822624
-0.4049918086179429,-0.695550067920414,0.3348679360055331,0.8890189284771066,-1.1579945710194866,-0.7152075338820402,0.08400962681231323
-0.9617348522815764,-0.4669006273516443,-1.0974787738104275,1.4726840805064363,-1.540953405529868,-0.8558632033500556,-0.048131062549974665
-1.0018671154595729,-0.12399952901499167,0.6772045858507778,0.8890189284771066,-0.39207690199872375,-1.5302996325377667,1.69124090718378
1.63992044209688,1.362811445642738,-0.39505863111749934,-0.8619765276108824,0.373840767022039,1.152541229707125,0.12601336648228365
-0.0690435210844175,-1.209540080289303,0.10313681246327357,-1.445641679640212,0.373840767022039,-1.223443880716529,-0.9265138151517794
1.3376626333994055,-1.450399422205276,-1.5585556950289041,-0.8619765276108824,-0.39207690199872375,-0.003380569084998753,-1.288938801105193
0.8568594000146589,1.6409118397685745,-0.5648327005117201,-0.2783113755815527,-1.1579945710194866,-0.17207985852849766,-1.1384523233395794
0.7184481274066867,-1.344378418106493,1.0947287498379292,-0.8619765276108824,0.7567996015324204,1.26205082088124,0.129925871200196
1.3798014404147172,-1.6037949080060532,-0.32863491305968756,-0.8619765276108824,-0.009118067488342381,0.38816894974720734,0.9543834367331485
0.5035603037898008,-1.4976189274062772,-0.8773446024722965,-0.2783113755815527,1.522717270553183,0.21576773782569178,-0.18966684172944467
-0.6548211189947162,0.1287373230595359,0.745646557648138,1.4726840805064363,-0.39207690199872375,-1.4239382517740613,-0.3045173632186887
0.9299210424919022,-0.14159336209759327,0.7394947176487956,-0.2783113755815527,0.373840767022039,1.0447460569480032,-0.9607724077507169
-0.9991201603875528,1.5816396341240062,-0.9937181682476822,-1.445641679640212,0.373840767022039,-1.0491462414589687,-0.6691253034745442
-1.5965391284276338,0.990162541538077,0.061624733209178974,-0.2783113755815527,-1.1579945710194866,1.1295557237611902,-1.3757177711087527
0.8375375440440402,1.5961858996351175,-1.420417796515594,0.30535377644777695,1.522717270553183,-0.394053624906591,1.4508553886196032
1.475040157534163,0.9209941817063376,0.24056349674011143,0.30535377644777695,0.373840767022039,-0.021678880019458925,0.2314019670182391
0.8889944818616543,-0.5522619595506039,0.3928240322467799,-0.2783113755815527,1.522717270553183,-0.37153703424403633,-0.851248497561219
0.18982246445676257,1.0633237772959925,-0.12415843917471159,-0.2783113755815527,1.1397584360428017,1.657775493311894,-1.7177483044778432
0.673949277735188,1.5915483262864034,-1.0497487998499615,-1.445641679640212,0.373840767022039,-1.2850084874737564,0.359837602140199
0.008980649969226822,-0.3292338873335337,0.7435763507315061,1.4726840805064363,1.1397584360428017,-0.699677971759118,0.5065249579023138
-1.1076210810239564,-1.0215983433227893,-0.456100944392442,-0.2783113755815527,-0.7750357365091052,1.2511721302308363,0.3124449140831056
-0.7050353349400668,0.4417643630785285,-0.4004532519837081,1.4726840805064363,1.522717270553183,0.7688181656485551,-1.3547606423612988
-1.7123346397946713,-1.3886873042296952,1.674455404508365,0.8890189284771066,-1.1579945710194866,-1.2133462776608275,-0.8769408980510954
0.43287059926548604,-1.0713618710075363,-1.5038598886591275,0.8890189284771066,1.1397584360428017,0.9589925646319893,-0.7528259738973628
-0.5559951733414008,1.6195530852756035,-1.2263093718709681,-0.8619765276108824,-1.540953405529868,-0.4085344722636348,-1.502840054002752
-0.6527238160623605,-0.16028279183466618,1.655958199429354,1.4726840805064363,1.1397584360428017,0.7156286855003532,0.4533543929038744
0.09731334173452597,0.8388046921579932,-0.15828945464745714,0.30535377644777695,0.373840767022039,-1.5178207697653183,0.3588480169991473
1.1911567915032395,1.225191529920051,-0.4039031396164519,-0.2783113755815527,-1.540953405529868,-0.2733487978977446,-1.1722157907260955
-0.8752905464984735,1.2570838542539176,-1.0891672320612569,-0.2783113755815527,0.7567996015324204,1.225734927727594,-0.22812343198091384
1.1471663863245416,0.6148569407870239,-0.34037767322151824,-0.8619765276108824,0.373840767022039,1.4773811195851083,0.5154596709062851
-1.5015995427779956,-1.1984741831433892,-1.1586946740530462,-1.445641679640212,1.522717270553183,0.11564243303315572,1.6277986068029806
-0.7034058062607976,1.6461453746888557,-0.9035210096015583,1.4726840805064363,-0.39207690199872375,0.530318270285057,0.12444813405762468
-0.9698822873718002,-0.2294011793382191,0.42631812306160616,0.8890189284771066,0.7567996015324204,-0.22029523268008902,-0.550202255448907
-1.5731944877488913,-0.9636264597998343,0.8044553256737238,-0.2783113755815527,0.373840767022039,-0.7970222460853882,-0.9909868338413084
0.8877676894408303,1.326316124878186,-1.2871937932432183,-1.445641679640212,1.522717270553183,0.22501185682960018,1.4150344372922425
-0.15159599549880837,0.09623806613672625,1.0089368904035023,0.8890189284771066,1.522717270553183,1.4473304338656752,-0.22539151866463528
-1.6312233308904995,-0.3312458709554532,-1.2889104432951188,0.30535377644777695,-1.1579945710194866,1.7454626286896835,1.3342048570336993
-1.124782753802993,-1.058358592001515,1.1117052249450936,0.30535377644777695,-1.1579945710194866,0.44898289027741806,0.47745229616638635
-1.5679362844162765,1.7239719375460947,-0.3680597629525842,0.8890189284771066,-0.39207690199872375,0.027677655954346764,1.2606597560451211
-1.7036016058148387,1.7644831037305144,1.2537591996500217,0.30535377644777695,-1.1579945710194866,0.40503224472405974,1.6425827745563821
1.073918947533073,-0.0864747496945896,0.3144921162018742,0.30535377644777695,-1.540953405529868,1.724332720405915,-1.5075444742062212
0.29737888608273577,0.7007093445219486,0.5307301439038803,-0.8619765276108824,-0.009118067488342381,-1.2523002432908106,0.10578386815531363
0.21555826610001677,1.5039788144793937,-0.46285136666609694,0.30535377644777695,1.1397584360428017,-1.0237523966650954,1.4170813155664446
0.6948612609550089,0.12013777111522946,-0.8000877855795683,0.30535377644777695,-1.540953405529868,0.4406162209218375,-1.6556691788841478
-0.6637008755737863,0.28847093561706144,-1.4313798409298712,-1.445641679640212,-1.540953405529868,0.4400296598158829,1.5765141339150786
-1.2113034576060322,0.8123157901367614,-0.866261364678434,-0.2783113755815527,0.373840767022039,-0.6158472559665484,1.676613678710316
1.0686772877132762,-1.4057691348585462,-0.5264872430271582,-1.445641679640212,-1.540953405529868,-1.2911656270932566,-1.2236577287778454
-1.3001906275086748,1.292081626376865,-0.3596440106029377,-1.445641679640212,-0.009118067488342381,1.0700781058981759,-0.8253278011405549
-1.1910154778455222,0.6140722423942055,1.3683839758498164,-1.445641679640212,0.7567996015324204,-0.7754586703288412,0.61955668205966
0.9820367501638123,0.15424171827227157,-0.227089899837342,-0.8619765276108824,-0.009118067488342381,0.6511343581028597,0.879104946841631
-1.4444303797135845,1.0552598586720499,1.303731000025191,-0.2783113755815527,1.1397584360428017,1.2137828153813706,1.671615883890617
-1.3447313132903238,0.6620391796041472,-0.11114062935893061,-1.445641679640212,1.522717270553183,0.9419720455143077,-0.6738606456289792
0.7836777631401226,0.4470224351857742,-1.5530295775420015,1.4726840805064363,1.1397584360428017,-0.21598150352303316,-1.232462344592954
-0.17315342083266969,-1.279855174474256,1.1038158530398983,0.30535377644777695,0.7567996015324204,-0.907685859056527,-1.5238956555422287
-1.671060032126233,-0.31077920850373825,1.2631795057578956,0.8890189284771066,0.7567996015324204,-1.052976628008078,-0.4329385766074565
-0.19890818976895117,0.004444179234825516,-0.8168007322731986,1.4726840805064363,-1.1579945710194866,0.08403112787792148,-0.4794312904365418
0.6593354833661985,-1.431621791074836,-1.191977409925633,-1.445641679640212,0.7567996015324204,0.8431735597753817,-0.6389787132539089
-1.3142958954229387,1.6357318131855008,0.8880819676096218,1.4726840805064363,-0.009118067488342381,1.758067351291944,0.5982484408173726
0.7479924203861515,0.682985345462066,-0.8557276097257894,0.30535377644777695,0.7567996015324204,-0.9597964058257494,-0.7256467020789132
-0.2404703328393986,-1.4791442949420124,-1.4931178234433284,-0.2783113755815527,1.1397584360428017,-1.6206266616610052,0.20680969548012657
-0.010033059279442058,-1.5743970636709497,-0.9886964560675137,0.8890189284771066,-1.540953405529868,-0.556297356887859,0.65121561194381
-1.4641273623742352,-0.5805220247510808,1.2499173576762095,-0.8619765276108824,0.373840767022039,-1.3455947475101593,0.8322763607342704
1.0091332273204254,-0.42984389430747405,0.22897073972812487,-0.8619765276108824,0.373840767022039,1.053497634922837,-1.7280359044220968
0.1429808612163689,1.6987439173577947,-1.4118401563670508,0.8890189284771066,0.373840767022039,0.42342255948338614,-0.4533494603032493
0.27766957036700596,0.2715661585915171,-0.4277823619973527,0.30535377644777695,1.522717270553183,1.590892454612331,-1.5648735798586808
0.24389155286663503,-0.5278934384082669,1.0680463628875472,-0.2783113755815527,-1.540953405529868,0.06474510094366974,-0.8960165755008969
0.1746828616126249,-0.7272704181400812,0.1242390963507502,0.8890189284771066,0.373840767022039,0.94330310090267,0.046295983873266056
-0.5382590668929065,-0.8311990986755924,-1.6946813818841218,0.8890189284771066,0.373840767022039,-0.14788477384210452,0.23775945767264448
-1.1021007625251311,0.7960053028765943,-0.17278168790304388,-0.8619765276108824,0.7567996015324204,0.49453164059909255,-0.4346745025026365
-1.5406261286950211,-0.7407940817481665,1.1566125234102034,1.4726840805064363,-1.1579945710194866,-0.27549062644355865,0.408598137739103
-0.46754458229721463,-0.05143225285567445,1.2439041092606409,0.8890189284771066,1.522717270553183,-0.723931076091772,0.8976690106376408
-1.0949094501558538,-0.47583640811952704,-0.21068434958927099,0.8890189284771066,-0.39207690199872375,-1.3905068253943538,-0.8215185845613382
-1.2562634320017647,-1.6285172768142442,-0.5834163574288269,1.4726840805064363,-0.009118067488342381,-0.021211377856576872,-0.4305124045630294
-1.4600303295401358,-0.7343627142856776,-1.3555412300091598,0.30535377644777695,-0.009118067488342381,0.5814598376397375,-0.8371993690188945
0.4523714051687917,0.5873389473029446,-1.2701612059545704,1.4726840805064363,-1.540953405529868,-1.4621546792092421,-0.7288849065969857
-0.8667239649960272,1.3860630882831402,-0.5721491951848923,1.4726840805064363,1.522717270553183,-0.2334802455687095,-1.4711578347542345
-0.22603994032604613,1.1294803451466446,0.42151672872959933,-0.8619765276108824,-1.540953405529868,-1.3628000397614903,-1.531878784767506
0.608018460342937,0.5060356877588916,-0.11919169756154178,0.30535377644777695,-1.540953405529868,0.31017338104324005,1.2305378561374285
-1.4141861115368715,0.6403804097786863,1.0872202546025538,-0.2783113755815527,-1.1579945710194866,-1.4027113236306405,-0.32999845670355293
0.4964460988830876,-0.3838539839674043,0.7689003517775979,-0.8619765276108824,0.7567996015324204,-1.3957438615282058,1.337155931626456
-0.8518748054175304,-1.4766784631423633,-1.4150398963730233,1.4726840805064363,0.373840767022039,-0.8432722243633154,0.2899796952272882
-1.2084375441943576,-1.6192389816068316,0.6062990122721127,0.30535377644777695,-0.009118067488342381,1.5605736741753604,1.6654716803902492
-1.1751158284903036,0.46990347477131506,0.3236634091238603,0.30535377644777695,-0.009118067488342381,1.2223111095700858,0.8651896598258391
-1.0291850522131698,1.5321649788526368,1.3226543960984587,-1.445641679640212,1.1397584360428017,-0.6851000805855665,0.40745483247573927
-1.4501535283363474,1.2933212145009725,-0.6863664350764631,0.30535377644777695,1.522717270553183,1.7572872387115483,0.6137248287115749
-1.5534359448598578,0.7267056778457682,-1.6690919829044193,1.4726840805064363,-1.1579945710194866,-0.023481142473880643,-0.28244010590146745
-0.29950399801214567,-0.16133066132015753,-0.2854316902740684,1.4726840805064363,-0.7750357365091052,-0.4598358033453579,-1.289969762153008
-1.471875921659092,0.8044957961588655,-0.9552620008097505,1.4726840805064363,0.373840767022039,0.9363131129714239,0.713145942301005
-1.4812260453436457,0.22073059285710342,-0.30806646787087183,0.30535377644777695,-1.1579945710194866,0.0598384066459618,0.11980443889372172
-1.5807713350578692,1.3003704988766305,-0.9309384385512156,0.8890189284771066,0.7567996015324204,0.9692363202994015,1.0079400448491505
-1.6428815843897793,0.23902388448314696,0.11348356533776813,1.4726840805064363,-0.39207690199872375,-0.8563875523904152,-0.9399607669353091
1.1465321004619866,0.5119733358480808,1.0489457789209875,-0.8619765276108824,-0.009118067488342381,-0.8147399521420562,0.17024304315109468
1.3640036512121432,-0.08465915138421051,1.2644931094806136,0.8890189284771066,0.7567996015324204,-1.1778564878646658,1.7587687359240607
-0.13513570325538568,1.2637330681127492,-0.6943477086170812,0.8890189284771066,-1.1579945710194866,0.4941832740254246,-0.6134942404502413
0.9410599025370715,1.3205470192932316,0.19684832262930818,0.8890189284771066,-1.540953405529868,0.7978132867676279,1.4432770367736991
1.4256635321774338,1.786488501749468,1.3758025795560187,0.8890189284771066,1.522717270553183,-1.133288360590568,1.6796353899685632
1.4177435166213215,-0.6707171025748001,0.7845206146458399,0.30535377644777695,0.7567996015324204,-0.2679442073328341,0.3336767481069249
-0.9947492194574334,0.8282353140490635,1.2587396181183983,-0.8619765276108824,0.7567996015324204,-1.175277539093197,-1.390218860079923
-0.9857763664866261,1.359706624731711,-1.0991672642149282,-0.2783113755815527,1.522717270553183,1.5211625225687542,0.47234557380302783
-0.8780043672050427,-0.8488407062606165,-0.10765236236092081,1.4726840805064363,-0.39207690199872375,1.1286198184683174,1.3799493105576832
1.196040953774528,-0.2474004996993188,-0.6670381895983968,0.30535377644777695,-1.1579945710194866,0.4985232099280222,-0.08089003304996434
-1.4487473804938598,0.2108137781990411,0.02868422940736693,-0.8619765276108824,-0.009118067488342381,0.8094980655716981,1.1647114347380774
0.2811608438340458,1.5365769563516598,1.0860230056030002,1.4726840805064363,1.1397584360428017,1.3241900679241787,1.3788528641725921
1.725849269353323,-0.4445869873757385,-1.5676077368385168,0.30535377644777695,-1.1579945710194866,-0.7297716333322912,0.824248206032441
-1.5667280241378743,-0.4166396048279576,0.8134986329155125,-1.445641679640212,1.522717270553183,-0.44781107811826537,-1.6929946268563614
0.5835839970127749,0.12229722061478634,1.2462756734334646,0.30535377644777695,-0.7750357365091052,0.6869940119072306,-0.8927547295511586
-0.32587318188098713,-1.548250211728206,-1.2771090850421523,-0.8619765276108824,-0.39207690199872375,1.0915810168022029,-0.7953118428977467
-0.28806382653348744,-1.322612979630076,0.18693083302206642,0.8890189284771066,-1.540953405529868,-0.7051372085424567,-0.6300806835352036
-1.6350663332938455,0.5001826421827434,1.630183977517483,1.4726840805064363,-0.39207690199872375,0.4170065620732997,1.6944411632871643
1.1168785941892223,0.6844738414304348,0.9862240551649499,0.8890189284771066,1.522717270553183,1.5590998191112395,1.0513770067125014
0.5070156501746854,1.5121527774122845,-0.0007279300127640058,0.8890189284771066,0.373840767022039,-0.9840999791942159,0.558756755102314
0.9554298625111243,1.1999136993963289,0.27049649093111755,1.4726840805064363,-1.540953405529868,-0.4811552121029643,1.2938451798396287
-0.7766855145400509,-1.2974555961160807,-0.43825070289617657,0.30535377644777695,0.373840767022039,0.18649755620477143,-1.3959320299528453
0.14255574739157378,-1.1538409554746107,1.073746718864008,0.8890189284771066,-1.1579945710194866,1.42781606760196,-1.4898854634907936
-0.7592698538004138,0.0880670819413684,0.47822347346605726,0.8890189284771066,-0.7750357365091052,-1.3880544914467665,-0.5343205609202191
-0.3471175291318367,-1.2770119552072952,1.0569383700594237,0.8890189284771066,0.7567996015324204,-0.7066329624273255,1.5256852152184106
0.8034510643558176,1.249074127970618,-0.17371626292125084,-0.8619765276108824,0.373840767022039,-0.13076915718966733,0.4832142324321531
-1.4155489909219316,1.5242547601904268,-1.690758358268778,-0.8619765276108824,-0.009118067488342381,-0.5201946877307535,-1.4383427312199417
-0.7938100224395512,-0.2754506271400698,1.517852187032318,0.30535377644777695,-0.7750357365091052,0.08599676369667691,-1.306873653671649
-0.38679454497855026,0.11377505530628436,1.6012735706737977,0.30535377644777695,-0.39207690199872375,0.2353046695056662,0.5938244020971513
0.6234099265435004,0.7929325152213665,-0.7750390612959597,-1.445641679640212,-0.009118067488342381,1.4853777173044844,0.26352552388623807
-0.7633995504121116,-1.1498074809912522,-0.19822350985179413,0.8890189284771066,-0.39207690199872375,-1.6283164338897131,-0.022934593345208584
1.706678331091087,1.6283827209926875,1.5357410350571425,0.30535377644777695,1.522717270553183,-1.1085480377593806,-0.9433547182375462
-0.7152946563469651,-1.417507663420583,-0.0893773166535569,0.30535377644777695,0.7567996015324204,1.7842603476261665,1.1860818575541523
1.3328031956148512,-0.8855835512172467,0.6496402653073619,-1.445641679640212,0.373840767022039,1.2545777300623633,0.1082449364361138
-1.6861603366431983,1.4545742565693833,1.553866448211093,-0.8619765276108824,0.373840767022039,0.48842418815557104,-0.4910768430716556
-0.27069027454095984,1.5047178942940007,1.472680352860367,-0.2783113755815527,1.1397584360428017,-0.5339851288166132,0.7110810971852782
1.042098032991682,0.517105635150236,-0.031024377861579144,-0.8619765276108824,-1.1579945710194866,1.187721959376313,-0.6947393627337696
-1.170420467134932,0.2611689607224338,-0.8535660980735059,1.4726840805064363,1.522717270553183,-0.7683882039975528,-1.6973913681721455
-0.3405624908097333,0.9553367543200708,0.38502089022760977,1.4726840805064363,-0.7750357365091052,1.020413021462473,-1.7130874952988708
0.856011358516312,-1.0404106722700899,1.1402872592743496,-0.8619765276108824,1.1397584360428017,1.2049925440462046,1.3411805912205614
-0.6021665033970665,-1.0085091527228462,-0.9529491542114167,-0.2783113755815527,1.1397584360428017,0.5714729012589859,0.04050066210696802
0.1252939541612592,-0.48902868867096444,-0.37220668337511975,0.30535377644777695,-1.540953405529868,1.6739860197144072,0.154246094769491
1.267886930084314,1.68589043646701,-1.3493635783366682,-0.2783113755815527,-1.1579945710194866,1.6475541614747153,0.20262823564919277
0.9213214069895468,-0.6254565792403847,-0.10049333181166023,0.8890189284771066,0.373840767022039,1.6237341753764916,-0.8799886271271551
0.6027246835494988,-1.3638934847518442,1.4406271225297078,-0.8619765276108824,0.7567996015324204,-0.6318637610006533,-0.8708554928778263
0.9355704334684672,1.446495677599958,0.6925867826895503,-0.2783113755815527,-1.1579945710194866,1.487063108147853,-0.29221530639884535
1.6278939531640473,1.2195866238889423,-1.386458791844641,-1.445641679640212,0.373840767022039,-1.6514570415166998,-0.91562931425699
1.124318487166495,0.46910920923374977,-0.6639965432445436,-1.445641679640212,0.373840767022039,-1.2301121729000173,0.40203806561379174
0.05775074191678035,-1.48945375941321,1.5830831310525473,-0.2783113755815527,-1.540953405529868,1.2009025473263502,0.6253407988755032
-0.33257979661919684,0.30651548905470355,1.5426645243277484,0.30535377644777695,-1.1579945710194866,-0.9601621789309581,-0.9519902481800538
-0.839019929186315,1.0641165600582534,0.8538896420247629,-0.2783113755815527,-0.7750357365091052,0.3134871676205666,0.06797001827306917
1.1681227914041967,-0.21219846384620691,0.188144154301176,1.4726840805064363,0.373840767022039,-1.621686965839917,-1.677638830214817
0.015181461490626031,-0.9745582582604307,-0.8623519066016125,-1.445641679640212,1.522717270553183,-1.6036518643930078,0.36208161877376777
1.5279302872494753,-0.6519564483846388,-1.0410678810343013,-0.2783113755815527,1.1397584360428017,-1.5544094763029557,1.1866553728964266
1.0468776568033538,-1.0061624791789103,-1.4863126893543215,1.4726840805064363,-1.540953405529868,-1.4128387848307349,-1.2398149522855026
-0.46934748022876344,0.7827031833825755,1.588824456652816,0.30535377644777695,-0.009118067488342381,-1.424438888964513,1.514225239071363
-1.2686274629170935,0.17843764976102774,0.964712992574317,-1.445641679640212,0.373840767022039,1.6858345749182053,1.5001280537062633
1.4860284237236971,-0.014990194186188448,1.4474173302717377,0.30535377644777695,-0.009118067488342381,1.768616142596831,0.8863430900801369
1.0807182231813988,-0.22519036425465372,0.49962603428641483,-0.8619765276108824,1.522717270553183,-1.5273452343091063,0.5644573236447071
0.9224943487918973,-0.5935721637734076,1.1397333478171539,-0.8619765276108824,0.7567996015324204,-0.6517506023241523,1.1531210906486173
-0.4343309309196441,0.20636957354949714,1.2349864545959321,0.8890189284771066,1.522717270553183,-1.591519408789082,-1.1000572380171005
-0.9159812001951906,-1.338148706659769,-1.3974213306385048,-1.445641679640212,-0.7750357365091052,-0.8744899531908183,0.7831106691652698
0.8862837837667135,-0.6925475646458998,0.09511463136073339,-0.8619765276108824,-1.1579945710194866,-0.049079579825037065,-0.42045456770356576
-1.0214330277077837,-0.38912970195844776,0.6965487828710405,-0.2783113755815527,0.373840767022039,0.8911127793383652,0.478637199964917
-1.6528335994754204,1.4349491565944663,1.4515465427088128,1.4726840805064363,0.373840767022039,-0.6834737884660527,0.7577295992980777
0.761310313829182,-1.615061806552186,0.10641099698124032,-0.8619765276108824,-0.39207690199872375,-1.2635023092996072,-0.8475751222325497
1.6811300847824335,1.2773961530885545,-0.362724420524513,-0.2783113755815527,-0.39207690199872375,-0.7707040632344551,-0.8721978040709867
-0.9466723619987377,-1.5901402243407596,-1.065988668156656,-0.8619765276108824,-1.1579945710194866,-0.6468055907803012,-0.7734384726671142
0.09004753548485644,1.7272247310547535,0.16410662354370528,-0.8619765276108824,0.7567996015324204,1.0217806764931634,0.7979685682791317
1.67865674707357,1.2670435066304395,-1.0800197139277505,-1.445641679640212,-1.1579945710194866,-0.42350646227726324,-0.2705342832962426
-1.5861086161849516,1.299247616874849,-1.3922570884121164,0.8890189284771066,-0.7750357365091052,-1.0188034073038212,-1.1979320892989516
-1.0182849743878286,1.634885134955762,0.4408552749362902,1.4726840805064363,0.7567996015324204,0.17654026234858886,1.5235743612831345
0.03567646637766222,0.029246113972299575,0.15325653021781002,0.8890189284771066,-1.540953405529868,-1.2562622089134698,-0.9119494128371914
1.0843433323818765,0.8205746849575376,0.37546345630767114,1.4726840805064363,1.522717270553183,1.081816118566118,-1.499982069322622
-0.9312728939409441,0.44261519961230555,1.6332210978929758,-0.8619765276108824,-1.540953405529868,-0.01718137151038751,-1.30190514633925
1.477098525454434,-1.0792624223878762,-0.4358920615029845,-0.8619765276108824,-0.009118067488342381,0.754855390415444,1.142706306497826
0.05321673152652149,0.11906435359859394,-0.29511441013284434,-1.445641679640212,-1.540953405529868,1.7366814382335765,-0.37110064124217224
-0.31334916068838087,1.4187559373970133,-1.0747435286541593,-0.8619765276108824,1.522717270553183,0.7736223464497943,0.5524681228060516
-1.3706794026837401,-0.6548034841909348,0.6109880762620981,1.4726840805064363,-1.540953405529868,0.7146572629047083,-0.05941233868719604
-0.8513153570805859,-0.5095604567747213,1.6858255413416787,-1.445641679640212,0.373840767022039,0.3878251516949704,1.5613479769397525
-0.7396379805007339,0.7993564116482903,0.021200184516425226,-0.8619765276108824,-0.009118067488342381,-1.4226786001937286,-0.2097945787757057
-0.4648175173694471,-1.178580716394269,-0.3871693033371475,0.8890189284771066,1.522717270553183,-1.5351666649971027,0.7178266610830311
1.2392750105212598,-0.46147294013303974,0.5277503035319182,0.8890189284771066,-0.7750357365091052,-1.343199324786003,1.5405169059502222
1.4764560063564238,1.2799544388928359,0.25634757337922026,-1.445641679640212,1.1397584360428017,-1.0219697910528012,1.4828756827121565
0.8542736067900066,0.5781851128071789,0.7983211358075204,-0.8619765276108824,-1.1579945710194866,1.7483827480008087,-0.6382514337363593
0.35358658076071636,-1.4075118789378565,0.1344249966267169,1.4726840805064363,-0.7750357365091052,-1.280107750204257,1.2732584593367398
0.8422488976091488,-0.060382752883547004,0.028902097201203947,0.30535377644777695,-0.39207690199872375,-1.1962079805164603,0.48267455151824995
0.8937819380181511,-0.9196082928126845,0.5494442257068693,-1.445641679640212,-0.009118067488342381,-0.2005193368976051,-1.0382116199004772
-0.8301083544250956,-0.08113477299541715,0.31910549910166736,-0.2783113755815527,0.7567996015324204,1.6671246443411722,0.633971798098251
0.5519637830605223,-0.9570007076660239,-0.46490810454872994,0.8890189284771066,-1.1579945710194866,0.570361717969185,0.3007737654747133
0.5506456767623135,-0.8598797021324245,1.2834797482041904,0.8890189284771066,-0.39207690199872375,1.6334297747365147,-1.0407045174862903
1.680562054458972,0.48572671121739946,1.4482284084399035,0.8890189284771066,-1.1579945710194866,1.2936973204091875,1.541240847941755
-1.1365965853310074,0.3418764824371263,1.1742099493396665,-0.8619765276108824,-0.7750357365091052,-0.30024036723269115,0.5728063058806436
1.1370371369641867,0.5737332944015985,1.5956885317161151,-1.445641679640212,0.7567996015324204,1.0315242473078239,0.19254734670454438
-0.9519326269801649,-1.0301137220048489,-1.1477676479856915,0.8890189284771066,-0.39207690199872375,0.5551829109781568,0.7167009097575054
-1.0823637212158261,-0.5928038473923025,1.3234582847314995,0.8890189284771066,-0.7750357365091052,1.7496576015483785,0.9230641799162983
1.7030064892188155,-0.19288975855206536,0.19535217232294624,-0.2783113755815527,1.1397584360428017,0.4722828127365752,0.06106772142749652
0.6292032945845959,1.280828847652362,-1.6246830155939762,1.4726840805064363,1.522717270553183,-1.3926389294409933,0.5915884337807525
-0.2902791835570529,-1.068859234552675,-0.7111390539484183,1.4726840805064363,-0.009118067488342381,1.0309625061088146,-1.0122815296036003
-1.060845771936831,1.5146077164151264,-0.7044072648573833,1.4726840805064363,0.373840767022039,1.6647853299501718,0.9268276209998478
-0.02071684157334059,0.6677909605270397,1.6283085972586904,0.30535377644777695,0.7567996015324204,0.43175194772374054,-0.6705015536236428
0.1632568415634743,-1.2890783847921408,0.4329372359949861,0.30535377644777695,0.373840767022039,0.13557508166061993,0.1486436140548269
1.194615303936327,-1.4639083174142198,-1.1247970040520576,-0.8619765276108824,-0.39207690199872375,-1.020244649079032,0.792324096378134
-0.24532119473208625,0.5503386657282621,1.1315140834691546,-1.445641679640212,-0.39207690199872375,0.38323459550355715,-0.1431169951669327
1.291011002424385,1.5260620261916218,-0.8493653911350684,0.8890189284771066,-0.009118067488342381,-0.6450174597297316,-0.30392075221246806
-0.7557854593971814,0.6777430639580903,-0.803306536418176,-1.445641679640212,-0.39207690199872375,-0.7811219780881266,-0.3898075724369501
0.6802788053707429,0.20304202117970122,-0.4893777221486566,-0.8619765276108824,-0.39207690199872375,0.16512021717982706,-0.22333729531355548
1.6827742143154856,0.19527901990471075,0.800878969283452,0.30535377644777695,0.373840767022039,-1.5114689324737431,0.41851798241448407
-0.903750274175589,-1.6237916893792887,0.864966149843352,0.8890189284771066,-0.009118067488342381,-1.2918296393660123,1.5888176246641301
-0.4191367855371737,1.3387787166982883,-0.6873324759305818,-0.2783113755815527,-1.540953405529868,-0.5074407125387818,1.0628312661479475
0.4905052730444032,0.17973192621756384,-0.7085289168768479,1.4726840805064363,-0.009118067488342381,1.5509326543897364,1.3118769858657349
0.40745393604018504,0.1593727410176135,1.4401155409027317,0.30535377644777695,0.7567996015324204,0.07607116470935668,-0.22081193946963168
-1.4581560786271253,-0.7506145825664879,1.7279585431381592,-0.8619765276108824,-0.39207690199872375,-0.5519225404544025,0.4400273416210772
1.668672439830656,-1.4327671737957666,-1.3914935891163844,-1.445641679640212,1.522717270553183,1.6992402682248897,0.08989905780231094
-0.10850661479502029,0.5297653688873916,1.1161556457846125,1.4726840805064363,-1.540953405529868,-1.539649770522754,-0.07035236624421971
1.5340786878199049,1.110239636533408,-1.1644821988152783,0.30535377644777695,-1.540953405529868,1.208182131046997,0.16876734155812284
1.351988296801254,-0.875091804970709,-0.7010356675346069,0.8890189284771066,0.7567996015324204,0.9474323950583442,-1.2159148965798572
0.34907403857149,-1.6477069283944572,-0.906208332609264,0.8890189284771066,-1.1579945710194866,1.5918024858692579,-0.08570220808946326
1.7202899922504071,-1.2432425914258542,-0.2751265874741099,-0.8619765276108824,0.373840767022039,0.8985267106623444,1.2421890259863868
-0.06560023800332825,-1.0478866808627945,-0.13826806969489747,-0.2783113755815527,-1.1579945710194866,-0.10375674505882505,-1.0201497864034899
1.0317553406448363,-1.633702451343439,-0.015523382253789098,-0.8619765276108824,-1.540953405529868,-0.058024684675084086,1.5935337463817414
0.28935539674554267,-0.14864896840006123,-1.4570522368331837,-0.8619765276108824,-1.540953405529868,-0.5924914838763103,-0.1915882578008311
0.5857002885950134,0.27458858558238375,0.0072206180725723655,1.4726840805064363,0.7567996015324204,-0.3759362577507391,-0.5382086796624802
-0.5764716759079335,0.975327130994742,-0.5943069272840112,0.30535377644777695,0.373840767022039,-0.47206022486301624,1.4387701912959259
-1.3719268342249877,1.795400613123637,0.3639458328136749,-0.2783113755815527,-0.39207690199872375,0.31072653958433716,0.8204819849163026
-0.011596592264120496,-0.9888647226972991,0.9984785995405242,0.30535377644777695,1.522717270553183,0.3534626680077249,0.7129098906070322
-0.5401459241239993,1.2547154790824988,-0.7078386940904998,1.4726840805064363,-0.39207690199872375,0.056026634898260194,1.746991206865232
0.9787650122029234,0.9789038305226393,0.11709590087225022,-0.2783113755815527,0.373840767022039,0.9822300221486353,0.5244869387488428
0.6664858094500081,-0.9332082597287703,1.0514414619949566,-0.2783113755815527,0.373840767022039,1.1627702864546539,1.1484350929150675
0.6000053562928447,1.1629696940594372,1.3389344329477386,-0.2783113755815527,-1.540953405529868,-0.0692586401672201,-0.9819952455477721
1.6535084860992306,0.06633865085933971,-1.429581171621343,-0.8619765276108824,-1.540953405529868,0.33984403793552864,-1.1673904661441434
0.7351226368539745,-1.370185697077493,0.9380454268723266,-0.8619765276108824,-1.540953405529868,1.523140852633458,0.13154635193964934
0.8780592436638467,0.010674033799320989,-0.0764168956729718,-0.2783113755815527,-0.009118067488342381,-1.185855864009285,1.3490269848540088
-1.1047556678545436,1.6273319855293678,-0.17066766471903416,0.8890189284771066,0.7567996015324204,-1.5622407345416862,-0.8246844713440362
-0.7502070292311438,-0.5659010152615145,1.6641818738712137,-1.445641679640212,-0.7750357365091052,1.319518236808808,-0.5409487086196233
-0.6071446813971647,-1.2260727730738172,-0.6014765914980151,-0.8619765276108824,-1.540953405529868,0.8830543448943562,-0.7509513939655603
-0.9603757448991116,1.7400493019408259,-0.41246610475368,0.8890189284771066,1.1397584360428017,0.17086195790321562,-1.5778924097519136
0.5366020329705047,-1.0166783965894874,-1.0603284780248605,-1.445641679640212,0.7567996015324204,-1.0690250280808957,-0.25099213276016535
-0.8086809062299085,1.4931184011789047,-1.453487383597461,-0.2783113755815527,0.373840767022039,-1.0695547562392282,0.08341328567918001
0.8026724778250298,-1.2388631825814065,1.5861492688270007,1.4726840805064363,-1.1579945710194866,0.6045559930398159,1.5933694759661183
0.10159907991591355,1.6587913907545537,0.7624371581200429,0.30535377644777695,1.1397584360428017,-0.5686638833256393,1.5783252468681093
-1.5639450633913654,-1.4204532478163803,1.3824373117821664,-0.8619765276108824,-1.1579945710194866,-1.1054200486539896,0.34427052237144545
-1.107824409582327,1.7724997723821443,0.5813753222715813,-0.8619765276108824,-1.540953405529868,0.15885411229795673,-0.07913706343805377
0.7528850000304945,0.827738011570537,-0.7755481923692894,-0.8619765276108824,-1.540953405529868,-1.498648041293061,-0.013690883431916625
-0.9657256854295228,0.14042830157131594,-0.35585161856303144,-0.8619765276108824,1.1397584360428017,-0.13469248246807933,0.05635585184783377
1.0366535253791462,0.6396360660024807,-0.08070869353955878,1.4726840805064363,-1.1579945710194866,1.3694549725321343,0.8157693127932464
0.18419368551742987,1.6069181163447446,-0.3232750130703912,0.30535377644777695,1.522717270553183,-1.0522622249287301,-0.7944801094364952
0.03412083309675442,0.19597396963413663,-0.6233634461662554,0.8890189284771066,0.373840767022039,-0.8713244853589878,0.7429993721108351
-0.9514906433163866,1.28063732833309,-1.1592778228245824,1.4726840805064363,0.7567996015324204,1.562366132243656,-1.6337892034327266
-1.475663639149578,-0.05723192757526392,0.49654500306964866,1.4726840805064363,1.522717270553183,0.1372710599556125,0.5352771837675507
1.608979737112486,-0.3602368536848488,-1.514624277401274,-0.2783113755815527,1.1397584360428017,1.6131155390874223,0.3190710280519098
0.5042573875929899,-1.1977825138510574,0.20597621424352267,-0.8619765276108824,0.373840767022039,0.29502386454477425,-1.4067932370075034
-0.9643717750507341,-0.04254801845434144,-1.6768594287846275,1.4726840805064363,0.373840767022039,-1.4953910693687795,1.0182541752447052
-1.205928176792188,0.20446228436602032,-1.2078952322106578,-0.2783113755815527,0.373840767022039,-0.4406702104666966,1.7592502216582993
0.5375938005004336,0.7242989760867594,-0.29566155309641046,-1.445641679640212,-0.39207690199872375,-1.1417456357292155,1.0082846445407874
0.9446227737812192,1.0113132098881683,-0.44635743362688013,0.8890189284771066,1.1397584360428017,0.514483129999584,-1.0165288327413897
-0.7653491836959887,1.4397129473055656,1.423625155423734,-0.2783113755815527,0.7567996015324204,0.6415273736391234,-1.35541540106746
-0.022208277683834703,1.0547921744502362,1.1982752419077254,0.30535377644777695,-0.009118067488342381,-0.9730101872053929,1.1889516215066227
-0.6159347984838163,1.1044997688618101,0.6598816805845484,-1.445641679640212,1.1397584360428017,1.5478894387986304,-0.44423658004765637
0.3675515356922171,1.274268230763238,0.01173601484089718,0.8890189284771066,-0.39207690199872375,-1.4329225375125456,-1.6690919963807815
1.3916134165316676,-1.654602051972683,-0.6312295138042958,-0.8619765276108824,0.373840767022039,-1.5432112660435453,-0.10071789845944645
-0.3681156157711037,-0.8200770611280066,1.0129151576593722,0.8890189284771066,-1.1579945710194866,0.8874833475453789,-1.3810332305028257
0.9043279159730789,-1.090158873260054,-0.10460094661919356,0.30535377644777695,1.522717270553183,-0.2068317667126452,0.6773111809734058
1.207559722096601,-0.47301587855188043,1.6310514959803197,1.4726840805064363,0.7567996015324204,-0.3657749904730771,0.1872352829640357
1.1266405984209673,1.4967076030041992,1.3304232327970005,1.4726840805064363,-1.540953405529868,1.19608510149065,-0.29483949108993496
1.6229251463869288,0.9808675120909646,0.07629892421103492,1.4726840805064363,1.522717270553183,-1.6294279363097661,-0.18072851477042823
0.3780458975611673,-0.48834362073032905,-1.2458098680314253,0.8890189284771066,0.373840767022039,-1.3158497319400024,1.202678188563909
-0.6282367550431824,0.9380609631748282,-1.411960575447197,-0.2783113755815527,-0.7750357365091052,-0.01875503539220582,-0.08898336511706115
-0.324303543417151,1.6875602073204765,0.053910550031405026,-1.445641679640212,0.373840767022039,-0.6398547589568204,1.754378943249625
0.38858787723152816,0.37275058747527434,1.6321511909663207,1.4726840805064363,-0.39207690199872375,0.05297151949733138,1.6194822032102272
1.633923886987045,-1.0555094159999725,-0.13858963509698197,-0.2783113755815527,-0.7750357365091052,0.8202585483189757,-0.14029389020065913
0.8336956716211549,0.10393313561491574,0.18997209287047967,1.4726840805064363,-1.540953405529868,-1.22829273634776,-0.05726474204347035
1.136153511293379,1.7129666320602692,-1.5991711181962027,-0.2783113755815527,-0.009118067488342381,-1.631400450721644,-0.20325824583008226
-1.2032102321140634,-1.531546505881858,0.6173286066690109,0.8890189284771066,-1.540953405529868,-0.7320221002080536,1.4857905947851444
-1.4937994126965046,-0.7092193709941548,0.13160329663813203,-1.445641679640212,0.7567996015324204,-0.06288732388541685,-0.9936241695325604
1.2655453138936898,1.5732557210079574,1.1298827207000637,-1.445641679640212,-0.39207690199872375,-1.4099814978402168,0.09473442791891197
-1.3632894805501599,0.769695173312453,-1.02763054109212,0.8890189284771066,1.1397584360428017,-1.5032296144311665,0.3163478870922057
-1.2440305322206904,0.31478874036869164,-1.5044192600863353,0.30535377644777695,1.1397584360428017,-0.11293383296940913,0.28191526697197405
-0.9460620637773499,0.7736088346329348,1.5738925886231743,0.30535377644777695,0.373840767022039,-1.523006245617401,-1.2878452952932407
-1.4024721381269638,-0.9840709644319163,0.34731916583961125,-0.8619765276108824,0.373840767022039,-0.5711550670454764,-0.4679615120965046
-1.2445693876015558,-1.5449638863119837,-0.05281697074681471,0.30535377644777695,-1.1579945710194866,1.4748209208724419,0.8162759977677846
0.6174869464169933,-0.3882824457338733,-1.5830072768119312,-1.445641679640212,-1.540953405529868,0.00659286096308362,-1.1648194945454518
0.6248453749088454,1.3394184320256652,-0.4187396316800406,1.4726840805064363,-0.009118067488342381,0.9283243245737333,0.44104231882914896
-1.6797018557121126,-1.2523795976780239,1.6941348131570917,0.8890189284771066,-1.1579945710194866,0.38461800279865344,-1.0396680780677012
0.017246320791838826,0.9129528743000249,0.532080265454885,-0.8619765276108824,1.522717270553183,0.4240161026188322,1.1990974478220495
0.7007654420039241,-0.7837084400021698,-1.2194940734494628,-0.2783113755815527,-0.7750357365091052,1.0513606515322593,1.4213385156497624
0.7802669916078507,0.8841044679505471,-1.5213283660890768,-0.8619765276108824,0.373840767022039,1.467128910825767,0.21181959697270022
-0.4440452786965857,-0.14769471622699895,-0.9160527632601027,-0.2783113755815527,-0.39207690199872375,1.1572049935191844,-1.2857175732412816
1.1474721565213304,-1.5705652619722765,0.6014108783955116,-0.2783113755815527,0.7567996015324204,-0.8758513324342979,0.9341340957085413
0.9144108018344477,-0.032516576979790046,-1.54024596877492,1.4726840805064363,0.7567996015324204,-0.0042770791514930885,0.019364196233575683
1.2238801557331491,0.6783596001033483,1.3015209118828153,-0.8619765276108824,1.1397584360428017,0.7540075226337125,0.7514065666728538
-0.5919970313578017,0.25524599554771066,0.7084857601617459,0.8890189284771066,1.1397584360428017,0.20158104552731604,0.7348144927257242
-0.742353726745357,-1.0494023734372087,1.3626082005227071,0.30535377644777695,0.7567996015324204,-1.4225112380293825,-0.7506500411720949
0.4677823262036839,-1.1199973067187647,0.521075571821992,0.30535377644777695,0.373840767022039,-0.6594547007923317,1.6328238308012322
-1.6449782088564302,-0.24961131794059357,0.6466545414095434,-1.445641679640212,-1.1579945710194866,-0.31846644670691143,-0.30659023773529015
-1.5334412653166365,0.4326498286525511,-0.9385830819763902,0.30535377644777695,0.7567996015324204,-0.6501125609188962,-0.09430175338768144
-0.07197658517007342,-0.05902879916515642,-1.6936464184526518,-0.8619765276108824,-0.7750357365091052,1.7468755911356955,-1.5742139442051524
1.2506503418222157,-0.6332915068971349,0.13804366127539472,-0.8619765276108824,1.1397584360428017,-0.1691083716080853,0.6424015915908035
-0.9342577762244837,0.5866572325225275,-1.088391194116841,-0.2783113755815527,-0.7750357365091052,-1.4001548545150517,1.5191016200324758
-1.4595226989066863,-0.8652289661616795,0.5582907661875977,-1.445641679640212,1.1397584360428017,-1.5956989921142064,-0.8701088304254052
-1.2138209610787234,0.9973528169351216,-0.20562068339652198,1.4726840805064363,-1.1579945710194866,-1.3068672664931922,1.7258232913880165
-0.6981130669450628,-0.556963918638947,-1.071282512748422,-0.2783113755815527,-0.009118067488342381,-0.5018646321691944,1.5778535708572325
-0.42641431052591716,-0.3447853101941843,-0.8608599410231238,-0.8619765276108824,-1.540953405529868,-1.4369466612797819,-0.44571973432400397
-1.5537629319417778,-0.9811417967073993,-1.40954865904968,0.8890189284771066,-1.540953405529868,1.2152430558491731,-1.1344426670399606
1.4917588868500056,-1.469223947793872,-0.5708492104108123,0.8890189284771066,-0.39207690199872375,1.1486864304594806,0.6769382757940514
1.1429142552694682,0.5672476929437639,0.23337153556258983,0.30535377644777695,1.522717270553183,1.1006471840733587,1.1622768801753223
-0.02695956949379399,1.4736215584067955,-1.616000994128405,-0.2783113755815527,-1.1579945710194866,0.32441055120716333,0.389287032110142
-1.3202577828594033,-0.19439778867709398,1.1145009127754633,-0.8619765276108824,0.7567996015324204,-0.8662016771015076,0.9179027501065157
-0.9995624056285227,-0.6863655453857069,-0.2660994676393213,-0.8619765276108824,-0.39207690199872375,-1.5892744194191424,0.13370291105873927
0.11273609079888317,0.9477593748523072,-0.5414589540313487,-0.2783113755815527,0.373840767022039,-1.235871856274925,1.1146459548894578
0.6507852317936165,-0.869883441892801,-1.350520026350779,1.4726840805064363,1.1397584360428017,-1.592619375365432,1.6461212697422436
-1.6641568710504686,1.1492317866663093,1.2229852327694806,-0.2783113755815527,1.1397584360428017,-0.12684193410612812,-0.7113131854532468
-0.9061064354923352,-1.1444250284426638,0.5255297683796482,0.30535377644777695,1.522717270553183,-1.6273448268984716,0.3545650977342057
0.311261120750298,-0.05013786047574857,1.2430678066364438,1.4726840805064363,1.522717270553183,0.7138877293170975,-0.29034473472447436
-0.048177698170341024,0.8898121077587904,-1.5918506197885516,-1.445641679640212,0.373840767022039,0.2503382948182644,0.5365254202032405
1.4953677060617672,0.46062143785764426,-1.5925595998243942,-1.445641679640212,-1.540953405529868,0.09104647510736918,0.42289296137383936
-1.3225909573724233,-1.3362624312285363,-0.5776047291251156,0.30535377644777695,-1.540953405529868,-1.570885613524038,-0.36911577772523363
0.652707579827194,-0.2503992231021768,-1.381368164374002,0.8890189284771066,0.373840767022039,-1.1845861801152437,0.18181425425760292
1.0220618773285806,-0.7489061140040655,1.4303045161057295,0.30535377644777695,1.522717270553183,-1.1249235258577759,1.5698997320863202
1.5358245186416317,-0.5369982816178114,1.3986048541037102,0.8890189284771066,1.1397584360428017,-0.19808174869991038,-0.35094900139681934
-1.2290631430373402,-0.3104913018897769,-0.8974294116980405,0.8890189284771066,-1.540953405529868,1.0572172851874841,-1.5078852753502197
-1.3640447156319686,0.23560203396492346,-1.1660585702986952,-1.445641679640212,-1.1579945710194866,0.9425762829586314,0.5613289779644984
1.6712879637652953,-0.5759144514810391,-0.574541727886063,-1.445641679640212,1.1397584360428017,-0.9277041810623256,-1.0352714704027959
1.0571741289732883,-0.5838655461787124,-1.5957849647816456,-0.2783113755815527,0.373840767022039,-1.3622013793837646,-0.4875480721842175
0.8988462652827464,0.3651141494286524,-0.27296196795463057,-0.2783113755815527,1.1397584360428017,-0.050837761473576916,1.466173725372725
-0.4602092200105141,1.7103956135427278,-0.7480154090993452,0.8890189284771066,-0.39207690199872375,1.7381789829935128,-0.6733554614745073
1.0913106214363346,1.0094286741157366,-0.9028022379606927,-0.8619765276108824,0.7567996015324204,-0.48512714935378365,0.9618167779359919
1.3314861296768856,-1.5062715000960463,0.9353257852552116,1.4726840805064363,1.1397584360428017,-0.34696540431299455,-1.664218228695695
-0.9230718906925082,-0.1654232185887667,1.307945028623449,-0.2783113755815527,-0.39207690199872375,-1.0352920234544123,0.7502049147976092
1.6344877978404126,1.483331847389482,-0.3053390028137735,-0.8619765276108824,0.7567996015324204,1.7384555272814537,1.2821392053887737
-1.1379717965161282,1.5090889946487627,0.35739532734450014,-0.2783113755815527,-0.009118067488342381,-1.2262891868137067,1.2291553679719713
0.9901014344346236,0.8564092532956118,0.4624391671198629,0.30535377644777695,1.1397584360428017,0.7522887395707758,1.120588140593296
0.39847610481392076,1.4780871105998417,-0.15144629455581418,0.30535377644777695,-1.1579945710194866,1.455341389966921,-0.13948262188858193
-0.007846792929455141,-1.1582112972447047,0.8905955018755386,-0.2783113755815527,-0.009118067488342381,-0.13794945478982973,-1.0697908306793666
1.3366830971130297,-0.8604918487134127,0.1003640441057431,0.30535377644777695,-0.009118067488342381,-1.6020396341465666,-0.1996627337665305
-0.436152762676353,-0.12307713566758602,0.49608263915934553,-1.445641679640212,-0.009118067488342381,-1.504276484959314,-0.7712936799790383
-1.6041811509313877,-0.8797274134806972,-0.09257572850227312,1.4726840805064363,-0.7750357365091052,0.9568719886703726,1.5353929620743385
-0.8457074223930916,0.9614324465719707,-0.616547603158453,0.8890189284771066,0.7567996015324204,-1.0067145970087208,0.8485775661755378
1.7332098738563795,1.1772624764546067,0.3304155114548686,1.4726840805064363,1.522717270553183,1.5072642987994167,1.3439674719371493
0.2659579460475013,1.584359022317717,1.3405537782574477,1.4726840805064363,1.522717270553183,0.3329201163675449,-0.20931808198681745
-0.10460985623494659,-1.236059351543619,-0.8799697339243813,-0.2783113755815527,0.7567996015324204,-0.648740557315761,0.3609133980222959
0.9118096729740091,1.2177903383213244,1.166104739868924,-0.2783113755815527,0.373840767022039,0.9738246948867785,0.018321594210450032
1.4198842380867351,1.0630876667086098,-0.6853051993645008,1.4726840805064363,-0.39207690199872375,1.7625927663782552,0.9863705718082177
0.6280084552570943,0.8419645792885966,-1.3142354617604084,1.4726840805064363,0.373840767022039,-1.3605190855464477,0.1967897439002575
1.6303285528413478,0.8677244973746034,1.0670267388748018,1.4726840805064363,-1.1579945710194866,-0.7620543474781357,-1.2590406048663465
1.4667030527333174,0.6175626756029831,-1.5939373846798548,0.30535377644777695,-1.540953405529868,0.24631850739894837,1.3093872056757736
-0.8866674360679764,-1.4152656907631878,1.4139103086863216,-1.445641679640212,-1.1579945710194866,1.0301512314632273,1.6686456684523883
1.2189830576796978,-0.47125742243828156,-1.4421568918679823,-1.445641679640212,-1.1579945710194866,1.659442561271778,-1.0873983538449812
-1.3834716498251363,-0.37731780311285296,1.4154451887323882,-1.445641679640212,-0.39207690199872375,0.32161539946076445,-0.8779416343088006
-0.023493417318409753,-0.8005240672223682,-0.7326432966751821,-1.445641679640212,0.7567996015324204,-0.8931225656916277,1.3250552256447563
-1.0696046581303682,-1.2287036805456322,0.2787707927540239,-0.8619765276108824,0.7567996015324204,0.8338483660455825,-0.03122645673831704
0.44135836918872395,-0.9463064818871207,0.4494484069228088,0.30535377644777695,-0.7750357365091052,0.9397794791140448,0.6937118112690359
1.1438068380353181,-0.7538522474357601,0.22956248811207877,0.8890189284771066,1.522717270553183,-0.0930166330976565,0.6919197797082635
1.5807434139547287,-0.130228978121973,0.7051272550459253,-0.2783113755815527,-0.39207690199872375,1.5882276531056472,1.702598121678266
-1.2707641492116213,1.5613497995575738,-1.6287407926648882,0.30535377644777695,-0.7750357365091052,0.07695479768018065,1.4754194363248643
1.0965729018973773,-0.14071766499066107,-1.5945914519934055,0.8890189284771066,-1.540953405529868,-1.6436176115412413,-0.7990298206584493
-1.5402498702346836,0.7753108360132368,0.10876077411757697,-0.8619765276108824,-1.540953405529868,0.3474589879909798,-1.709002489580914
-1.481507220660706,0.5400826919207817,-0.5320340277086076,-0.2783113755815527,-0.39207690199872375,-1.4924914920013657,0.21910180274477886
-1.2600483615993394,-0.7971654607480376,1.3833966030231444,-0.2783113755815527,-0.39207690199872375,-0.4042097508644412,-0.20783350264466308
-1.2540355489727597,1.5201607257041274,1.5851571812360319,-1.445641679640212,1.1397584360428017,-0.5965054474512473,0.8620202750819919
0.48211694979746683,-0.9105448852500428,1.3549429008337357,0.30535377644777695,-1.1579945710194866,0.2779510110489717,1.3725754250334028
-0.2858342762145679,-1.005484405426337,0.7594236452152247,0.8890189284771066,0.373840767022039,0.5041036227199954,0.11093776961935281
0.04637507296061925,0.101028287728807,1.344919338241188,1.4726840805064363,0.373840767022039,0.520185340104219,-1.4216170018812218
-0.21075918700756946,1.1924026140477275,0.6421932558024007,0.8890189284771066,-0.39207690199872375,0.5424961256303055,0.505300689622014
0.3132605314149674,1.111052194027482,1.4880932371415254,0.30535377644777695,1.1397584360428017,0.054000542771576496,-0.45249350906628316
0.5723695414566451,-0.8080029179555419,1.5373830297007207,-0.2783113755815527,0.7567996015324204,-0.5496277213232004,1.5670643229457382
-0.3475463254789901,1.2488934611454179,-0.5405854737459413,1.4726840805064363,-0.39207690199872375,-0.37488802768571716,-0.8092385452628105
-1.42399823357788,-1.122723596893192,-1.4414985815030528,0.30535377644777695,0.373840767022039,-1.1548916561158502,-1.3984648289494748
0.5002994126545269,0.3520458221027915,-1.4886661679396174,1.4726840805064363,-1.540953405529868,0.8427203927721538,1.503513396210655
-1.1803378779249625,-0.41997962662518057,0.6038929486227762,-0.8619765276108824,-0.39207690199872375,-1.0413019246957658,0.15528865058639632
-1.3520931378710586,-0.7916427852907143,-1.0952325932633584,1.4726840805064363,0.373840767022039,-0.9992895646354726,-0.34669014739264437
0.9984356968357029,-0.9955513149597162,0.6028750459332801,0.8890189284771066,-0.009118067488342381,1.1943529120144027,-1.4116133726380107
-1.5646424313367175,0.5748446203477185,1.1614065727013585,-0.8619765276108824,1.522717270553183,-0.8323782205049814,0.5336011854321291
-0.1568543517417991,-0.1670126252634145,0.44432675835080343,0.30535377644777695,0.7567996015324204,0.15094802182945574,1.5091187423623562
-0.20587072446538934,-1.1280544714899958,1.5451740824635734,-0.2783113755815527,1.1397584360428017,-1.009537816924306,-0.10511298772102669
0.18188741196772093,0.5897569679362362,-0.794148182265113,0.30535377644777695,0.7567996015324204,-0.8222382974635523,0.1855756564824415
0.9466893356760252,1.6320407457530326,1.7370524737204496,-0.8619765276108824,-0.7750357365091052,0.6654796598146949,0.7636430858104164
-0.8489888915051628,-0.1396397866145019,1.4779679365252405,1.4726840805064363,-0.009118067488342381,-0.20882906192909056,-0.7556281777515664
0.3993101873395822,1.47962077425254,-0.47293600653954165,1.4726840805064363,-1.1579945710194866,1.0854122711866072,-1.2358735555830151
0.2933295473944619,-0.2176510959628981,1.286716053172617,-0.8619765276108824,-1.540953405529868,-0.2792414426800324,0.1492765260978864
0.15237753619291322,-0.01911771188146702,1.6351278877775903,0.8890189284771066,-1.540953405529868,0.10232203203697557,-0.027146502911041
0.9421342759204089,-0.14474923370851336,0.17878640989154831,-0.8619765276108824,1.1397584360428017,0.6987438888645835,0.6623411725540773
-1.2516174985916775,0.5653517581887694,0.027498204983057054,-0.2783113755815527,-1.540953405529868,-0.5116593363374986,-1.6093528320517674
1.3363999848719512,0.8117750407750577,0.04553178523442174,-0.8619765276108824,-0.39207690199872375,-1.5643088502136402,-1.4841259962929516
0.586559110483391,1.0160503336010802,0.41520349020226394,-0.2783113755815527,1.1397584360428017,-0.7659608689518156,1.4380053853725354
0.06697199148183411,-1.5531980256509421,1.0428781295788296,-0.8619765276108824,1.1397584360428017,-1.391540142454987,0.8209554260090326
-0.38598881878485175,1.072644963614725,-0.505151764940127,-1.445641679640212,0.7567996015324204,0.7391484486633129,1.6248658069871411
-0.3395892957018913,1.6889712184582861,-1.5405189885416486,0.8890189284771066,1.1397584360428017,-1.150544287472935,1.123491581726927
-1.0580678266541055,-1.4065628307885476,-1.3719878037650037,0.30535377644777695,0.7567996015324204,1.5001160769947735,-0.428761189795532
-0.03730939564514711,1.4860350651578742,0.8249256382229324,1.4726840805064363,-0.7750357365091052,1.2711424878493465,0.9599310717602768
-1.0834638893981814,1.7896992716161206,-1.4362876566044085,1.4726840805064363,-0.009118067488342381,0.14078968011948578,0.33195640411099614
1.3868319744641957,-0.9182993083977732,0.177071771542684,-1.445641679640212,-0.009118067488342381,1.700955865208453,0.7477786324606269
0.7647488785322933,0.8056978510067353,1.303523159097038,-0.2783113755815527,-0.39207690199872375,-1.4490241173113902,0.7140801334397483
-1.0199683370229098,1.1857540365825334,0.6220781917673827,0.8890189284771066,-0.39207690199872375,-1.5955439875978132,-0.57127573148021
1.6353666562978495,1.4631111433300272,-1.0109473846402746,1.4726840805064363,1.522717270553183,-0.6521237753973972,-0.12258537692627582
-0.9685282385664793,-1.0710253173878663,-0.5810473205382907,-1.445641679640212,-0.39207690199872375,-0.11038443756761815,-1.6216625829763653
-0.2957334002475818,0.49054436521263883,0.09271077397612683,-0.2783113755815527,-1.1579945710194866,0.503799636177345,0.2910949483979772
0.21089834256115175,0.8406362267185954,-1.3348205237958977,-0.8619765276108824,1.522717270553183,1.126846769148614,-0.9255249189270185
1.5086440668144367,1.513080169142254,-1.1538063826112317,0.8890189284771066,-0.7750357365091052,-1.191176025167328,-1.4569428588207933
0.411852190026456,0.3788067078423818,-0.33803120377909407,1.4726840805064363,0.7567996015324204,-0.4338695823195388,-1.337541347537508
-0.38341893932181775,1.1947828655948645,-1.6823240044576617,0.8890189284771066,-0.7750357365091052,0.6795859361931865,1.55785422491078
-0.9029869010815248,1.2155521192211358,1.1917285911210695,-0.2783113755815527,-0.39207690199872375,-0.8773106000014629,-1.3110959917305987
-1.6826681682858984,1.4328007573692065,0.4468859908647559,-1.445641679640212,1.522717270553183,1.6978018923687441,-1.5129540511052768
0.6896496159271878,1.0133810246098711,0.7105129592383264,0.30535377644777695,-1.540953405529868,0.5162827120489075,-0.8641183498836037
-1.7000993125160295,-0.7973151527696034,-1.2232126698555723,0.30535377644777695,-1.1579945710194866,1.5457415950464681,0.21774724448784544
-1.2951954238982386,-0.6718172819457002,1.0173199753052642,0.8890189284771066,1.522717270553183,0.027371309167651972,-1.491091200321418
-1.1794080870801054,-1.5009047710580476,-0.8244087367066466,1.4726840805064363,1.1397584360428017,1.761165139441058,-1.0693295902773556
0.2036793668856595,-0.17174805826468978,0.5464085128074758,-0.8619765276108824,-0.7750357365091052,-1.412137764686186,-1.3687697075527174
0.5411601946373209,0.9356791725341097,1.4001187049374657,0.30535377644777695,0.7567996015324204,1.2731758404663835,-1.2338374130794607
0.9638195940529883,0.7259201295445125,-0.6830713221106932,-1.445641679640212,1.1397584360428017,-0.6461409290258695,0.12018183657925376
1.2934644807765512,-0.6998227762459892,-1.2779350603347712,1.4726840805064363,-1.540953405529868,0.10344919540198252,1.3143183730963701
-0.0859742015981957,-0.9671591725255329,-0.6282780937875648,-0.8619765276108824,-0.009118067488342381,-1.4299329823366465,1.0013595819433838
0.37444289498154654,-0.6761880858671155,-1.227481106535385,0.30535377644777695,0.7567996015324204,-1.2424148492461478,-0.544266552818117
1.434108552514043,0.6652373505891218,-0.7801168421675845,0.8890189284771066,-0.7750357365091052,0.9455071199000477,-0.7057490880862239
1.0637338991340408,-1.3898872213048215,-0.7911512241906574,1.4726840805064363,-0.7750357365091052,1.3212477512213294,1.198113054587299
-0.5137951214055618,-0.3006938054991661,0.9844963077603106,0.30535377644777695,1.1397584360428017,0.7494968271397393,0.813669227871261
0.5987868541802154,-0.009377059033250814,1.2979154596630464,-0.2783113755815527,-1.1579945710194866,0.8078602444485721,0.2372417033709174
-0.21309981011965104,1.0463405271610633,-0.6475199490896737,-1.445641679640212,1.1397584360428017,-1.6450126316598044,-0.06872774961621662
0.07967531726030326,0.911697901052621,0.31727356509257715,0.8890189284771066,-0.009118067488342381,1.4558377222386079,-1.2317100337169546
0.387911125667458,-1.0569577490423983,0.5968631854584927,0.30535377644777695,1.522717270553183,-0.4058345607405752,-1.6545987415940024
0.36177472630806556,-1.4654324602032358,0.43878905672739427,0.30535377644777695,-0.009118067488342381,1.356497709849485,0.06598198392695982
0.3425865219071136,1.2663821524858183,1.2471083527473616,-1.445641679640212,-0.39207690199872375,0.8915441603711036,-0.9760215454788576
1.724453765660156,-0.5360949559894727,0.8852268236670116,-0.8619765276108824,-0.7750357365091052,1.0374610851743424,-0.13687698842564414
-0.6570891674678756,1.6846015254469446,0.6988155232194506,-1.445641679640212,-1.1579945710194866,-1.3423144596227323,-0.6419443267534601
-0.6096936576936813,0.18679117507219192,-0.32555586464826974,0.30535377644777695,1.1397584360428017,-1.5567680996081448,-0.43543673476409855
0.6978803787428535,-1.2429132959594529,0.2150993346429141,1.4726840805064363,-0.39207690199872375,-0.6276418400936322,1.1808682846552894
-1.215884033917037,1.666054755366736,-0.9081199425080407,-0.8619765276108824,-0.009118067488342381,-0.09480561080794295,0.39472182947121204
-1.535317647391742,-1.0937587962745758,1.2767015785880562,-0.8619765276108824,1.1397584360428017,-0.3541988813576633,-1.0783879909193017
1.3988831989252293,-1.152907725114291,0.6276131046432182,-0.8619765276108824,0.373840767022039,0.5445226745467153,0.8873414193467668
-1.6550827306663278,-0.017172472771133908,-0.7069306169420934,0.8890189284771066,-1.540953405529868,1.1667659937063168,0.9449440790345729
-1.2425956247889773,0.17283126521321712,0.29888700456059797,-0.2783113755815527,-1.540953405529868,-1.351450398654628,1.1962464691638608
-0.5497871319873329,0.7625823712074745,-1.4375744035090896,-1.445641679640212,-1.540953405529868,0.8221220486324549,-1.463619976563789
-1.093462088094284,-0.20740719622449766,1.6988130484805901,-1.445641679640212,-0.39207690199872375,0.34447170840794766,0.5078626782024757
0.3340595307712533,1.1230236659869064,1.18820139989216,0.8890189284771066,-0.009118067488342381,-0.47910908415152426,-0.3191321528778219
-0.22978160716494528,-1.0762459817011667,-1.6375913922983596,-0.8619765276108824,-1.1579945710194866,-1.4488524894491412,0.9780964199813672
0.5593345279050799,-1.0257716962580328,1.4357612934138515,-0.8619765276108824,0.7567996015324204,-1.5937438280116971,-1.2472217042876437
-0.5752393847140375,-1.543353508715105,-0.4079394270801016,0.8890189284771066,1.1397584360428017,0.23815612386650375,-0.7749263649536413
-0.5619548943402971,-0.6409501679764074,1.5873910376877465,-0.2783113755815527,0.373840767022039,-1.1262814066296483,0.07702663292836362
-1.7100349599362425,1.4694785148714091,0.7509244536970601,-0.2783113755815527,1.522717270553183,1.0116478344690998,-0.7773037418638893
1.3202003279378298,-1.1760498432621473,-0.9648557917301721,-0.2783113755815527,-0.7750357365091052,1.2310588039905703,1.1495537904071
-1.0359629976898803,-0.7742472421423058,1.6877394131436085,0.30535377644777695,-1.540953405529868,1.3327771361663825,1.2904014048636947
1.3895818744457462,-1.1733494698667482,-1.643096136732443,0.30535377644777695,-0.39207690199872375,0.6027938919739242,0.5546019459578306
-1.1654522301901755,-1.1186918699022446,1.1541275669404618,-1.445641679640212,1.522717270553183,1.1891596198563827,1.340039576581237
-1.0528741907424837,-0.241560144704192,-0.3530979413654951,0.30535377644777695,0.373840767022039,1.3997269863589827,-0.5102142410447075
-1.657389775607779,-0.8772623539040357,-1.3732696464909266,0.30535377644777695,1.522717270553183,1.3915359964157494,0.13484419103804432
0.8902129346671847,-1.1833977152160533,-0.18525009525841038,1.4726840805064363,-0.39207690199872375,-1.4973261642039566,0.7965942280709091
1.34827553446909,-0.15839328329501678,1.4549899515676525,0.8890189284771066,-0.7750357365091052,1.1819883187029046,1.1379946231044937
-1.1541656768855602,-0.365682388119034,-0.2803909457681654,-1.445641679640212,-0.39207690199872375,0.16881709085593757,-0.17485837568204388
1.6041042730266277,1.4654853360955529,1.2844754417824849,-1.445641679640212,-1.540953405529868,0.8484983105057997,1.6812119342492629
0.9187497899558522,-1.193979080769477,-1.202355915891127,0.30535377644777695,-1.1579945710194866,-0.2039143587072657,0.15851017873831738
0.17919978803907735,-0.6815449346579131,-1.0595399116762279,-0.2783113755815527,0.7567996015324204,-0.9266492441341257,1.6541058793475962
1.2644290733408605,-0.5774208235761733,-0.08608295175761138,-0.8619765276108824,-1.540953405529868,0.49916580065463806,-1.5099784082296865
1.4655459087829028,-1.3031113982340017,-0.525929680251513,-0.8619765276108824,1.522717270553183,0.47074781302334734,1.5809815747766571
0.39356812793360796,0.4208066483203615,0.508564551553839,0.30535377644777695,1.522717270553183,0.7310843199706661,-0.971049673384753
0.9962562048309277,1.7112152824539344,-1.5434505468963087,-0.2783113755815527,0.7567996015324204,-0.786316067522068,-1.2001973387967184
0.7122404276190458,-0.11136620965545749,1.2047324400427124,-0.2783113755815527,1.1397584360428017,1.5198442257820413,0.7864231737055459
-0.8743468116849553,1.4387690813524772,1.0561511521194957,0.8890189284771066,1.522717270553183,-0.5948522306063772,-0.8195949871902962
-1.6298765456816877,-0.18321097841006684,-0.06502262113800301,-0.8619765276108824,-1.1579945710194866,-1.1424618792908878,1.4742852314591772
0.5345620220357153,1.2158606931076963,0.976734496453781,-0.2783113755815527,-0.009118067488342381,-0.46262182273428015,-0.014776684319574601
1.2448079549132778,-0.29424916376369126,-1.3268456785546356,-0.2783113755815527,1.1397584360428017,-0.36624946902688,-0.3662105699569517
-0.07388647634494822,-0.07276231384647802,-1.5640100172576077,1.4726840805064363,-0.7750357365091052,-1.0648355216609313,-0.7182384444986368
0.989207922411743,-1.0837548820606724,-0.9002859865572651,-0.8619765276108824,0.7567996015324204,-0.9723797734007241,-1.3282147250460485
0.7274987246445802,-0.6979587936728058,1.2990367740277609,-0.2783113755815527,0.7567996015324204,0.9134317331296087,-0.033357197916893164
0.7821441342845394,-0.8102787917462652,-0.7097492392099928,-0.2783113755815527,0.7567996015324204,-0.5736816443031668,-0.7999908866105657
-0.4898592216279567,0.8726800030413785,-1.4064760502229534,-0.2783113755815527,-0.39207690199872375,-0.3073894918257564,0.8639234374373544
-1.7157719015028163,0.358626759378921,-1.448856328547472,-0.2783113755815527,-0.009118067488342381,-0.3255726222082956,-0.351190973566139
0.5463422298440478,-0.34851047202679636,-0.3935069696957643,-1.445641679640212,-1.1579945710194866,0.9098826351926231,-0.6089770682377349
0.5825716467100883,-1.2514146466338678,0.08084532698113334,0.8890189284771066,-1.540953405529868,-0.44251886813351937,-0.6727027530262296
-0.49524337644692584,-1.218132713620074,-1.124155108473108,-1.445641679640212,-1.1579945710194866,0.8840734605441388,-0.47819525775223487
1.7090873204378836,-0.19093410672923405,0.24575377430171721,-1.445641679640212,-1.540953405529868,-0.7521614637217194,1.4491510933243315
-0.022993956134661868,1.0193879662254641,-0.939148788179494,-0.2783113755815527,1.522717270553183,1.4067690143861784,0.3710561310934554
-0.24852335807972467,0.5088410256899499,-0.6819439628300036,-1.445641679640212,-0.7750357365091052,-0.8126522853721031,-1.1199305059792155
-0.5846509342289448,-0.2817825619475296,0.018975734939267325,1.4726840805064363,0.373840767022039,-1.2591494498577476,0.020863499498258806
-0.3330107201811868,-1.283096514739838,0.5044211837421961,-0.8619765276108824,-0.009118067488342381,-1.1311051756370991,0.8459892417804049
0.22282880413877157,0.02233148616244422,1.3857689457125586,0.30535377644777695,-1.1579945710194866,-0.9467031428851459,-0.6101023819998973
0.27756088403179024,1.0050789033301177,-1.3589079389021215,0.8890189284771066,-1.540953405529868,0.17278894555517563,0.7048472340480194
1.547343026567742,-0.7271306297903953,-0.48252488671942256,-1.445641679640212,-0.7750357365091052,-1.0140765773344147,-0.064655233045611
-1.5781838929799794,-1.1629726813086516,1.319234564243988,-1.445641679640212,0.7567996015324204,0.9878107984148533,-0.3761746539538184
-0.9127526546640374,-0.3939767321502991,-0.877926759863977,0.8890189284771066,-1.540953405529868,0.029599629689444237,1.0446714705373876
1.4237109664755783,-0.9276110241065142,-1.2838254328969954,0.30535377644777695,-0.009118067488342381,-1.3991226999641018,-0.14585741455395815
-0.1980857391150347,0.8632400173240086,-1.0294039106700377,-1.445641679640212,1.1397584360428017,-0.952539337855665,1.6181745329987691
-0.6934212906450543,1.6549727924736821,-1.0877563812706486,-1.445641679640212,-0.39207690199872375,-1.1675221677519882,0.4491158469529973
1.5825803416122621,-0.18987439134845574,1.037245688692918,-0.2783113755815527,-1.1579945710194866,-0.11385219346814648,0.9409374283841927
0.6531045736213351,-1.2303928306186664,0.08070797616143477,1.4726840805064363,1.1397584360428017,-0.04049001098294569,0.7543231130442474
0.8503462693390686,0.8757761534131807,1.0375619159113476,-1.445641679640212,0.373840767022039,0.17579101870078434,0.8721601609246039
-1.2104155594883355,0.30235508648809073,1.0011981789258586,-1.445641679640212,-1.540953405529868,0.9632512709689847,0.4259592147248764
-0.2225803464607101,0.28159684545186525,0.0038579237525676064,1.4726840805064363,-0.009118067488342381,0.252690916601349,0.6206892168203236
0.5707581412859642,-1.4005190061713892,-1.5787264983911802,-0.2783113755815527,1.522717270553183,-1.635600413947802,-0.6918066055487813
-0.6848426979261751,0.7472827269680845,0.2488762313772672,0.30535377644777695,-1.1579945710194866,-0.5669261461048258,-0.06008402176641764
0.6086583667892028,1.1138849102622757,-1.3257617420700867,0.8890189284771066,1.522717270553183,-0.5627383187757997,-1.4061381243958178
-1.2715742747873846,1.2235250869347107,1.2280767818967755,0.8890189284771066,-0.39207690199872375,1.4084559173430002,-1.4982911433395234
1.443218316124746,1.6154323861528668,1.4860985146880217,-1.445641679640212,-0.009118067488342381,-0.7629229748618545,0.03180310468874985
0.2619535417858536,-1.2495452943194425,-0.980474684351515,0.8890189284771066,-0.39207690199872375,1.7003717910073715,0.3119450835820085
-0.5487562663321077,1.2726047326263565,-0.08747716639108132,-0.2783113755815527,-0.009118067488342381,-1.1179617665738177,-1.0790395251764902
-1.0064514238071707,0.24318005145905813,-1.717161553540912,-1.445641679640212,-1.540953405529868,-0.06772224091479095,1.283631782780623
1.6156898137269982,-0.6638430364574376,-0.8534102762626774,-0.2783113755815527,-0.7750357365091052,1.6216519989078273,-0.5938035102729499
1.448322599138643,0.937428537179113,1.705659603484775,0.30535377644777695,0.7567996015324204,1.0920352424913928,-0.36034693469446366
-0.5524532040951668,0.05888645966177354,1.3021342487037393,-0.8619765276108824,-1.1579945710194866,-0.08240898286178996,1.7382142049776954
1.686068457877351,-0.389851379629789,-0.6227076297076453,-0.8619765276108824,-0.009118067488342381,-1.193513821445376,-1.0345878566782865
-1.2185688401889356,1.7538803079359306,0.26113549863281404,1.4726840805064363,-1.1579945710194866,-0.500716275946649,-1.6862374707084018
-0.2892465726767785,-1.3996492516676386,-0.859916805762361,0.8890189284771066,1.522717270553183,-0.819755577767867,1.7527248762384597
-0.09131913807028198,1.0035665614912144,1.5617774746265225,0.8890189284771066,-0.39207690199872375,1.2319798863245537,-0.8858444598386049
-0.9634389133820607,1.6509541184839542,-0.22890617652617176,-1.445641679640212,-0.009118067488342381,0.22990541410546053,-1.5669168522181434
-1.3615872705633334,-0.28663959335167105,0.287240548662376,0.8890189284771066,-1.540953405529868,1.5662220558751647,0.08249559147103501
1.3223454629546976,1.7852157846974261,-0.9781602003033333,-0.8619765276108824,-0.009118067488342381,0.6374711623822454,1.2160132305133065
1.3396610817458794,-1.1774340981846718,-1.6510433839716807,-0.2783113755815527,-0.009118067488342381,-0.08487056724621195,-1.49334723924534
0.34843368749432607,-0.909131327828441,-0.1862035972433504,1.4726840805064363,1.522717270553183,-0.43012124680282016,1.6672016560022278
-1.0957106536086982,1.1963255423666417,0.5112876531562257,0.8890189284771066,-1.1579945710194866,-0.8623627931300465,0.4819762990955958
-1.4334243555377166,-1.225337094905026,-0.013195477914607037,-0.8619765276108824,1.522717270553183,-0.8631803995804085,0.6583511949006362
-0.04616895402253908,-0.2056228015295677,1.0619758391755219,-0.8619765276108824,1.522717270553183,-0.10841505318404902,-1.6865828441562345
0.03935498450269426,-0.543358585544096,0.03383041732283597,-0.2783113755815527,0.373840767022039,-0.22879010965751193,0.25980153793420435
0.35112584762047616,0.5353791097415167,-1.3016919079522362,1.4726840805064363,-0.39207690199872375,0.04222578113190288,-0.08996721242319701
0.8434115347743221,1.1061418474710951,-1.2186631531733056,-0.2783113755815527,-0.009118067488342381,0.934496738428177,-0.27758461269162477
1.2958918973177285,1.0263085950655608,0.1965012499619079,1.4726840805064363,-1.540953405529868,1.069690817956421,0.8259676204138635
-0.22184298121524917,0.06906227638718856,-1.476570443910136,-0.8619765276108824,1.1397584360428017,-0.6528743182312285,0.3577112942625251
0.5964746295743548,0.2737368965885263,0.37369377334912646,-0.2783113755815527,1.1397584360428017,0.2757153736140482,0.7612564318687336
-1.3905432948970178,0.8394118920750844,-1.585709135698317,0.30535377644777695,-1.1579945710194866,0.5448420093973037,-1.6007135088771658
-1.0298970227270816,0.706541684053383,-1.209960063686315,0.8890189284771066,-1.1579945710194866,-1.2077506531180888,-0.14770488173278978
-0.18458791335674996,0.7976598785420614,0.2402318560253251,-0.2783113755815527,-1.1579945710194866,1.2121549003942675,-1.2761567230763964
-0.7233819993147559,-0.5815928034215256,0.8486146416726504,0.30535377644777695,1.1397584360428017,-0.22082735581300486,-0.3133337322827159
0.7221154037165937,0.3176035093976687,-0.6193974741329132,-1.445641679640212,1.522717270553183,1.0084234197156263,0.6152479502679317
-0.5074218609051968,0.8167236052628201,0.7958307537343061,0.30535377644777695,-0.009118067488342381,1.544362312267461,1.5771551348862065
0.4896777310417129,0.7781421781172965,0.5652828810076147,-0.2783113755815527,-1.540953405529868,-0.9628279873241775,-0.09759245840330008
-1.5920293478997594,1.0602333227295386,-1.1475390792046494,-0.2783113755815527,1.1397584360428017,-0.7555299030895756,-0.7090092242414732
-0.2742210581687055,0.3361955751714397,0.9570081025376346,1.4726840805064363,-1.1579945710194866,-0.2652759261505367,0.5291222304145231
0.4283279270065315,-0.9863233458629427,-0.14575391770552357,-0.8619765276108824,-0.7750357365091052,0.9890021825245673,-0.3829292197508367
1.0984605290870482,0.7039229659083476,1.3594087712896814,0.30535377644777695,-0.7750357365091052,-0.7476683590228128,-1.0196410397833866
-1.0702454381312985,1.4749485651394163,-1.635323361083616,0.8890189284771066,1.522717270553183,0.6253688404029675,-0.4787770126542796
-0.21515444020738209,0.9904220260453024,0.09570176072293735,-0.8619765276108824,-1.1579945710194866,1.2747803483351656,1.3310302486959495
0.7844316462706024,-0.5649471033670573,1.6124440718917223,-0.2783113755815527,1.522717270553183,1.22665059678646,0.1115964191638905
-0.8835525076418671,-0.11432263785925806,1.681730098810368,-0.8619765276108824,1.1397584360428017,-0.43512330846276936,-0.3983718729853335
-0.09178539880294298,-1.6557557808861816,-0.452029244204718,0.8890189284771066,0.373840767022039,1.6861688400526291,-0.46585405926072393
1.1290518500732765,0.4043660592027067,-0.49420542177971394,0.30535377644777695,-1.540953405529868,0.3354322908751877,-1.2445456655810037
-1.551243695298612,0.5636003601121451,0.12802716168016126,0.8890189284771066,-0.009118067488342381,1.7757713751047612,1.3279365471118498
-1.408301003317048,1.2608679274233692,-0.44027665285259093,0.30535377644777695,-1.1579945710194866,-0.6427697613479112,1.0644832925801144
-1.0367686833990306,-0.7704370266500256,-0.25714654602496484,-0.2783113755815527,-0.7750357365091052,1.3023467781444584,-0.27836344269448277
-0.24366589091078888,0.008266478127265182,0.023925043728971515,-1.445641679640212,1.522717270553183,1.4996000388918085,-0.22360396355778672
0.012198569882714859,-1.5418602929957557,0.7851947363708955,0.8890189284771066,-1.1579945710194866,-1.263418979831333,-1.57568129699046
0.061146327338352374,0.4227029782218308,0.48813469117970715,-0.2783113755815527,0.7567996015324204,-0.6007414373782408,0.02794079132464772
1.6406196410794465,1.0398091753030039,0.15604029347495166,-0.8619765276108824,-0.39207690199872375,-0.7028639545391429,-0.07559242585512092
1.2191503682728853,0.41276400254082496,1.1414657847892569,0.30535377644777695,-0.009118067488342381,0.16926934809284985,-1.272747671384813
-1.6174946856254848,-0.4081390595959431,-1.1610585092597032,-0.2783113755815527,-1.1579945710194866,-0.46109070405484703,1.601258753135491
1.213730430051991,1.2647609346083248,-0.8025241227978589,1.4726840805064363,1.522717270553183,0.10750415901960257,-1.1223625290902453
-0.5810313548407192,1.2094243333491788,-1.701536086335565,-1.445641679640212,-0.7750357365091052,0.17754864179599855,-0.13609835051991293
-1.4958212913260251,-0.0594286817469853,1.178663290317391,0.8890189284771066,-0.009118067488342381,-1.5724877163100985,0.32490182612090873
0.19943302503707527,1.055958368966508,-1.478279257627434,1.4726840805064363,-1.540953405529868,1.7789527186159886,-0.16364183373814184
1.3963832829547838,-1.5365901079224549,-1.604585080168666,1.4726840805064363,1.1397584360428017,0.914454278143579,-0.8735841158242196
0.434643034840066,0.03950597774274752,1.4091459468218772,-0.2783113755815527,1.1397584360428017,0.148069659684704,-0.5962139188869833
-0.8106982027937181,-1.580142423023258,-1.6980626470991464,0.30535377644777695,1.1397584360428017,1.3532558038659597,-1.1819040605100015
0.7079044603705461,-0.8947702882504497,-1.1561842866548147,0.30535377644777695,-0.7750357365091052,-0.12632854385446116,-0.2730777054023546
-0.7407114688702251,-0.5871380720496504,0.8350992577500227,0.30535377644777695,-0.009118067488342381,-0.861002143156286,-0.48643118803679336
0.024962430086989545,1.7313874733373724,-1.4188622895930478,0.8890189284771066,1.1397584360428017,-0.10932380543432434,1.4641550980863494
-0.12179399191602139,-0.36302227987523844,1.0636000877698348,0.8890189284771066,-0.7750357365091052,-0.14128339044830565,-0.726360538570376
-0.7483680526209159,-0.49138687047776686,-1.1935118480958993,-1.445641679640212,-0.009118067488342381,0.4616067813664983,1.2653832907667777
1.012113480389576,0.7412072366209232,0.6975897655260455,0.30535377644777695,-0.009118067488342381,-0.5027307001504251,1.4557585572922283
-1.3662746057730386,0.5530261252230867,0.858068270622052,0.8890189284771066,-1.540953405529868,0.03508007720941668,-1.3867496598120679
-1.0040172879845375,-0.2615849953562227,0.0519601567112172,-0.8619765276108824,1.1397584360428017,0.2841350635339883,-1.2179317666491387
0.06590384389687441,-0.23688696475690177,-0.38650959773665505,-0.2783113755815527,-0.009118067488342381,0.01318590267750374,-0.5149100649910041
-1.6850287259736891,-1.5330736032656955,0.34284396846406046,-0.8619765276108824,-1.1579945710194866,-1.212928766808838,-1.5053614406985178
0.514465350408676,-1.4870655556160335,1.0523953012765515,-1.445641679640212,-0.009118067488342381,-1.5503788270981802,1.0902578696112273
-0.4103203845344292,0.841078926205768,-1.2118143247914621,1.4726840805064363,0.7567996015324204,1.505081469037264,1.2676778297082905
1.6238767106370444,-0.721336956871739,1.627569810357374,1.4726840805064363,1.1397584360428017,1.1027229244568042,-0.9539567650863854
-0.9142472901511606,-0.381561504357794,1.267189924095503,-0.8619765276108824,-1.540953405529868,1.4265345143083044,1.3275076660708525
-0.470585330417301,1.743498105428348,-0.5846573727273907,0.30535377644777695,0.7567996015324204,-0.8076232361664482,-0.3152284462627784
0.6543045507142439,1.3550389495791964,0.8132070911318476,-0.2783113755815527,-0.009118067488342381,0.726667617666969,-0.5802543096356545
-1.2165107437913152,0.5584419179643246,0.20414949067955357,1.4726840805064363,1.1397584360428017,1.0130252000430189,-1.014438804963039
-1.5207344383344992,0.8184829633344007,-1.3389720853079183,-1.445641679640212,-0.39207690199872375,-1.073155451405461,-0.3698959074525969
-0.5014230563266276,0.42969595027976615,-1.1772513055461815,-1.445641679640212,1.1397584360428017,1.1091927835700133,1.6298526024346414
-1.3362267883687795,-0.3646005943204164,1.5447521415547807,-0.8619765276108824,-1.540953405529868,-1.1141799528618987,1.3325806640699982
-0.760538891172655,-1.263318081882132,0.5062082789284487,0.30535377644777695,-1.540953405529868,-0.6949807404329479,-0.9012620229513927
-1.1087248521640747,-0.7041418991031405,-1.4322323887997406,0.8890189284771066,-1.540953405529868,-0.6765485062057839,-0.10155065610047502
0.28465017542746884,-1.2916127481266946,0.7142782956873664,-1.445641679640212,1.522717270553183,1.660249202158671,-1.6737853917252874
0.9865013488851009,1.0210541938569169,-1.4966412907130187,0.30535377644777695,-1.1579945710194866,-0.37542885635174306,0.9375366830136578
-1.374349735780403,1.2758691235104207,0.8026091655184946,-1.445641679640212,-0.39207690199872375,0.7350986406483634,-0.3583000928547349
-1.0548733157782664,0.0683624644922409,1.511232994994181,-0.2783113755815527,-1.1579945710194866,-0.6781290208994206,1.2931493099890004
1.524063265606834,-1.5492462472309423,-0.5077338513968315,-0.8619765276108824,-0.39207690199872375,1.3235740337171402,-0.8903637580244692
0.6737342316117979,-0.1391506727192512,-0.1559294043746667,-1.445641679640212,-1.1579945710194866,0.6227691265412089,-0.12040852036061385
1.2113665825821875,-1.1930810333104298,0.3147721596211762,-0.8619765276108824,1.1397584360428017,-0.5447554995766165,0.45823790038604767
0.08745027250558875,-1.0668374573088828,-1.310012736423733,-0.8619765276108824,-0.39207690199872375,-0.8060741684629045,-1.4291127561472645
1.261821980083444,1.2905219248461515,-1.4959724681751383,-1.445641679640212,-0.39207690199872375,-1.1704344725343125,-0.8137611090263309
-0.010616351843466413,-0.7048919698596741,1.3764440272283425,-0.2783113755815527,-1.1579945710194866,-1.2087796901722339,-1.48826142711675
-1.2016200921017222,-1.3471439806305479,0.8413429120955374,-1.445641679640212,-1.540953405529868,1.656075032036499,1.2723195391471276
-0.5159893281570166,-1.5445014285457757,-1.6654132047072603,1.4726840805064363,1.1397584360428017,0.2571781176185277,1.301391544403563
1.565479601444417,0.8512923705452001,-1.049008431453859,1.4726840805064363,-1.1579945710194866,1.062686836405901,0.8807553782506949
-0.9222196374847295,-0.8551275032624693,0.7363323180825366,-0.8619765276108824,-0.7750357365091052,-1.5241165757600288,0.5738179242700625
1.605788246375316,-1.2211702456217457,-1.4327932955888227,0.30535377644777695,0.7567996015324204,0.6752916631937526,-0.521708468145374
0.7167637984790219,1.5922637300362303,1.2723647107475706,-0.2783113755815527,-1.540953405529868,-0.5622319280384089,0.13893024361381523
-1.3310968713116482,0.6038253971264431,-1.2121566300958169,1.4726840805064363,0.7567996015324204,-0.6388159795498131,0.31368933310333824
-0.43795064963157226,1.7580474566251467,0.15485739178019026,0.30535377644777695,-0.009118067488342381,1.0295814737519284,1.7414980760035441
1.4016525724306728,1.0326001981622652,-0.7414060815777352,0.30535377644777695,-0.009118067488342381,-0.09009125693622222,-0.9703739076285619
-0.16614293553303308,-1.023871070906128,0.5355616120037379,-0.2783113755815527,-0.7750357365091052,-0.6760703840277771,0.15239726166848908
-0.5789728045584108,1.1912999541675096,0.6239396710752915,-1.445641679640212,1.1397584360428017,-0.20060761189232287,-0.2940444823461118
-1.5306227257435927,1.0972419195508163,-0.7859845944129369,1.4726840805064363,-0.7750357365091052,-0.9053619147569375,-0.8966541198720773
0.9055453706918465,0.48275406587127784,-1.7075982924123998,0.30535377644777695,-1.1579945710194866,1.3436684555255896,0.9171489748216649
-0.7091175383166278,0.5325818430253091,-0.09546486546125582,-1.445641679640212,1.1397584360428017,-0.5543497172398053,-1.579849494397662
-0.6927111870509846,0.999506275996501,-1.1008534750514833,-1.445641679640212,-0.39207690199872375,-0.739321933482029,-0.6111024700508448
0.13089784098039933,0.5958412136829193,-1.3086602171722956,-0.2783113755815527,0.373840767022039,1.4815847355703875,1.298479190837392
-1.1403901462399497,-0.37677654025209867,-0.4257471209653785,1.4726840805064363,-1.1579945710194866,1.0735513831724515,1.3078482974366799
-0.9636295954788453,0.4459963340364282,-1.495112530050902,-0.2783113755815527,0.373840767022039,0.6390395603883843,0.5347901717011361
-0.3314862579458869,-0.7022892884995586,0.16918159605677255,0.30535377644777695,1.1397584360428017,-0.7438954545473735,-0.18916460510184796
-1.4655161265212397,0.8221127886931842,-0.30727056821117293,-1.445641679640212,1.522717270553183,1.4320215529382747,1.6712529667876952
0.549333431099501,0.8528263350051936,-1.0031841363361387,-0.2783113755815527,-0.39207690199872375,1.3707227018763262,1.3149663120619783
1.5800013528393244,1.0027913614874158,0.6896086929183078,1.4726840805064363,1.522717270553183,-1.0767160176272992,1.2766282904637085
0.296489303174208,-0.5409357157432059,-0.9521894892442808,-1.445641679640212,-1.540953405529868,-1.508875652620589,-0.6094190863206189
1.312999165531952,0.3486831582905889,0.1404247226761195,-1.445641679640212,-1.1579945710194866,0.5610005729956102,-0.9652059067443319
-0.6007898625923667,0.8818309089297438,-0.6544645888844304,-1.445641679640212,1.1397584360428017,0.3378926618137381,-0.21904126338720922
0.1568030710890046,-1.239904174596091,1.6417282098883372,-0.8619765276108824,0.373840767022039,0.5376926205004926,-0.1878826387034781
-0.6115953451281301,-0.5912666562702729,-1.0113944174643446,0.30535377644777695,-1.540953405529868,1.1757765811436303,0.5184494965207161
-0.09532737516097668,-0.07192847012561483,-1.3314231329623483,-1.445641679640212,0.373840767022039,-0.23421857899083534,-0.07214464294771737
0.9704157607758684,1.2389388262073728,-1.3631799837520797,-0.2783113755815527,0.7567996015324204,0.75022912795968,-1.0278548045055276
0.3908257217643416,-0.519702407296043,0.8298634253646766,-0.8619765276108824,0.373840767022039,-1.4342160385987024,-0.8191512782409588
-1.6444100485842745,0.21167049475199595,0.7059050184046627,1.4726840805064363,0.373840767022039,1.4913953081199414,1.470843213675125
0.21833971028448412,0.9875902215453233,-0.8366247378179782,1.4726840805064363,-0.39207690199872375,0.04436053739997737,1.5855758155435495
0.006591710052431537,0.5694969571632575,1.0992625660145638,0.8890189284771066,-0.7750357365091052,1.3483941768746666,-1.4496421250900615
0.8359355848058331,0.7572085656372967,1.6118081946882301,-0.2783113755815527,1.1397584360428017,-1.3261149741358016,0.36254117476215114
0.34744431103058737,0.29970512497657387,1.6238059528077122,1.4726840805064363,-1.1579945710194866,-0.7455131514755304,1.042795673955838
-1.443858885970062,0.4487507892507445,-1.526190161120144,-0.2783113755815527,0.7567996015324204,-1.2715627335508382,-0.7690105960138942
-1.1647472549202453,0.3040557340350149,0.5513870093813118,1.4726840805064363,1.522717270553183,0.7666707389601765,-1.4348236791709843
1.649162530066591,0.8452945490559738,-0.008680803957278204,0.8890189284771066,-1.540953405529868,1.0494202897288323,0.8967977475654249
-1.6467635377802405,-1.6095728479456237,0.40008661405869334,1.4726840805064363,0.7567996015324204,-0.6641848255340119,0.2557443978445029
-0.38263546685657146,0.9021325490230677,1.5064191872672021,-1.445641679640212,-0.39207690199872375,1.3757938271511005,0.3539225471781461
-1.3387035432924443,-1.4749647687839833,0.27492734579250216,-0.2783113755815527,-1.1579945710194866,-1.281167359510654,0.06296926945140814
1.1687469549276217,-0.9425827208369458,1.5438475135248755,-0.2783113755815527,1.522717270553183,-1.531495837953336,0.8315496968127281
-1.22376578937848,-0.7643693144032796,1.7384523979074946,-1.445641679640212,-1.1579945710194866,0.5377187377027456,1.4560698196347666
-1.578689212309677,0.0805587784637267,1.5949849054301035,0.8890189284771066,1.1397584360428017,0.7396996706468189,1.685100661995211
-1.6396286493103367,0.0991980470714569,1.348374824621845,-1.445641679640212,0.373840767022039,-0.3439153851323304,-0.6846139345526016
-0.28747985663002146,-1.109827029503911,0.04087126997178406,0.8890189284771066,0.373840767022039,0.149343463152403,1.6162776105260102
-1.5958657920846708,0.830311088282603,0.8166357266403692,0.30535377644777695,-0.39207690199872375,1.3549764654617962,-1.0833880940331102
1.099413790513124,1.4976077336382996,0.7362675187121133,0.30535377644777695,-1.1579945710194866,-0.08678766310813467,-0.8112839295739444
-0.6845979982416974,-0.9710174529850758,0.6046509920039677,1.4726840805064363,1.522717270553183,0.18553611801126318,1.3161297303501567
-0.11415648792506153,-0.5652332814722948,1.1774448014078287,-1.445641679640212,-1.1579945710194866,0.19430540351899653,0.9831378632846518
-0.9450760685962699,1.087835835668538,0.20497557766329688,0.8890189284771066,-0.39207690199872375,-0.5440581606466519,-0.0495317456469802
0.04072069426736424,-0.2045761642841678,-0.89233526305516,1.4726840805064363,1.1397584360428017,-1.207102067710927,-0.7565224737757822
-1.7010352110291034,-1.2465321587611244,0.31067433679630085,-1.445641679640212,-1.1579945710194866,0.6187174853081971,-0.8657841852365489
1.2648877691601712,-1.5964043062622943,0.14842426665446348,0.30535377644777695,0.7567996015324204,-1.3798610166856662,-1.5701940458635817
0.9495737082706595,0.17716740897512165,-0.074130472323045,0.8890189284771066,1.522717270553183,0.4913573984166197,1.6571625013879117
-0.930798316455808,1.2366762300871252,0.8888103458276482,-0.2783113755815527,-1.1579945710194866,-0.20988996945144509,1.4279385110266658
0.2355862027434347,-0.531618444732641,1.2920752347194318,-0.8619765276108824,-1.1579945710194866,-0.9690012868685196,0.6877844213840165
-0.5598313907386974,1.6485078000811881,-0.9185545413605835,0.8890189284771066,-0.7750357365091052,-1.3873657505841124,0.7158383519877732
-1.1092759304857405,1.4005457590866304,1.6506703163826761,-1.445641679640212,1.522717270553183,0.9159646753654427,-1.1138463365643025
1.7138644798295737,-0.5444190837487066,0.6732253323283346,0.30535377644777695,-1.540953405529868,-1.3037370155469465,1.0116381670192047
1.1062290309062552,-1.0131029042111444,1.0449173458780856,0.30535377644777695,-0.009118067488342381,-0.23484414542628126,0.05006593613991825
0.4780143484313355,0.24272919475909396,0.1064913789399576,1.4726840805064363,-0.7750357365091052,-1.0266834566770424,-0.16945699390838606
-1.3538199386324914,-0.6799863353724105,-0.5588877557155442,-0.2783113755815527,0.373840767022039,-0.3636210275196835,-1.0942805686239971
-0.16831921949175346,0.6216287411195068,-0.24639001629450263,-0.2783113755815527,-1.1579945710194866,1.4356693569817442,-0.830377372743806
0.7200520714323277,-0.254181714152135,0.6260737773892394,-0.8619765276108824,0.373840767022039,0.338851330226677,1.5272155650094674
-1.0874591772634863,-1.540189009832814,-1.0001005158242777,1.4726840805064363,0.7567996015324204,-0.6265136477679907,-0.33032856450139375
-1.07269987443755,-1.6432496115786062,-1.5013909775964929,-1.445641679640212,-0.7750357365091052,1.4409238360344732,0.5437462366015133
-0.3271748894292028,-0.4007633663385447,-0.14065814419560302,-0.2783113755815527,-0.7750357365091052,-1.6237319448417287,0.5563745192734157
-0.13329990104404213,0.5697012981871492,0.1349349855398237,0.30535377644777695,-0.009118067488342381,-1.165595697892979,-1.5398961326962537
-0.16953937788308293,-1.3234661687942024,-0.16342127557713965,0.30535377644777695,-0.7750357365091052,1.2073746561524281,0.037919693697295295
0.47197774523466457,-0.3074172587330118,1.6696317808670327,-1.445641679640212,-1.540953405529868,-0.35252130436887097,1.242638384084995
1.6456232803676545,-1.4031967173266773,-0.2644276440692337,-0.8619765276108824,-0.7750357365091052,1.6675240788151142,-1.2165224687821412
0.22155372277723923,0.6958166579871095,0.22126888101103592,-1.445641679640212,1.522717270553183,-0.4825631256817889,-0.5514764240479919
-1.0557252703720776,1.0651557508080027,-0.9573133284367046,-0.2783113755815527,0.373840767022039,0.023569191144886842,-1.3829137702384078
-0.8810217757794012,-0.8132390115986329,-1.3514751799981464,-0.2783113755815527,-0.009118067488342381,-1.2094499876427214,-0.7188726998091339
-0.39292956871606916,-0.6790684361701045,-0.5686158778690017,-0.2783113755815527,-0.009118067488342381,-1.3831013639607954,-0.12647033357705398
-0.28415884540459396,0.06647633916758587,-1.0868673889585312,1.4726840805064363,-0.7750357365091052,-1.2673748728326926,1.1100856031945834
1.4126841975303124,0.35010341500795855,-1.1002751403510802,-0.8619765276108824,1.522717270553183,-0.7128257215444261,-1.1900997350374012
1.5141192766467237,-0.674711575156015,-0.3512467392095694,1.4726840805064363,-1.1579945710194866,0.9688955037190945,-0.5680961431365713
-0.5310210737094808,-1.4495775677568243,0.7637753100356712,-0.2783113755815527,-0.009118067488342381,0.8179403648039785,0.02862594199500517
-1.1498299311458884,1.601240251088781,-0.3464415012765191,1.4726840805064363,1.1397584360428017,1.6776597465338208,-0.15202570320487802
0.20788094478006827,-0.7694345183860061,-1.113847436730808,-0.2783113755815527,1.522717270553183,1.095378375417443,-1.3437806746537537
0.6199757055625531,-1.4856700733900787,0.9558315849756926,1.4726840805064363,-1.540953405529868,-1.6240971521813552,0.17053912922681175
-0.5267388293533054,0.8495902026158916,-1.1115293748479134,-0.2783113755815527,-0.7750357365091052,1.331933009379105,-0.6501017773276545
-1.2651284377035645,-0.5063976433935511,-0.21430011621614437,0.8890189284771066,-1.540953405529868,1.2956679867444718,-1.1740952508180162
-0.6348862203844203,-1.3780950339279325,0.04399818570064243,-1.445641679640212,-1.540953405529868,-1.4185818395754115,-1.5852727792238757
-1.4511174756260377,-0.5700768537704642,0.30411556213212054,0.30535377644777695,-0.009118067488342381,0.4285720275971958,0.6594026895693404
-0.05009707995652671,-0.10328548499939338,1.459295791648743,0.30535377644777695,-0.009118067488342381,-0.8101341304534951,-0.08226065831160972
-1.2125002676100265,1.734377576208962,0.9536508403839957,-0.8619765276108824,-1.1579945710194866,1.5874539502130243,-1.4781124469014963
-1.6963255332091494,-0.2114208867045584,1.0585121603698724,-0.2783113755815527,-0.39207690199872375,-0.36203254219891806,-0.9892488721037933
-0.8113865593452868,-1.3100344358564964,-1.6883121162640946,-0.2783113755815527,-0.7750357365091052,0.1255988439147999,1.47214427267847
-0.27236155651832034,0.5950755559910845,1.7051363618240292,-0.8619765276108824,-1.1579945710194866,0.9203642555143023,-1.5761105932068886
-0.651502689091775,-1.5301485816966947,1.416105357245146,-0.8619765276108824,-0.7750357365091052,0.1823466892715013,-1.312916071914088
0.15333564550683998,1.5519342816030741,-0.6108421932813723,-0.8619765276108824,-1.1579945710194866,0.7822782295800631,-0.6425343292628903
0.5637347460199157,0.16151537692580015,1.71437201042173,-1.445641679640212,0.7567996015324204,-1.3618820595598145,0.3532810838789628
1.1150626059814712,-0.6584504042135578,-0.8949215585522864,-0.2783113755815527,1.522717270553183,-1.2943021442258087,-1.0800470602384442
-0.7733642351387701,-0.22337529872099882,-1.1057114006636553,-1.445641679640212,-0.7750357365091052,1.4225915365409716,-0.15510165651905333
-0.5973990989494846,-0.8351023457806102,0.7785686524240271,0.8890189284771066,0.373840767022039,-0.09802386048076978,-0.39773865777446044
-0.3457362990687474,-0.4555052998196042,0.3839458891755583,1.4726840805064363,-0.39207690199872375,-0.2716854850452862,-1.6026134065449353
-1.4288815792337077,-0.4537805319964783,1.4050893046038677,-0.8619765276108824,-1.1579945710194866,1.4665361416231433,-0.7720392771857625
-1.6275993410637077,1.3075878556547575,1.2366651096675934,0.8890189284771066,0.7567996015324204,-0.3395118518639412,-0.2959985125059763
-1.2877061283632087,0.411757676982665,1.3878233463219634,1.4726840805064363,1.522717270553183,-0.8861026122947749,0.32126641111301535
-0.4273329916831846,0.6753813237077698,1.657291036145527,-0.2783113755815527,-0.009118067488342381,0.5855754433647187,1.3023408165684396
0.7972691127471497,0.23080252797161352,-0.20315898451553188,0.30535377644777695,0.373840767022039,-0.463173685703966,0.8248861784534142
-1.4534163507370899,1.297362751164136,-1.5733144570861564,-0.8619765276108824,0.373840767022039,-0.3836274671219832,0.09625883795844695
-1.08856885480796,-0.9561026726803407,-1.213243472656385,0.30535377644777695,1.522717270553183,-1.2252390452903985,-0.35954773395352607
0.9474760288568964,1.587145446001486,1.0974683123293292,-0.8619765276108824,-0.39207690199872375,-1.26587412200814,-0.48124650471381153
1.2585887038029593,-0.3967499641405306,-0.056810674006143626,-0.8619765276108824,0.7567996015324204,-1.5140037613652209,1.749007279674895
0.8282120769516869,-1.1117120725782026,0.03771985197022964,1.4726840805064363,0.373840767022039,-1.22723258581635,-0.21293043013777654
1.3283771648984084,0.5195455960940689,-0.15208481455205033,-0.8619765276108824,-0.009118067488342381,0.3734006708005803,0.24551072034356472
-0.05771879558882784,1.7161775630919966,-1.434548926124069,-0.2783113755815527,-0.39207690199872375,1.1975742284376565,0.5478826412303579
-0.6448225240822937,0.3978578592001554,-1.2827191221659267,-0.8619765276108824,-0.39207690199872375,1.2020804571517154,1.2651187829469939
0.34715839919850733,0.1639876345709747,-1.4926846633360213,1.4726840805064363,-0.009118067488342381,1.5009738083665707,1.253583423124506
-0.029261458690796983,-0.5397444603564255,0.2260193210646326,-0.8619765276108824,-0.009118067488342381,-0.19715335474456866,0.22478207561524072
-1.2024742149355845,1.6102069198515352,-0.3158864986988909,-0.2783113755815527,-0.009118067488342381,-0.7103672732196404,-0.4383716101856083
0.15099417636516713,-0.6164504878637118,0.919061436435184,-0.8619765276108824,-0.7750357365091052,-0.9888434297608859,-0.41434575576951865
-0.5205857780358853,0.5281509947115118,1.3713739368215014,-0.2783113755815527,-1.1579945710194866,1.1693555210710973,-1.076389663994292
0.5556825286600517,0.05511781153433792,-0.23923719873510216,1.4726840805064363,-0.39207690199872375,-1.4603531126716978,0.7667214652981506
-1.0751401648143293,-1.1652033253320666,1.5558569751031857,-0.2783113755815527,1.1397584360428017,-0.78066919098958,0.6694526720091679
-0.5421699780308711,-0.8676069156664178,0.917162288850143,1.4726840805064363,0.373840767022039,-1.0850691476484438,-1.4679402666870671
-0.4517051222694439,1.1345265522905867,-0.27005565313757157,-0.8619765276108824,-0.39207690199872375,1.5266377873139447,-0.3004361893372279
-1.4573506722306,-0.17429590112299714,-1.3419967273014888,-0.2783113755815527,-1.540953405529868,-0.6617006197971628,-1.4861908245346616
1.7072341502372013,1.008021846182802,-0.7028836978944956,0.30535377644777695,0.373840767022039,-0.4162776159520056,-0.8019869943138417
0.6391052327015745,-1.4777844591928517,0.9830136535728466,0.8890189284771066,-1.540953405529868,-0.24812995784092806,-0.6123093089412125
-0.8858522707782698,-0.611389735956657,0.412228493998021,0.8890189284771066,-0.39207690199872375,0.06507888888341598,0.666732872287686
0.5980311534587697,-1.0290418300724964,-0.8853152728650612,-1.445641679640212,0.373840767022039,-0.0010983803781519246,1.0810419498295805
-0.1592945827886662,0.9145003603632736,1.6732443211630812,-1.445641679640212,1.522717270553183,-0.6333293622943474,-1.7050751945259957
-1.6969123032841684,1.6200355067615633,-0.7791137168530848,-0.2783113755815527,1.522717270553183,-1.2979046122973203,-1.2111895033024465
0.30365099595185036,0.2513567350760621,0.8364302062340999,0.8890189284771066,-0.009118067488342381,-1.0812329153714848,0.4114217184976992
0.6413509411152242,0.865652127369127,-0.5791478505086509,0.30535377644777695,-0.39207690199872375,-0.024316755752707774,0.719844871999291
-1.487878487665837,-0.7430762665136524,-1.171021671348529,0.8890189284771066,-0.39207690199872375,1.6420556422303902,-0.7783212323785864
-0.6503562468468095,0.9853477699713166,1.0437723035216888,-0.8619765276108824,-1.540953405529868,0.045972510188591595,-1.220903026608011
0.5138561926934816,0.2612958199496184,0.9813441071206418,-1.445641679640212,0.373840767022039,0.5434476119224593,0.6799449997111108
0.8088321802888546,-0.9990511277502353,0.3945560104751099,-0.8619765276108824,1.1397584360428017,-1.1384437682536037,-1.262508840060384
0.6228187827185284,1.5676219509269005,1.651984540052147,-0.8619765276108824,0.373840767022039,0.04405178450602726,-0.8437753136774602
-0.16835568886871988,-0.37031865641385486,0.9512457088604858,-0.2783113755815527,-0.39207690199872375,0.7849218629765617,0.1601009891438864
-1.2348701958220458,1.0073422427750824,-0.9339120303390962,-0.8619765276108824,1.1397584360428017,1.1831223988954143,0.038872184406619326
0.21699449701823578,-1.5662306265422234,0.15030981062488985,0.30535377644777695,0.373840767022039,-0.9639394767333382,-1.36469093308058
-1.1714695217574973,0.6856988913563598,1.6699883419087354,-1.445641679640212,0.7567996015324204,1.3045034535061815,0.6846248272273825
0.4815236511949495,-1.4901603204804634,-0.6360371631020303,-0.8619765276108824,-0.009118067488342381,-0.9400695400533476,-0.38777177790485656
0.7462988858781453,1.2623764199273846,1.6829689733612878,1.4726840805064363,0.7567996015324204,1.3944602838357159,0.6222022830414748
-0.7852876994580454,0.0841313852804695,-1.1975130360085176,-1.445641679640212,-1.540953405529868,0.5248582463040331,-0.6587834220895891
-0.4905305793305937,-1.4881302111651644,0.6859247461093948,-0.8619765276108824,-0.39207690199872375,-0.898325092956043,-1.141669830390293
-0.4524432796640943,-1.1399721567950443,-1.174950678876094,1.4726840805064363,-1.540953405529868,-0.15210992948218233,0.022530726270138093
1.7053810789939916,-1.4494691374877204,-1.2566977112424944,-1.445641679640212,1.1397584360428017,0.6384597689932908,1.5387033116948834
0.9708255325019253,0.8606388970777468,-1.6478518270499296,-1.445641679640212,1.522717270553183,1.184228534060566,1.0566912067531273
0.03275739533308558,-0.7647002113695942,1.5098486639780875,0.30535377644777695,-1.1579945710194866,-0.8314455733377603,0.4515743588964994
-1.556350301787741,0.7610280793361452,-1.1174825941227333,-0.2783113755815527,0.7567996015324204,1.0032545871721283,1.2566759012757744
-0.7972413659513647,-1.0185868875142372,-1.3014143089815517,0.8890189284771066,-1.540953405529868,-0.008473058191028414,-1.0356142537391688
1.505413883151696,-0.9170525659680208,-0.6266459562801401,-0.2783113755815527,-1.540953405529868,-0.23173887080859173,-1.0599232195546393
0.7934536480411593,-1.5765573588049155,0.9702896608154192,1.4726840805064363,1.1397584360428017,1.7329634194484211,0.24192389441873635
0.20297269759348058,0.21450430988614536,-0.2744415045297075,-1.445641679640212,0.373840767022039,-0.9995033877157278,-0.03901674651950602
0.5878768093169163,-1.3086424146943223,-1.414409423677684,0.8890189284771066,-1.1579945710194866,-0.13902152526137837,-0.08508151614354147
-1.0560703738181212,-0.7290544779849596,-1.1308464481085148,0.8890189284771066,-0.7750357365091052,-0.7075873078562568,-1.3771946778381987
0.4862562010473447,1.038516586343898,0.11941810361835471,-0.2783113755815527,-1.1579945710194866,-1.313330638406013,-1.041461427060092
-1.004971821155062,-0.460539749961639,-1.0321794351701612,1.4726840805064363,-0.009118067488342381,0.3674542626756146,-0.17183414838399727
0.04854409510074682,0.22248512124351738,0.8790626622292458,-0.8619765276108824,-0.39207690199872375,-0.8680924145958963,-1.5808268491988016
-1.2571294600827487,-0.9470847499344751,0.8663749850360952,-0.8619765276108824,-0.009118067488342381,0.9996500633825405,0.9287066996555764
1.5709608990668427,-0.5736984357295207,-0.5923318192154925,-1.445641679640212,-0.7750357365091052,0.28814611490051717,0.8694970357555994
1.4707575857845039,1.3361450376167423,-0.9460678352065042,-1.445641679640212,-0.7750357365091052,0.1454032857856854,-0.9552991375766213
0.45438156598535623,-0.41301969017015316,-0.2710499227166442,-1.445641679640212,-0.39207690199872375,-1.5872325598981778,1.7241278286626571
-0.17478729342902938,-1.076668105947327,0.16884358770535124,0.8890189284771066,-0.7750357365091052,-0.9739847186845217,0.31737650545210383
1.256898126866484,-0.9521624918466554,-1.4833626619603084,1.4726840805064363,-0.7750357365091052,1.7546274523927243,-0.5228659471013586
-1.615539649567573,0.7757981255682042,-1.3716691465304516,0.30535377644777695,-1.1579945710194866,-1.2860419678794253,1.3169243929238426
1.6151507623550552,-1.5716735395448234,-0.2580933149159578,-0.8619765276108824,1.1397584360428017,-1.1132900275618491,-1.6651091550927921
1.321770564983207,-1.0825492011890279,0.6407369498091372,-0.2783113755815527,1.1397584360428017,0.6681812737558983,0.11243502452855142
-0.11917238268562727,1.4058500435071677,-1.3705811922666158,-0.2783113755815527,1.1397584360428017,1.0765824165831344,-0.5556376754236322
1.722717442692263,1.72055452164345,1.467133353010993,0.30535377644777695,0.373840767022039,-0.34232426445452474,-1.650877213173358
-0.3345163687182948,0.4801400140400492,0.0011917988194014176,0.30535377644777695,0.7567996015324204,0.5429612791816087,1.4132801202542076
1.7173437482236589,-0.36524217186046,-1.648617944566115,0.30535377644777695,1.522717270553183,1.3124948707787403,-0.9365551518584022
0.7551017068989779,-1.1659122121570467,-0.7348926166397264,0.8890189284771066,1.522717270553183,1.18099335135805,1.4224328992321416
0.4810636932279209,-1.4089805716573056,-0.5738611972786402,-0.2783113755815527,-0.009118067488342381,0.1307745077465631,1.0036478486015599
0.9061113506452293,1.1836444345188677,1.2809419213449527,1.4726840805064363,-0.009118067488342381,-1.483512986018122,1.40531916060493
-0.4374172663832151,-0.9508194666788479,1.3163961863054763,0.30535377644777695,-0.009118067488342381,-0.8239063853245896,-0.04388282387623099
1.4326925710467504,1.1746063324434441,0.5559260190745066,1.4726840805064363,-0.009118067488342381,0.9108664509700304,-0.529533070331904
0.9505732291822536,-0.07345837380424163,1.6798476509540639,0.8890189284771066,1.522717270553183,0.59202874941217,0.6120636912312767
-0.7906716707821517,1.740633520996629,-1.538964402051628,-0.8619765276108824,1.522717270553183,-0.7284102798886236,-0.8629901917743489
-1.5185146416412745,0.5005082629197998,1.7109878077754408,-0.2783113755815527,0.373840767022039,1.7820045701368679,0.06862338879823021
-0.5574766889361952,0.31367168566359704,-1.3437481808039429,0.8890189284771066,-0.39207690199872375,0.34115378885212255,0.2730878450363324
0.08295452714896152,-0.8460390649908913,-0.3780329778626425,-1.445641679640212,1.1397584360428017,-0.15661770786036128,-0.23524071597403792
0.9001111820591345,-0.9785723343416962,0.9950865063492119,-1.445641679640212,-0.7750357365091052,1.6162288290698192,0.45509680834848204
0.6998799827593966,-0.6217601491720592,0.9024814361076381,-0.8619765276108824,-0.009118067488342381,0.05750819083679826,1.4029784219019787
0.6845556717975372,-0.7461247166678168,1.2117501609546535,1.4726840805064363,0.7567996015324204,0.7379508543003329,-0.6141261144037858
-1.6886852348433745,-0.8443174491819708,-0.14331824580255473,0.8890189284771066,0.7567996015324204,1.0895171620790507,1.3780264786828225
1.5434611877786533,0.399621502953976,1.2972755668125928,1.4726840805064363,1.1397584360428017,0.7026455975224891,0.6525449134297138
-0.5632436316824688,-0.25754867232250483,1.7181535301003663,-1.445641679640212,-1.1579945710194866,-0.37774275398886475,-1.56039175696204
0.20140312196842183,1.4406590569607474,0.8199276140356543,0.8890189284771066,-0.7750357365091052,-1.169602950875044,-0.7141216185500817
-0.529573755362557,-0.23434072143190654,-0.3131800553806606,-0.2783113755815527,1.1397584360428017,-1.4752917383625437,1.1655056500395622
0.6792467400994116,-0.12883526668794718,-1.402617565836486,-0.8619765276108824,-0.7750357365091052,-0.748315345651454,1.0840264247880678
1.5004202429530114,1.3138817453040657,-0.8438951018373597,-0.8619765276108824,-1.1579945710194866,-1.1398930133048466,-0.21646741260298522
1.7253176433310662,1.1981226088334336,-0.4010187979431034,0.30535377644777695,-1.540953405529868,0.6780441171157547,-1.4228652261258128
-0.043255702235809323,0.9437073755147419,-1.485660885534038,1.4726840805064363,1.1397584360428017,0.4463357111320864,1.63084828382376
-1.2691753624835143,-1.5360354279745037,1.3201981704432932,0.30535377644777695,-0.7750357365091052,-0.8819423483062803,0.2070472155128623
0.7164090096658522,-1.210310843591728,0.4506897777745271,1.4726840805064363,-1.1579945710194866,1.4855960160754988,1.7189231325454628
-0.32265565135749635,-1.1108611900878114,-1.1511695244951177,-0.8619765276108824,0.7567996015324204,1.282731104031171,-0.7023899110854208
1.1864645025708598,0.754000783321309,1.2452139050594169,-1.445641679640212,1.1397584360428017,0.5088445322309882,-1.1433048864814181
-0.26300037297099155,0.6378917006192771,-0.8398233462771205,-1.445641679640212,-0.39207690199872375,1.2923485663092442,1.6442658458887807
-1.3881190219660189,-1.0921754262644752,1.3155754932835952,0.8890189284771066,-0.7750357365091052,-0.1688021928753955,-1.2916093010027125
-0.17129808882611394,0.38306365293106404,1.0107175982471466,-0.8619765276108824,-0.009118067488342381,-0.5394418021271206,-0.21425003712269008
-0.5872307388562589,-0.3038903341840308,0.9528475088888202,0.30535377644777695,-0.009118067488342381,-1.233389543717584,-0.5417523861953414
-1.0706935404389522,-1.2504985761547132,1.1901048262311729,0.8890189284771066,0.7567996015324204,0.7128027436402151,1.3469907617966832
1.3046945721971714,0.6907473930858186,0.29268625218314065,0.30535377644777695,-0.39207690199872375,-0.6293349934695451,0.17210655108135514
-1.4284239112859756,-1.3169927828313,-0.8696664586364735,-0.2783113755815527,1.1397584360428017,0.23642752307309103,1.5682527560318127
-1.3108875013268915,1.0856317381447396,-0.7820382146303484,1.4726840805064363,0.373840767022039,1.4897368556816581,-0.05824778328331641
0.3866811211540721,0.13464775338117838,0.9855134199727574,1.4726840805064363,-0.009118067488342381,0.8243866168698728,1.2429915173868444
1.2888171156530888,1.1090473387584625,-0.020058431896705486,-0.2783113755815527,-0.009118067488342381,-0.9119795564250754,1.4925902885796951
0.0943438367455324,-0.41393584493563296,0.8019334949257333,-0.2783113755815527,0.7567996015324204,-0.1724889120564383,-0.28676918410542906
-0.8762189317482979,-1.2372011857689922,-0.9912640834237368,1.4726840805064363,-1.1579945710194866,0.8957144924812036,-1.3875230863381867
-0.8131890966374528,1.3906642754296095,-1.2526558273267867,-1.445641679640212,-1.1579945710194866,-1.5518818580047231,-0.9112514657622274
-0.8699295832581478,1.1026664471734156,-1.2941241511753367,-0.8619765276108824,-1.1579945710194866,-0.2695252564871638,0.1899225701283348
-1.3586537441619002,1.4295114531442619,-1.3032708528049826,-1.445641679640212,0.7567996015324204,0.21908293470066015,0.016617782211278718
-1.3013255756048463,1.4690784588431973,-0.4316378305564696,0.30535377644777695,-1.1579945710194866,0.5730506637930652,-1.3857592440415154
-0.019932169587616923,-1.347973712023513,1.5919993167412192,0.30535377644777695,-0.39207690199872375,-0.2958774824448644,1.062545852450435
-1.4075901869612781,0.5463479718249142,-0.1698304995700346,0.8890189284771066,-0.009118067488342381,0.865366833155073,0.6409280279250046
0.15944202075109684,-1.6629871421622167,1.3297962514936539,-1.445641679640212,1.522717270553183,-0.528926253363848,-0.14437538235725814
-1.314065052936576,-1.43647022424167,0.21276442266146983,0.8890189284771066,-0.7750357365091052,0.7995093658993817,0.4929295829687385
0.17613234255917493,0.9473908779003685,-0.3333103114961048,-1.445641679640212,1.522717270553183,0.5576339160235623,-0.9839615421727227
-0.752967836890164,-0.7825413520856623,-0.8960279643885998,0.8890189284771066,1.522717270553183,-0.9187313073850274,-0.7421362182343348
-0.3019046241311377,-1.0221623298651739,-1.0406416495438138,1.4726840805064363,-0.7750357365091052,-1.1561716241769788,0.5275174121468916
1.585326129359222,1.1478995485848231,-0.25387271810108464,-0.8619765276108824,0.373840767022039,0.280958493052523,0.580015991474995
-1.2001770287676614,-1.4828894102495982,-0.5993108945781088,-1.445641679640212,-1.540953405529868,0.36553211922786605,-1.644228835155555
-0.5196237265357313,-0.9730499017438868,1.5380352625108307,0.8890189284771066,-1.540953405529868,-1.3663348431419324,1.5588602880971583
1.3724122224563338,0.5222652626103597,0.4635591059413164,-1.445641679640212,0.7567996015324204,0.2930073445258295,-0.3141882459559674
-1.2920288332088357,-0.3674546260441518,-0.08892237501820457,1.4726840805064363,-0.7750357365091052,-0.6802505199568609,-1.707147298508766
1.5997720752226534,0.8957683752202181,0.4099262575353033,-0.8619765276108824,1.1397584360428017,-1.5074672795797042,1.3683879491756203
-0.42092957581889456,-0.4806303470907033,1.1513910495369781,-0.8619765276108824,-0.7750357365091052,0.6191401911926147,0.5928393063522525
0.6861955238024098,-0.026090251174843343,0.9461593895901452,1.4726840805064363,0.373840767022039,-0.884431064623449,-1.2491682182087793
-1.5988196813990183,1.3994214935782177,0.31558199333253295,0.30535377644777695,0.373840767022039,-0.5452978376204356,-0.9055044838582499
0.38399684867204004,-1.0050066514736722,1.644838033976621,0.8890189284771066,1.522717270553183,-0.5224794523512682,1.371720678892711
-0.8175844517326127,-1.2029533376035764,1.3705556839416626,-1.445641679640212,0.373840767022039,1.0776698949471004,0.6345500371497886
0.56100201646101,-0.8904092364924351,0.4852757997455712,0.8890189284771066,-1.1579945710194866,-0.7403863786213735,0.12763962032773482
1.4212179092746842,0.07265142276734425,-1.3621657665922597,0.8890189284771066,-0.39207690199872375,1.7201148065565408,1.1305660220102547
0.21348214979425295,0.13620642254998327,1.5638628099364689,-1.445641679640212,0.7567996015324204,-0.2424024175573187,0.3225800721234723
-1.1410039002471,0.07211518478911509,-0.8406181698886893,-0.8619765276108824,-0.39207690199872375,0.8412663084659481,-1.297701870890107
1.5172471907782514,-1.4942994176708604,-1.062793645626695,0.8890189284771066,1.1397584360428017,-0.8354358734005983,-0.5241406841829197
-1.2486717416706268,1.2474849842780902,0.752548526985714,-0.2783113755815527,-1.540953405529868,1.082564230473817,-1.152165226634039
0.6012745868252213,0.8317829245407401,-0.5464916911091705,1.4726840805064363,1.522717270553183,0.649730869172247,1.6157901933071628
1.4782071159192238,0.105547973688545,0.25760256885771027,-1.445641679640212,-0.009118067488342381,-0.011013044474020248,0.6557575977420527
-1.3406250550563508,0.7290316579152533,-1.0237794888344753,-0.8619765276108824,-0.009118067488342381,-1.0128928509601678,0.6999583062831455
-0.6248710222603384,-0.5683056629358298,-0.9957702971749429,-0.8619765276108824,0.373840767022039,-1.3232516085804011,-1.0361340712943692
0.704835522249492,0.32825453744141814,-0.8320017538961906,-0.2783113755815527,1.1397584360428017,1.7421307828961259,-1.191016366705871
0.7989803454448156,0.38855254794159905,1.2521996323046252,-1.445641679640212,1.1397584360428017,0.6205883773439125,0.44481942768796306
-1.4101572568256564,1.1180391102291112,-0.06603162146839889,0.30535377644777695,0.373840767022039,0.19295101394550623,0.03013737270179303
-0.2640529006767618,1.0984541059259103,1.684449884883367,-1.445641679640212,-0.39207690199872375,1.1547316317635556,1.1123809107945697
0.9221829803383926,1.4334711417683546,0.884512867636676,0.8890189284771066,-1.1579945710194866,-0.21912564467074355,1.5830162632253564
1.0461422414054111,-0.7996143863214032,-1.4381931201537943,-0.2783113755815527,1.522717270553183,0.4644574433495772,0.44976563543348275
-0.41091711464255837,0.744077209072929,1.3613874541216986,0.30535377644777695,1.522717270553183,-0.5192298258046947,-1.0487782126733132
1.44185140914384,0.06301435132535216,1.6669362610430025,-1.445641679640212,0.373840767022039,-0.5084052412537563,0.0755642797466452
-0.5859319729663989,-0.9623228800938848,0.18202557867112737,-1.445641679640212,-1.540953405529868,-1.1045258894652668,-1.5107472913003994
-0.7830348075064094,0.6078907236967704,-0.2628700210319321,-0.8619765276108824,-0.39207690199872375,-1.232330800605146,0.4590470763898711
-1.2888146046481699,0.6682348981879906,-1.3995984455596733,-0.2783113755815527,0.7567996015324204,0.527845661889732,0.9643741185575124
-0.9691260532495102,-1.2130364410015653,-1.643928674484311,-1.445641679640212,-0.009118067488342381,-0.7646377080074473,1.2098873373547017
-1.697844503980618,0.45232588425480486,0.032085040338477026,0.8890189284771066,1.1397584360428017,0.3816487492345183,0.8092191169489275
0.4839846118041708,-0.814258979118012,-0.4085462798060478,0.8890189284771066,1.1397584360428017,-0.9378762682620302,-0.15678370556360777
0.39710100328771153,0.8520129403640962,-1.3260470862191118,1.4726840805064363,-0.009118067488342381,-1.4424957123717945,1.462646112576481
1.006973004511949,-0.5613438953925293,-0.12940130765776922,1.4726840805064363,-1.1579945710194866,-0.3272153410156594,0.5676430636935459
-1.2983401838518875,-0.9482700657600772,-1.2508715927202707,0.30535377644777695,1.1397584360428017,-0.9572986940227286,-0.0355821358123627
1.459536195640376,0.6168697590628768,0.3488623613262119,-0.8619765276108824,1.1397584360428017,-0.36892867456580514,1.4001309882688289
0.5897007297753308,-0.615321941913068,1.2874299897442378,-1.445641679640212,-1.540953405529868,0.7472356113232528,-0.8731180441990576
1.5740402993172804,1.7741472787817167,0.4866286164293188,0.30535377644777695,1.1397584360428017,0.4191371484831592,-1.2304591747605012
0.46884493835275726,-0.3189705450157443,-0.34854400039458566,1.4726840805064363,-1.540953405529868,1.050625457128572,0.001232955804114396
1.3150794417468155,1.6168090061807707,0.9867706388851544,-0.2783113755815527,-1.1579945710194866,1.3281799369655194,-0.09317441335020867
0.9762066636578481,-0.8668277257549716,1.4934937327963949,0.30535377644777695,-0.7750357365091052,-1.2598013176721334,-1.689930027865168
-0.4630083205864665,-0.9718229583083932,1.4180412679687555,0.8890189284771066,-1.540953405529868,-0.09105222628495922,-0.7125541945762947
0.47708168838277887,-0.8625886264650242,-1.2091460059459214,-0.2783113755815527,1.522717270553183,0.8768531227595334,1.2618992460248772
0.9825070135035617,-0.938976391631247,-1.013870383775394,0.8890189284771066,1.522717270553183,1.0269031146518361,-0.6942617187194026
-0.891428929621594,-0.3156243934012635,0.07071509441578402,-1.445641679640212,-1.1579945710194866,-1.558162790942126,1.134454797694447
-1.4256694960269867,-1.3767601686143809,-0.5597332358577869,-0.8619765276108824,-1.1579945710194866,-0.418740704830745,-0.2435647586367756
-0.665889752191859,0.599784524116865,-0.19553010116427713,-1.445641679640212,-0.7750357365091052,1.346677741510191,-0.9514291292847535
1.709213979846826,1.1452778369290955,-1.4008020178669178,0.8890189284771066,0.7567996015324204,-0.761547130238019,0.8472966501827931
1.283341476301809,0.5991317226429506,0.5657175413571072,0.30535377644777695,1.1397584360428017,-1.588118728909759,1.7516444510951281
-0.8899063779774994,-0.43552253553737186,0.08632128793011228,1.4726840805064363,0.373840767022039,-0.6545784688094095,-0.6574034057745481
0.07661447228279901,1.0928297650400114,0.1947648779817318,0.30535377644777695,0.7567996015324204,-0.5727484206295687,1.484949693642527
1.665549682191925,1.3571679712487523,-1.2764952186205532,-0.2783113755815527,0.373840767022039,-1.653492551036024,0.047580614279458214
-0.7911939808556525,0.40656653890985195,-0.05801861693812606,1.4726840805064363,1.522717270553183,-0.5334367136089297,-0.8378021095473085
0.2764199949163632,0.7514239231973466,0.5074417264141153,1.4726840805064363,-0.7750357365091052,0.9785111280195202,-0.012843291711286623
-1.4930149508160404,-1.2081765213965934,-0.7434044801213376,0.8890189284771066,0.7567996015324204,-0.2940927114032435,0.21380636101975184
-0.7623591296625286,-0.15386440437652446,-1.2112166383314493,0.8890189284771066,-1.1579945710194866,-1.2389381646162783,0.9889489050096746
0.6650468401443593,1.4509806930157017,0.3605965771409598,-0.2783113755815527,-0.009118067488342381,-1.0994512967272105,-0.6288905538989885
1.4110657431161817,-1.1304581984099087,0.16754698869623666,-0.2783113755815527,-0.39207690199872375,0.31130844498869625,0.6480767991684679
0.19115243179372585,1.4253142805186152,-1.1767053598919093,-0.2783113755815527,1.1397584360428017,-0.23863462088584858,-1.558922089529091
-1.2525296125493866,0.44540143694658807,1.621822854188321,-0.8619765276108824,1.1397584360428017,0.5909100190809087,-1.622276829854465
1.3766554944039726,0.24551326176292187,-1.5601430356589945,-0.8619765276108824,-1.540953405529868,0.42272100423033154,-0.9126426706940645
-1.0193668404677712,-0.6607244974890812,0.28525739727838917,-0.2783113755815527,1.522717270553183,0.22335909747668628,0.41302952426076533
-1.6697855784827327,0.24801550721105914,0.5406465310897669,0.8890189284771066,-0.39207690199872375,0.2488582984589069,1.699796128802613
0.6050274041154902,-0.5467264718466825,-0.04664505531481693,1.4726840805064363,0.7567996015324204,-0.27271730204579603,0.6167238928594277
-0.9362289357400728,1.0773559062578575,1.0732657559369603,-1.445641679640212,-1.1579945710194866,1.4952106580473066,0.3206522776832529
-1.3762339813426663,1.6764324516085343,1.004727268208835,0.30535377644777695,0.373840767022039,-1.6369666350818821,1.5799914042408973
-0.42822238568970933,-1.4676936697980978,-1.7070210956941794,1.4726840805064363,-0.009118067488342381,1.2171562769884445,-1.0542972602343104
-0.5707909151473891,0.374902767374934,1.1347325218972502,-0.2783113755815527,1.1397584360428017,1.1344061327673722,1.1117333108173792
1.4745001743887867,1.5821823632753909,0.584707947737425,1.4726840805064363,0.7567996015324204,-0.398013160973712,1.040931637512429
0.34212099023961584,-0.2710447700377377,-0.08133190258397575,0.8890189284771066,-0.7750357365091052,0.9492932259928668,0.5946872460531978
0.735520370752038,-1.0515740526346409,-0.12263676536784798,-0.8619765276108824,1.522717270553183,0.7033301284245779,-1.5634099424396346
-0.08668224592978953,1.272132198599314,0.30315417863433025,-1.445641679640212,1.522717270553183,-0.2826898753686971,1.4525615095559774
-0.38391435233944626,-1.460073747495589,0.7643457156551909,-0.2783113755815527,-0.7750357365091052,-1.4634015336393522,0.1713544425916171
1.3877535716167941,0.006615945746682627,1.5800662725294092,-1.445641679640212,-0.39207690199872375,-1.5693467690107448,1.4441698795913003
0.0056258695226395,1.4208988434916383,-1.0197956245977533,0.30535377644777695,-0.009118067488342381,0.05369863926108792,1.606689260411967
-0.040835635958292746,-0.1019414100005022,-1.557356446624305,0.8890189284771066,-1.1579945710194866,-0.4687312868131536,0.9559838871841149
-0.17989946509697421,0.13239935529336336,-0.04119826521812556,0.8890189284771066,1.522717270553183,1.290721236219106,-0.9305482567929252
0.8950065640028618,-1.3736041273017512,-1.285810239661075,1.4726840805064363,1.522717270553183,1.5939280165902867,0.8149565508377108
-0.020223899620080876,-0.6223994208529361,-0.006113388695719352,-0.8619765276108824,-0.7750357365091052,-0.7586352314984788,0.2322553395483001
-0.11514284079075125,1.467416380858506,-1.1223257873892483,1.4726840805064363,1.522717270553183,0.813521874065016,-0.4372079843438542
-0.6421508913658369,-0.03799888149181676,0.805345127184692,1.4726840805064363,-1.1579945710194866,-0.9920746172417257,1.043894643205114
-0.20822548537928884,-0.4941049266551246,1.4383710801881642,-0.8619765276108824,0.373840767022039,1.118078764485234,-0.7019028832742162
0.02765691408774607,1.4380680464706848,-1.0315209420291942,-0.2783113755815527,-1.1579945710194866,0.31245066004135835,-0.9348428477924773
0.018464634952220595,-0.042055760149792114,-1.0819420813345524,-1.445641679640212,-0.009118067488342381,0.8551303634553125,-1.4957508203617724
1.3083568084886572,-0.7319102026560841,-1.3952523037860949,-0.8619765276108824,0.373840767022039,0.47083717333811104,-1.144316725298042
0.3365580548332353,1.1561781772369992,1.1243438984909049,-1.445641679640212,-0.39207690199872375,-0.6635755493845699,-0.27688644927274375
1.2983639842944263,-0.6273605484328838,1.0038571216759071,-1.445641679640212,0.7567996015324204,1.1732607680653393,0.7889530240364351
0.8063406443365841,0.17589869460069885,0.8270174302322827,-0.2783113755815527,1.1397584360428017,-0.5258668728700717,-0.8017668516665892
0.23544531745212186,1.3421333184699304,0.6754218068803578,-0.8619765276108824,-0.7750357365091052,-1.6412413621641802,0.5469510701792231
1.406054407263905,0.9048218368779236,-1.4136324164539715,0.8890189284771066,-1.540953405529868,1.3181027071475995,1.5944829818974704
0.3807664454988972,-1.0527563286629393,-1.5777943102280416,1.4726840805064363,1.522717270553183,-0.6206197213050473,1.5655444924839939
0.48833953774054334,-0.6587951462389153,-1.7062752679227589,0.30535377644777695,-1.1579945710194866,-0.6885157676061213,0.3998369941873596
0.8726187003142651,1.5329196083347487,1.6423400461121298,0.8890189284771066,1.522717270553183,0.645923038880012,-1.6706029066869985
-1.2198364003237314,1.0677935276127892,-1.4999584143561395,0.30535377644777695,0.373840767022039,0.0547275158607413,0.013229245444295315
1.5767835363684217,0.7197721841589113,-1.6263876611393477,0.8890189284771066,-0.7750357365091052,-0.15106413521573997,0.6716262317341104
1.711047137610137,-0.34176216292898903,-1.144218756121165,-0.8619765276108824,1.522717270553183,-0.8250236087375477,-1.7274861893175484
0.6101754603294982,1.296644267463943,1.3946313893054556,0.30535377644777695,-1.540953405529868,-1.4431376471480997,-1.245105795819695
-0.20640221595888708,-0.8428626014060303,-0.6449814263050516,-1.445641679640212,1.1397584360428017,0.6217120043879529,-0.24276762067830607
-0.4778549786297661,0.45804742827684575,-1.1036968456160257,0.8890189284771066,1.522717270553183,-1.1769219900722987,0.6360861990349544
0.08397627374245231,-1.4282182476398142,-0.14031386794417444,-0.8619765276108824,1.1397584360428017,-1.0905018718717248,-1.6232502633056087
0.10152244195148903,0.9222006871055292,0.5092056571377347,-1.445641679640212,-0.7750357365091052,-0.38047722330829775,0.9334549277640988
1.2991073875411796,-0.7781447508605416,-0.8328083495565359,0.8890189284771066,-0.7750357365091052,-0.4381660117787845,-0.11119337871045405
0.17088900810560217,1.1200309874991903,0.9698765633451922,0.8890189284771066,-0.7750357365091052,-1.1341901251361732,-1.320259203380883
-0.8561110458213387,-0.04091829277101358,-0.14226146690445288,1.4726840805064363,-1.540953405529868,-0.9421202928846698,1.2361086509687675
0.995915276463984,-1.1367610302805369,0.7869474695043054,-1.445641679640212,0.7567996015324204,1.3833698705103388,0.2987025990106424
-1.2668239105523906,-1.1207084959321836,1.61139036578352,1.4726840805064363,-0.39207690199872375,0.5386887264202735,-0.4154169066256037
-0.1455789782700514,0.6291333228376844,0.11583310681618253,-0.2783113755815527,-1.540953405529868,-0.11789288065517811,-0.14192591308758334
1.4686125890692552,-1.2781318400952912,0.2648837019750645,-1.445641679640212,-1.540953405529868,-0.024904856456459314,0.0480786469685043
-0.3776352491018018,-0.9648923623139042,-0.2879530491772064,-0.8619765276108824,1.522717270553183,1.7316486854914117,0.6286854005112333
-1.2907764840228864,-1.312223513976006,-1.182848634705782,0.30535377644777695,-1.540953405529868,-1.5775670926360772,1.6107857557848047
-1.4003809586557694,0.37704967018159785,-0.4444842722241212,0.30535377644777695,1.1397584360428017,-0.3377514563244544,-0.5955892530459793
0.8309530821807951,-1.1467745337038129,1.0479491668514485,0.30535377644777695,-1.540953405529868,-0.7123279085930487,0.18099719865517777
-1.4126418173285842,-1.016094527012562,1.5608051735848578,0.30535377644777695,-0.009118067488342381,-1.356925237744004,0.3306933237262372
1.4609760839408563,-0.8279086234389098,-0.37061279703442224,0.30535377644777695,-0.7750357365091052,-0.9853774863887631,-0.6376354366861701
-0.155143193286512,-0.3115705920988192,-0.6186223088230519,0.8890189284771066,-1.540953405529868,-0.6945200717530946,-0.2988398083333324
0.1090138338835871,-0.8268829020634179,0.3885315391099851,-0.2783113755815527,-0.7750357365091052,1.3459590613555317,1.3284880746304986
-1.6880900549337878,-0.48392826959970464,-0.29265011834727006,0.8890189284771066,-0.7750357365091052,0.8160025265221736,0.0432297185278306
-0.5290716401437507,0.09484825623768471,-1.613469213193621,-0.2783113755815527,-1.1579945710194866,-0.9828838714144204,-0.2974028818411085
1.4393740642241042,1.1918589482187587,-0.220089592403705,0.8890189284771066,1.1397584360428017,0.6146135688591565,-1.7321584499302116
-0.6885433691351123,-0.11592255660079079,1.2778965118169765,0.8890189284771066,-1.1579945710194866,-0.47536288835125556,1.4652541035032542
-0.5781173302724573,-1.1558551479432435,-0.5058897470901493,0.8890189284771066,-0.39207690199872375,0.9469502513344767,1.3303947923349024
-1.2293732570232228,-1.5054714319502633,0.4860691752651084,-0.2783113755815527,0.373840767022039,0.7023007322143391,0.9565584173964016
1.4722083670757513,0.44930111135106626,1.0414412924530296,0.30535377644777695,-0.7750357365091052,0.01284338996919148,0.913258588251776
0.796248799256955,-1.5687157778135579,-0.7189181620105775,0.8890189284771066,1.1397584360428017,-1.0247544437211424,1.672792061324428
-1.6560232603383858,-0.35496705467172085,1.5934077154019095,-1.445641679640212,-1.540953405529868,-0.552210766306417,0.9048192311325589
0.38246313815535454,0.9201673580596598,1.0629874009147198,-1.445641679640212,-0.39207690199872375,1.3163226030490367,-1.3482183358516848
0.7886861733493649,0.9104427487604712,0.3307856424710766,0.8890189284771066,-0.7750357365091052,-0.7733350397165055,-0.20086560289612848
-0.49578554770063116,0.1654396463101823,1.0939692962919174,1.4726840805064363,1.522717270553183,1.1362222892878648,0.4105204590068815
-1.438024878133023,-1.3406622023760213,-0.6425976170392513,-0.2783113755815527,-0.7750357365091052,-1.5902037474910415,0.629897496861344
0.6038707509932879,0.4265983142668345,0.5235176562590989,-0.8619765276108824,0.7567996015324204,-0.8396897692537045,-0.8698661920424415
0.6675346606111124,-1.2886388696618438,-1.3112809699133159,0.8890189284771066,-0.009118067488342381,0.11309018542377328,1.5639196948189538
0.3123748006836886,-1.1244411953819267,-1.3392557861720462,1.4726840805064363,1.522717270553183,-0.9435874521723797,1.177434368917406
-1.3026395528826982,-0.4781712957954094,1.5133400774014885,0.30535377644777695,-0.7750357365091052,1.4504824701987764,0.11563464780901529
1.5467422113422198,0.10887543339429186,-0.1717873552265334,0.30535377644777695,1.1397584360428017,-0.5529858195126482,0.26972918324670125
-0.3613612455087546,-0.7619759456801509,-0.01685849842524112,-0.2783113755815527,1.1397584360428017,0.6022634634374879,1.4081466176447177
0.8759302001945065,-0.19283815555713552,0.6137517888998132,1.4726840805064363,0.373840767022039,-1.627442672555173,-1.6434284122578053
-0.6991018593121406,-1.4418566061157647,-0.13173638772615828,0.30535377644777695,0.7567996015324204,0.5020677707034541,-0.5375202671312118
1.458942245194904,1.4478099431956022,-1.1579872532057145,-1.445641679640212,-0.7750357365091052,-1.3590794525594396,-0.35615389851222273
-1.3965985379039634,1.5285697036195889,-0.9432125271822168,-0.8619765276108824,1.1397584360428017,-0.4737644571262192,-1.5899586277846363
0.364889659157753,-0.4064870463859197,1.029843029684198,1.4726840805064363,-0.009118067488342381,0.8279080747184884,1.2753436522501511
1.341949070044221,-1.6631814656467665,0.24711495279064782,-0.8619765276108824,-0.009118067488342381,0.4771356938993584,1.0149850429323923
0.00020417517036407594,0.5555702740072327,-0.7651068934019662,0.30535377644777695,-0.39207690199872375,0.6874463320621763,-0.25735322136399486
-0.9551756602010583,1.2766280703123165,-1.5134774656906747,-1.445641679640212,-0.7750357365091052,0.008767130451281644,0.016090465660090987
-1.5828450973855743,-1.401460145686143,1.2148928639225043,0.8890189284771066,1.1397584360428017,1.2882365387087165,0.8956713396326017
-1.5377902559026746,0.45403249215363944,-1.0221169832142696,-0.2783113755815527,-1.540953405529868,-0.17429187041262373,1.5331692811329711
0.5664218197152163,-0.34416038311747116,-0.5758566195062832,0.30535377644777695,0.373840767022039,-1.6328087710950396,0.32833952540074657
-0.7289282480433255,0.787789230438483,-1.133222383588607,0.8890189284771066,-0.7750357365091052,-0.7723838052139187,1.2075796762624271
0.07824720432856777,-0.05600679114016224,0.9209143321113699,0.8890189284771066,-0.7750357365091052,-0.027113014897103778,1.288243172047221
-0.9504384475847465,0.47617884454656684,-0.6717238782847725,-0.2783113755815527,0.373840767022039,-1.6113333009029132,-0.932272951220667
-1.527720997298068,-1.0183613283984059,-0.4636319636504628,0.8890189284771066,-0.39207690199872375,0.46265485523415756,0.4483034124347062
0.6715043587771299,-0.544135419088848,0.5701605666463105,-0.2783113755815527,-0.39207690199872375,0.6645260063780051,-0.7801972134972457
-0.9098728704289155,0.21751695509212415,1.4683600909195402,-0.8619765276108824,1.522717270553183,-1.0425016038923114,-0.38012342493296897
1.544580883456312,1.1191400337408903,0.516272114925185,-0.8619765276108824,1.522717270553183,-1.4514467867532104,-1.4703174751351262
0.8271324095259053,-0.20463201477256346,0.4980919141922283,-0.2783113755815527,-0.7750357365091052,-1.0988876006505726,0.527210531479373
1.1030432088677518,-0.5562421080233391,-0.0799102122498411,-1.445641679640212,0.7567996015324204,1.2770616042643306,1.644684216973092
-0.2546682308506403,-1.4624073741422603,-1.0006039897940016,-0.8619765276108824,-1.1579945710194866,-0.8403447462019312,-0.8273258037766459
-1.3511420672049015,1.0842997652225832,1.0920926016939951,0.30535377644777695,1.1397584360428017,0.306501673519144,1.1677831810686883
1.2435675348576098,-1.2851435625329788,1.4015258775699164,-1.445641679640212,-0.39207690199872375,-1.3861435251520933,0.18668721812875974
1.552026209014987,1.5211623542000006,1.1439787582205865,-0.8619765276108824,-0.009118067488342381,0.5519829048164914,1.289184181695891
-0.0003309404518277154,-0.5218442281636267,-1.13191622860626,0.8890189284771066,-1.1579945710194866,0.11437331368606722,-1.3298532375117593
1.6865790385775234,-1.5690815955182291,1.727471831091811,-0.8619765276108824,-0.39207690199872375,0.26050440784569295,-0.42346442944077567
-1.587080529299575,-0.605727221926641,-1.5737863406125405,-1.445641679640212,1.1397584360428017,-0.5694241474801325,0.11880537856298402
-1.2971016439069376,0.27725790095808023,-0.5502687951850684,1.4726840805064363,1.1397584360428017,0.6294854621066125,0.6225821791519586
-0.5504999972238713,0.6417837777691091,-1.2884319452102848,-1.445641679640212,-1.540953405529868,-0.9210602975965717,1.7149411914159494
1.308063219707409,-0.37529549617748287,0.35530102624575227,-0.2783113755815527,1.522717270553183,1.0668008024312727,1.0255499726144237
-0.10345850687518124,-1.4554079221428522,0.21200740309400956,-0.2783113755815527,-1.540953405529868,1.2331510213531418,-0.5019426920244269
0.4408898968939985,-1.3523239397673852,1.422490248056225,-0.2783113755815527,0.7567996015324204,0.6925557595952075,-0.3837660188206353
1.1766488938794513,1.4484583091995569,-0.050701947952103504,0.30535377644777695,0.373840767022039,-0.983019741039295,1.2230439245120168
-1.6381546696074563,-0.6359525551469996,-0.818859798833689,-0.8619765276108824,-0.7750357365091052,-1.314157728553903,1.254991077418578
-1.0284539339331886,0.8882817016537528,-1.4340086874668672,-1.445641679640212,0.7567996015324204,-1.624987198477462,0.9814666686284104
0.9406128451465201,1.0313149189878916,-1.3945309001202624,-0.8619765276108824,-1.1579945710194866,-0.8140857206344575,-1.1871878507043467
-1.4388674428008157,-0.5452780769880924,1.6601110182211427,-0.8619765276108824,-1.1579945710194866,-1.0258034526045066,0.7521418943448602
-0.7722882572195291,0.07001192573442253,-1.5834666159388622,0.8890189284771066,0.7567996015324204,1.4481717559541831,-1.1795806210758426
-1.463815644768617,-1.2179967585655855,-1.53082809916026,-1.445641679640212,-1.1579945710194866,0.07803485667744273,0.09202873769588514
0.18887146282970693,-0.29572772822758986,1.3876387568130244,-0.2783113755815527,-1.540953405529868,-0.28109906395143897,-0.44287803882500043
1.3510965351931399,-0.8097372419783054,-0.5177548413233617,1.4726840805064363,0.373840767022039,-1.4550464363259643,0.7543532135782354
0.7693560859489846,1.538422558627365,-1.261730942585117,-0.2783113755815527,-0.009118067488342381,-0.3632078630088193,-1.2366196777934697
1.7335295481383048,-0.5044407465061678,-0.48559323831262513,-1.445641679640212,0.7567996015324204,1.5895789929723734,1.599337274138581
-1.7143288070759277,-0.5741203328987662,-1.5437593529089686,1.4726840805064363,-0.7750357365091052,0.6758344327104561,1.5276335976792847
0.2499894414901973,-1.3319921134310748,-1.6055313100651412,-1.445641679640212,-0.7750357365091052,-1.1818656016077411,0.6888439145763097
0.2264239348906012,-1.3945073613845997,0.5441450917547835,-1.445641679640212,-0.009118067488342381,0.3756364536991373,0.5485581331742855
-1.262837989426872,0.027425747686387364,-0.7518330447946023,0.30535377644777695,-0.7750357365091052,0.8576679397742297,-0.6713673136340046
-1.144265940147815,-0.6120081759305158,-0.28874087297730383,-0.2783113755815527,1.1397584360428017,0.993345200631582,0.9538270789363951
1.564725457591255,1.4614064997654583,1.6328098272961924,1.4726840805064363,1.1397584360428017,-1.6087785550494516,1.5004340126689168
-0.34298769790275485,-0.2666086868412864,0.6154908234917777,-1.445641679640212,-0.7750357365091052,-1.0295257212265074,0.34145382181226636
-0.3997643615350125,-0.5265404281202156,-1.5232776068384866,-0.2783113755815527,-0.7750357365091052,1.023394606684568,-0.05648064075817676
-0.2927469997588331,1.6617801168214181,1.6109537657315876,1.4726840805064363,-0.39207690199872375,-1.649480796512888,-0.9044368011106101
-0.41386239730891344,1.0968882428128646,0.21742212853859388,-0.2783113755815527,-1.540953405529868,0.11851689761945829,0.23318886725751956
0.0051064364225333995,1.1404327463861765,0.10998550575281273,1.4726840805064363,1.522717270553183,-0.7734367236728601,-0.7873426162078652
-0.25977428229128185,0.545611815886879,1.2966711213522302,0.8890189284771066,-0.009118067488342381,-1.1350558149508703,-0.6066373119511016
-1.4544628888904367,-1.3981135523208128,-0.6726600322239547,1.4726840805064363,-0.7750357365091052,-0.48045939018422223,1.1710770179481218
-1.4051832975532634,-0.9758923759908927,-0.2219190613312067,0.30535377644777695,-1.540953405529868,-1.4283306669712224,0.335390183414102
0.5331176277072245,-1.4647559384408977,1.2016157176848534,0.8890189284771066,-0.009118067488342381,1.5864232398106939,-0.9659115268479405
0.8637916748914298,-0.6097482168542042,-0.21363952458973254,0.8890189284771066,1.1397584360428017,-0.30266975781223887,-0.6997364526141697
0.6304622086661663,0.9097495668117416,-0.4455880745880645,-0.2783113755815527,-0.39207690199872375,0.9866757504064916,1.7220599243290113
-0.24355516710220865,-0.5150679595304103,0.5891312252227427,1.4726840805064363,1.522717270553183,1.739182149051774,-0.16549370543130928
-1.3922320420294845,1.3511103858573945,-1.6215020936029079,-0.2783113755815527,-1.1579945710194866,0.812171462678853,-0.669546631608775
-1.692712579765906,-1.1594353695525876,-1.2003987222888133,-1.445641679640212,0.373840767022039,1.0999379256548598,0.027076586849063045
1.4884397038404502,-0.8021995587434321,-0.420774046972948,0.8890189284771066,0.7567996015324204,-1.446534489683972,0.8889280982173042
-1.2401584570158155,0.265331664700483,0.926442205988238,1.4726840805064363,-1.1579945710194866,1.4361361872450287,-0.8950796069799497
-0.28879261010599316,-1.5590241749275582,1.5730368226171547,0.30535377644777695,-0.39207690199872375,-1.420236968118074,1.2580219007308646
1.4843455253050026,0.636907288802911,1.5300112819733058,-1.445641679640212,-1.1579945710194866,-0.49044800763447405,0.32760198755289016
0.5265423622830813,-0.131511445926249,0.820585282235451,-0.8619765276108824,0.373840767022039,-0.50169954582448,0.31032461997986277
0.8647406682875931,-1.2229271631381893,1.378560662503309,1.4726840805064363,-0.009118067488342381,1.697324238927639,1.6133854211887075
-0.2379833243794601,1.0712181826453229,-0.09298671024214547,1.4726840805064363,0.7567996015324204,-0.017380455504841602,1.7311415141333184
-1.0794163755503126,-1.204325183940395,0.10155449037753628,0.8890189284771066,-0.7750357365091052,1.2094455991958195,1.581839310977408
-0.44155132933538915,1.1639267727459899,0.8754300291101117,-1.445641679640212,-0.39207690199872375,-0.753395753698305,1.5752496869831725
-1.3800559739496694,-0.5337021802065745,-0.4988249592353923,0.30535377644777695,0.7567996015324204,-0.7329514924948846,-1.3710403729091853
0.23799514387116474,-0.5892744646043884,-0.31479694168701283,-1.445641679640212,1.1397584360428017,1.7677575300453543,-0.9173274555966541
0.8667907520613344,1.4867454477900102,-0.3187191295459735,-0.8619765276108824,1.522717270553183,1.36509108288005,1.0756935703054578
0.33308335043284937,0.0014144377033717716,-1.0025062423501414,-0.8619765276108824,-0.39207690199872375,-0.17611040326525407,0.04665080392537805
1.2696681413031947,1.3125987112378201,-0.7949334729355014,0.8890189284771066,-0.7750357365091052,0.07442824147005997,-0.05253333638298573
-0.1720870046221404,-0.4088355545833621,0.014613316801666405,-1.445641679640212,1.522717270553183,1.472495061351402,-1.1452019060039278
1.5512885681468385,-1.5676913237635823,1.031551989835024,-0.8619765276108824,0.7567996015324204,-1.548689312246033,0.7254145160441171
0.300779966603461,-1.5968671048461758,-1.2450226925156347,0.8890189284771066,1.522717270553183,-0.9407055377844812,-1.0752576705574084
1.6743721635003843,-1.4247983046144157,-1.1950081527663803,-1.445641679640212,1.1397584360428017,-1.2174351915781634,0.3158603587322436
0.5935145337976614,-1.104299054065041,1.0458636811472388,0.30535377644777695,-1.540953405529868,0.6766807390415095,-1.2933172666952228
1.6503048959505433,-0.10773068538703029,-1.1926858516258558,0.30535377644777695,0.373840767022039,-1.3791431738401048,1.5133311566687362
-1.2791666001889863,1.4501710971431658,1.0281466485859918,-0.8619765276108824,-0.39207690199872375,0.3018474016175385,1.297263774087639
1.086748232197191,-1.3826778947138363,-1.3610487273007852,-1.445641679640212,1.522717270553183,-0.12505695872998338,-1.0296455365607813
-0.44928983005999623,-1.0377365684571709,-0.06324786396736029,-0.8619765276108824,-1.1579945710194866,-0.8953167608052435,-0.3327848088501936
0.24610708244991789,-1.5336385688578806,-1.1794891624040067,0.30535377644777695,-1.540953405529868,-1.334997038582068,1.4669296967159244
-0.3855456283565096,1.1950319758421388,-0.4097551593735304,-1.445641679640212,1.1397584360428017,-1.2386058414197612,0.1328009988871411
0.27948975060401327,-1.135646009501573,-0.2920495839235961,-1.445641679640212,-0.39207690199872375,-0.9533314012631438,-1.7380635750842997
-0.8009216777177869,0.818471666470194,-0.8004546955853543,-1.445641679640212,0.373840767022039,0.0019552776378617093,-0.13824928068765002
1.119626723624456,1.6557688307125435,0.6730150629498033,0.8890189284771066,-0.009118067488342381,-0.492877715454824,-0.6487736092715648
1.5497783204078894,-0.3334258087135493,-0.6695995470049962,-0.2783113755815527,1.522717270553183,0.7835251884107938,-0.13148530104818407
-1.1965916167212656,0.6496357458959678,0.7291879079510867,1.4726840805064363,-1.540953405529868,-1.487157521225831,-0.0886604313621495
1.4576265980578782,1.669333171878226,-1.1299011753545043,0.8890189284771066,-0.7750357365091052,0.30116470190296996,-0.4086756143171935
-0.6036757133355197,0.3453454267399044,-1.0916279651970946,0.8890189284771066,0.373840767022039,1.5169425699747494,0.6603734411045109
-1.6274478433786406,0.2936945745827155,0.3235013722309933,1.4726840805064363,0.7567996015324204,1.2692037678048893,0.9727571480479488
-1.0669618349850822,-1.5035642491421033,0.7566996701081757,-0.8619765276108824,1.1397584360428017,1.609417507181387,-1.4757531438402138
-0.5132258535076324,-1.383506785055159,0.5841514740560954,-0.8619765276108824,-1.1579945710194866,-0.6336872515287848,-0.8563644456428376
-0.2610577120391726,-0.5959261663318426,0.8614467597716567,-1.445641679640212,-0.009118067488342381,-1.1980088052316649,-0.9198666481149345
-0.83492172219172,-0.9608863197263731,0.9183467865825532,-1.445641679640212,-0.009118067488342381,1.7141742022127457,0.702170702033719
1.6075806711220786,-0.9653418205451818,-0.9865071606624692,-1.445641679640212,-0.7750357365091052,-1.223917389891839,-0.7326796411883968
-0.6242868604695007,-1.3274625997673204,-1.0587489620315738,1.4726840805064363,-0.7750357365091052,1.0803586800533225,1.6555815463844956
-0.6445967397217693,0.7126482132373582,0.16595312815797922,1.4726840805064363,-1.1579945710194866,-1.1117932308940055,0.3966752654868447
0.07496644998343362,-1.039225882714042,1.5264427203665345,-1.445641679640212,1.522717270553183,1.7085004555071992,-0.7395167871720153
-1.6321929493268779,0.6045756897925361,-1.1078738617832724,-1.445641679640212,-0.009118067488342381,0.7425810770003514,-1.2637989389014954
-1.4278033297509303,1.07409643295114,-0.4929887370520857,1.4726840805064363,-0.009118067488342381,-0.8268667693635866,-1.3250028104547082
1.480361532172622,-0.4397923514899895,-0.0491728337996704,-1.445641679640212,-1.1579945710194866,0.43811436372071394,-0.618693926759109
1.263373405679114,-1.1987666537603054,-0.8205260939121469,0.30535377644777695,-1.540953405529868,1.4881113642307755,-1.5455568602179388
-1.3674609686061745,1.4248230975614675,0.9895870977493368,1.4726840805064363,0.373840767022039,1.235643049199321,0.5723223195937095
-0.6497051678593577,0.4645925755872173,-0.010225164575841364,-1.445641679640212,1.522717270553183,-0.403053209674297,1.1358268256357194
1.2785115359296715,0.3103738082368832,-0.49921302315305327,0.30535377644777695,-0.009118067488342381,0.3707250693225685,-1.2821674315031537
-0.7552560484971151,1.5478812143700305,-0.019683664646853182,0.30535377644777695,1.522717270553183,-1.650748668117062,-1.2309195772601207
-0.8385975417091643,0.2333583209784182,-0.7541501533908956,-0.2783113755815527,0.7567996015324204,-0.6241098628569152,1.274057640428421
-1.5232239082751944,1.3935912136276651,0.8386237417298905,-1.445641679640212,0.7567996015324204,1.3500487191206696,-1.122952177438017
1.4948312483127617,-1.4929179609684888,0.7890785479109721,0.30535377644777695,-1.1579945710194866,-0.6830278536096258,1.034090973193161
0.3253251888360487,1.64974925074131,-0.1848372675816522,0.8890189284771066,1.522717270553183,1.6958742990173208,-1.1333260622065675
-0.4657764760267241,1.5949481121761382,0.39342455884559663,0.30535377644777695,-0.39207690199872375,-0.40183054083867825,0.005861187723529338
0.9607547561431276,0.05026561828335585,1.4598761875939519,1.4726840805064363,0.7567996015324204,-0.10436670716251156,0.10344163629147721
0.3392021177450075,0.8160782633842514,-0.9119279223606198,-1.445641679640212,0.7567996015324204,-1.4616116333843419,0.03315159454237776
-1.3114669951765205,1.7936071081234364,0.5195067055589033,0.8890189284771066,0.373840767022039,-0.6540120216924057,1.1229548202103143
-1.5073542906273791,-0.4630309282238959,-1.655887078842674,-1.445641679640212,0.7567996015324204,1.7768665689940366,1.7054272534933783
0.1494461117091605,-0.21861683182009323,-0.20986346228669012,-0.2783113755815527,0.7567996015324204,0.6677500923150236,-1.6178909471283784
0.30028124061896383,-1.3047937968683552,1.109173565321976,0.30535377644777695,1.522717270553183,-1.1602565653083332,-1.521840173116696
1.5410500175686896,0.2848853263193914,-1.7107994427080049,-0.8619765276108824,-0.39207690199872375,1.7158287560272822,-1.2680375722256294
0.8131603149635773,1.3988544254534496,-0.4225875127525165,0.30535377644777695,1.522717270553183,-0.49472040702914094,-0.3993038200288973
-0.46143651186318113,0.6656825757801174,-0.4696789639748213,0.8890189284771066,-1.1579945710194866,1.224369743524953,1.7315761048625562
0.15513313055990047,-0.45463878010200093,-0.5553851900101155,-0.2783113755815527,1.522717270553183,0.7082156509983147,0.6405719089162795
1.2668912793752154,-1.090786678368556,-1.2035459031182838,-0.2783113755815527,-0.39207690199872375,0.7189032960053939,-1.3510953209903442
-0.19085504280231133,-1.2000890473366215,1.7364758686153619,0.30535377644777695,1.1397584360428017,1.4402550202827515,0.04907987983655295
-1.33458643758976,-0.8304917747309416,-0.5470116773189658,1.4726840805064363,-1.1579945710194866,-0.24948926544225658,-0.11763103594222174
1.3703622792009755,-1.0930923029928177,-0.4399682381062089,-0.8619765276108824,-0.39207690199872375,0.014410558503458975,-0.6590465779918969
-0.3894858436413728,0.8715736530875813,-1.273032724767002,-1.445641679640212,-0.009118067488342381,0.26084250091869826,-0.5838427743985752
1.4635384723104756,0.21356943766989744,-0.1160411809151221,-0.2783113755815527,-1.540953405529868,1.3017497116222905,0.05965236771738415
0.6427343864463964,-0.06919299321136713,0.5924031277511793,0.8890189284771066,-0.39207690199872375,-1.5738268978567254,1.3740084978091562
1.4006642687789608,1.5112431785342362,-1.3776035611127495,0.8890189284771066,-1.540953405529868,-0.271322361931599,1.2618185906996306
-0.039796664747150746,-1.019675384808194,-1.3683810754391712,-1.445641679640212,1.522717270553183,-0.7214101760067898,-0.4931695829163213
-0.4294369745506296,1.0225575133313047,-0.8516885741052435,-0.8619765276108824,-0.39207690199872375,1.6443865887630569,-0.0713261543393985
0.6091073073377483,0.030510126817669327,-1.4591122959870464,-0.2783113755815527,-1.540953405529868,1.3478641754878713,-1.5495148281391349
1.390635441516688,-0.9071801419374177,-0.4416399584716074,-0.8619765276108824,-0.7750357365091052,-1.6142503384064248,-0.2896564398236628
1.048714806170972,-1.141910234722951,-0.947542742879161,-1.445641679640212,-1.540953405529868,-0.15907389667481442,-0.9435356216465978
0.551307897349244,1.729650287605232,0.2882983214935649,-0.2783113755815527,-0.009118067488342381,0.24057610631285012,-1.0034728694549149
0.6197721126424834,0.6230794342956739,-0.7664860675835119,-0.8619765276108824,-1.1579945710194866,-1.254994143463529,-0.5448936016419824
1.0530920758531426,-1.0661197299918692,1.389920082598091,0.30535377644777695,-0.39207690199872375,-1.205542738598861,0.4807973646081608
-0.7996267922966827,-1.490562745802197,-0.37987532007868247,-0.2783113755815527,-0.009118067488342381,-1.6467299387899947,-0.7867540556006316
0.612211708654197,1.2385244285695853,-1.0727329285298792,-1.445641679640212,-1.1579945710194866,1.5712729648377288,-0.36442439066874155
-1.0238294147187859,-1.3684926465124496,-1.581950062435448,-0.2783113755815527,-0.39207690199872375,-1.24476507873932,-1.477518750891561
-0.3689718679618709,-0.720591004760321,-0.9600281333640553,1.4726840805064363,1.1397584360428017,0.4213828742192734,0.10640115963945046
0.7031046711623383,-0.8478768506763137,-0.017638893231166825,-1.445641679640212,-0.39207690199872375,-1.5859942065360793,0.8305035300274447
-0.45356601950317277,0.42785760787632177,-0.36334954870679287,-0.8619765276108824,1.522717270553183,0.20371254044258044,0.9914115255733068
0.47973044941049386,1.7071869605898264,0.9141868437686054,-0.8619765276108824,0.373840767022039,0.23333163600350215,-0.09556699993980071
-1.2903024727898116,1.0365143707322466,0.6296426172696803,0.8890189284771066,-1.1579945710194866,-1.6484070212932151,-0.5633801608984969
-0.30988761301208917,-0.14626203716418354,-0.003457309702762303,1.4726840805064363,-1.540953405529868,0.3278858942925129,-1.3776330728657955
-0.5143250144120454,-1.4100967274260403,0.09635090732973023,0.8890189284771066,-1.540953405529868,-0.7601038930847859,-1.5538723359089512
1.4965456461882987,0.8532766196955889,0.1565922153112784,0.8890189284771066,0.7567996015324204,-0.3134183953410996,-0.5545454716764513
-1.294791814046928,-1.2931783491902153,-0.9135115150552868,0.30535377644777695,-0.39207690199872375,-0.3846855920654008,0.2210785222347904
1.3128871706922323,-1.5833488597708927,0.6469979640430085,-0.8619765276108824,1.1397584360428017,-0.3277186442629936,-0.12901927133719457
-0.9970758447280023,-1.0302475678911502,-1.3301223780436877,-0.2783113755815527,-0.39207690199872375,-1.0183900514890576,-1.3562912815238706
-1.3322544153456188,1.3040818559161917,0.842944313940073,0.30535377644777695,1.1397584360428017,-1.545761200705658,0.7183478841579853
-0.34637443565558207,-0.3810001927216901,1.077625364103996,0.8890189284771066,-0.39207690199872375,0.16011769165477233,0.08132412122823152
1.7102469260424136,-1.0600512934998265,0.5003674099786627,0.30535377644777695,-1.1579945710194866,1.449845484320043,1.201161582151386
0.6502262830784974,-0.20072395376849833,0.29526062915798595,-1.445641679640212,-1.540953405529868,1.2423297611162243,-1.6095582013459637
-1.1757479681661098,-0.8067765257061019,0.3592276004533018,-0.8619765276108824,-0.7750357365091052,-1.5166468191705027,-0.9444768230237314
0.11114089815898968,-0.8150982736294439,0.14509430403944526,0.30535377644777695,0.7567996015324204,1.5483855254462897,0.7385635383831363
-0.5687993445586299,-1.0242804984317992,-1.4567696647164796,0.30535377644777695,1.1397584360428017,0.8031215868962351,0.11677511186588306
0.773109744106172,1.6231328099922262,-1.4104994519716172,-0.2783113755815527,-0.39207690199872375,1.384492019817963,1.0156293823704805
-0.6427435706964788,-0.40624174734285023,0.04532893927184421,0.30535377644777695,0.7567996015324204,-1.460952531860286,0.3768785854836617
1.66008537181338,1.2793248676043032,1.7099748135574313,-0.2783113755815527,-0.009118067488342381,0.5190471990655031,1.0532654254172382
1.577876904628337,-0.650270343722715,0.29414273229368976,1.4726840805064363,-0.39207690199872375,1.3824712975852322,-1.6792871203953321
-1.0085051005929346,0.1144781970541863,-0.3300863871116837,-1.445641679640212,1.522717270553183,-0.38787420986087406,1.0048356498257824
0.27234975850206733,0.22751742938870168,-0.03968711704504268,0.8890189284771066,-1.540953405529868,-0.10521743097373727,0.6492269163134895
-0.7020019031462651,-0.898642841841781,1.5234597083993606,0.8890189284771066,1.522717270553183,0.6202937859398275,0.3593901701697535
0.8482683261608046,0.6629508475894235,1.218722518956247,-0.2783113755815527,-1.540953405529868,-1.4725049808415394,-1.0427305324871088
0.368588663652066,-0.03148300980057411,1.4543091994070323,1.4726840805064363,-0.009118067488342381,-1.4629505593273682,-0.43132670482381386
-0.21128912575922099,1.4228506106027545,0.7441603868228068,1.4726840805064363,-0.39207690199872375,0.3599659579672989,-0.8974175912660255
-0.8428707630354584,-1.095035802102112,-1.5499069400474335,1.4726840805064363,-0.009118067488342381,-1.1512344928627607,-0.09514091278093675
0.9255947389717207,-1.4468606048914712,-0.7744302812553743,1.4726840805064363,-1.540953405529868,0.6310897841805471,-0.34698707253670436
0.08676745760447355,0.38612761461731265,-0.742623109925985,-0.2783113755815527,-0.009118067488342381,0.09534754659301677,0.461666747435694
-1.321358456298852,-1.356169624375467,0.8927275783032292,-0.8619765276108824,-1.1579945710194866,1.0431591634638933,-0.4776589286326672
-1.0071024510869862,-1.6384722694787943,-1.495764040895265,0.30535377644777695,1.522717270553183,0.5205007391312909,-1.4137928800498538
1.6579808833850727,-1.0469616621952025,-1.1553477964475918,0.8890189284771066,-1.1579945710194866,-1.6053339982122357,1.5253884229334451
0.8326572003410119,-0.3802173796288112,-0.8913252351352032,0.8890189284771066,-0.009118067488342381,1.0463360341275092,0.5873705532116106
1.6734263335832495,-0.9398691307407646,-0.8878192469493478,-0.2783113755815527,1.522717270553183,0.7195663127028064,-0.7790543024674007
0.7720212939044748,0.0245216267015736,0.23578583125560132,-0.8619765276108824,-1.1579945710194866,0.45666581742191475,1.1162380420470275
-0.511363945285182,-0.12167674789955003,-0.01626827365570114,1.4726840805064363,1.1397584360428017,-0.22739969592534875,-1.0188787219516986
-0.6583955765732894,0.012522060957599187,-0.5565860117815699,-0.8619765276108824,-0.009118067488342381,0.8452528597392533,-1.2119184604592006
0.4919591680692196,-0.7924045507865717,0.31119318195343865,0.30535377644777695,1.522717270553183,-1.482789844081836,-1.397669936676795
-0.09515743136617162,0.199243543863332,1.1874508305168103,1.4726840805064363,-1.540953405529868,1.0085764385242322,-0.32263368874035064
1.5976545311082324,-1.3619632790792173,-0.27290374816881713,0.8890189284771066,-0.39207690199872375,1.6580915147537625,1.6889169569800946
0.9994081090262015,-1.6326577061970835,-1.0836150315476052,-1.445641679640212,-0.39207690199872375,-0.5917873050933571,0.3326341358082266
-1.3350513859376867,-1.0031025149092847,-0.8502155189363164,0.8890189284771066,-0.39207690199872375,1.5594755152793855,0.5719672760708818
1.1851980909435467,-1.6046735912621677,0.6739774999807242,-0.2783113755815527,-1.540953405529868,0.9628813934660716,-0.02986628248631839
-1.6254345121371057,0.9062098272296282,1.1475477188248875,-1.445641679640212,1.1397584360428017,1.6945860343683528,1.0115357965134515
1.3467525202669643,-1.2442693669786578,-0.838099240661185,-0.8619765276108824,1.522717270553183,0.5182623607180868,-1.168228522747905
1.285295834583158,-0.010557775112129084,0.41340695668019317,-1.445641679640212,-0.7750357365091052,-1.091909957673991,-0.950392575058648
-0.4591731061000625,-1.3304731038068889,1.0123197908544985,-0.2783113755815527,-0.009118067488342381,-1.4855665916706455,-1.6633147951131027
1.392325674420528,-1.6260094450980742,1.2737789439601466,0.30535377644777695,1.522717270553183,-0.5728929117153372,-1.238747746246995
1.2665796507260891,-0.9299908845901302,0.7903139654665469,1.4726840805064363,0.373840767022039,-1.2902512183955648,-1.3077876899024532
-0.34255599913506785,0.19717829268418674,0.18600128840972396,0.30535377644777695,1.1397584360428017,1.6932359509389587,-1.067392428858826
-0.7085817599420855,-0.3904557050026189,1.6057703740866325,1.4726840805064363,-1.1579945710194866,1.7804684415486982,-0.23970937968180261
1.002979332486475,0.07590238856712873,0.7202654925427662,-0.8619765276108824,-0.7750357365091052,-0.1122878496576158,-0.5783368368009241
-0.08323129853508646,-1.2922494831622713,-1.5248500237974618,0.8890189284771066,0.373840767022039,0.11504887309890033,0.6542525870929773
0.5529640423879998,0.38205018159399334,0.33562936663730286,0.8890189284771066,0.7567996015324204,-0.7413639645712415,1.1879000576251204
0.5794931201791987,-0.16457034271676005,1.2199484149064348,-0.2783113755815527,-0.7750357365091052,0.3080965612122883,0.5788398785802601
0.521054562904147,-1.2652506107664752,-0.3579465111717001,-0.2783113755815527,1.522717270553183,1.7561982598524701,-0.9975346648694181
0.6271464050228669,0.23735907969707462,0.08698217305440455,1.4726840805064363,0.7567996015324204,1.4420936616035427,1.5537761468950035
0.46181709404550064,-1.4357813186750896,-1.459083084059277,1.4726840805064363,0.7567996015324204,-0.9675901824127517,1.472674188032652
-0.8254815045020113,-0.046758652589163514,-0.8837500486475318,1.4726840805064363,-0.39207690199872375,0.19659709783221155,1.2087400500624095
-0.728081349532274,0.7811040153355047,0.6655603993485921,-0.2783113755815527,-0.7750357365091052,-0.05408976576130735,1.2468461649708782
0.9591785187077363,-1.5501949352785331,-0.4690580209099529,-0.8619765276108824,1.1397584360428017,0.8538973781919802,0.15820062046333247
-0.7583050535803758,0.8865874508756223,-0.5019184064175455,0.30535377644777695,-1.540953405529868,0.7113463770891857,-1.443716511022057
0.10975338271574382,-0.1269790329627887,1.482161183095561,1.4726840805064363,0.373840767022039,-1.3322646328498549,0.04212278679424365
0.0680349674150657,1.2289697028268798,-1.5105699461418869,-1.445641679640212,0.7567996015324204,-1.100899557597053,-0.34147673380367244
-0.012628578166675687,-0.04866512331390806,-0.8577523909742044,1.4726840805064363,0.373840767022039,-1.3304212623484217,-1.6262247816463862
-1.2726404051026423,-0.30023810668164697,1.1832075657460175,1.4726840805064363,-0.39207690199872375,-0.5772813597697976,1.2285844253414624
1.1842531613337621,-0.7424102373776541,-1.0722037240787796,-0.8619765276108824,0.7567996015324204,-0.22564958194054827,1.2080618572041713
-0.43037258844369686,-1.504989349288759,0.7914620132218962,1.4726840805064363,-1.540953405529868,-0.845773124924306,-0.30243032952823473
0.4167205140275689,1.1728887887713724,-1.054203798831604,0.8890189284771066,-0.39207690199872375,0.018037092364399935,-0.6021462393007962
-1.7135776435980856,1.5771889853937655,1.2575247861786925,1.4726840805064363,-0.009118067488342381,1.395071034441158,1.3815248242660043
1.097081735670787,1.1681476045927475,-0.8742150332892671,1.4726840805064363,-1.540953405529868,1.058600439077672,-1.6785077767314784
-1.2961723078401817,-1.411838834668399,-0.989463775791039,-0.2783113755815527,-0.009118067488342381,0.015381454392705059,-0.7243492111834134
-1.4747126147255447,-0.9555333153058498,1.5273884531292305,-1.445641679640212,-1.540953405529868,-1.3051916288334249,0.8742191378352413
0.5967543478658954,-0.9311475744341805,-0.4529240220955271,0.8890189284771066,-0.39207690199872375,0.6160653800649757,0.39830948121730053
-1.169483694004646,-0.9873992368058424,1.5183008369589912,1.4726840805064363,-0.7750357365091052,-0.7226873126375697,-0.40215471580589707
-0.6825260184335143,-0.8582010618465544,-1.1865446188210023,0.30535377644777695,0.373840767022039,1.412592725447857,-0.7364205165870341
-0.7095626129045133,-0.7593084889897839,0.6427689180417364,-1.445641679640212,0.7567996015324204,-1.6391141672483447,0.5596327759984473
-1.6951106080628975,-1.126791032154159,1.51082059846132,0.8890189284771066,0.373840767022039,0.5122090344897751,-1.6190880943461965
0.4093554267205331,-1.6203636067863076,0.21896232598957463,-0.8619765276108824,-1.540953405529868,1.664244882945494,0.5227883365607128
1.3711692218946379,0.3926739603820825,1.395467973686001,0.30535377644777695,0.373840767022039,1.2490553759202594,-0.11407537905038938
-0.7008983978663473,-1.6535346970746012,-1.240213550140758,-1.445641679640212,0.7567996015324204,-0.3051243844259128,0.29678361719131685
-1.5149685892375222,-1.4783839210988998,-1.0089028676457763,-1.445641679640212,1.522717270553183,0.9256582549694616,-0.567207434630328
0.5401926511861406,0.03419055204104316,-1.6006015116929704,-0.2783113755815527,-0.7750357365091052,1.3138550030497798,-0.3453751793283079
0.5671866873103685,-1.2795916620744794,-0.48148463447633466,0.8890189284771066,1.522717270553183,-0.5409481056526235,1.0781878976992862
1.2343018068844431,-0.8203907428831481,-0.7889216218550493,0.30535377644777695,1.522717270553183,-0.5058342174920322,-0.48298051332285463
-0.5771715809929451,1.2039834690074747,-1.5386504165576456,0.30535377644777695,-0.009118067488342381,0.9932393479634204,0.6534157404834421
0.2231485640263471,-1.501814041390038,0.16292082245324926,0.8890189284771066,1.522717270553183,-0.9090722640541785,-1.2344669584795918
-0.9124205461681743,0.8441981589378017,1.041636578766098,0.30535377644777695,1.1397584360428017,-0.8368378919751074,-1.695786402121047
-1.0503164941025844,-0.632354037503443,0.339119884804632,-0.2783113755815527,-1.540953405529868,-1.3725813221609953,0.8667925776556143
-1.1982175896777403,0.0029362063778087593,0.5959305086098671,0.8890189284771066,-1.540953405529868,1.0732361571226847,0.6238450041651034
-0.2667848894662995,1.059469973362462,-0.32620961266420023,0.8890189284771066,-0.009118067488342381,-0.886523855197279,0.541900173978553
-0.9117456106379509,0.2159755214929806,-1.6925782481494633,0.30535377644777695,-0.7750357365091052,-0.9794170327379428,-0.21727860088675027
1.7273994594824105,0.4781985423950211,-0.6076908833031348,-0.2783113755815527,1.522717270553183,0.045210130561123475,-1.5314217022591214
1.4179661100906114,-0.9286381720116644,1.5345771114102178,-1.445641679640212,0.7567996015324204,1.649666935386478,-0.5465649496742085
1.451672769382753,0.6838921351538361,-0.18776759773354768,0.8890189284771066,-1.1579945710194866,-0.19029565770300264,-0.7902193560801877
-1.4857004976443438,-0.5026369976399845,0.7240319767553368,0.8890189284771066,-0.7750357365091052,0.017950053980387223,-0.5253688884444754
-0.021967209455213497,1.444444097876323,0.17217764201908065,-0.2783113755815527,0.7567996015324204,1.6720467134240762,-0.571985531146065
-1.6832169473442844,-1.6317279048624969,0.4270513984040483,-1.445641679640212,0.7567996015324204,1.0632210865103457,0.54922813379771
-1.4673483666694351,-1.4458279893170782,0.7221779743171114,0.8890189284771066,1.1397584360428017,-0.949288496028355,-1.0051461970829845
1.6672884992976074,-0.10419483051365926,-0.7309217523175001,-0.8619765276108824,-0.7750357365091052,-0.21291312130020523,1.0546426157156368
-0.5360354920020136,-1.242029602478394,-0.2043057588968813,0.8890189284771066,1.1397584360428017,-1.0892638667975008,-0.4433460417620965
-1.2209702161989786,-1.26971793422657,1.5258757806673493,1.4726840805064363,-0.7750357365091052,-0.2146710174233348,-1.6688088051084524
-0.8642474046861994,-0.5550918640553409,-0.5271501866521896,-0.2783113755815527,0.7567996015324204,1.4183910683997147,-0.29136918426099095
1.2329581936731384,-0.8739795087888357,1.3680792631231975,0.8890189284771066,-0.009118067488342381,0.9525938258067073,-1.1279768668527137
1.0084947221961236,0.6335620835166484,0.9392357801659641,1.4726840805064363,1.1397584360428017,0.05022331637618215,-0.13303835401276737
1.5861790421087416,-0.8810212216544834,0.26140804649576,0.30535377644777695,-0.009118067488342381,1.2976998959170014,0.38532902526820306
-0.9370460358483048,-0.029274513750931336,-1.2993679286607873,0.30535377644777695,-0.39207690199872375,0.30205844113626173,-0.8820387055084603
0.8676484332476602,-1.5648033947389508,-0.8393335316593638,-0.2783113755815527,-1.1579945710194866,0.550738674122098,1.2352523988676853
0.17766014473185393,0.8470041568869534,-1.2849436582215938,0.30535377644777695,-0.7750357365091052,-1.3835021696293603,0.4287592700463691
0.12863965951618236,-0.8924242403724862,1.211416411902939,0.8890189284771066,-0.7750357365091052,0.6282106275361515,-1.5764982386623119
-0.7810988491300619,1.504258057542488,-1.2652923330716692,1.4726840805064363,-0.39207690199872375,1.2969521575541305,1.1556368777106072
1.6880478472859175,-1.6576754722281553,1.4809101839275678,-0.8619765276108824,-0.39207690199872375,0.657007952275953,1.4361390536461784
-1.4993899348044541,-0.31802676697968085,0.32077776486983905,-0.2783113755815527,1.522717270553183,1.1582381732711997,-1.7430866011978596
-0.8830711761369429,-0.2517085255813934,0.7522641114010874,-0.8619765276108824,-0.009118067488342381,0.15145431976345428,0.6612921801557585
-1.1011240483522668,-0.35957259563358834,-0.5154976338792664,-0.8619765276108824,0.373840767022039,1.1795823819733187,-1.3465419240093552
1.112485729790312,-0.44959569700523194,-0.6211629172616381,1.4726840805064363,0.373840767022039,1.010304684924103,-1.1070989868792847
-1.3769922451860472,-0.6992274363216402,-0.11520279136863636,0.30535377644777695,-1.1579945710194866,0.5689352401598897,-1.4552061615405294
-0.27507633037864265,1.225874356147385,1.1127831719617995,-0.8619765276108824,-0.009118067488342381,-0.3671051881461863,1.657973052285104
1.180679734699329,0.3226133169456431,1.3918318317752534,-1.445641679640212,0.7567996015324204,-0.2192284103502232,-0.4220609321028971
-1.1226484226305256,-1.5864513354780012,-0.8135041059203053,-1.445641679640212,-0.39207690199872375,0.3513965209489275,0.49947201476788083
1.1522263846639889,-1.5948615190047701,0.9686361614657084,-0.8619765276108824,1.522717270553183,-0.783051956426335,-0.43630232252172263
0.5627315620010129,0.08604143838047464,-1.3831984478278707,-1.445641679640212,1.522717270553183,-0.37872537676947693,1.1594233817901243
-0.9928256219672924,-1.048463479486904,-0.8595768696734615,1.4726840805064363,-0.009118067488342381,0.0757219876808054,1.446167703745409
0.8531428003678938,-0.434722801225109,0.283431362929635,-0.2783113755815527,-1.540953405529868,0.5111805699616199,1.4501445650251283
1.7234350037304742,-0.05554618805770819,1.3459626655953851,-1.445641679640212,-0.7750357365091052,0.14188952510563815,-1.2014996706762961
0.7912562990045153,-1.1727096029542246,0.1852417318784976,1.4726840805064363,-1.1579945710194866,-0.861961437265927,-1.1508060847182309
-1.2271792292272623,0.06484434577043066,0.7744756800745154,1.4726840805064363,0.373840767022039,-0.7712825918844841,1.1800325532969729
-0.30450209648215826,0.4709556310040219,1.03080254808338,1.4726840805064363,0.7567996015324204,-0.603243832870305,-0.6362260662710797
1.197325911464676,-1.0422283674657753,1.0271526259670019,0.30535377644777695,-0.39207690199872375,0.8394341330702518,-0.542831041722062
0.12425909841558674,1.4282971709052066,0.2336973311069427,0.30535377644777695,0.7567996015324204,-0.28734180397679915,-1.4616119873428028
1.2994916741589273,-1.3589316614171556,0.9753774115027125,0.8890189284771066,-0.7750357365091052,0.4534414059544758,0.43578107376816716
-1.5350263704532867,-1.5205396837398266,0.7162145972310144,-0.8619765276108824,-0.7750357365091052,-1.405989972340657,0.5327924102053403
0.8395721796205095,-0.39308924699330955,0.2856699314243419,-0.8619765276108824,0.7567996015324204,-1.4960241751487589,1.5153867687817455
1.039129156180979,1.7009334088948493,-0.25162125809200675,-1.445641679640212,-1.540953405529868,-0.7904340235522758,1.2032312553081512
1.6047421260385752,1.009944410993187,1.034062129264477,0.30535377644777695,0.373840767022039,0.2282680236734847,-1.6198115816953662
-0.3623981239900538,1.3452031420917487,-0.7052478011780409,-0.2783113755815527,-1.540953405529868,-0.5582055283353556,0.07839055812561663
0.2978817491424877,0.7386528880698975,0.7577272860818522,0.30535377644777695,-0.7750357365091052,-0.18917680306363277,1.334805611625465
-1.7078521669031017,-1.473724041038111,0.207587237122734,-0.8619765276108824,-0.7750357365091052,1.4653965704957717,-0.10606495558697648
-1.3935556654354209,-1.0599573332496672,-1.034652706216576,0.30535377644777695,0.373840767022039,-1.269921736522099,0.44558059645048825
0.36271141771092114,-1.186231823992748,0.27627294299526123,-0.8619765276108824,-0.009118067488342381,-0.04644646685560685,1.7279307702249058
0.2094632814474892,-0.6093395354367819,-0.2737577193848207,-1.445641679640212,1.522717270553183,1.1478007744497534,-0.46672150636681053
-1.635786969422991,0.09109548526762334,-0.9978527071702828,-1.445641679640212,1.522717270553183,-1.241312677429408,-1.630990649038272
0.5337765685151107,-1.3864780220262132,-0.7461430551427942,1.4726840805064363,1.1397584360428017,-1.2644682982494853,-0.45615318870245647
-0.7988839972582867,0.6024788843529065,1.202866498413167,0.30535377644777695,1.1397584360428017,0.2023255477329134,-0.5846846696600266
0.22950238866164047,1.5683606021516636,-0.1461016767548532,0.8890189284771066,-1.540953405529868,0.8880147297925234,-0.10236266936624762
0.5640553564545827,1.6031084808204878,-0.929410130486401,0.30535377644777695,0.373840767022039,1.1709616651623636,-1.7004157392766204
1.273233235585333,0.31972565387965746,1.5630695040118816,-1.445641679640212,0.373840767022039,1.766421349065778,-0.8842611004668657
0.015347629194844599,-0.8961352398784254,-1.6853694112371602,-0.2783113755815527,1.1397584360428017,1.1807154057696096,-1.3888005224421942
0.12497331261339012,-1.174804247373781,-0.4557157239013512,-1.445641679640212,1.1397584360428017,0.5399402221489596,-0.1976415792159748
0.0363911040221017,0.9706780476646473,-0.17951536567811852,0.30535377644777695,0.373840767022039,-1.0284399425409319,0.6083257488079555
0.9163518091980065,1.1316198389670695,-1.3901814931546808,0.8890189284771066,-0.009118067488342381,0.5675216544839345,0.5003786792512012
-1.0364195976669017,-0.7729592907239972,0.7940018738352067,-1.445641679640212,1.1397584360428017,-0.23767262520322158,1.5524242264826222
-0.48876242953830096,-0.8931477497767487,-0.28916727370127343,0.30535377644777695,1.522717270553183,1.2254907116148197,-1.3317928253071531
1.0771931309543195,-0.996921305280737,1.0110484467764174,1.4726840805064363,-0.7750357365091052,-1.4803824471838563,-0.2800123204394737
1.427131069711585,-0.1641172577263813,1.409248571762143,0.8890189284771066,1.522717270553183,0.7720978800295664,-0.6325055465277719
1.0671493124227984,0.06147059253281768,0.8148179427910387,-1.445641679640212,-1.1579945710194866,-0.9706994208804606,0.8072854257312718
-0.3541700954972059,0.4908605200227178,0.6246093513731844,1.4726840805064363,-0.7750357365091052,1.2277979711383087,-1.7376202435170698
0.652154968872909,0.41570250456187663,0.15417365472598885,0.8890189284771066,-0.39207690199872375,-1.616768227699226,-0.3914388361305617
-0.21558444036588262,-1.2403179467569048,1.3697638099937093,1.4726840805064363,1.1397584360428017,-0.6769830952695242,-0.6261586867522931
-1.5339610542636148,1.0370373107961233,1.5673478660614504,0.8890189284771066,-0.39207690199872375,-1.3218637729879306,1.5839293371379575
0.4535472090009188,1.226659103295409,1.002538525069014,-1.445641679640212,0.7567996015324204,-1.0034978641707826,-1.2074720815370634
-0.4071603143478987,-0.13495858320883816,0.142291141523344,-1.445641679640212,1.1397584360428017,-0.07225027128916972,1.659895995089284
0.7340422299853835,0.25471809007457363,1.4187466967875948,0.8890189284771066,1.522717270553183,-0.03012407088677032,-1.7254850627748974
1.4044435819894259,-1.3988879686606133,-0.42672874111865583,-0.8619765276108824,-0.009118067488342381,0.9605139346864734,1.2315586999931711
1.5322753350441751,0.5859886053251188,-0.2623556689122144,-1.445641679640212,1.1397584360428017,0.019225851563702684,0.6022447567516794
-1.6820880422527695,0.03858950749594829,-0.48506657037619444,1.4726840805064363,0.7567996015324204,0.6724082667334661,-1.504888437656678
0.8123950160215663,0.053676504541115964,1.0822125904064752,-0.8619765276108824,1.522717270553183,-1.465785285887145,-0.3733084402259218
0.3496349317891102,1.5065057736640481,-1.4461392460707054,0.8890189284771066,0.373840767022039,0.7560349370375758,1.0320695406820353
0.02252678505502432,1.330532043574653,-0.627006406276104,0.30535377644777695,0.373840767022039,0.6457432387788532,-0.5793412639586495
1.510350353758866,-0.5852305270017149,0.4197157775222231,1.4726840805064363,-1.540953405529868,0.701160937217963,0.4634375902221576
-0.35078427709070487,0.9936055298888689,1.700557008115573,1.4726840805064363,0.7567996015324204,-1.378094254924186,-1.420220270419197
-1.1368294256499214,-0.7245169005460281,-1.142006576897503,-0.2783113755815527,0.7567996015324204,-1.2815148534362424,-0.6646585955702977
-0.06770263203590972,-0.6124265694275468,0.7742063187576566,0.30535377644777695,-1.1579945710194866,0.14857534231035355,-1.2222382372730247
-0.10903441664637181,-1.4912410413275943,-1.3061978309813738,0.30535377644777695,-1.540953405529868,0.8798557923781944,-0.8647201570244941
-0.004002657758835329,0.38710986252447904,-1.714503508159342,-0.8619765276108824,-1.540953405529868,1.5539913269383332,0.27722241787420465
-1.7051448833969978,1.735197342276016,0.8356155172846063,0.8890189284771066,0.7567996015324204,-0.8176685614902945,-1.372884277932229
-0.8464986121586655,0.3091130093048331,0.47536763687579703,-1.445641679640212,-0.39207690199872375,-0.7275760504923439,0.3791427890001716
-0.40933441705569856,-1.3179744525926333,-0.1591252134370889,0.8890189284771066,-0.7750357365091052,0.5223466850579486,1.6455554697674306
-0.2829884643007038,-0.10674239645454074,0.5576861859409029,-1.445641679640212,-1.1579945710194866,0.5835471953754638,-1.6573193050192705
-1.579721421908203,0.9040752189382405,-0.04877158746159706,0.30535377644777695,0.373840767022039,-0.8734323415966049,-0.22582717324902216
-1.2831639466735925,-1.191542989813304,0.9079461665402113,1.4726840805064363,0.7567996015324204,-1.6342567317545182,-1.5871442648456555
1.091806980364696,0.4024635761204744,0.45252800569981266,-0.2783113755815527,-0.7750357365091052,0.09808028532498018,0.6487548358340548
-0.6471047987481089,-1.2936984144968788,-1.3164020013540179,1.4726840805064363,-0.39207690199872375,0.4473727880932455,0.5210269798928374
-0.6674811569327852,0.6823957058544454,0.22491007659793577,0.8890189284771066,-0.009118067488342381,0.2758371128494164,0.05064041557056989
-1.1000236730340318,-1.3556298939862896,0.40549614350574825,-0.8619765276108824,-0.7750357365091052,1.6912917753967065,-0.24422506376063113
-1.3425494692908322,-0.42133364794287875,-0.43610875265945775,-0.2783113755815527,0.373840767022039,-1.2346185037510904,0.25326825922552804
1.7005120876281283,-0.13375000485547675,0.3502289144186316,0.8890189284771066,-1.540953405529868,1.2446754145827514,-0.1904329877894562
1.101276839034014,-0.7028854015030912,0.0609366940501924,0.30535377644777695,-1.1579945710194866,0.42201099674507253,0.12845669967813766
-0.9714421786413299,0.22099614318685584,-1.6031512952916405,-0.2783113755815527,0.373840767022039,-0.8157614325302023,0.1471349917726413
0.7704829362106395,1.5750478017473684,-0.43286079277736783,0.30535377644777695,-0.009118067488342381,-0.5365183186085408,-1.425951069301302
-0.11363393089123201,-0.9575638875913597,-1.7155182243606826,0.30535377644777695,0.7567996015324204,-1.58037649304861,-0.8341873450585473
0.30985899227458236,-1.2169800758997948,0.3275414074917802,-0.2783113755815527,-1.540953405529868,-1.2171386804276028,1.1269432744006553
-0.16468658619708645,1.778389737707938,-0.5630361480890477,-0.2783113755815527,-1.540953405529868,0.1634626696332886,-0.2459162895097271
-1.1825481268865086,0.6230039880949407,-1.67595012829455,0.30535377644777695,-1.540953405529868,0.7248664134032913,1.7552281283064115
-1.5219277288094983,-0.5127354291791402,0.30092409422311317,-1.445641679640212,0.373840767022039,0.9960472332291678,-0.32887611611902107
-0.13691596253337068,-0.2278643239079479,-0.0018814471854360108,-0.8619765276108824,0.373840767022039,-0.7430646407561614,0.708294365453908
0.644469531418762,1.4721877843768916,0.4288630949439212,-0.8619765276108824,1.522717270553183,0.912600609031334,0.45735775991979416
0.4715155014090415,-0.6753905569899314,-1.26001534741899,-0.8619765276108824,0.7567996015324204,-1.0835444242969259,-1.1585174365962483
-0.7476333583091113,0.7340260069046719,0.6720854326287627,0.30535377644777695,-1.540953405529868,-0.9927712994478094,-0.08448311362114035
-1.1580328547344896,1.1378047745432929,0.03703155276413507,-1.445641679640212,0.373840767022039,1.4416446028704475,-1.219207694514736
1.5552684296263841,0.44397123592965143,-0.19253498238012257,-1.445641679640212,1.1397584360428017,0.4896890321557267,-1.2985548090191839
-0.5720568057038584,0.8700915013076465,0.25840272306697243,-0.8619765276108824,1.1397584360428017,1.539989439284479,0.9186494680744921
0.4256152141003014,1.3523748822057595,0.6604870040865352,-0.2783113755815527,-0.39207690199872375,-0.10098015463203984,1.437473799413711
-0.3903701071801363,0.1562545179354389,-0.30883554794230056,0.30535377644777695,-0.7750357365091052,1.2459015317034305,1.0877263240746655
-1.3382246956035444,1.7937609096004188,-1.0156742704499901,1.4726840805064363,0.7567996015324204,-0.7236159981204302,-1.6244660597496416
0.21614539675167432,-1.275969060662124,-1.5648418230688337,1.4726840805064363,1.1397584360428017,0.5547443069982648,-1.5248661932954406
-0.23870982719494777,-0.17349871094951008,-0.11029687035611736,0.8890189284771066,-1.540953405529868,0.6017397654718557,-1.0584451383695084
0.8466478839060357,-1.2988361401110855,0.9436345316694361,-0.2783113755815527,1.1397584360428017,0.642218775232109,1.1658584568678043
-0.9529683997643124,-0.42341424183791576,1.5670476060136715,-0.8619765276108824,-1.1579945710194866,-1.160760327221774,0.9194276824184388
0.6757479156591742,-0.20654556882336786,1.429720721213021,-0.8619765276108824,0.7567996015324204,-0.29825309486641394,-1.5093426679964055
-0.7443180244583879,-0.7963916544235208,-1.2622134438700876,-0.2783113755815527,1.1397584360428017,1.4576928604032764,1.4175322831859891
0.41947870604502574,-0.07516139316406284,0.928771442256894,-0.8619765276108824,-0.39207690199872375,-0.6058034500943508,-1.194648234195881
0.4745999249766388,-1.1216012277954976,0.29072205844025734,-1.445641679640212,1.1397584360428017,1.395641121764726,0.7630472897437803
0.14045452521694662,-0.5864503454445131,0.32434327111337813,-0.8619765276108824,0.373840767022039,-0.5673263451077465,-1.4847653879574128
1.503478144676032,-1.5250373859016673,-0.7458089604923666,0.30535377644777695,-1.1579945710194866,-0.049868860595318344,-0.8491428315713971
0.18478644994825183,0.10331838396246264,0.006188466148431897,0.8890189284771066,1.1397584360428017,1.3523861559266002,-1.3967958392606488
-1.249517973696948,-1.4343226518309424,-0.2831970777144878,0.30535377644777695,-1.540953405529868,-0.7916872504891244,-1.4529625713193868
-1.4692156974331319,1.6352673106445088,-1.5484359658175264,1.4726840805064363,0.373840767022039,-1.055032850690739,0.8010812895390985
-1.1178407743429648,-0.052288636112715024,0.16153550808543804,-0.8619765276108824,0.373840767022039,1.1918136090174944,1.596595150049539
1.1052687227673164,-1.319730405366271,-1.228931801907802,-1.445641679640212,1.522717270553183,0.5356032574535938,0.3401975840896465
-1.0221649909438155,1.0434500216538127,0.729922955630563,1.4726840805064363,-0.009118067488342381,-1.6148412201302929,0.08146076337866447
0.8013617389946333,-0.21305526751633402,1.7174388076233476,-0.8619765276108824,1.522717270553183,-0.5845511072333955,-0.828134023158377
-1.2828289073552281,-1.4239715417212933,0.7950831249776534,0.8890189284771066,-1.1579945710194866,-0.05451750684544832,1.268646774728261
-0.013059336764078128,1.337328723434654,1.1824785278096275,0.8890189284771066,0.373840767022039,-1.2477489884038055,-0.8420665922837104
0.3038588656273489,-1.0145189329069562,0.4716326998006873,-0.8619765276108824,1.522717270553183,-1.0886755270812296,-1.5884148682497352
0.4360448863459129,0.8826138646126553,-0.7320902699165263,-1.445641679640212,-0.7750357365091052,0.7173682092493203,1.3768810026354528
1.1336801809703776,0.4714870556630691,-0.07589126847980963,1.4726840805064363,-0.009118067488342381,-0.8644308058597185,1.049289216763055
0.2341438878091432,-0.8880553813391538,-0.8103794204292656,-0.8619765276108824,0.7567996015324204,1.260146641843009,-1.7317588178390362
-1.2747273468604698,0.8675747259607276,0.1048071759657441,-0.8619765276108824,-1.1579945710194866,-0.45605992442944954,0.4540772349728204
0.7176081512244734,0.3849051146665045,0.9426430863337429,-0.2783113755815527,-0.7750357365091052,0.46587129472412353,0.07898297689728954
0.24185908906439033,0.22828743954765798,-0.5066785037455884,-1.445641679640212,-0.39207690199872375,0.5880860678194024,-0.25313112514663233
-1.6610420298914519,-0.8760629686923681,-0.9731809325632831,-0.8619765276108824,1.522717270553183,1.252945046692242,0.021342309960163165
-0.7203939472348995,-1.0518627217655687,1.100139853838375,0.30535377644777695,-1.1579945710194866,0.5904280071933183,-0.9545637981832061
0.31962996473879857,-0.87681971512481,-0.43516736472642764,0.8890189284771066,-0.009118067488342381,0.8685635092652455,1.4091549376159265
0.5486192796468211,0.12977557145456806,-1.064757356363215,-1.445641679640212,-0.7750357365091052,0.7226085183558241,-1.2925916619242046
0.9174007818305363,-0.9212629940007334,-0.7866466014264213,1.4726840805064363,0.373840767022039,0.7517606248522755,-1.632824049025946
0.4996290836584699,-1.0097321392467093,-0.6888363878677687,1.4726840805064363,-0.009118067488342381,-0.3887852577728383,0.8626345777964735
0.8688681176906099,1.4079538467300645,0.6507038630470287,1.4726840805064363,-0.7750357365091052,-1.1837145410017957,-1.5444731653609984
0.5602743852504646,-1.5108329655973662,0.7076541658996025,0.30535377644777695,-0.7750357365091052,-1.5823809810688088,1.1714491289640154
0.64710683033374,1.3685637994104045,0.691196924404095,-0.8619765276108824,0.373840767022039,0.0009555721586985716,-1.6073494003750295
-1.4214586221641627,0.9954569514600898,1.4787712045196086,1.4726840805064363,1.522717270553183,1.2873408846242216,-0.5093474573011424
0.4329131915490311,-1.105303465121741,1.0637424653941885,1.4726840805064363,0.7567996015324204,-1.1991539864647052,0.16538915196681725
1.6373624848861192,-0.09271756194897442,1.6577927728579442,0.8890189284771066,-1.1579945710194866,-0.0022201438102116716,-0.5661784816205292
-1.085971863398173,0.2830916848866208,-0.3569576602219669,-0.8619765276108824,1.1397584360428017,-0.7764415278152743,-0.8103115491979724
1.4164023882249908,-0.8709544504934066,0.9248187043473476,-0.8619765276108824,1.1397584360428017,0.818561929328575,1.1298823900893369
1.121395637475505,1.3060824344713544,-0.10811059200834164,0.30535377644777695,1.1397584360428017,-0.4756644593204462,1.760371313756102
-0.5227699694670906,-0.11681723055353792,1.5716129668299026,-0.8619765276108824,-0.009118067488342381,0.8780510594480501,-1.5927519390409537
0.9978598075996749,0.18499133805438148,-0.25915689610655973,0.8890189284771066,0.373840767022039,-1.3526493465637082,-1.7306270051783
0.8721873323470659,-1.104663368544962,0.960106181145823,1.4726840805064363,0.7567996015324204,-1.4405809189951164,-0.06998911778978692
0.7870173354497263,-1.144647506548744,0.10781285200110645,0.30535377644777695,1.1397584360428017,0.5453238835800033,-1.0871029728038457
-0.859171029244219,1.1701565211079952,1.4279766974237855,0.8890189284771066,-1.1579945710194866,-1.5406588757614181,-1.341004271261447
1.2117501651411013,-1.0410558745532204,1.6629259122932978,-0.8619765276108824,1.1397584360428017,1.063691263323102,0.01545920598005023
-0.5019495639100593,1.426541905253585,-0.9993985740140875,0.30535377644777695,-0.009118067488342381,-1.0911966327492961,0.0029382456410188135
-0.6372076644499861,-1.1149327689121702,-0.8039561747738176,0.30535377644777695,-0.39207690199872375,0.39482845299987923,-0.2888038781500316
1.0425154224601687,1.1163472982605116,-1.566371770842978,-0.2783113755815527,-0.7750357365091052,-0.06192983625797962,-0.5544260294008626
0.807606589964611,0.8373897101225016,0.9052132625216058,0.8890189284771066,-1.540953405529868,0.9351733177433833,1.3951249362124445
0.2727738951674986,0.3781658224726769,0.3831453192702638,-0.2783113755815527,1.1397584360428017,-0.7668934373731264,-1.4303935499281282
-0.5347113863142805,1.3882165092557621,-1.1635196379385369,-1.445641679640212,-0.39207690199872375,-1.3883264220400229,1.176719019966915
1.0160717704010664,1.265610519238229,-1.4545810248812716,-0.2783113755815527,0.7567996015324204,-0.8252275958841442,0.7489195124468392
0.394837898720428,-0.2245542928928319,-1.3926050451822944,-0.2783113755815527,-0.009118067488342381,-0.08851815077366923,-0.349931917555232
-0.942303932362222,-1.1434448374104849,-1.1260644276234189,-0.2783113755815527,-1.540953405529868,0.2712909333171561,1.0890298732422292
0.025977695244775344,-1.1706684313319402,-1.2746635118073821,0.8890189284771066,-1.1579945710194866,0.9805082271505118,1.2803531561386552
1.162101617752441,-1.0438171932426732,-0.739092362152977,-0.2783113755815527,0.7567996015324204,-0.1952038343844706,-1.400526602834212
1.6542728578351338,-1.0389224167720685,-1.2219387898399299,0.8890189284771066,1.1397584360428017,0.5942670235231929,-1.0098002595626296
1.634797657004014,-0.8661746692195498,-1.1858385486042688,0.30535377644777695,1.1397584360428017,0.33475467907939827,-1.0771208312516418
0.5123706625919119,-1.2475298980929082,-1.2951341935872926,1.4726840805064363,1.1397584360428017,-1.0113601222915687,0.2516461418256375
-1.527468473363748,0.7028851885306429,-0.9920260735770909,0.8890189284771066,-0.39207690199872375,-0.6003090247162565,-1.7039758582765536
-0.05924251644917479,0.08100684569186926,-0.6938198140542058,-0.8619765276108824,-0.39207690199872375,1.282844178200771,-1.260748368069819
-0.6182782023620731,-0.901036771113209,0.5707765390285392,-1.445641679640212,-0.39207690199872375,0.8743650841937864,-0.0415374956521266
0.04363550211383554,0.5892199126116734,1.0929602512944256,1.4726840805064363,-0.009118067488342381,0.035406311298726637,0.09944667132559547
1.0312590274057916,1.0717404887033017,-0.27752478846639483,0.8890189284771066,-1.1579945710194866,-1.4407555124367613,-0.40582495484738335
1.410858067732624,0.26816865365615905,-0.3901090656244818,0.30535377644777695,0.373840767022039,-1.6426019856873764,0.6436523458801122
-1.6324277681722372,1.4952355936882107,-0.5447861274267141,-1.445641679640212,-1.1579945710194866,-1.409037268931429,1.6478414752565602
1.6872403055891831,0.7989524911809129,-1.5369253101165536,-0.2783113755815527,0.7567996015324204,-0.12810496664322973,0.2441734018604464
-0.6531064046674527,1.0832304964022836,1.3421793575086465,0.8890189284771066,-0.009118067488342381,1.4610427819098841,1.5740600496094275
1.5138188120802962,0.5985553622822559,-0.9098946436611616,0.8890189284771066,1.522717270553183,-0.5164393235426645,-1.3847990565277022
0.4695117867395476,-0.7769851470795306,-1.4227086167074323,0.30535377644777695,-1.1579945710194866,0.8721309224744471,-0.49901561228099084
-0.37100684491675967,0.9152646927522817,-1.6025502100187847,0.8890189284771066,1.522717270553183,-0.17792692171363986,-0.2183531354653909
0.837009651972376,1.2117107889722398,0.5229283617728291,-0.2783113755815527,-0.009118067488342381,1.2394798853855062,0.384365824080025
1.6487129459130914,-1.264664661339679,0.2270883664922809,-1.445641679640212,-1.540953405529868,0.7793369150618789,1.1200268963230207
-0.7249359012642901,-0.023751072075235365,1.5819529256957368,0.30535377644777695,0.7567996015324204,-1.3199135571946943,0.07447607898390587
-1.0059472025064868,-0.02184393653915461,0.9088739106267415,-1.445641679640212,1.522717270553183,0.8008589473395881,-0.7012520888001326
-0.5426712608527361,0.3144805409421319,1.6186272981937408,-1.445641679640212,-0.7750357365091052,0.2410572154954297,1.5880412497983971
0.6451910683544495,1.500390789224084,1.3811156359341241,1.4726840805064363,1.522717270553183,1.377117828854113,0.127877304494692
1.0795055613449716,0.7680408532442542,-0.09464453247572212,0.8890189284771066,1.522717270553183,-0.5551302013618638,0.9573399247745488
0.002884638880838501,0.5187529619007759,1.19111585860684,0.30535377644777695,1.1397584360428017,1.4985117993433736,-1.0652948312773631
-1.138979894859895,-1.2340977533209039,0.8567296764033652,0.8890189284771066,1.1397584360428017,-0.2047709763787154,-0.4483180689366328
-0.6106057205681537,-1.3129769018608128,-0.1288579693740391,0.30535377644777695,-0.39207690199872375,-0.6118024091368152,1.6858757326260823
-0.32027180385176407,1.1510190476390667,-0.7781273526666231,-1.445641679640212,1.1397584360428017,-0.5371700974229399,-1.4812219250072356
-0.5301163745803749,-1.4526928106395838,-1.0189123766623718,-1.445641679640212,0.7567996015324204,0.37594158030011127,-0.4916671587546789
-1.5299808316153334,-0.4715025564235613,-0.9178971941046009,-1.445641679640212,0.7567996015324204,1.0043670387068377,-1.2513958692856264
-0.5407832177345286,1.0962539009958323,-0.9846559686409506,-1.445641679640212,1.1397584360428017,-0.7869908412913081,-1.0455318914214724
1.4553377026682375,-1.269204001371475,1.0080308560170579,0.30535377644777695,-0.009118067488342381,-1.4137222081939056,-1.3781469108942406
-1.6744155681525255,0.7398068037743409,-1.4252487304449422,1.4726840805064363,-1.1579945710194866,1.0409182849680776,-0.710687684070446
0.8230283591412949,-0.8189869312014024,1.4291550580575698,1.4726840805064363,-0.7750357365091052,-1.4318807790699921,1.1088890801585944
0.287906834220051,1.7172810011493684,1.6313895931573204,0.30535377644777695,-1.540953405529868,0.7040289148737189,0.49890542509518987
-0.9327937562721431,0.6062325154766443,1.6041736052873992,-1.445641679640212,1.1397584360428017,-1.602946109696788,-1.4254246832053588
-0.3536371557161427,1.1077275687120416,-1.5551772367009715,-0.2783113755815527,-0.39207690199872375,1.4205012454807022,1.5731588888405499
0.698067794667409,0.927705344832387,-0.0826889837851095,1.4726840805064363,-0.7750357365091052,-1.5360845477348026,-1.6676940015864556
0.8228058916298219,1.0991841337037507,1.1590664516603155,-1.445641679640212,-1.540953405529868,1.4968884681456103,1.3690202663153535
1.4796071141215266,-0.7155275267561996,0.5646993671988763,1.4726840805064363,0.7567996015324204,-0.4544062658280584,-1.7369788365747927
-1.6138316726598403,-0.34382268127406745,1.606414486123375,1.4726840805064363,-0.39207690199872375,-0.6682898884784602,-1.73560117628885
0.3102053417512137,1.2710310312940165,-1.3636253763787964,1.4726840805064363,1.1397584360428017,0.4065737952373171,-0.6976861002078233
0.729754713429778,1.6654342234810386,0.9971845382722483,0.30535377644777695,-0.7750357365091052,-1.073195581768753,0.024230672887303913
-0.7331320732516703,0.9488248948354111,-0.4548778152098325,1.4726840805064363,0.373840767022039,0.8628720961144304,-1.2013629525896852
0.06889517935738865,1.3897183548533605,0.03968027404290983,-0.8619765276108824,1.1397584360428017,0.24492639023848445,-0.23022198084544057
-0.5334958116469688,0.15114651271324014,1.180671448237527,-0.2783113755815527,-1.1579945710194866,0.4760089224521696,-0.3198979689462238
1.0281862104784345,0.04756818967892692,0.8945533800436761,0.8890189284771066,-1.540953405529868,1.4939352681211182,-0.8050187714514823
-0.3221314361491802,0.3604376435911069,0.23815208128586357,-0.2783113755815527,-0.009118067488342381,-0.9229255307490761,-0.30564699215006835
-0.22484753373744332,-1.6276941247355357,-0.07884047519836117,-0.2783113755815527,-0.39207690199872375,-0.579152357883318,-0.3391326407141655
-0.4573560803985989,1.5309849824063977,-0.2970934482614406,-0.2783113755815527,0.373840767022039,-1.6358397836690142,0.7877629952984816
0.07807908308197573,-1.3809932677188652,-0.05899240785469334,1.4726840805064363,-1.1579945710194866,0.2112714138968769,0.8736475047926966
-0.19637565185659317,-0.46527808469590565,-1.2369146158341788,0.30535377644777695,1.1397584360428017,-0.5899138745386734,0.19534688654117682
0.5872681853549765,1.1802199851577175,1.216240627430814,-0.8619765276108824,-0.7750357365091052,0.22925325881266642,-0.43354317628428773
-0.18525085809501982,-0.3045021642502636,-1.4908334892903115,-0.8619765276108824,-1.540953405529868,-1.0334197889379761,-0.9571589625580783
-0.8673986457860478,-0.28141973109359736,-0.9243900549628496,0.30535377644777695,-1.540953405529868,1.2753709708618834,-1.645615966995316
0.5204030154004992,1.6435472066271066,-1.055211730262776,0.8890189284771066,-0.39207690199872375,-0.1839701992281451,0.2584506168373977
0.12935050096517015,1.453670681129649,0.5538872257779717,-0.2783113755815527,-0.009118067488342381,1.4491928599328943,1.3058651011454365
1.688565674581921,-0.2532143349445248,-0.09514189252367103,-0.8619765276108824,-0.7750357365091052,1.0211169448144513,-1.2136602065430988
-1.5154368052675682,-0.2599438367489338,1.677410414509453,0.8890189284771066,0.7567996015324204,1.3583711360743838,-1.6168035008663308
-0.3391651127887549,0.8567677835114442,1.1237723406614306,1.4726840805064363,-0.39207690199872375,-0.031066627943477775,1.4574291723708976
-1.0342841204798674,0.34750159858802543,0.5372601379142081,-0.2783113755815527,-0.39207690199872375,-0.8656801276400745,1.2908720063143682
0.12024402328905213,1.0580446591067156,0.9235691142075831,-1.445641679640212,-0.009118067488342381,-1.5985185804444024,-1.2972404723600628
-0.6789688654115417,-0.3618396343411776,0.17579163792520563,-0.2783113755815527,-0.7750357365091052,-1.2107223031710241,1.0399321277485487
-0.11756753531849481,1.747858655889498,1.1570198517579935,-1.445641679640212,-0.39207690199872375,-1.169986148576484,-0.19339181149296536
-1.0096723509736658,1.6726329974108511,0.05146584251021175,0.30535377644777695,-1.1579945710194866,0.6547236365066907,-0.8582188987407994
-0.08262897515708363,-1.514513168802222,0.13899731210918817,-0.8619765276108824,-0.009118067488342381,1.5999486998652843,0.9670662081531026
1.124578501026813,0.07184338875947387,1.2664660582617318,-0.8619765276108824,-0.7750357365091052,0.7854416157921841,-0.7487381360154157
-1.0416859888630194,-1.5992138114485095,0.7205401082218147,-0.8619765276108824,-0.009118067488342381,-0.742969794873396,-0.29354139237610183
-0.23563197260229116,0.4528056733455718,-0.40560159398697376,-1.445641679640212,-0.7750357365091052,0.7075091377840045,0.8426249534494425
0.33746640560668517,0.4958415626219287,-0.4883332666113052,-0.8619765276108824,1.522717270553183,1.104739799509469,-0.8121057571256465
-0.5653448472570378,-1.3532440721563792,1.1838247332499663,0.8890189284771066,0.373840767022039,-0.08127789148990586,0.2706298416797243
-1.6400319829982772,0.7868057416101334,1.0827867422505915,1.4726840805064363,1.522717270553183,0.24273681590974525,-1.0812681124856998
-0.24240743980916604,-1.2022227893761017,0.026791568516667343,-0.8619765276108824,0.7567996015324204,0.7216022229501132,1.4368232696341956
0.2070337983986969,-0.82160851446439,-0.6510558867078431,-0.2783113755815527,-0.39207690199872375,1.0152574447353573,0.46684610234104684
0.16858197012292694,-0.5309088837958635,1.5204866401814874,-1.445641679640212,-1.1579945710194866,-1.023348897603677,-1.6701879910968516
-0.3804759826110707,-1.0123039662354254,-1.2805247466524068,-0.2783113755815527,-1.1579945710194866,-1.1759822255151524,-0.18635700301601796
1.642175954076192,0.10831768286985072,-0.7606532715953922,-0.2783113755815527,1.1397584360428017,-1.3612038850230648,0.7232279053470674
0.09153249386823409,0.24177910100792116,0.9486083630515489,-0.8619765276108824,1.1397584360428017,-0.7445841472730436,0.664220607577431
1.0048468490321192,-1.125502547027221,-0.34423870473155893,-0.8619765276108824,0.7567996015324204,-1.5670539240167694,1.5350910097367882
0.45557545705294683,-1.0959115644343538,1.7468217884390127,1.4726840805064363,0.373840767022039,0.9326264977387273,1.1692453300012986
-0.5957900006158325,0.1156321990003234,-0.7637264563563684,-0.2783113755815527,0.7567996015324204,0.4074161541031963,-0.43753115098811435
-1.403422458582953,1.0995223285740718,-0.5099591646369301,-0.8619765276108824,-1.1579945710194866,-0.022336781461086818,0.24677890251078433
-0.32148387495404934,-0.4426988534348208,1.0843283518208093,-0.2783113755815527,1.1397584360428017,0.4140761111452728,0.8688696673966193
-0.04220809864819185,-0.44162270591068453,0.380004755581814,-1.445641679640212,-0.009118067488342381,-1.3087051846056008,0.2111052482631842
0.473851751420999,0.9880930091445251,-0.7515165206411148,-0.2783113755815527,-0.39207690199872375,-0.5824703097741514,0.2589979033708229
1.4810890745779792,1.556124470131822,0.3756738584863918,0.30535377644777695,0.373840767022039,1.4760169708426585,1.7304070719185345
0.3300910611977694,-0.27183985970877145,-0.036303813436885754,-0.8619765276108824,-1.540953405529868,-0.5251924635921964,-1.106799256973357
0.04912954674581747,-1.4050881182353423,-1.109026329627802,0.30535377644777695,1.522717270553183,-0.7781434245936788,1.119269198290379
0.17875650289342399,-0.8644782543139744,0.5776010502557266,-1.445641679640212,-1.540953405529868,-0.7841088531187291,-0.11694532244623186
0.8192516048360906,1.1127122684181925,0.3567343756116365,1.4726840805064363,-1.1579945710194866,-0.5188618553388427,-1.3798423858156585
0.9323742818124718,0.1684067459650118,-0.07117675705304055,-0.8619765276108824,0.7567996015324204,-0.5508837711405258,-0.518351737920464
0.007986604941263,-0.24582289095710058,1.3208438971642047,-0.8619765276108824,-1.1579945710194866,0.6356374798457243,-0.3683356201284259
-0.6915831961108239,-0.542228067639681,1.1392088055757918,1.4726840805064363,1.522717270553183,0.48084547954475015,-1.162006179972311
0.7052299643532626,0.8664507162682006,-0.17670853687347063,-1.445641679640212,-1.540953405529868,0.4752189674214118,1.3360513530247875
1.1161585009735917,1.2139409496992002,-1.3350964204450835,-1.445641679640212,1.522717270553183,1.4379911540832544,1.608163671046631
-1.5912158921027544,-1.167630437904204,1.659457723044723,-0.8619765276108824,-0.7750357365091052,0.007959778244798939,-0.0805167781270386
-0.3413332406528987,-0.022537035660513998,-0.109355443569634,-1.445641679640212,-0.7750357365091052,0.2858301546178435,0.7059606276736624
1.702553001239176,-0.22215880046027792,0.923700969880649,0.8890189284771066,-1.1579945710194866,0.9028238306566865,0.209834872505731
0.6156951995909102,-0.9997643010922307,0.6132153664695967,0.30535377644777695,-0.7750357365091052,1.6846966134037322,0.14531599826156888
0.34586267217694866,-1.5308782866932888,1.7000308131158706,-0.8619765276108824,-1.540953405529868,0.040036042954910006,1.3294718246652673
1.1114768153650936,1.3292994496288637,-1.372952025942043,-0.8619765276108824,-0.39207690199872375,1.720744538599772,0.049305906807445996
1.6709621083682864,0.42905091527133693,-0.1363321335856858,0.30535377644777695,-1.540953405529868,-1.4198125563357251,0.8278768069263297
-0.7723615823633861,1.6128961310285825,-1.0987836071747927,1.4726840805064363,1.1397584360428017,0.8487234638016398,0.38997681109890575
-0.8306939655647319,0.0876629187414156,-1.0151156687533216,-1.445641679640212,-0.7750357365091052,0.30743142248673744,-0.74445535853167
1.382860974868555,0.43626868411240005,1.6944284953290587,0.8890189284771066,1.522717270553183,0.18840950770803902,1.4873687110217237
0.38474428430667895,-0.0008181547983635094,1.26862000577412,-0.8619765276108824,1.1397584360428017,0.7513477913015133,-1.684039903518921
1.6693191482575402,0.0267616554749036,1.1025203918266049,1.4726840805064363,1.522717270553183,-0.11470790771917486,-0.6910078378933175
-1.3724249894989173,0.009241117421825883,0.26844467843968456,1.4726840805064363,0.7567996015324204,1.2775229662522571,-1.085552111332435
1.627531645296014,0.4385494702652153,-1.2656074714829257,0.8890189284771066,1.1397584360428017,-0.8919135013481541,0.46107028532797567
0.7277257296053998,0.8720516479870869,-1.587830154255988,1.4726840805064363,-0.7750357365091052,-0.056804692168233084,-1.3529484055063867
0.09906306030675352,-0.5056378597970137,0.8709224401197653,-0.8619765276108824,-0.009118067488342381,-1.122148029190964,-1.2099187910390359
-0.1600543660313416,0.34637493120589163,0.2107378562767079,-0.2783113755815527,-0.009118067488342381,-1.4159464081706703,0.9220701127698355
-0.7358161937766557,-1.0853420227766462,-0.2765938923455776,0.8890189284771066,-0.009118067488342381,0.786782022672012,-1.2258016888017205
-0.35324187178547023,-1.3261224806635303,-0.791901849188608,-0.2783113755815527,1.1397584360428017,-1.5374050408145783,-0.45726131769092654
-1.0105701246472765,1.0520512719604376,1.1143359782697404,-0.2783113755815527,0.7567996015324204,-0.6153978919425296,0.6919668957237395
1.714247659499026,1.2868946780120767,0.47875822933606155,-0.2783113755815527,0.7567996015324204,1.177986728970386,1.6697298959011815
-1.567215657628784,0.31599486573579666,-0.06672212111552889,-0.8619765276108824,1.522717270553183,0.21401841403028593,0.49405870715415756
-1.6679563072657952,0.21652980482557652,-0.18306229330375096,-1.445641679640212,-1.540953405529868,1.3600117855610074,-1.1478543190614974
0.4247565568283027,0.21977536167562703,0.2413859372190178,-0.2783113755815527,-1.1579945710194866,-1.6196061897518617,-1.5464724800473355
-0.7103485715340498,-0.07995992482969122,-0.8708065376709041,-1.445641679640212,1.1397584360428017,-0.6139621428213589,0.12203706278279763
0.00470699217185082,0.27507802143331384,-0.12354367252709565,0.8890189284771066,1.1397584360428017,-0.11737206635391019,1.6386645802763184
-1.0283060799228736,0.7426100293521994,0.2898877988891574,-0.8619765276108824,-1.1579945710194866,1.782960260242488,-0.9414863427793262
-0.8993196228930337,-0.6044026332768287,1.1790229723279404,1.4726840805064363,1.1397584360428017,0.2741176999792172,-0.39643962442445513
1.2304535868218969,-0.418511567077438,-1.7126415854827515,-0.8619765276108824,1.1397584360428017,-1.2767242328442292,0.40153614374747976
0.11249711653022015,0.7647511597465222,-0.841812632606659,-0.2783113755815527,1.1397584360428017,0.319990232289133,0.4471184070305476
1.6362238157136282,-0.20017738010247593,-1.4581301270382583,-0.8619765276108824,0.373840767022039,-1.3496222878765054,-1.2847306556922014
1.1006768743220088,-1.0284908944488913,1.4058545828102291,-0.8619765276108824,-1.1579945710194866,-1.0109618764769839,-1.4824715117581928
1.2291655072856387,-0.7569703094438527,1.5772731627391858,-1.445641679640212,-0.009118067488342381,1.424009575219335,-0.13189315447737215
1.6199357847293059,-1.4963547145887115,-1.060964210905807,0.8890189284771066,1.522717270553183,1.2911415276877738,0.6069454113252388
-1.3502554780648335,1.0312342142650393,-1.1526570468687538,1.4726840805064363,-0.009118067488342381,-0.3176087928038266,1.0060316280759107
-0.17058507972436251,1.6392434729477812,0.7375615007800382,-0.8619765276108824,-0.7750357365091052,-0.3085412954701752,-0.03654690798673492
-1.2152836484599285,-0.8130139243621174,1.023863822494132,0.8890189284771066,-1.540953405529868,-1.0877305423700971,-1.5204164013457444
-0.4251539204429712,0.5830182030714276,-0.2301722223242202,-1.445641679640212,-1.1579945710194866,0.4108880365670553,1.0880499904511933
-0.5951830858235209,-1.6483778293545766,1.0508763514920445,1.4726840805064363,-0.39207690199872375,-1.5943178989032438,-0.14805761436171577
0.5227866139293817,-1.551388904140389,1.3106554591060176,-0.8619765276108824,-0.009118067488342381,-0.372513337089432,-1.6129178784605611
1.0331759443802655,-1.512049793587251,-1.007136590032471,0.30535377644777695,0.373840767022039,-1.2371456636574194,-1.7235558581845387
1.3103892151223566,1.3235087736874638,0.9422035122481175,0.30535377644777695,-1.1579945710194866,0.6613025697302474,0.38844803950967793
-0.8184946493150459,1.3171434254858214,-1.6107040860860449,0.30535377644777695,1.522717270553183,-0.15960991796377402,-0.10768478640543402
0.09344099036391011,1.3494880398512628,1.331736443472213,0.8890189284771066,1.1397584360428017,0.692882853821418,-0.42792674025137345
-0.2643396644410932,0.9836350776117175,1.1936762760615378,0.8890189284771066,0.7567996015324204,1.6504827271060525,0.756993997681832
0.6300080490875627,1.4578644866880013,1.581351295899243,0.8890189284771066,1.522717270553183,-0.8575174061837963,-0.2692828372545792
-0.8257060555498228,-0.14923929208256292,1.251483159612845,0.30535377644777695,1.522717270553183,-1.0792015805944497,-0.8834706844025664
0.6361410514120241,-1.3857749290335966,-1.6064254679729186,-0.8619765276108824,0.373840767022039,1.4247424149939703,1.0682491890172985
-0.18231068985681678,1.412762374984016,-0.8081710468688551,1.4726840805064363,0.7567996015324204,0.25787058537677787,0.21539119824718791
-0.6608744332144406,-1.3054918559512674,1.3324298913054604,-1.445641679640212,0.373840767022039,-0.08576347430503828,-0.3161360803256154
-1.3816348679973436,1.2059825168231126,-0.3486897534930487,1.4726840805064363,1.522717270553183,0.44568559731447993,-1.5728548290664852
-0.9019909898495424,1.4393318939233788,0.04905229098744815,-0.8619765276108824,-0.009118067488342381,-1.5527150243135646,1.1177304893277187
0.32173635260495814,1.7440180175121804,-1.2866679651322193,-1.445641679640212,-0.009118067488342381,1.4435116227218552,-1.3743937020642052
-0.39611379352270737,0.4142229025022034,1.3916358233511958,0.8890189284771066,0.7567996015324204,1.6127165162620727,-1.4237095995243114
0.07930216761943597,0.5128579277108007,-0.5072522334737944,-0.2783113755815527,-0.7750357365091052,-0.8850803760283487,-1.1496413988939798
1.3334083224383888,-0.9402938058689722,-1.6996054807600116,-1.445641679640212,0.7567996015324204,1.6256727132202988,-1.3639646328194388
-1.2340923969668673,0.433116276164011,0.18026417372463552,0.30535377644777695,-0.7750357365091052,0.7662456386581431,0.48428949946339345
0.6761254274468662,-0.3227402058241495,1.195413744899783,1.4726840805064363,1.1397584360428017,-0.0993947204131469,-0.36232586084246954
0.43673053702020165,-0.5558607201380968,1.512632885579644,0.8890189284771066,1.522717270553183,1.1502212831927061,0.5317788125319549
1.3231186914529476,0.03914361130556942,-1.4466350270711947,0.30535377644777695,-0.7750357365091052,1.5771063850878833,0.6177693893922626
1.2061409436777526,-0.38606622872062996,0.34562926466983235,-0.8619765276108824,0.373840767022039,1.7014218425806567,1.4773997031726749
1.3642650139829426,-1.032697149334992,-0.11732122752992871,0.8890189284771066,-0.009118067488342381,0.48790332175504986,0.5258788159182084
0.5699724219013302,-1.5617430435291528,0.7161519873051084,-1.445641679640212,-0.7750357365091052,-1.0871057902703796,-0.6020433367716249
-1.5842090450560777,-0.28335111757294945,-0.16438910288937783,-0.2783113755815527,-1.1579945710194866,0.3743519586359042,0.8780471504000653
0.6987531755306616,1.614906619335145,0.03054808552829278,-0.2783113755815527,0.7567996015324204,-0.3589972335186571,0.5748231277372342
1.0369261264420013,-1.2010582171202078,0.5713527347094935,1.4726840805064363,-0.39207690199872375,0.2544106168321926,0.43854308622799554
0.8059327653521368,1.4169293976953587,-1.0447596087421476,1.4726840805064363,1.522717270553183,0.6037365497529542,-0.7683972016746162
-1.6392885221951141,0.6580895903136299,0.6555749331705717,1.4726840805064363,-0.009118067488342381,-0.9359461013534244,-0.6540648463419981
0.9584950225634226,0.6542876732022213,-0.6676957355358852,-0.8619765276108824,-0.39207690199872375,1.3352033312458462,0.3040139539549186
-1.0375304788344795,0.2960194306680084,1.2785344989390095,0.8890189284771066,-0.009118067488342381,0.09604715818836525,-1.691764754513325
0.38926666326259857,1.0744696477246998,-1.6619849707704797,-0.8619765276108824,1.522717270553183,-1.3171202106526652,-1.5961726627810182
-1.1871170120696493,1.5152960057477618,1.4455260897419415,-0.8619765276108824,-1.1579945710194866,0.003144981452455214,-0.7347714831821567
-1.386172144751292,-0.9981765010702167,-0.19695657217425247,1.4726840805064363,1.1397584360428017,0.47842468340521915,0.8579878645163594
-1.2132685094947318,-1.4447876695052673,-0.759189168154309,0.8890189284771066,-0.39207690199872375,-0.0657016539371709,1.210810262360563
-0.6322626586337232,-0.26805090084479555,-0.2258233090053164,0.8890189284771066,-1.1579945710194866,-0.7371715366314856,0.9200485383716493
0.3384576225481534,1.178556165644755,1.2335807896467814,-1.445641679640212,-0.7750357365091052,-0.6232075120825423,0.5712574868313486
1.0931458569335208,-0.11081510518490818,-1.3368631700004165,-0.8619765276108824,-1.1579945710194866,-0.37299683020891605,0.819564804424424
0.7066198890716107,0.795087129250115,-0.9063795414577014,0.8890189284771066,1.1397584360428017,-0.82888028697461,-0.5111164856289633
0.14402925482133525,0.9590612725326504,-0.9412380711025112,-0.8619765276108824,1.1397584360428017,-1.220776617618045,-0.11513598768185669
-0.5250520265472378,-1.5758366939397817,-0.0670960160118903,-0.8619765276108824,0.373840767022039,1.7443180261834235,1.6119130007266065
-1.4130506492395787,1.7325903624732504,-1.267683963896289,0.8890189284771066,0.373840767022039,0.5008964657268814,1.599818937577843
-1.0682966416160653,-0.2287540638761991,-0.5512939321579624,-1.445641679640212,-0.7750357365091052,0.5239108492855232,-1.3429934215874189
1.5288129041466318,-0.49579039449552154,-0.6634615596006832,0.30535377644777695,-0.009118067488342381,0.5663120950775411,-0.8164146183803161
-0.2234158095057288,0.7833345869922599,-0.8746818494518834,1.4726840805064363,-1.1579945710194866,1.4959331004298815,1.055149165261225
-1.1341588389104624,0.424072548869811,-1.5178899735916485,-0.2783113755815527,-1.540953405529868,0.9371036542472871,-0.1665506493115159
-1.476510331081546,0.39516344748911514,0.7905556594439701,-0.2783113755815527,-0.009118067488342381,1.0557102537100804,-0.38743905077564406
1.088422765309865,0.7903877611254818,-0.7277071567417998,-0.2783113755815527,0.373840767022039,-0.11110997935454187,0.5818332753428082
0.8848422984255441,-0.7862934117666484,-0.19200522976188417,-1.445641679640212,0.373840767022039,0.636883082202128,1.6613864416845532
-1.0776962545826247,0.13159419066156663,0.3823515364696908,-1.445641679640212,-1.540953405529868,-1.2621429780321527,1.625811215409762
0.9775612854447894,0.2053839994265267,-0.057791556454405424,0.8890189284771066,0.373840767022039,-0.6625907287307947,0.2360128980424893
0.7628763599049634,-0.5339897170465441,-0.9925085246529552,-0.8619765276108824,-0.39207690199872375,-0.6704857288092455,-0.5454167735353337
-0.03538715615048328,1.5464257044941365,-1.621232529902704,0.30535377644777695,-0.009118067488342381,1.6967111908488355,-1.4357925836648753
0.32680663590715514,-0.5252591120535546,-0.37578659053036145,-1.445641679640212,0.373840767022039,0.22775101717225493,-0.03723308796778572
-0.7826756210999207,0.6555582935374723,0.6482354406307764,-0.8619765276108824,-0.7750357365091052,-0.9000314356828703,-0.15108158003877345
1.4697895011164803,-1.1519201980188383,-1.169640659595146,0.8890189284771066,-0.009118067488342381,-0.5031471807012907,-1.3817320762897134
-1.204700951276409,-1.5645664629831717,-0.8092047530899223,-0.8619765276108824,-0.39207690199872375,-0.3459552196420999,-0.7063487913141325
-0.9943132579552052,-0.012405637055890685,0.010251629923289127,0.30535377644777695,1.1397584360428017,0.4288365846191462,-1.2385584003525447
-1.5221469116255886,-0.3637798428216243,-0.37304615289589144,0.30535377644777695,-1.540953405529868,-1.5592194543770044,0.528595996451381
-0.14725012866051015,0.389540869668677,0.057396357243802765,0.30535377644777695,-1.1579945710194866,0.9756977746995431,-1.1358118550923466
1.6933309895207658,-0.7524911161862553,-0.9215306765883696,1.4726840805064363,0.373840767022039,1.3409120021127823,1.016950614798039
1.3025644533170055,0.8464330713002475,-0.9369173776682237,0.30535377644777695,-1.1579945710194866,-0.6091613152689004,-0.9027479799339396
