x_D_Benzene,x_B_Benzene,Q_C_kW,Q_R_kW
-0.9390646603025582,-0.8438000299226024,-1.197774072052412,-1.097342461132443
-0.6504233798656186,-0.5517850948407316,0.9201902023329573,0.9099642286462725
-0.7807481013723202,-0.8493473145195154,1.4708387680968829,1.2798870210825881
0.011721657127580047,-0.8190246524285574,0.6388913563800415,0.5183236365800716
0.14548716357073957,-0.6545271097358595,0.5393179664002143,0.46941815499253864
0.7792333799487033,1.4462497861469503,-0.4388506313305982,-0.5592443176931396
0.8338195175867301,0.16034885372735688,-0.03856396795346306,-0.1625830539603635
-0.9655241991244998,-0.6792205381219368,-0.6479903706712318,-0.755217338081662
0.4921741829648193,-0.16126916487669177,-1.1466682928964003,-1.2711152868031126
0.5634495410181903,1.0379440164136216,-1.5803153706825575,-1.6158693684090537
0.026699329598989376,0.9010323607405559,-1.3575626103583824,-1.4626057039126352
-0.3222939657273603,-0.8420373858746342,0.8080412572361275,0.6575532462249796
0.8374221337397924,0.7306489986560615,-0.43596557114373824,-0.4605143812017391
-2.229663488033427,-0.8456086895095691,-0.0677474480229733,-0.15142584455787367
0.8231230485125834,-0.48590132930084173,0.9958924689544987,1.1203560874097802
0.7985847752659666,2.002449759389981,-1.3418945515297853,-1.513320540424055
0.6738432605993665,-0.5930278147636613,-0.7796566762380095,-0.6831112532162413
0.5240635837343677,-0.833532319032066,-0.22614944776237983,-0.07655537178853619
0.8179059867756335,0.7600230913576306,1.4263553147665462,1.4948178378415404
-0.7511721446120287,-0.8368385553867274,-0.5857139590754997,-0.7461651749500874
0.7665405181023481,-0.14262843019481403,-0.7290547779359123,-0.6736510160596341
-1.07224625063945,-0.8491070011634785,-0.7002291343012613,-0.5222638539898382
0.7278483403823626,1.4476629435721,-1.8030031139873246,-1.688244781860178
0.1883557630856225,-0.7945320222430858,0.9811512544606356,0.7735572214034235
0.002551377330186526,-0.4993630720399412,-0.8792595092304173,-0.857997291826253
-2.4259643062445466,-0.841436261580278,0.685996558511303,0.5484734726671807
-0.8727129395577576,-0.8471270110752933,0.3379750692526031,0.24389600482350415
0.8457198079332175,1.1355686677359802,0.9978679954354033,0.8512332251759106
0.8226573115145844,-0.6317641625664929,-0.11282948590174202,-0.26998096706324853
-0.9614584648384014,-0.6657421204830702,0.36300272256143834,0.32639211619781805
0.7632342299216722,0.2975999323411083,-1.2709141838291422,-1.197553403709714
0.8444360971342216,-0.3610963650982456,1.330230172556449,1.1764932603113518
-1.396008766551713,-0.6904584046478363,-0.692643740659499,-0.519100591835802
-0.08752506812978901,-0.8481840867286902,1.7440036759942725,1.9258132753754766
-0.8636016157307159,-0.6645264676044121,-0.7987712809192468,-0.8442372461671722
0.8412094929046384,-0.26642414856193597,-0.17352117365268424,-0.36643197170724096
0.469259613927984,-0.4638950747840633,-0.0810331059224865,-0.20189672528406774
-0.5942660905674652,-0.7935492111847419,2.5661944705260713,2.5174174778624483
-1.0212763608372368,-0.5641838157773628,-1.2117516314051844,-1.2465116823461313
0.8437763501342328,0.7813056009902072,-0.8488947698513204,-0.8673468166273592
0.27906912764932185,-0.8447371180154549,0.9644384344294213,1.122588230368055
-0.7629972065591285,-0.8311763274635615,1.4241615117592656,1.5146294589704719
0.7863033036051893,1.6255102589426438,-0.9333770142283011,-0.78261547373768
-2.115682099155711,-0.8372784396510574,1.453918819284332,1.4322559120240188
-2.0262781494962794,-0.8480915194599811,0.29202366189068757,0.40374631042286685
0.846121279830366,2.277094885255604,0.3705385073153035,0.3781072968756378
0.4443311335161267,-0.4625275526858071,-1.4869528312335245,-1.4664634660318132
-0.6511794166182209,-0.8478633537465697,0.22595107760700012,0.08349201226401957
-1.194796656233081,-0.8184539621778799,1.3730834896498967,1.5124985379250908
0.5935860645215173,-0.7892179581754646,1.0173977632951503,0.8788197382608564
-0.8910098936287797,-0.15805976309963432,-0.4701586273517761,-0.2311356806840164
-0.63192574700105,-0.8485331535496013,0.49658951950505037,0.6216806697342148
0.8425143112718347,-0.5908963310633641,-0.07251081626948379,0.04666188602459668
0.8345877323045292,-0.24657293319389523,-0.4926629096722083,-0.31517615445333047
-1.1917974156293185,-0.23434242594127755,-0.2798198037725797,-0.3506543061340543
0.8462469772305048,0.7432847135657621,1.34686110374095,1.3125522072593818
-0.44732034445410335,-0.8486169109910928,0.9007302947301047,1.1555358395412965
0.8239259794816263,1.3977739462618637,0.1359607642670646,0.22680019548962382
0.8281914039677968,-0.47011332058847854,-0.5169969323714568,-0.28895078089701626
0.8235562996300873,2.212527976139836,-0.38533836124595144,-0.2307718935854943
0.19604882396986786,-0.8492321903696282,2.409726609713618,2.2373876471962553
0.784572312738363,0.19783900395310505,-1.213666340193933,-1.2521324978005317
0.6537744017686823,-0.37131782992304513,-1.3568357598347325,-1.3417983146115546
-1.4845088835996985,-0.849431049431189,1.2678310625115528,1.188175254480854
-0.5503206219366897,-0.8393112653439136,-0.22351206895396014,-0.07099849082083237
0.500252188476658,-0.6870671743784896,-1.1199936799368053,-0.906298094514456
-0.8733535884820308,-0.8337487859965002,-0.8241574253172351,-0.9340862186304498
-0.4015896645578842,-0.8101425661828652,1.443752247561656,1.609001365903154
0.8415961657188407,1.8869029197466163,-0.9460618125798951,-0.8461718941400221
0.8343755318924482,-0.536613718524849,0.12943267126411712,0.018863260178142313
0.8461174238280847,2.283364980846266,0.18764280904362649,0.30292483405921
-0.3712921227382712,-0.25307781325421097,1.2371084648946302,1.3942880771778432
-2.395625964525461,-0.8403722148835818,0.4282204610662932,0.37121434874508474
0.8393213539392587,-0.13185675150990964,-0.45377551649415415,-0.45877180768632425
0.8404037450371614,1.0715177839717156,-0.8971731796433874,-0.7325108662782969
-0.8746447173610123,-0.84937088010002,0.34594973239783816,0.4023954674448957
-1.6554455888742226,-0.735486714016499,1.241425140251133,1.1809448925655466
0.8448225114573955,1.0783946697862183,1.1769753447045839,1.287851855278339
-1.1258920564797688,-0.794091983160141,-0.5997314731753258,-0.6583934163819525
-1.8454397328336183,-0.6006493929968625,-1.4515042720936437,-1.3475196343671318
-0.40834471503672043,-0.8476612552007461,-0.6878982926236075,-0.6322197197610918
0.8237753249772719,1.820123069197156,-1.4705269157981957,-1.3274846629899701
-0.09078792748298642,-0.8095732692006903,1.8374623288240546,1.6808639283782505
-1.8195207721589914,-0.844805027070194,0.7430694282295202,0.7674985629429548
-0.941074485413815,-0.7971699548847303,2.449793082197799,2.4001981716150294
0.794231995443439,0.40927792479749164,0.3359391367513416,0.26479532479011797
0.8440791630237215,-0.6225304359399236,0.7557929947574715,0.7329375513501399
-1.9360687025808339,-0.8418722405086998,-0.08676732561635836,0.05005075113023056
0.08900102471063835,-0.7325031126533533,0.6413268939593013,0.7876500770893512
0.8125291565666661,1.4439971201712898,-0.45394788030505917,-0.30877795400499697
0.8451870770417755,1.825872673280562,-0.9867388008999466,-0.9686951027433645
-0.14936442493414412,-0.8346893213410679,-1.0650962630249903,-0.8976642198236072
-0.4707223855771626,-0.846883189689874,0.19155918999423682,0.37697950443228506
-1.9182402181895273,-0.8458881966617069,1.085769921758018,1.3091835417269861
-1.7304242023047072,-0.8488454125932423,-1.0852521830392288,-1.0850131327425079
-1.0823445274126167,-0.8228685919654306,0.4107975279212684,0.5387319962480729
0.31555300094852357,-0.8213259110962505,-0.8952833644867954,-0.8603848831567084
0.754299257465153,-0.048404041561086,-0.28112686867647907,-0.34694795672646744
0.7289926276345684,0.9439010739470948,-1.2431991016573265,-1.0973093733579125
0.8058094846129478,1.344750145350627,-1.6270825897306427,-1.7040185338599751
-1.420997793260521,-0.8399069922210871,-0.7727574178203211,-0.5960534117052106
0.8442522907090918,1.2466797847913778,0.4428372344695528,0.5592596872751314
0.8436501155526892,0.33061478027665103,0.5963044670725879,0.7258862295307568
0.8422962914283606,1.6953178093721841,-0.8063739581248457,-0.7246453343829142
0.028743844637027144,-0.7708886231447288,1.2693759823060784,1.472719577642043
-2.14864430880416,-0.8495122205857629,0.24713222560885745,0.5062892657944885
-0.5441687763811199,-0.8488423743564961,0.060823402844093086,0.1141678121090356
-0.30259880936850614,-0.8454469786534826,0.5528571813722367,0.7782071254551516
0.3832958217053278,-0.8457908839165688,-0.017179213814258156,0.19332093593590535
-0.036852704885078795,-0.8325110130038188,0.4128860366821239,0.6540299209287126
0.27675146996584876,-0.8452647908501799,-0.5229111122358199,-0.3061426535348456
0.831611765300308,1.09600887229288,-0.8475393786510473,-1.0258274121765742
0.835680945973896,2.2703609088562056,-1.5697897357974318,-1.7820498734826753
-0.76147136913267,-0.849214800916855,0.8003081688217604,0.8384973533767686
0.7814256423309975,0.5517473571353206,-0.003953217128175616,-0.13465710608954332
0.8428982128281658,2.39596660235073,-1.517804400584387,-1.742656750817118
0.8438796628273362,0.7364279810724009,-0.42421829940580097,-0.633135733937438
0.8278040326876127,0.3359244272300332,-0.7685082077967619,-0.6792839328210997
-0.8680517573968547,-0.724678644346873,1.2384007687686196,1.3954054487387244
0.8392160754246843,0.004376681050470594,0.2692356176368148,0.3867678721339981
-0.3719576029175171,-0.8481091189701675,0.5350242049540397,0.4005325213589001
0.8414276131520955,0.06773055908123544,0.12609803900820557,0.30896742682287365
0.846138170384575,1.820438823479247,0.41683355072878475,0.3288381212169819
-1.3604205162810743,-0.8442620298654356,-0.8404601383126015,-1.005963644756712
0.0906407669984351,0.22352385784802292,0.1570278723773815,0.3151335033730213
0.8372935621339128,0.7073625112975158,0.9449734109780615,0.8147943682196648
-1.7788574055807618,-0.843082080199488,1.5859449387255875,1.656243563632304
0.6129176601948831,-0.8418399005331474,-0.4916231851640538,-0.44138309618288674
0.8414279029704383,2.779829168938162,-0.39976920097764124,-0.2690161266277999
0.8462548422198026,1.4965119399639297,0.7689482097894564,0.5733139089299436
0.8142888263241275,-0.3941013589114185,-1.1015447642145095,-1.1433335043866593
0.7158340061289925,0.6239158241071787,-0.9107124975088248,-1.0354435746145403
-0.836898861237065,-0.8376258345835709,0.819684974394575,0.9278147678031006
0.8331279279599669,-0.15419861331223536,1.988178802065979,1.9143425757403116
0.7163119691066007,-0.32984652357603444,-1.1811877741118642,-1.08004629354506
0.8425901306139606,1.850451151164222,-1.1620069662071713,-1.1506489014729269
0.7386500139730241,-0.6714224834762625,-0.3505610021126043,-0.431947449071071
-2.6836193846201506,-0.8324188889144649,0.17980759871318408,0.4193998115049019
0.8354962829166132,0.9355283922634977,0.5097036207458984,0.5451831348861311
0.8408501433977124,2.2594250933999716,-0.09328904920371754,-0.11033733923013285
-0.35266953105613663,-0.8086580180252849,1.2681584870905651,1.2063728358532153
0.3453471888865898,-0.7287220263421713,-1.498093341483846,-1.3637464897356488
0.8428264432713677,1.2339902534401217,-0.8167085798111624,-1.0850591622302181
0.845622349086455,-0.1049021390672146,0.871811499711346,0.9623055280163996
0.8441445420537675,0.34641209359475394,1.002353209749283,0.7948016395376029
0.8450971735652915,1.5699014842707266,0.5775977922959324,0.7114365196755532
0.844994673716624,2.101816004027102,-0.774269641231965,-0.7921594792491382
0.22527868188103675,-0.8448481467253688,1.4221333090284525,1.279213910860326
-1.5991942305072844,-0.8201084331414692,-0.07421724684457,0.10596819941713921
0.16472687896965377,-0.8493643270004727,1.7607526348751878,1.7772285803884786
0.8459984493323102,1.8850970008812213,0.3454864212748667,0.1823434351070016
-0.8566637551707987,-0.7611639435865154,0.5911510293181752,0.7016702310771563
0.3032832393225195,-0.8487150436212448,1.4204458718533464,1.413038609205596
-1.3502234521198846,-0.8485730384430402,1.5502704901168112,1.4115498091964673
-0.010294219286681746,-0.8450280691647926,1.9851216340945412,1.8519311290294662
0.8428291122303849,1.0985312566810768,-0.3656511526602425,-0.490824029311712
0.8293019957895853,0.13614585235294638,1.4209286026790784,1.2616862406313758
-2.1548115306963855,-0.6497137197272619,-1.2247326563427483,-1.3862779536257415
-0.40749888665791206,-0.47257000319546455,-1.2021159974321,-1.3097877058982106
0.8190439600378746,2.264423838282666,0.7010401890009967,0.6198387755166099
0.7956709918951302,1.3028348953495876,-0.6632183916904323,-0.6725045907123517
0.832373170500733,0.6872526196853062,0.18639689387378244,0.2570541642970056
-0.11563326859057599,-0.813260908756527,-1.1169272628667197,-1.2568358538776256
-1.5781760229631747,0.29081208232305894,-1.4791982337120315,-1.440845981577445
-0.764400360096848,-0.30427851898509517,-1.6495740496509657,-1.798408037198467
-2.2933653545984067,-0.8492784054241571,-0.8872860362467127,-0.9663434907534694
0.8139955296741238,2.6672232054389076,-1.6897585008600737,-1.6787735840263631
0.8453489329062962,1.6969598283644738,0.6240100102347396,0.7289220018223563
0.84502701171543,2.146696237422448,1.025986831264608,0.761065380158333
0.360718786134775,0.857428842330036,-1.536406748301761,-1.6812320344701157
0.8423667405397498,1.7937991065419128,-1.006898149341669,-1.1612818315745237
0.8126918026469946,0.5527575149827637,-1.2614991357099212,-1.234886869172942
-1.1129716648429526,-0.8074332601287457,-0.9636699585619806,-0.775331648307259
0.6132716768296873,-0.8264743551346391,0.06534987432467095,-0.04093864059406253
0.8448783143437958,0.6833145152486715,0.50815460046477,0.6028491756520526
0.8418859505341011,2.093228554608605,-0.9114078424315964,-0.762327397223743
0.2504704596843182,-0.743321489549333,-0.9548906745380962,-1.0364194010876862
-0.42091046687677675,-0.8290600565195048,-0.4066283121240472,-0.6087093911319008
-1.4392363576253593,-0.8440032916144412,-0.24658627136262953,-0.08062570698013893
0.8444452430535682,0.02590685762582693,0.4662695595542137,0.44861709614697387
-1.1884833447466843,-0.8362479880887123,-0.20720800728689898,-0.3913674917437005
-2.136453055022621,-0.8483555315218898,-0.47439577009585093,-0.2160063015930355
0.8448492265153196,0.9205658289997997,-0.507099031923611,-0.3930616156484291
0.35521561950354474,-0.8425123387066581,-0.9382933035798159,-0.9249138519779185
0.2738592752196206,-0.8271255568426111,1.7082282615751658,1.541515873887967
0.8074292002359097,1.2184567762472966,0.40461426530236333,0.4516696266034351
0.8256482957758217,-0.6608195502676585,0.09512756865153445,-0.07407854940268037
0.034656170868827565,-0.8450974341056842,1.8062231750246922,1.7979708054176908
-0.9517496949902556,-0.5575940779295757,0.5452428680822818,0.6212744684693488
0.8003190423549282,0.1996081750428714,0.6041581216314486,0.7470887145713876
0.8449261440839113,2.8088704857100804,-0.3661637511830963,-0.32934297175984106
0.40524406812825875,-0.550310507587431,-1.2706693726131701,-1.1528045327240617
0.14161574204561114,-0.3083998976554634,-1.5665588204794525,-1.4679180424560907
0.7035252752326959,1.1643197701322985,-1.6301454728303086,-1.7968072364581293
0.7484864679594992,0.6899298779010836,-1.3786653707870042,-1.568110139714608
0.8317340697812257,0.05116370164101065,1.8540960310679568,1.6975797856600425
0.6913226690623768,0.42083892969180825,-1.517487774670075,-1.548632760010679
0.7313681408679588,-0.32574794662581613,-1.2555967848299445,-1.3423789983581955
0.7466335342191839,-0.683951389690414,0.12849621704694,0.0037393441069784265
0.8456362046837184,0.16190319963588848,1.0814364851013376,1.1648889325040173
0.25796703946671967,-0.8482528721621158,0.37347188061290004,0.32600499478938016
0.8436829275467946,0.6567499989773959,1.9593132863187575,1.82000104123861
0.8307692666180618,2.454467727614652,0.3132795347772776,0.029305864065887716
0.8269453148694029,1.553691755293305,-0.5327132248651313,-0.4355054965952173
0.8457083409441973,2.0413731111026423,0.7642010497910329,0.5452634713609047
-0.652596678587249,-0.8470218344125154,0.2562423992554614,0.42657134790100976
0.8405132735786206,1.9700420952284332,0.9909890628095726,1.0549605957672274
0.8415540021875849,-0.48273172904799044,0.3296629216259762,0.1031711954707025
-1.7087784554057246,-0.7538782466010311,-1.3386673981867812,-1.345011691401122
-1.0209160380258606,-0.8486829053565851,1.5624267187994998,1.6097704635368104
0.3406336473948732,-0.8457423924034381,0.9812171359697294,1.1442897254674236
0.8457438685202714,1.5954314972235935,0.5988395358926605,0.5310920332139685
0.8430666220465447,0.0003154934832954768,-0.00430882231197287,-0.034616420802841316
-0.6386940379198798,-0.7736977322654378,-1.1135993177897259,-1.2129992014410422
0.8397986227265317,1.0283623909847244,0.33487482939817753,0.31836548644986123
-0.8276781259481489,-0.8399126260575204,-0.4332263901682304,-0.5658813691441619
-0.8456563642837233,-0.7947596577460739,-0.53753587652588,-0.39960676875878864
-0.1943626448392347,-0.8278013755149927,0.2657339831158183,0.1992719964053976
0.7657816238161663,0.8942648748114546,-1.5113612052354468,-1.7450260140613636
0.8077715023710156,1.6187767526011032,-1.6090079147250826,-1.5160029326241722
0.46420244637617947,-0.8215406770307586,-0.8385740974902517,-0.734038171249402
0.6856127333153644,-0.8457946981824908,0.6041850030269273,0.5709418463469216
0.8453578361521967,1.5291274857141808,0.08397218266683515,-0.024773374414452147
0.836368115617626,2.4008824072209145,-0.702359706448249,-0.5895524310618516
-1.8229767146056044,-0.5066709025407775,1.7063233308818657,1.50393679117515
0.6338044740612834,1.268044375879088,-1.4221839823932831,-1.4361889422469323
-1.0510067285074784,-0.8492360498994183,1.1357548122205954,0.9598255976360534
-1.1226596440300445,-0.8414849644730099,1.585449983988038,1.4110131262786336
-0.7746338700139356,-0.8493970750894382,1.6036459709415956,1.5769115131693614
0.8406853631255577,-0.34975157490747993,0.1593372360343934,-0.05401540857657273
-0.15937380030430906,-0.8461438734218362,0.3059485988717483,0.3237593895998357
0.730470942769519,0.3609498274263118,-0.6977930053880046,-0.8233514162627376
-1.7568304719181234,-0.8460949309825433,-0.3659034293290032,-0.3447113975774007
0.3855248041303028,-0.8290002348448924,-0.18432110633083593,-0.2463436561489614
0.8043946355133794,-0.6690609472985706,-0.9572488422723435,-0.834605798641381
0.8367653922939614,0.3714087165029021,-0.12176555883775449,0.038367352763437244
0.8460359893337015,1.3270081065974753,-0.043819092055681366,-0.0825630176073607
0.8223101011541382,-0.6306210974442836,-0.6794090324762543,-0.5608398844482072
0.8437803250778276,-0.25152370332645635,0.5637909098512959,0.43290677928671595
0.8452613861348461,1.6511912169205138,0.4084496872193436,0.2733975579470874
0.7965859022599853,0.8751698997728813,0.23462440610339902,0.10666342468793336
-2.178625249294804,-0.8485618067138436,0.9951252044431784,0.8054408186462957
0.8142158508573181,0.8958118670738942,1.231925090841416,1.0867775842804004
0.7513347527588289,0.09869018189121988,-1.4673890474338827,-1.5576611842012296
-0.15928098994464387,-0.7467538167104244,-1.2368711331135753,-1.0689814334118595
0.8408583321410047,1.7509033269854106,1.3905706305431056,1.3997690051748484
-0.7005524608986601,-0.8479379477326384,1.2492712017230814,1.3391572085414112
-0.9060297898786216,-0.8272521170379328,0.8831570140423277,1.011374533092895
-1.4094233974369563,-0.5432868197663903,-0.8289099561438251,-0.8522898382832532
-1.6511277533109998,-0.7946644779989294,-0.9119199837224575,-0.7395839328071442
0.8273193754760892,2.6849610642423163,-0.2187278147061677,-0.3851920680755436
0.8441337744101218,1.4336665391703762,-1.0765167048756135,-1.1100840138504258
0.7807708995905739,1.8209446939469685,-1.1453607479871606,-0.9996313810357976
0.7841214476030582,0.14905678085961505,0.11104611072113076,0.23002339078237785
-0.5381701730087796,-0.8168594007287076,-1.3388243466556924,-1.3870047498139968
-0.030742407843009873,-0.5544315142295093,-0.13412795486806056,0.009795177281128343
0.8196245822963557,-0.3354528588936802,0.7435375863470627,0.6101672483802048
-0.48441227817738775,-0.611261248864521,-0.7111159411674848,-0.7110589517706771
0.27337924068163677,-0.7923120861201293,-1.0245549348865992,-0.9807509176705432
-1.987260230698349,-0.8475526681015899,2.571290035201586,2.7023016239415747
0.8459234078542008,0.3866108487841048,-0.1530305814733552,0.014717199530655223
-1.6214511413390669,-0.7980306048852578,1.476612664991762,1.2945632187955551
0.06189427738034271,-0.7884497978164863,0.8534028004012435,0.7782397316882654
-1.4727928101970866,-0.8180871546619235,-1.5376118158818057,-1.3255778751373877
-0.05062290238310906,-0.7505496639302054,-0.9853622892818373,-0.7621060431399093
0.6014678216482429,-0.3550734747474872,-1.337409527697533,-1.3717420209617321
-0.6391870715660921,-0.8260734903005087,0.9879908325762086,0.8712054109760797
0.8456715690532051,0.6855161731941845,1.102258845015799,1.1320448313628806
0.8302363395944627,1.9125513950895456,-1.26621553729088,-1.299064820357727
0.843120691178636,-0.06256621354159882,1.55623232358431,1.596803109289165
-0.3443546183155129,-0.8389649269325712,-0.89864179389979,-0.9300667683665721
-0.5997175717786147,-0.5552300249742463,-1.3580883797794248,-1.5024122218767753
0.8293222527438124,-0.17381969294311417,1.3710783358272227,1.371177999701296
0.8312902397499076,-0.48944810976032266,-0.4916137953897544,-0.588789897390903
0.8447996127965531,2.1006311426351147,-0.45943178534236323,-0.6736184654178157
0.8167243647127495,1.314421050164052,1.1541455561931244,0.9435581458290727
0.30107243004938805,-0.31417327231646497,-1.4637350281998227,-1.6591244526864213
-0.5763298745441225,-0.7626772981554801,-1.4686546479836988,-1.4468134057331272
-1.626911655916154,-0.8457020098395197,0.14381117546722336,0.27859153713808327
0.8279406552742692,0.4919069065227899,-1.182122285017348,-1.1276605957685237
0.8395273079649863,2.7550943324747523,-0.6346019944654429,-0.744707226048104
0.4615922065278664,-0.842343984288961,0.7760592033725887,0.5660329773078698
0.5812370905721709,-0.3154753146801456,-1.1390063661158687,-1.2329380456092747
-2.0449346028584126,-0.794593294928093,-1.3646438623997759,-1.4441213272128666
0.727341076586876,1.252596335394452,-1.1615380856682886,-1.0267167029669944
0.06569133131044659,-0.5808593596378065,0.3174878847259653,0.5004870283543602
0.7715667421475553,1.2503200803027186,-1.3503114585707965,-1.5420311868190428
-0.8561854196778947,-0.7129222574530613,-1.4049334120744033,-1.1710834955557587
-1.6250211767142062,-0.7977368611122431,-0.08902768722337892,0.13099074347825324
0.8172925677350871,1.092124915066657,-1.151598087967936,-1.0804495937728849
0.7883060344874891,-0.6016117130411084,-0.42819354568979295,-0.24942489843776955
0.8228153540736854,-0.29288506373127415,0.8286424563793464,0.9856436036386084
-2.4074591162901946,-0.8473225441966381,0.6460142294816265,0.610483369062483
0.4518274521971798,-0.8464496574208465,0.6012001572867083,0.5408672191991337
0.830671267290238,1.498225621799044,0.7076453214490528,0.8344769496338326
0.8452727692815539,0.8702277988596696,-0.1884159746217173,-0.20989390610126132
-0.242699901467498,-0.8432657586712017,0.29406280243451305,0.2525622230132105
-1.668791913076996,-0.8226093323552904,1.406520279392624,1.3418420111205906
-1.4734574537162295,-0.8464630246665789,1.881622027410841,1.949777739955235
0.8371002656545926,0.8256392180448456,-1.1188608640309066,-1.2780832436073406
-1.7875755085398817,-0.8421399022577096,0.12471555204009527,0.057607427860830264
0.8458916814154555,1.8424419499620086,0.26882431216013064,0.05394803268435082
0.8456666020183765,0.8672568872322685,-0.177548771365756,-0.1288220389129955
0.8280741404281223,1.0517060294481113,-1.1716126778994018,-1.1166824239006292
0.8372604494184303,1.1073237616746738,-1.1595356799210692,-1.2286209969533435
0.8006973256842399,0.07275644896453473,-0.24538551576296752,-0.05962324466694619
-0.880582690144974,-0.8000389573477424,-0.5021601531653433,-0.26192858109975264
-2.7271568238844806,-0.8480555579997979,2.814140697779197,2.8473068705688003
0.834875911370695,-0.12052637029110817,-0.4482421646443959,-0.6054700078601095
-0.04948188466358541,-0.7262138670606338,-1.6333878761300429,-1.4417133033555152
0.0020915091177969502,0.4401481121794162,-1.269033462213933,-1.0976519693372033
0.5969386266095045,0.25361070462481117,-1.6427050154300291,-1.4606339320163957
0.11086565741886562,-0.7794559933620259,-0.9800070010825275,-0.8252881400008812
-0.9362582462083556,-0.8363389290672267,-1.161046335632678,-1.0551368764237279
-2.1334732858430723,-0.8496617185632047,1.9250470687966337,2.1505715059411554
0.37529919447296506,-0.8463639369030119,0.6821541114834581,0.5074338162747735
0.8460258501881458,0.38165268682314,0.3532206456809512,0.19196204900894778
-1.7085573433260997,-0.8476482213114437,0.27223221978799816,0.33515653113374494
0.8408365514836145,1.6330194200974872,-1.1067446251857456,-0.9789937323429964
0.20950745238262652,-0.5855463228868654,-1.489414013082146,-1.3258762054972084
0.3970201969295022,-0.5004725990811326,-1.4283570765634033,-1.3959937429341462
-0.6841615408725688,-0.5820619309733711,-1.784108100797195,-1.7941571621679657
0.8452952276440414,0.7899785807813624,0.07440882821566946,0.22973973886972787
0.6454100961966381,0.5017612772157507,-1.591183675235745,-1.4774671612675092
0.8462070545363202,1.1247446138140151,0.7012905972768794,0.6060196012836081
-1.6680355614714024,-0.7658712032554408,0.13997620439469016,0.20577239930073654
-1.6513020305774049,-0.8441912458306595,0.042924392772071294,-0.10173054984185505
-0.42582790113644486,-0.8411934666489352,-1.3327028352674084,-1.1200923797745672
-1.444081754987838,-0.8223783446258544,-1.0552909489643378,-1.0759031650499307
0.8430693843994621,2.43069380516157,-1.4833520766187296,-1.6568965108549616
0.8455659584172363,1.3708211446239902,-0.1220760213335993,-0.3731466807212826
-1.5528416816318147,-0.8496410198672787,1.8937918006998098,2.059510466547016
-0.8012942482716335,-0.8422526767266135,0.6765696021097944,0.8928520401251898
-1.2074897756796925,-0.34476523562998274,-0.47174323678743985,-0.6749615300033768
-2.1749203095720073,-0.7940351120159819,-1.0250586365491938,-1.0987058774410472
0.8406707701627328,-0.189797828229696,-0.6540930740554495,-0.7466334442442065
-0.8823801930428719,-0.8488529663938655,2.0918140999153634,2.1570956044567997
-0.27599233648476434,-0.6191366366014821,-0.7389753839953511,-0.8364653486154927
0.8440148235157154,-0.6439104110372635,0.1835011286899492,-0.013056160172392837
0.820838929178877,1.8743188343507662,-1.1963203462547063,-1.1230515611944039
0.8435329188856938,-0.3700901636028788,0.7835710301990212,0.5755615937613208
0.7966209618281195,0.6558055389533686,-1.4707781145627457,-1.324830288811925
0.8457962004262107,0.7136025927531989,0.10104516039560905,-0.04710645636571316
0.4461579936956274,-0.8480399128701565,1.3625858377953703,1.312685410695098
0.8399565555382756,-0.15248846211961392,0.1931307118390596,0.16729955796506077
0.4544929769574998,-0.45294900516566966,-1.442127177118838,-1.5964407556439835
0.5373622098811215,-0.27972514549561645,-1.229155368217181,-1.1701163717622454
0.8308263625513453,0.13559561013591184,0.06695579968259067,0.27324934240983084
0.31219974382566845,-0.737797908872049,-1.1687637388354255,-1.0111688073936678
0.8462090733646395,0.6457533194920451,0.573598661780435,0.32327196073864056
0.846148122661488,1.3551247926523293,0.3153251315641871,0.22581471780274695
-0.5466188326621002,-0.7321467017175063,-0.666543417564266,-0.605702641342805
0.8452394131693336,1.1898398628845968,0.7961187566755188,0.6240957009374314
0.4323898556185535,-0.8482766871648475,1.0165154555414166,0.8520071442853252
-1.3146653111921056,-0.8268825624334543,-1.2273637707710907,-1.2442811322359026
0.7879152037253091,0.10880103139925773,-0.37434593087069407,-0.6161551558769932
-1.0746256181075882,-0.8479837832682855,-0.22601480039801825,-0.35910598354989703
0.8299514905874358,2.4570770392353714,0.057408776565878415,0.10377697490936942
-2.1635131006606563,-0.8472779240456361,2.381224014754594,2.2364959294153146
0.8408062825899024,1.0465518408544578,0.577454305840606,0.6848337436412446
-0.0667052366865464,-0.29389256786724677,-1.1911719836704957,-1.142169303107809
0.8420456056877424,-0.41237639516299157,0.6939834491704093,0.8196345739867187
0.8337390719831069,0.4280098079962064,0.4496116633579194,0.37262669215773353
0.8452698099198771,0.0563313146629552,-0.40393326772577454,-0.5521543640677281
0.8417659959201788,1.414342999525038,0.443300473570052,0.19798192811052168
-1.0259344122896221,-0.845160108320713,-0.43078591017847623,-0.1926676851026538
-2.2688174681405497,-0.8480199773889106,-1.2382983646160193,-1.3151393647753267
-0.22495850995950023,-0.8474003345262904,1.0665531417659009,1.246619950167131
-0.019222828963977437,-0.7526242079253205,-1.4104059940142246,-1.1772107198280806
0.8362675724168894,1.4444389224832712,-0.3610703144068307,-0.25797923764858666
0.8441055044781519,2.3572735715274926,-0.872935587436341,-0.7767380504907115
0.8216879083797561,2.246739554258498,-0.3691891709119792,-0.48373381225626233
0.8446024377418461,0.5395188143663696,0.33645774204188506,0.34197638499105554
0.8451736196073414,0.46505598220395283,1.0049609493368716,0.9408358668768353
0.8392793583185262,0.6153549828377339,0.20173379933757415,0.20278502141384577
0.845801818144234,1.4708498193259694,0.15151015718048816,0.05269843799482154
0.8440206344572515,2.589275539663123,-1.0589334423693704,-1.1834918807239618
-0.6414818272430235,-0.8479669709535286,-0.008523516814924612,0.06168457736187838
-2.304760645729961,-0.8330409417530766,-0.5604866130529575,-0.32002143782244274
-0.7132608071011216,-0.8493316388459493,0.1308745924148844,0.126182976794496
0.8041497590091614,0.34148898528108323,-1.040982102491195,-0.9014098600001165
-1.2538855978025583,-0.8402468460111062,-0.7413984257604572,-0.5157409683380706
0.6771294617219551,-0.8457985392741535,1.6930957410120069,1.5278000791320157
0.842465341678612,1.495925421290504,-0.9687496690648898,-0.8148339561503083
0.8446397849390621,0.9176658913459711,-0.5204187540063218,-0.513087015145347
0.8428437349713297,1.7902456495725814,-0.9451712385216575,-0.9692406870220729
-0.4802672521132482,-0.7694027523032442,-0.7723984628707984,-0.7505457387005594
0.8381956243067517,2.563385692765958,0.19163928277828282,-0.0021059489719051144
0.8422022301909223,1.2536768992093592,0.010849425921455179,0.058475778826273826
-0.7894055066985406,-0.849596715482517,1.7083819078670377,1.655651572508695
0.7851146738190744,1.5426398220255573,-0.36515334115330017,-0.4494422333834995
0.8058722278375998,2.0333034825215828,0.03763165413785502,-0.04754322907302666
0.8437279390054983,-0.04694482161987439,0.26339657783154735,0.13676240755103103
-0.28080176532571094,-0.8475990145940642,0.09103226837462948,0.25157662735053876
-0.24297612488652748,-0.7533470890168902,-1.0895627214160146,-1.249339192317831
0.840726927729314,0.8353446445629724,-1.179930873627262,-1.258481065645577
0.8199788462701625,1.4830825066506144,-1.5050137059439472,-1.5381347685360345
0.8222710036616103,-0.41580680553468796,-0.13358748114591762,-0.05248819674727016
-1.2246923384749384,-0.7494699762655724,-1.2871092214828557,-1.164480655773254
-1.7487796872280383,-0.8379057890914091,1.8024500886880033,1.9687120358765844
0.8372352288770343,1.197292726726477,0.5887966469956194,0.5519303413436164
-1.4253939939202411,-0.8474364996643248,0.1109523049747792,0.30693455805096065
0.8424972516341283,0.012966311171304716,1.0476615136976242,0.8505138533564158
0.780041769813652,1.8845957623753824,-1.525509384948435,-1.6585314372825226
0.6996191633903024,-0.06963183536237463,-1.3705702322947386,-1.24376077580566
-1.023078148690793,-0.7956299151151273,-0.48654630672451543,-0.6628011606196356
-1.1710913603973852,-0.8257478088160167,0.6101853028905903,0.748101444839966
0.8100594095225857,-0.4421463448547739,0.2632473526126262,0.3054003320697475
-2.063708903598383,-0.6708240210111551,1.714490443707928,1.7109688923718516
-1.9014675662802647,-0.847554497067018,-0.6030539425700436,-0.7611845170237116
-0.6561886692156723,-0.8390917963195271,0.11336503291730742,0.07456749989695514
-1.06984039876165,-0.8479782470355952,0.004714909347320976,0.12547965976680153
0.8259078800600788,0.2680109156862001,-0.4811244975865047,-0.40343373307301567
0.019331861669462415,-0.31014534274264755,2.410259480129676,2.572903151193946
0.7971057744615807,-0.269680643044211,0.7689156285023117,0.6533605727718005
-1.1218160952246383,-0.8491245080177223,1.426372598183023,1.6750628631638036
0.8456199690948959,-0.2941323221150297,0.5175135805946994,0.6415510604208066
-1.226876345471526,-0.8439910584649649,2.383992760892698,2.536934078946173
0.5399247957094978,-0.7248350067519505,-1.0003632677928407,-1.0224715028423856
0.8459724269653668,0.7356633337396865,1.694898564064025,1.5556746950102978
-0.7834698541466245,-0.3131444590286482,-0.5730467922316245,-0.6701942841732951
-0.4414188402572407,-0.8487585680050572,-0.38303852190889515,-0.4972416702399414
0.11612380096886094,-0.48420024646181764,-1.542826321482064,-1.481805810126932
-1.618132786464184,-0.7896559052205767,-0.9119477710730183,-0.904765676393201
-0.9516450470056507,-0.8490412077991031,1.3152407102570864,1.1372860883530147
0.418875394324385,-0.8484362331834693,0.5535262676814157,0.4478795626868039
0.8459834669020339,1.362116219527606,0.23707405145701815,0.2574590732957887
0.8284338778325949,1.5698709711121577,0.5496296657524993,0.41461755492177116
-1.1324894968946708,0.002765278003630969,-1.439405348478463,-1.3758278967274151
0.3828742880634221,-0.8469767455189486,1.9494427119114575,1.9150450377543122
0.380261352603842,-0.6608483404529657,0.1631445818853782,0.09873273937341072
0.8439208979002343,-0.05402588798898479,1.1143125407800891,1.044832713019287
0.8417783875270515,0.637970385505843,1.1852408452967957,1.0833749898971374
0.8364057665713038,0.5941037782245685,0.9286523041443785,0.6594583435493857
0.6951706168292622,0.02367050269869875,-1.110596455647767,-1.035212098323001
-0.3048889169284727,-0.5625180422244749,-1.3100956959858465,-1.1994355249845297
0.8157181974737496,0.38925494468984134,-0.9948616443187766,-1.0794357063650633
-0.4961792351222825,-0.8054119314433341,-0.18916804958092073,0.009650776728411945
0.8437827639607167,0.6126888163925409,-0.021950192756327126,0.11903901990003232
0.8439246278025792,0.8328888751292989,0.038889207610683194,-0.16943571632124185
0.35539547281288897,-0.8487454450073756,0.5654991242198172,0.8070828653393396
0.5870328720492345,0.7110897406219219,-1.5488860694348474,-1.3886717535118211
-2.315258699553362,-0.8482244515423525,1.6749225462710084,1.776196344231086
0.8415168665083902,2.3795836039812195,0.033085081878996704,0.09531218024757056
0.8391486808565645,1.0126972723808296,-0.3939397033010511,-0.4759763650825045
-1.4262431075303068,-0.8160169094008385,-1.4906845233998582,-1.3761421119707173
0.7846886838765312,0.8835994205907052,-1.2309541259695072,-1.3385549723579762
-0.4365477777271416,-0.8203119349647371,0.582878010962287,0.670757229343963
0.8364104953820913,1.9741069394015907,-1.0978024167858371,-1.0790013965384657
0.845368871178409,-0.1753941833387263,1.2096187776620693,1.3833531570925222
0.030489821036712623,-0.8434517742924063,0.5467006600626652,0.40896538196042215
0.8209930340684828,2.7227020367733017,0.4712694081890876,0.5198434283911479
-1.6628815103091286,-0.8461598506414335,0.4458979829281848,0.3133150893456265
0.8458480423709417,1.9058593166254543,0.3340413466229292,0.4223297020262691
-0.1604763212679904,-0.8396844406915128,1.5814287181192026,1.7168381730845497
-1.4841156090301608,-0.7953959472572432,1.362615317486005,1.6107327494905272
0.535645189513098,-0.2718229135644681,-1.5713016380390445,-1.6551560656253084
0.8387754214276621,2.281990704726768,0.42931527021999977,0.18914795593819933
0.164168607867238,-0.8038805278273294,0.21774650985871094,0.38189877310032194
0.8052851559789714,2.2879085322840096,-0.07797384813351668,-0.3417758349764948
-1.1243682422860117,-0.8475691077628666,-0.15709248649052443,-0.22997748879107546
-0.07153531536184925,-0.5820020646750005,-1.311194918855996,-1.2710931556172818
-0.38473666665462447,-0.8474845070131903,1.1637582819229517,0.9902084041217438
0.5714919554525427,-0.2953387027050786,-0.28935576139578095,-0.45588791451497135
0.761197735868711,-0.7205875742470434,1.0334335765684861,0.9649259763797124
-2.396204528881132,-0.8017528990263746,-0.20782344009624568,-0.2871578551588644
0.8461316240787002,1.7035162836171218,0.8781793791039518,0.7264023865975705
0.8451550295567299,0.3828511303650803,-0.3454130037183321,-0.2686186396361126
0.6731477947445372,0.254984799772606,-1.4624071972032362,-1.2373969125617779
0.837872831989615,0.8411280467516064,-0.47788640710272456,-0.5764669658392372
-1.7220563801201776,-0.7482158868680877,-0.08537721484925664,-0.20513148877350978
-2.1845579319066677,-0.8486530275109766,-0.658281929017456,-0.5833601285770846
-1.5647774693434,-0.7140389352094031,-0.41451549783064034,-0.5109790221161755
0.8457842972298909,1.3917903615253235,0.7661504187851422,0.6131319443902205
-0.9584843840493465,-0.7720544765307857,-0.1925004260314609,-0.2654479512147883
-1.0443506377533878,-0.8340511447431724,-0.5107223866332481,-0.38174499017713903
-1.8353726115507432,-0.8358177246404906,-0.043956480488493814,0.23020750748578725
-0.28895116960756434,-0.8420389947671861,1.1651263907445188,1.1010073482965663
0.4187634953876506,-0.8473396309037214,-0.20658283479059047,-0.27008043985017044
-1.370646938039873,-0.844875256687728,1.1801353287398229,1.2739075617838327
0.6680285674470744,0.7142116825268966,-1.1619583327368561,-1.3863845940224386
-0.664490443844863,-0.7125628963356686,1.1719586700972253,1.2004003098469216
-1.054057987082889,-0.8251880444418603,-0.3338938434647394,-0.270184477860034
0.737049922389618,-0.718259816721824,-1.1959281283966996,-1.093399161878395
0.8069597393516712,0.6405220201337549,-1.2988539949125026,-1.259234066653225
0.7893285011067696,1.2411427905353072,-0.7441695180045873,-0.8159399604157299
-1.0471149395287984,-0.8490755897380529,-0.038589220257177544,-0.018780883193690163
-0.12505065140109475,-0.7695535390930348,-0.8973335304590392,-1.0683105216190827
0.8454208292921657,1.2080533033905538,0.9959025018867755,1.1232324184511602
0.11420689097565712,-0.8477462316026237,-0.37643860355242376,-0.20919180437966745
-1.4730547578669542,-0.8151527652465905,-1.173219333273751,-1.303700381668451
-0.6691886244640719,-0.12954533252879602,-1.2919439883283321,-1.2127239625694162
-0.8367428550846349,-0.7494930806027942,-1.1382465900785648,-0.9887399987678029
0.8084121508958018,1.5493401445294555,-0.5082356628395127,-0.7522574717130228
0.8448529428429556,-0.1411409598964542,-0.38357552098173514,-0.45918532068215756
0.84353836324835,1.4825360285372229,-0.25234627979240504,-0.40157086987940876
0.809330444712336,1.1952251073171074,0.5983267277537287,0.6989154050186858
0.8399775409460492,-0.36230560095408487,-0.08940386642801805,-0.04955462972952307
-2.4294099539666973,-0.562467806197658,-1.2485079056463624,-1.2564687493456186
0.7750719614104624,-0.41834787047163474,-0.5521373909873184,-0.45762522194280014
-2.158085225204956,-0.8058004377500436,0.0939378361730697,0.05676757393400142
0.8435267644793701,0.15140359365197278,1.9705799933803527,2.061301946461098
0.8357899732975028,1.771618143889647,-0.7613131675418527,-0.9971579700817028
-0.6371073051810957,-0.8484213005702246,1.4647625732380665,1.4554899598202147
-0.15611440396526527,-0.7988013195640413,-0.7215222141588649,-0.6320982638303113
-1.3459233891830384,-0.841333570028252,-0.45183922525027975,-0.2449792015033175
-1.0025991118668245,-0.8477374539424695,1.942710510512447,1.733841102639586
0.8459865434709275,1.9301020125442427,1.0856157457941205,0.8193129159939346
0.815374574058452,2.3311865115816985,-0.7751580859964434,-0.7545417100235712
-0.9550371944069291,-0.7752329491526014,-0.7652665505720797,-0.959281415833528
0.005959468206063682,-0.8491601827920027,0.10438018093209224,0.2533062207791214
0.38428591991810573,-0.5452870694377472,-1.2851387266348946,-1.1892561386985976
0.8435345650121628,1.32495773527542,1.4792119362162457,1.4130087070342137
-0.6533864999754161,-0.8023480725994524,0.9206488339109057,1.042773272469128
0.8081127114482785,-0.2698043013876218,1.2970587050318276,1.448179193017507
0.010968260468336634,-0.8033988941652337,0.04560552887834101,-0.08654789263266355
-2.6399794926788975,-0.8421048219117244,0.6885992995937525,0.5529968785064028
0.8442851444681518,0.0712845160595381,-1.0039539880113322,-1.0250112289633684
0.7631756163666187,0.45178307451692623,-0.9737436854472836,-0.8430902084620693
0.3450644667982001,0.08293543079570062,-0.9976797780018888,-0.8041709743825846
0.7293252090663714,-0.21308360232194573,0.4588744840740448,0.42786262992777696
0.8301268029364884,-0.5881342226359014,-0.36334358334966893,-0.3519580381432111
-1.4402467586903813,-0.8485006638227007,0.19056023459932261,0.19223721429039184
-1.4158668466799382,-0.8407102979982448,1.1349783625577532,1.0545326298564668
0.7908764407385638,0.1446163732548437,0.49785550710124415,0.31744179275346346
-1.7105926609583595,-0.6262771097123738,-0.6059875927832409,-0.5146510998359349
0.8450080106417943,0.34001177305589625,-0.12720488360295326,-0.21384444322757065
-2.581515362089241,-0.8494088669496326,1.445908232532963,1.662211651227568
-1.321577514747732,-0.8472097755358429,-0.9951630821765727,-0.8018347238206633
0.2393058055808979,-0.8477009394400955,1.738725320297669,1.7423495283184662
0.8450343177538382,0.38768654679829423,-0.1564485038566076,-0.0925958601553986
-0.41701379081470974,-0.2545705601418283,0.6729220956573086,0.5926081758048211
0.8443749083483505,1.4828774667644813,0.4780019157311961,0.4999567629054779
0.6918437452724031,0.2050581651392533,-0.894084563115217,-0.9633383201484825
-1.623697483291156,-0.7319717682581847,-0.3686841572741514,-0.11972202329466507
0.8069789956479095,1.185714307219257,-0.4865591701481331,-0.4847316487526531
0.26399159846115683,-0.8402604926482706,1.0713403699855648,1.0193496032036915
0.8181455118718899,0.8590750115702679,-0.4334545967463636,-0.6181958478046505
-2.2097936929530873,-0.8225781319869322,0.9851848338917271,1.1719862573850697
0.819945786186319,0.2980793074500296,0.40650133813133327,0.4279390874730445
0.8462270329152722,2.0266052059840223,0.9756781069226869,0.7995476739832027
0.8450363489909508,1.8647148630040353,-0.3274823694286956,-0.28221225862380295
-0.2841824755576182,-0.8452581654391339,1.8511371532132237,1.86478405605644
-0.8261217464711935,-0.8492008392825393,0.9157657826332061,0.775130321295592
0.8441461510618639,0.32703194031773997,0.78663513785421,0.9666833893398783
0.7233049526940866,-0.6430841329396438,-0.9643195282653927,-0.7453448448789519
0.16443121656682527,-0.8458985164361053,1.3276313920587994,1.463038080718273
0.1318287704152988,-0.2558758795531189,1.4882419147547337,1.503903940730667
0.7213700045363056,-0.6910502483063018,-0.8068624355663981,-0.8145378581593683
0.8392189056558896,0.007997952221799056,-0.6154343217275436,-0.6271975571623469
0.7732070916146752,-0.5947577739114919,-0.6702899491568752,-0.8736557068436018
0.8425826230241537,0.17409724819504435,0.5813562730290734,0.38034039740613157
0.021345469671582247,-0.8334737024743197,-0.9517886951972518,-0.6783305314945898
-1.2354607514283438,-0.8261552717802464,0.6566570999917917,0.5156930851970007
-2.140604583817676,-0.8394974404244815,0.3842497139646983,0.5194679746601686
0.7837325922594288,1.4604173700985275,-1.544547832231625,-1.3921108792627876
-1.7739538161010426,-0.8496914511629107,1.9268337352876008,1.9310125759940733
-2.3201870314419124,-0.8437249994773819,1.4833550043948576,1.3303822004292423
0.8457088716214439,1.227324140160344,0.29611945143025115,0.18422907102033717
-2.5966857361014544,-0.8325822478768065,2.1386757012884203,2.2782559522720174
-1.305187414224957,-0.8470324866032085,0.09024440797787342,0.03984831042840384
0.8309735756242762,0.2446631151336692,-0.7004732105697509,-0.6260185155539597
-0.6781001824398488,-0.7931304578935986,-0.5923915166780249,-0.5275600781240729
0.8291475131792572,0.4916440399173841,0.06744440108473683,0.04545517005697626
-0.40504453491262987,-0.77769454217097,-0.08210259911149143,0.06944124275717554
0.8349382402329573,1.2778598986939058,-0.9878750142743864,-1.1376133432716813
0.7927734672676592,-0.4517930381786035,0.49219790772739247,0.632421965258423
-0.15168890180318131,-0.6396907625974234,0.7859116346585844,0.9057399435844985
-0.2265111510701154,-0.8285451581131295,0.23730168619925485,0.24814929109595352
0.22303364023632763,-0.8265838541486195,-0.7354175196502792,-0.521768955207693
0.7610838298159852,1.69074396566057,-1.6893739536090695,-1.7792716290896935
-0.3562458376919786,-0.8426086653748457,0.7393880637051813,0.8390826682882797
0.8461830319016854,1.4041718677062638,1.3843561984785988,1.096212254355275
0.816180554217737,2.0960896570819223,0.524281433680721,0.5750222581770243
-0.4544257222962336,-0.7817367731618149,-0.609791480498903,-0.5135929391998155
0.8432533641173698,0.11337435008703273,0.8433899742333206,0.72460888064044
0.35639600633033897,-0.8371265297387086,1.3889312179244784,1.5274227721190226
-1.695758275139398,-0.8026308771851607,-0.7863977924961836,-0.5316542052006621
-0.4158235099835571,-0.525418969809476,0.24879725663993985,0.3604103242417282
0.7470486749986384,2.5772493197604116,-1.4083237697418587,-1.295886081909809
0.7328959633438744,-0.6229252810565247,-0.40923740197119124,-0.31525110260841877
-1.6645071326054715,-0.8491040149814214,-0.48150868264269614,-0.2767974045567979
0.2798106992601006,-0.2685410529034364,2.4204981075190406,2.3323491394033895
-1.1499366472303372,-0.8459226430587076,-0.5883529031815801,-0.6537495972297332
0.839934510915165,0.27436275829637646,0.7522072877061082,0.8857042920972669
0.8048950393612306,2.464570230390432,-1.067562197162164,-0.9905526746350772
-0.6458336125194439,-0.8407056980584182,1.763030982823134,1.5593982347372717
0.43751388967077015,-0.8308260280194365,0.5879446154457949,0.5112049970827575
0.8305545819083588,0.04212436950767815,-0.7015927975596348,-0.8579000918716317
-2.1245527129244395,-0.8352777918360839,-0.17129731489737615,-0.13504642868126393
-2.1558031831459874,-0.8063371465556364,-0.7430873578253585,-0.8530096272188239
0.7694870058325372,0.5855096435746304,-0.7743950432267304,-0.8117314502490073
0.8129717726257001,1.4158913172234828,0.7294990597769413,0.8315589529308358
-1.2447747551044162,-0.8306247487150503,-0.20335005264284184,-0.06461126759240414
-0.3429578679395958,-0.849235261016132,0.580546938430025,0.4082151521811613
0.7001668732787697,0.9443397939105275,-1.5527110029602038,-1.4488462714772155
-1.896779623390529,-0.8336506523392532,1.0335656037184349,0.8525482606923116
0.7701622355226807,1.5267738536642361,-0.6105741152587292,-0.7456452711246948
-1.0575175751496897,-0.8335485746862684,-0.6128858574929302,-0.3845724289359613
0.8427870260608858,0.6226337136668291,0.02080313711038484,0.0697117764590131
-1.0489698811436639,-0.8415019949412517,0.3742901168927618,0.21015996833978334
0.8044801262872583,0.22023253512311564,-0.718014683024044,-0.7036703286238546
0.8173012257081765,0.022671011418920667,-0.14185999282435452,-0.08440410507776593
-1.0704496005094648,-0.8485143731007438,-0.4969861053995259,-0.26542568036988085
-1.558675820428002,-0.8489151945741003,0.9012377553237486,0.8343514770082394
-0.7476576303277124,-0.383569644639335,0.07062520584194638,0.16152842497353687
-1.4351162789449183,-0.8102460078052505,-0.3932451697417255,-0.25654469185238915
-0.5450892367095833,-0.8256529841839698,0.721645592547955,0.7528437741907162
0.8125145227788952,-0.5126940627864252,0.2653272488596885,0.434447786813221
-1.4277233369981273,-0.8279114661820131,0.4708881176999651,0.6497627572818162
0.7311205790323271,-0.6219782517040319,-0.6703287261631203,-0.613333262528359
0.8008581953224789,-0.07480851319728492,0.3511639049282733,0.5481683934763084
0.09370804149440372,-0.8395135219932267,0.5647974090471888,0.5343833696984767
0.8412086162754703,1.1622132705325823,-1.3704127774708819,-1.5905542277429194
-1.1844837770359613,-0.8278448790571687,-1.1834605860461271,-1.1702278392782208
0.29363030468090334,-0.8365549821564877,0.9160280806748725,0.7370242796851505
-0.7571873850090269,-0.5054761918906544,0.47602474666647016,0.5729451851656394
0.8451562387957784,1.9136682562641214,0.49425381280243685,0.40353691311500284
-0.5455001066097548,-0.8490456757844426,0.8789157434705542,0.9930216091467878
-1.5736257562885845,-0.748984410011264,-0.072384552752402,-0.008604352073926168
-2.0358145796729112,-0.8232862837181353,1.3629867965339735,1.2630362710935497
0.7554672824563025,0.05515460011087396,-1.162807803749141,-1.223069702764617
0.845394600596608,1.2907843911918515,0.49487557053686587,0.6582544822757843
0.6838926553070046,-0.8384517086075882,-0.615729954860068,-0.5893615176550285
0.8397912774805355,-0.0716519341463111,1.8832027922198677,1.8261319517594692
0.837740325390619,2.1651664414093323,-1.3435768404504251,-1.4982985974480958
0.8028396890936841,2.5342344398251697,-1.0444216403092814,-1.1429663203348077
-2.2063963940142965,-0.776738619181502,-0.8586991727116483,-0.6075733398371868
0.5688893731673427,-0.8217145466843613,1.3046236286074344,1.4251098601453016
0.7840669130080429,-0.13024053565313595,0.4479912676327656,0.2292747598357295
0.841614719266063,0.026287067240695388,-0.7420290772774356,-0.5390727650299415
0.8432879882013599,1.9764581697814196,0.9834371921116076,0.9570561394779745
0.6785847120355927,-0.17360242945205615,-1.2223724695926517,-1.044086676773657
0.8281346775531585,2.290285300146259,-1.621573732128104,-1.8149249842309727
0.8295112597600597,2.8589452195632794,-0.20910736678392464,-0.13230440867610677
0.8461022007695084,2.720770162953035,-0.1625149930603257,-0.03966600109768725
0.8422188217877749,1.05402100672601,-0.14478587384317898,0.003773770151757654
0.8424720116977674,0.3782574224679963,-0.5631207842651549,-0.5191066291142706
0.8426585498353313,-0.31756723149409793,1.7019918321158969,1.8549753585644024
0.8083856390727605,-0.18707422466431223,0.15352742375516246,-0.010084288906225319
0.8459703710828115,1.0501423011781588,-0.41905845879107256,-0.35381348695343423
0.8192794991731255,1.7855838705229166,-0.2788841647139676,-0.3110120484997426
0.8218333878184305,-0.5371575547238018,-0.5386643241493334,-0.40870710394487886
-1.1854318739656073,-0.8123165819871464,-0.8406389060706839,-0.8005202314034731
0.6194031089722851,-0.8286022193698952,0.8923173397283636,1.0928202953685
-0.16329302868109502,-0.7283511924319519,-0.8746200247088881,-1.0304369966784823
0.8457975285931849,0.23020957323281846,-0.3305515644552026,-0.4456817757553911
0.806150369883789,1.5749401939767935,-0.7567905196622918,-0.6717843588423312
0.7809111587030764,1.8515589930233989,-1.1221569182782138,-1.19186563022623
-0.25426741838528993,-0.8264712209970636,-1.4232757446864805,-1.2892524090042743
0.8454360851349423,1.3388854469898777,1.2735069189331325,1.3295973346995351
0.6057846479876408,1.178410427672153,-1.467925105066441,-1.705859368627865
0.8401289187149168,1.002446297225555,-0.2961267839959841,-0.4749837244420161
0.7437010167836619,-0.7319597225408667,-0.9364457419642176,-0.9766233484023666
-0.8616366367845973,-0.8162305864439611,0.11904646313007257,0.3124097739645308
-0.1996543386564749,-0.8482196223528953,1.7925341387977,1.8090139836633838
0.8435827005813763,1.202234811598188,-0.3882054158372576,-0.503977568594107
-1.0926018933204709,-0.8366924839192302,-0.3906033916948741,-0.20537377259731204
-1.4191461710437856,-0.8412028578277644,1.1780268619598673,1.3625619115436363
0.4290093204667424,-0.2737962415854143,-1.6198748024778513,-1.5461194772194757
-0.10138530905102669,-0.8223444224948049,-0.6538678957910048,-0.6262921623803008
0.5649878725207997,-0.8462345252706425,1.030513296806428,1.060151672467929
0.7903113060587829,2.6994108753999995,-0.8001600868260667,-0.9196479567005887
-0.47161124624950185,-0.8455661632197441,2.278387286760465,2.044076557820945
-0.14299045705727179,0.18943660261102885,-0.24103252920374055,-0.27711359687451625
-1.5932203968976557,-0.8299719672999462,0.6976727930212303,0.8589076166929657
-1.8729478296025792,-0.8236591042089905,-0.8211488221475575,-0.646789123935145
-0.3242836434407734,-0.7566429086266169,-1.2146192776746816,-1.1205572117965887
-0.2508712994710734,-0.8340913529995079,-1.4208082150711678,-1.3151479042930458
-1.9489048575362409,-0.5041286207435577,-0.15345514712574834,-0.3087902146824484
-0.18847964498898112,-0.8494474647351976,1.1926304581338394,0.9959015770291303
0.8435069681145055,0.4896482026279515,0.6521142450286351,0.6844652211541926
0.10414101609087906,-0.839479179873372,1.618944491846586,1.767758007783035
-1.8564574050019593,-0.7551418636013093,1.8799283727384564,1.8674501305756481
0.5677398281716209,1.1999650279011946,-1.54598799747406,-1.6457743300546004
-1.4416138506736809,-0.8479363628405668,1.7259605666441022,1.8157549176109105
-0.3682504631669853,-0.8495528741901647,1.8508262974855652,2.0010593951574935
-0.2563624861024721,-0.8270570215810347,-0.9076950557428922,-0.8112249557642724
0.8417580662915429,0.15880774299270975,0.04083115540600079,0.2131489372497256
0.8365535787916115,1.656960192253427,-0.7703710736496493,-0.8124204733313116
0.8327562250241313,-0.39784885718949337,2.1494571351596976,2.2466615066999753
0.8351582067702542,0.26049789522828665,-0.05901974385524208,0.11242798176137264
-1.1534641745670375,-0.8421714526165972,-0.3838399814934535,-0.2027941204407675
0.8341842021722269,1.1214177724791088,1.4958403702359648,1.4481843782407524
0.8353744733426429,0.719442103592601,0.6113933566731469,0.6336692317929321
-0.6499974198780167,-0.8462809678973499,1.0911339550374337,1.0854339192372235
0.8309298340420516,2.341218389243897,-1.3717622904054276,-1.4951148442522397
-1.5674013431511606,-0.5379303880605019,-0.8295848098957066,-0.9399059087017089
-1.157922024533019,-0.8414818553914271,1.5200173188431465,1.6460216525360751
0.8433103509143048,0.1952981346851895,-0.01151806310230398,0.03944825941082614
0.2330801388916742,-0.8478882766370711,0.30403138223090886,0.3401020816537729
0.8348550342496539,1.1102038416348303,1.652483818005077,1.751676099061877
0.8446891452466306,1.1109353025130164,-0.2725273279658217,-0.12002778134050064
0.8449681201275803,1.755337851699433,-0.9540447953474649,-0.8425011550523498
0.844111855053575,2.662776960023074,-0.10800401231932528,-0.12382878959135227
0.8284134639878745,-0.5342723040287454,-0.751793298207906,-0.8274006039491076
-1.8476738009629825,-0.7959448028223565,-0.2600652839532291,-0.010082374986893171
-1.5979798679729869,-0.675758348734545,-0.9441219355753264,-0.7476209695510256
0.7946588810902141,0.7815988886281395,-1.08268806740668,-1.2310938654276842
0.4907131064462954,0.5607817082344364,-1.793507667489104,-1.9383232198419509
0.6309905974413645,-0.7704899882410229,-1.1022452728589738,-1.1846650871256046
0.6904943930323969,-0.7811100608275529,0.18109625068864812,0.022226219137788782
-1.2924068582337591,-0.844542669785848,0.9493976589256026,1.0029786648513896
-0.5085528336230682,-0.8347149588592683,0.5142883820268593,0.6489601703182288
-0.9150995885145231,-0.8479510745651787,0.7946426088675561,0.8012301355060247
0.8325270340451598,-0.2881028239096696,-0.3236269949310335,-0.3147027126779634
-0.07674175761685935,-0.8101978382020282,-0.5035809093828993,-0.3250951046064844
0.7953632328818604,0.4977083573831586,-0.8385615850528366,-0.8789249331925959
0.8332774746769884,0.8191898731094133,1.512857340393399,1.5087566529788456
0.5595191494038272,-0.4017289463969938,-1.535327847341485,-1.571294651372475
0.8444177654597768,2.218098854223773,-0.9652722224655477,-0.8870612542239095
0.8316627285711218,-0.4636566764163074,-0.6546127494129023,-0.6013537894003282
0.11988202387483518,-0.8378325635027366,1.556614729791757,1.615900945403171
-2.185832384792106,-0.8488158314950135,0.011531646635768734,0.24510089127159398
-0.9045653456227721,-0.8278332797567443,-0.03444208694292415,-0.23667196349761307
0.7786463656081234,0.48716559263947534,-0.07125593980833558,-0.18596026276542452
0.8351274816413173,0.347435888839859,-0.26283929861811217,-0.1612786355083656
-0.09008067381941323,-0.6674388446214237,-0.40000547162550043,-0.4330389873361712
0.8270860754587339,0.9587774110351324,-0.1077843257111792,-0.14730421186621162
-1.451256308949726,-0.5446046796730144,-0.805431286238275,-0.5561019388289294
0.8210113933241311,0.8972238444318584,-1.144792720800357,-1.2013387281560521
0.38350997189944647,-0.8347819989058969,-0.31831806131974894,-0.36408598794991326
-1.6009213460727583,-0.8490493334078841,2.130778432031071,2.338269235544861
0.7952586631200999,0.08460303797682354,0.440387157649593,0.4828938950848064
0.8441903286434117,1.2814304142952624,0.12704004188988602,0.020044221998139836
0.08355200236260858,-0.2988903243456834,-0.7099348374504478,-0.8172849313213008
0.8444868964982764,1.5292612304366866,0.29027816248994576,0.14502278042248962
0.8411327070734594,0.9104114728223236,0.5631798110357122,0.5413229362140309
-0.8691055705146962,-0.7158446540613776,1.1629660379597604,1.3445635431754217
0.019199355126495562,-0.8052282100222123,-0.4938009886855774,-0.512778869424152
0.8458818158027729,2.411193019758451,0.7540471142170742,0.8172154349960923
-0.5914110655191839,-0.7743334481428302,-0.7080815530506698,-0.7339283878372601
0.8460463605039594,2.4032219095689125,0.8606273307357518,0.6867098189250715
-1.5823541787076403,-0.8469105058036066,0.9201325345544487,1.0559109400969269
0.7946090693647773,-0.57248012010457,-0.5480171563583973,-0.49268349206534406
-1.1594984971209306,-0.8494482750187231,-0.055796571298409474,0.05185358369743097
-0.6931859471727305,-0.4948742189242724,-0.04455543622018184,-0.22822402268026654
-1.8300800805576813,-0.4590044585452393,0.7122121572840546,0.6303194141527985
0.7978331728849167,2.076226685758983,-0.9411162738279744,-0.9955743856982875
-0.24200848653295004,-0.7933012962242819,0.33752982753880817,0.5830000336796786
-1.9260840403343085,-0.849541155452837,0.5479510460980946,0.6919955578352036
-0.9203974712835298,-0.8480751556104055,0.24977060545201293,0.06963289034401197
0.846189216587846,0.9917039203029505,1.3521261354214216,1.1962778247789039
0.007500205373152093,-0.5206781295923427,-0.8989982029588041,-0.8978366952361221
-1.6258059090192674,-0.8489697174197511,0.026833985751152062,0.0019246398392743305
-1.8311118182320545,-0.8486130678492596,-0.09420064521156178,0.08333760794076205
0.20142639937004014,-0.8261962864884886,-0.954438088055298,-0.9997780419905709
-1.0400933909531132,-0.847821582265248,0.5069045638124888,0.6725503859730414
0.7984067577893482,-0.60998443344141,-0.3923078214924757,-0.4134546629065359
0.8438180225048298,1.2398871417100845,0.3860692539086151,0.4996325829462521
0.44917492931065955,-0.8008989607694385,-0.12461756668406769,-0.29970668420870583
-1.3559128999044645,-0.837266273995119,0.6379687868553168,0.4660876964097496
0.3858414230723566,0.3041298784243973,-1.8369935544394191,-1.8639460589709458
0.7662594047677331,-0.24878502683828937,-1.023536434658656,-0.9861290939418228
-1.964532540843792,-0.8495761150514866,2.132109714803475,1.9885128457664571
-0.6466205322919799,-0.8327229449180702,-1.4705158611018458,-1.1859418639217485
-0.9377254500824098,-0.5132093141493961,-0.5107710683794262,-0.7135547792648749
0.8455349080465046,0.33248810909732157,0.4809677603269063,0.2818301123453244
-1.8440399386323236,-0.7986082560959354,1.452574599014243,1.5005487183211343
0.8433436559083354,0.5294490054860816,0.18400336969808428,-0.09219670759228543
0.844769455891039,0.18794572303650708,-0.18823169324817185,-0.13940419642569898
-2.439643479221864,-0.8111562201885537,1.9478333855429053,1.7437660335989702
0.6438796095331141,-0.7736229166567667,0.30843725119518456,0.2464346077380127
0.6033449213133938,-0.8007625633485713,-0.31868363131466193,-0.3418726206982672
0.7918202922271409,2.17125697611646,-1.708352362249995,-1.8585694880980295
0.8355948286196127,1.4268357002508922,-0.7938824318061732,-0.7816648150583302
0.8434766852058637,-0.3295348956651616,0.9957958117072111,0.7845862992574205
0.8462130315309353,2.3931535929667485,0.19649794520609107,0.004721838026508993
-2.4384622432217364,-0.558680932779094,-0.2508251488729125,-0.09275376871227368
0.8458603081186252,2.1764858401606286,1.4912814498475897,1.585445612997085
-1.2987809429976382,-0.84760656554748,0.30998014660333134,0.4330118491097142
-0.4220107257256898,-0.3838697763736013,-0.016275465380649716,-0.011118182869657873
0.8388655157127236,1.1747673857903318,1.136407510988582,0.9670121221659691
0.8408785046020046,1.556742393862819,-0.5491870732075539,-0.6715400224866602
0.8457846377866589,0.8398769789530826,0.8690788088543722,0.727009892109247
0.8453893145491372,-0.056164311507776246,0.2399598327603326,0.45865663424423714
0.846041851408267,1.7831960681070376,0.27074870305528503,0.013776939749867764
0.8203894236760148,1.1824540641500996,0.11828164200524605,0.1222540943508779
0.7760624799802106,0.09777024305548457,-0.9308890995754441,-0.9697569514594158
0.27626466995024324,-0.012904270502465991,-1.6241013511448765,-1.5219622213744954
-0.9009340508205707,-0.818088592151533,-0.9598201425294429,-0.9804908098726011
-0.77417414628767,-0.8283231274437192,-0.9383441189571854,-1.0938339376321664
-0.7895632080155799,-0.849312118180452,1.360399344064083,1.128303702799577
-0.6367238348675219,-0.8258868297360655,-0.23634690295307598,-0.1633464991199351
0.8144328900687878,1.604719136261829,-0.9158684371653258,-0.8036659373013906
0.8242429492505906,1.059250892497734,0.36246094277893287,0.2444515392474479
-1.5719272057763054,-0.798390107014906,1.7159915659813911,1.7798290832441495
0.8438726475667789,0.49577567085091034,0.8748022989717461,0.6685658832998503
0.6670162025687166,-0.7889951807228752,0.2773213340435167,0.35490458201209135
0.8320123117952667,0.5331454204521152,0.24201931951833888,0.36158225270090427
0.8369804735787909,0.76461701306277,-0.4832607314450697,-0.4926111506759794
0.8155081859800841,0.44054343497555093,-1.0383195622132524,-0.9846332071351428
0.8457201409527455,1.9644251734905038,-0.030951759590037237,0.04899907813759068
0.815946442004611,-0.19756808783998833,-0.683787059231487,-0.8497737072576234
0.3540476356611247,-0.66069474730121,-0.440616340581905,-0.20967444703127272
-0.5502238842670975,-0.847319052792554,1.4685028845206796,1.6528549400178454
0.8436444627738809,1.5991729801364762,0.10159075448121617,0.008755424813519585
0.8024625199790414,0.23842908567264168,-1.3024304635657995,-1.4535746305357395
0.84384589051198,0.3238555306058394,-0.12089948124491079,-0.1571152864329532
-1.6313279496845465,-0.8496410352390843,1.6620844876004455,1.7902566573540954
-1.8092758704904943,-0.8282543907240729,-1.13307186706084,-0.9676908047751582
-1.267503835335779,-0.8434170616679175,-0.22030385386679796,-0.05267144854338519
-1.5268203096778683,-0.6971643052814968,0.3210502990982946,0.5404108234300875
-0.8136428983355128,-0.8490298981225597,1.2319982073069027,1.3998762680244763
0.8373591834772414,2.4643467877142995,-0.698193595478614,-0.7535940009461307
0.8416463436811424,-0.6346185926305548,0.4116678111474287,0.6029017479636186
0.8401543771348998,1.3833140812974791,-0.49620940640654365,-0.561892530160664
0.8324713762237236,-0.10506693151330462,0.42536477877536877,0.5829845604039776
-0.8718554568048119,-0.27082072384569833,1.0402433181495558,1.0137273255433394
-1.2226678259304276,-0.7634751124222556,-0.5476755377597076,-0.4092287075070739
-0.5972193643361944,-0.8438429569482873,-1.1604905426667884,-1.0601108195319986
0.725838049935,-0.7161813430386601,-0.03845480330786013,-0.2272364676170079
-1.1947079049099663,-0.8469388898006626,1.1531999891830242,1.3139207248741849
0.7109075660495455,2.6839806308146863,-1.651990408943316,-1.6340936720025319
0.8313159367366685,-0.30336780260003116,0.3226269995308128,0.13064244034141878
-0.502778515788574,-0.8488354766242235,-0.0457239006406654,0.12449981904430475
0.6282556561765905,0.9483242916522118,-1.7106094763686444,-1.9203496878077029
0.8357333127075683,1.519118107810532,0.22862336316116333,0.2309133498237759
0.8369177759417075,-0.19972569952771776,-0.5069484779509394,-0.6145737972564129
0.5808715856583027,-0.807016044001469,-0.24598381193504745,-0.0443590795601988
0.8457226260776319,2.67087944040552,-0.9764762633395679,-1.0815894071487713
0.8452560175661904,1.8950158644027923,0.5908224599414079,0.6270920175756186
0.7662970354740288,0.15320859152106195,-0.7644858236224266,-0.8408262406889325
-0.7514199148933755,-0.8480027845642667,1.026050486477528,0.8772307944273491
0.844411567988121,2.056604527506827,-0.39835822363036877,-0.483567361659146
-1.3713817347031048,-0.8421251964812523,1.534836475547913,1.6929520116726442
-1.3361968281308108,-0.799916801686297,-0.5223661424595044,-0.6818405348452752
0.810926626735697,-0.46913568995253235,1.4653359040533347,1.5840682649706215
0.8454900165477055,-0.5005006805614595,-0.19712537339112202,-0.2416101640740222
0.8342192820379883,0.08646520018863914,-0.3217340477239204,-0.5177762006382822
-0.5466246267135865,-0.749285303914955,-1.0860870604176516,-0.8564548814114803
-1.5396576308897043,-0.7493643986145259,-0.8727834689489562,-0.7448944328938655
-1.3321721686910113,-0.8031380751479428,2.446306868951002,2.352894957764267
0.845447072219432,1.5945958778072389,0.29352339986081344,0.13709244307634927
0.6957210073980848,-0.8169931974182273,0.10771077132348547,0.2998817641696385
0.843106138475836,2.626499656327102,0.42015750660342793,0.37716737616574886
0.8016165583777222,1.649595986239532,-0.8179472685518194,-0.9664970373718574
-1.5128442455087625,-0.7005834713185773,0.35938970264082104,0.26744833176814015
0.8453461706642206,0.8044497274261757,-0.19778486614759397,-0.19343717310310274
0.8423708760710237,2.106536774443797,-0.5484699971101477,-0.7934694818700793
-0.009956408368917258,-0.8303368576669212,-0.6018373392084356,-0.5186678245092119
0.5123105682453991,-0.6274830865722301,-1.2675989282819498,-1.1310549771289762
-1.0050870860210641,-0.7974419548680011,0.14889061851228116,0.3710684566047828
-1.3749687173849483,-0.7443214772035927,-0.9898507308138604,-0.785687603772106
0.8453715712401866,-0.18042470608499986,-0.06028777332999116,0.15750042346324497
-0.08758483741800424,-0.7474057346325961,-0.8027365185092171,-0.8327730823112784
-0.506338494155793,-0.7815987043957415,-1.6340282630466625,-1.608819891224969
0.7671028202108641,-0.557392717869188,-0.5486731763149758,-0.6577414222823138
-1.4096459889966109,-0.7577146735131032,-0.7828619278284072,-0.5581142936949973
0.8421083110627562,0.7109676046583294,-0.8695983886741395,-1.0655271480924646
0.8119363230407147,0.8356577680779838,0.9989129421563544,0.864862590638437
0.5849034807287771,-0.7776184930306055,0.8513930889076424,0.6275795499319105
0.22540682781528754,-0.8494125423990125,0.9464210912323415,0.8981404585398095
0.8299281674554594,0.8136578794861441,1.1720801677905346,0.9502035917982292
0.7928858384525113,0.6304562431596084,-0.7802741494838211,-0.9473204082311019
0.7990821776166065,1.2211449392789815,0.11426781472943796,0.1160459461369998
-0.5797403612676167,-0.6674832930788033,0.26311437671850557,0.2473414518707597
-1.3360696126633884,-0.8186002828954423,1.4284774363978403,1.3174317350930937
0.5144571468933499,0.3762422884363175,-1.6934779788144985,-1.5627275501934144
-0.3130899378052492,-0.8400684516413651,-0.2707247271962597,-0.05858383761505895
-0.20736310706030647,-0.8391766906274185,1.767315278857138,1.8449819097393005
-1.0816992030271062,-0.802576798057807,-0.8883734436654996,-1.055822144765956
0.7346080076653384,1.3088867028040307,-1.8581026648932937,-2.030106599717885
0.4287671135806005,-0.835552220868141,-0.4193681482861971,-0.2925723074842536
0.84054606487707,0.5298141168787903,-1.0498425412524617,-1.0534418354019088
-1.4576029614877004,-0.7039689531198544,-1.460605715352671,-1.6232125617788837
0.04135835889099459,-0.7915793700454735,-0.2113017710348221,-0.09736923599526211
0.835102965835055,0.014971402311966177,0.8163267924854447,0.758291948656837
-0.32054432362791535,-0.8213647909325434,-0.31382416717020134,-0.0849580979832908
-0.5773466530855934,-0.8403243870467979,-1.3520938267057188,-1.182594675549955
0.7310308935164588,-0.6526959885599944,-0.8818200270655149,-0.957648210385229
0.8340409896772523,-0.06691076799011815,-0.05108282461901431,-0.2366831541027543
-2.0265805853148744,-0.777289977713561,0.503331675744958,0.5116342797952858
0.8456947672009721,0.8864611300044521,1.16571597377819,1.2439106914684896
-2.2651476209925985,-0.8485812610195835,0.9774461688662682,0.8320928365751757
0.8442236946180887,-0.05397935575638733,-0.03189462692431769,0.09229882275192373
0.8369267355893354,1.1729411714250522,-0.5232013163564025,-0.33701039183337983
0.8419895345047661,-0.45074576099045033,-0.5260835915830352,-0.5853446943602104
0.8318323281843645,1.2315856387076123,1.1052383992412271,1.16394729992864
0.7722588652186989,1.8493459646865127,-1.8593549100208564,-1.7136209348729206
-2.547360932764947,-0.8491749457048523,1.9174984459624385,2.011061531868689
0.846067429962606,1.7619640486198065,0.4042297759898815,0.42157040189645656
0.8431015878037298,0.8593981323665876,-0.7719430702364228,-0.979528087851306
0.830522723159771,-0.5147042750509951,0.504475607895564,0.468987940619719
-0.6657629347065877,-0.5522695870683223,1.4402626508561363,1.3307820771497727
0.8222818289361612,0.6877895877179842,-0.8212080147579418,-0.8121876065113879
0.7175373934975433,0.7181297624077675,-1.411983937141343,-1.3749532529653294
0.7684094940561049,2.659914084470001,-1.7803223901146992,-2.0037292469142547
0.30103660977707025,-0.8207404648751699,-0.5879401797012103,-0.5296794337618417
-1.2505109979553364,-0.847652721998901,-0.6678084713301059,-0.5905499170564853
0.018851168968690955,-0.8092617697977587,1.6713156614081144,1.684038428896632
-0.856902070674776,-0.8305316174001158,1.1098380063992561,1.029595769097983
0.750542538751869,-0.6005637538150282,-0.8105476862954184,-0.7848849772356504
-1.3559752655399715,-0.8321018255431435,1.0887929142794797,1.1339872145957377
0.7602349932717342,1.2776372758724095,-1.2371560560260646,-1.1762728055671028
0.8454256024832345,1.210645541300969,1.2767087527137932,1.2323688529495969
-1.4672221144144877,-0.8482444537695398,0.8130707370320807,0.8381659246289126
-1.830804592901776,-0.8242260866198057,1.687974701190731,1.7023350151512886
-2.137187980772175,-0.8214520262085971,1.1241055986202009,0.9805332660554423
0.8280252642738176,0.9373699937321998,-0.5774253064980248,-0.654930170036225
0.8454285073609592,1.37988390837273,0.5940896226270772,0.37690519020343444
0.8413569341828057,-0.04374838571245661,-0.2831305878416304,-0.4066672769963896
0.6234950085898322,0.8972546522294392,-1.6420085517231233,-1.6794562642376547
-0.4853094271874885,-0.8490458508880437,0.4310365161063215,0.2955191624600457
-0.9571052749503768,-0.7691560551295679,-1.008338157600134,-0.981542427561478
-1.8631554576985216,-0.8470109723006222,-0.6449146718225017,-0.6371370333011577
0.8462096819114401,0.8901223289389133,1.245356141674863,1.060404864414385
-1.7275119279008615,-0.8370574379813305,0.17957269779623317,0.3925832460090909
-1.5610488147640167,-0.8475094348385791,-0.2756062675143137,-0.42590837191181324
-2.2120477058055514,-0.5267763909317166,-0.09562364402069891,-0.2940031727629248
0.6863559264992397,0.9372237262217037,-1.0704309308413236,-1.1863610574264996
-0.7297972839211602,-0.5342373631201162,0.7560752389196014,0.7991182253960982
-0.8209885864955441,-0.6745536462229237,-1.1967440200516057,-1.0741825429564982
-0.7558204154029239,-0.5022194378948077,-0.5077967846469074,-0.507764375127395
0.8129050265247854,0.6983987663046427,-0.7197511329920108,-0.7431653853243841
-0.6709299756117639,-0.8467598485809943,-0.3094854127304955,-0.44394897255829563
0.7876556458468849,-0.1476310897913915,-0.7407749143082679,-0.7810477186789517
0.6291279286183333,0.018236528256322125,-1.2431550385498582,-1.1096453819059249
0.8451547725559692,0.715829311600014,1.0181673378528842,0.8478125310951734
0.8422983292109226,1.7272914119366223,0.5930760665381646,0.6752920007394572
0.7459728064273337,-0.6939062663277957,-0.11347341659122638,-0.0840150289143097
0.7513572880003638,-0.2778728390612752,-0.09973725848361688,-0.2939183388233224
0.48924025992572173,-0.5199735661021676,1.1838852533122075,1.2382854164468475
-0.14238447788846367,-0.7418926209534018,-1.7845549234399474,-1.542486480245815
-0.42065739575362643,-0.7704630562929956,-0.06242145178357231,0.13707339870861165
0.7490749775823822,1.183897562978163,-0.754430469959689,-0.8933436197773429
0.8209496336852004,2.078367851179764,-1.3615994350862735,-1.2383931878211398
-0.2740630574956504,-0.8392271269113266,-0.7006899241553601,-0.8666159834452943
-0.43953385071659384,-0.8484116823277026,-0.5072040253690269,-0.4504535823077817
0.8352493921171615,0.7339017117856318,0.4602665058492505,0.42511943204747304
0.3513747250998982,-0.8480773598908645,0.6993639502090174,0.9249612187017568
-2.068199165179499,-0.8457468595059684,-0.7011972197687775,-0.5627075321495265
-0.7143703497288878,-0.8299495710951783,1.4244808288832316,1.225211460164946
0.8056566828207845,2.1831622539658118,-0.9684386150823246,-0.9272296564946876
0.8358138993951788,-0.6373776156175153,0.15560667802059003,0.26096894090572115
0.8444474353623269,0.6495259902666294,0.13517093940380365,0.26779035705664395
0.8280365899354,1.5244886738965262,-0.398011196498677,-0.6283951896694229
0.5384069031546974,-0.498210865670224,-1.4205209034427577,-1.4718102229698935
0.7863210367678498,2.4392509224965497,-0.8464509450929995,-0.7048312753967282
0.8416566944331461,-0.056113574989689406,1.797833276985961,1.6953057313581315
0.7900704474042991,-0.40430315491910945,-0.6984730519877705,-0.794204126617158
0.8462445110128691,1.3073040227252641,0.7491702332646664,0.7576448827974674
0.06763065043097383,-0.7222948437331613,-1.5905167274177976,-1.3551182926867202
0.6657900893548513,-0.4742198515792271,-0.5565067368228277,-0.6367109327293018
-0.31604931913310214,-0.8374867307382663,-0.48324913750765663,-0.5075185961949048
-0.8011696894028268,-0.7444152642688823,-1.151834360250514,-1.1230619682037941
0.840726124710779,1.861550241760382,1.1724662332013953,1.254243468570411
0.5492386298791478,-0.6563434806745002,-0.6269147729761068,-0.8079064150485669
0.8450658801442693,0.15684625761843007,-0.14141414906330832,-0.08868299900917619
0.47984785145571274,-0.7650581335076357,-1.1644517337469276,-1.2747785297334115
0.15439848401752407,-0.816934828457185,0.6864497617300576,0.7822097457933481
-1.399256674609102,-0.7972193391704882,-1.0856165614633706,-1.2268194353589241
-1.7677452886538665,-0.6833883366629375,0.23342646059041433,0.439413289924472
0.8437014699339097,1.6842735538133657,0.08946410971735012,-0.002378259136532994
0.8403919906409901,0.3113208070393217,-0.06902356979123771,-0.251603812537342
-0.6544447858491951,-0.8461598959846295,0.819002688505206,0.8431920296187788
-1.7495042398244187,-0.836389652663373,0.1361027859749198,0.3165984533528228
0.8461591701095563,1.7775108259630996,0.6338892795463239,0.7662057473135913
0.2511795522262934,-0.8379711786966335,-0.727489783955633,-0.471150964308236
-0.16542393476307293,-0.6055526095132862,-1.5527092291301114,-1.5802769259494063
-0.25382301988569483,-0.840211768039577,-1.051082756536411,-0.8906969679694003
0.8270686629531636,1.5359959437685353,-0.5692363663840483,-0.6119909938059775
-0.9959108437467069,-0.7447295035223401,-1.2238951481958231,-1.060536230359482
0.3769118639541416,-0.8455303874268006,0.20426236589604319,0.42442535872678905
0.8384740874509445,-0.519903713262677,0.872892875484202,0.7664209864167255
0.8400550277204595,1.4870026311221658,-0.9014026044678247,-0.83634201635592
-0.19461539353798565,0.18751371625285507,-0.9737107774466606,-1.1872228008269292
0.7599740015344107,0.4632657073230453,-1.1863268563224185,-1.2959580611446877
0.8437371377627852,0.21515169586181168,0.24740785015615066,0.10472048547352537
-1.367710934600126,-0.8425149058790783,-0.4335601999775595,-0.3563459352404837
0.8458441026354155,1.7241440786075475,-0.26675649731636225,-0.14572322039110824
0.7907139624232908,1.757408965305381,-1.3516199712249,-1.5513017237011575
0.8430587063678522,1.867606862571842,-0.12789548288867625,-0.37756684909924165
-1.810283477805571,-0.849407029203636,0.7917324535722644,0.8223822989003199
0.8411673149432006,1.9392315726778522,0.33512336235506834,0.04591566102027634
-2.098888158843097,-0.5291408989488017,-0.43071761068259573,-0.16602445316551845
0.34647972694203555,-0.8279265617179102,0.27369231958567447,0.4680698426453252
-0.20348096294141377,-0.7900705214863945,-1.3179572791908691,-1.1709153606520177
0.8458794745107917,0.4848270961721498,0.3929230789298417,0.20400866288542577
0.747770884450203,-0.8384186605383274,1.3014934593886058,1.306157736823345
0.8457353692353229,1.3934707292935165,0.7231168456521734,0.6036545075060232
0.8109918089244235,0.008060286452083273,-1.2821282070523028,-1.414537962240506
0.2140815030248593,-0.6901088989488604,-1.5155810876270217,-1.2484085437179895
-1.5719038864784398,-0.36921350194342034,-1.6349445903315505,-1.4300880266999283
-2.137593467982585,-0.8449909614767236,-0.2546820586544586,-0.3296549547576587
0.7946762551984368,2.471355325340401,-1.18739608688451,-1.068979612327267
-2.4156042258057484,-0.8453980576733024,2.226597939404124,2.355960837034038
-1.73169898788258,-0.8426025001497857,0.1700547793845589,0.4153664437156136
0.7902945869827378,1.3542300762623616,-0.16260454662484625,-0.23813071077020936
0.2946323898042912,-0.6308949891783403,-1.5150014690763094,-1.6481813060078319
-1.9675463017807775,-0.8376416121818322,0.24371237765517328,0.181767470342653
0.8367163023717803,-0.41478195852711547,0.5002348890078728,0.2883212496175689
-0.807634268027914,-0.8487667633592173,-0.0024563303655332582,0.2832041736199977
-1.5659920037919466,-0.7995634189018063,-1.1833094686374959,-1.13918849786486
0.8405367822675062,0.4798726561576994,0.04273990067457668,-0.005011736984619126
-0.8875798200322252,-0.8483866757929338,1.2035566814234497,1.381120070791907
0.8408435237076904,-0.5839037955720557,0.3694002085156217,0.5333182703804598
0.8196212518169261,2.723894880814238,-1.824015198163973,-2.071966991016664
0.7784893344677055,0.5173463758289514,-1.0789410434318647,-1.0437991695332904
-1.7942542931033594,-0.8476116010819211,1.1408021272223776,1.2374055349462079
0.7677770587177551,1.506271342451815,-1.3576032333962178,-1.366838543116721
0.7678466838321042,-0.23222818415088198,-0.0446887330344654,0.008646516883390363
0.3134273451201091,-0.7627681872571046,-0.48770686539167235,-0.475668887039307
0.8272631099288539,1.0288310054159808,-0.9287112419347705,-0.9333496129807144
0.6152208174717407,-0.8401296673797906,-0.863054457743308,-0.627653511592267
0.45733506678349317,-0.6010284840495829,-1.4043912107370453,-1.1919600755320316
0.8449858399512807,0.5514670146903614,1.871867304812687,1.7394173261562054
-0.10114470806177572,-0.7996538473826974,-0.016172530764669422,-0.11376318713112597
0.8352207206028978,-0.27008449710203936,-5.955720757686093e-05,-0.05774944240826933
0.8462479588485682,0.029407016207596153,1.582257522497142,1.577949848671809
-2.2524907038559925,-0.8488776199262569,1.270531967416771,1.4936134677050783
-1.2607082411406112,-0.7863047298574027,1.1268367963675139,1.375536271024475
0.33866702212348393,-0.4171386557946643,-1.5409013659737822,-1.6985332837693374
0.832280579731859,0.08236915167491429,1.6872711364777984,1.790123213454702
0.7991206691075518,2.549501375420531,-1.627274519839449,-1.6379304734111841
0.8088830964148437,2.036018115183797,-0.6113768791877736,-0.8573814372479671
0.8398026050645812,0.7863087976227672,-0.6180108604257024,-0.7082569331872248
0.8448813394500486,2.3705137681959854,0.5706194291434968,0.3937726688467677
0.8436524999203668,0.25023814966518176,-0.7279122072793557,-0.6820000023227522
0.8334071318668287,0.4541512255667627,0.2304952383353605,0.3601548552235457
0.8224628644213029,1.6170148526343944,-1.210088984523047,-1.1790323348793463
-0.9309867364568499,-0.8098859477740666,-0.17883634631031417,0.017984796403842776
-0.5416266958233062,-0.615208839745909,2.2214446731955952,2.177237502900689
0.7207038599608558,-0.44125461793328424,0.6178712427939086,0.5178181514476068
-0.8726828331220451,-0.8276286798205521,-0.10645393771927447,-0.1069078843860271
-0.567594864710822,-0.8478015813305384,0.14312618628304186,0.006441505573271325
-0.38823296497868737,-0.33293759283549235,2.023295187843456,2.0201644883884824
0.7787691054928978,1.4477407803697302,-1.6101465608485497,-1.8353917276844112
-1.9078109100412273,-0.7849622519907666,-0.436701985891834,-0.42712064299923574
-1.5912542077671261,-0.2840896668191159,-1.1149843263828674,-1.2909171807735964
0.8082107811915918,0.006159816446891888,1.1160757579123897,0.9947468013438644
-0.4208826193622345,-0.6132265810095685,-1.6006329630110945,-1.756207102502165
0.8391381634463451,1.696357502695414,-0.3221647931447157,-0.20653660860121636
-2.3578852479212817,-0.39394967588798824,0.44728423468276785,0.3370033890652316
0.4119441082917361,-0.8135585164430237,-0.7457062286178594,-0.6640833003136979
-0.1786916916687743,-0.801459924848058,-1.5655937820196792,-1.5241697847939997
-0.5748883185875823,-0.04117238108197416,-1.1324656948452012,-1.05616056204695
-0.8380053861729697,-0.8005559421452598,-0.3176300382745366,-0.33749813125830097
-0.7403636628766554,-0.7328697293154953,0.12173328520865329,0.257221687443313
0.8358271033000596,-0.20163704553188203,-0.299821631313942,-0.45801909343112346
-0.567171517516987,-0.6800971706316754,0.8436668419688315,0.6527546434438481
0.6137443225383503,0.5873893939667462,-1.3692362867673804,-1.231914721704227
-1.3378272554101336,-0.8487217641286928,0.5667741338469297,0.40506503971006247
-0.5936524261494887,-0.8441596755594377,1.1042905102204135,1.2175629471886777
0.845747430983209,0.4001433123836382,0.5797992140678887,0.7630337245900048
0.7382156316621817,-0.6750435444330275,2.186484806757087,2.2758872339313703
0.7789188298135742,-0.4872757622137534,-0.3663322638323027,-0.30755976917918326
0.78975955432727,-0.012296105311372534,-0.9076628214013267,-0.8887161921394099
0.8444662847482601,1.191111856655946,1.0832888768612292,1.1359761157272263
-1.3220886120726534,-0.8087282772297919,-0.8574450652517495,-1.0282756026847613
0.30495940938348143,-0.8482016931681636,0.1512144554433066,0.284265602805124
0.7019101383655796,-0.1318376692277265,-1.1595258258650163,-1.0630653474417222
0.8458020507649952,1.3538507785314897,1.8691042953499861,1.7784495048032405
-1.7632566566885872,-0.8224057891695771,1.4458222909879916,1.674820435470367
-0.8716347213956118,-0.8461637789724084,-0.29834143928890156,-0.09367655128868665
0.24266014070819253,-0.8348511360052856,0.6498685886650929,0.4575005327139729
-1.4603734896173255,-0.849545221044179,2.3840662155804324,2.2137226154770318
0.8454334067987292,1.2302738502325237,0.7533339263451824,0.8708746321359299
0.3624402252893592,0.3728217166252348,-0.772862894895582,-0.6814008540295611
-0.8586584919033239,-0.8436724729021896,0.9725909078456586,0.8105455543604877
-0.412434222942589,-0.4364185537219745,-1.2278773558725549,-1.1149739974096784
0.30195135214663116,-0.6457818788453048,-0.9874177550201138,-0.8285648025385584
0.8418613388275211,-0.30892742687530933,1.717396457541083,1.860634362180123
0.7757206491883332,1.2337482293093855,-0.9904699850441165,-1.207378555380508
-0.3220108102318517,-0.8184056660441197,2.2418550718971555,2.1846436148789907
0.827817946934672,-0.16423596966138007,-0.42926936918990416,-0.3716200222531209
0.845151017028833,1.7568775053624264,-0.19962347777493683,-0.3780181078176314
-1.1588764107547853,-0.3803830566887509,-1.288338749367653,-1.285334255582183
0.8386293485112949,0.810233332088867,-0.9991411120715314,-0.8455216394697308
-1.0700863026992,-0.7289552811919577,0.7670768720163509,1.019517986613175
-0.649176830386511,-0.8106621676975425,1.424479755983439,1.398388420842009
0.8275603906257256,-0.10070022013151225,-0.7192768310995582,-0.7811773612398676
-2.6392382737951046,-0.8459344565828887,2.5902079556114934,2.4047439013688017
-0.3443109308014454,-0.6704557317260496,-0.2887911931257531,-0.37187240939122
0.811888263136627,-0.28291989410433105,0.16896068368065995,0.25268821465006924
0.12586881643361011,-0.6236399474848443,0.3533703897339707,0.3582087219798423
-1.9272811843837188,-0.8462581957128527,1.475050129633444,1.3269476693619437
0.8462144775827467,2.2106346034043676,1.1973571818269604,1.1363882892693435
-0.19618837460717667,-0.8489308403375195,-0.16397288352717607,0.03620157956979897
-0.4054205680405516,-0.8293155990951405,0.3094942962191376,0.14481375840519625
-1.6921149895809935,-0.8118897153929804,0.626736751548561,0.7173798832051044
0.6601317776886992,-0.8429351358304018,1.0924226597237459,0.9029361240998758
0.6761478544517145,1.1936557158069343,-1.7645106622092759,-1.8526491246072208
-0.6821543281079554,-0.8475467744116748,-0.6451801191132884,-0.7692763799018217
-2.2637363250634266,-0.2673957373076631,-0.37045682200542274,-0.31741365235091495
-0.6818590201127018,-0.8409365225331388,1.6350987524874203,1.7082488733565373
-2.3801419676803763,-0.8494528841983207,2.3171843909139005,2.2566702205028824
-0.25239843843621546,-0.7270490836311542,-1.3996589910164143,-1.545606619133956
-1.3459212638922302,-0.8450962703631103,0.3136547161201901,0.20488013592445067
0.48374366086907095,-0.8264155317492666,0.5873619701497281,0.510539997307754
-0.8495103464592137,-0.8310190421326652,-0.9607112646551611,-0.9984113234845687
0.8097042013582104,1.8790373515978158,-1.2678146650818094,-1.4438332288812823
-0.4568076151010791,-0.7497644761821717,-1.3158462826510098,-1.1781974682221832
-1.222760257833091,-0.8456379080567228,1.786554666155582,1.7251323476243385
-2.5348275638035904,-0.8409506655121903,-0.6304363829552287,-0.4342651797465135
-0.7546121419871522,-0.8345463349987944,0.414453148002162,0.4990997822334868
0.4450083112759974,0.10081788434214425,-1.6472428811599205,-1.7157287435798514
0.39099114341165997,-0.29911997674922985,-0.2373434492793647,-0.156133542631353
0.8437054850152275,0.6676050910184477,0.17891711801456175,0.08270706104395836
0.6015811235542555,0.06765369363004238,-1.4175338753924869,-1.2599891732852189
-0.18288043071790902,-0.8495624575713243,0.901813604507098,0.9376702921762605
-0.1476701057514962,-0.8488442623549924,-0.20757788325721382,-0.13584741678741902
0.593042414654473,-0.8075602403359889,-0.13677072933552256,-0.32591780218883304
-0.5905739495285167,-0.8410449540211422,-0.37978966857554924,-0.16872276925893467
0.8404137278768175,0.1680795468619884,-0.3180289518008806,-0.5046178939919262
-2.1188177883390646,-0.8408191795404619,-0.42913590008473945,-0.2477992361827469
0.8065430390780151,1.111193441966377,-1.607620889132737,-1.4587011065688382
0.8389914973108287,1.0813600666946062,0.04400223866921512,0.04510029752412751
0.824618864803027,0.8385328520132992,0.6070634154652191,0.352711581384285
0.10019295825203092,-0.8452739472586881,1.9590829091923858,1.848451541165035
0.5192970229819093,-0.6771870138426221,-1.2020443002964343,-1.0429389434479341
0.8456152213262954,-0.04845580901002165,0.927008040735029,0.9025600572154329
-1.617363964104941,-0.8159584493220423,0.8324956193838607,0.9529423079744748
-0.9344302120270969,-0.8434401002363141,0.8309110878748383,0.7753500564990017
0.6315385377038312,-0.28355066235840837,-1.4514619875580863,-1.3456462735438384
0.8439372022746684,2.6409202809904446,-0.05247178597554403,-0.3366465357065398
0.05709659618813637,-0.8491509935025199,2.1535634535762167,1.9153209135692133
-0.1188906981976811,0.18583455956102626,-0.6838731749024592,-0.537311064221213
0.7391215107527905,-0.3216168011629526,-0.38933483556293985,-0.40920252544278585
0.8462115072063073,2.0054604686357287,0.33053749069720867,0.3504021331881261
0.6569528029216465,0.773077570958056,-1.1441786968755956,-1.2834305949339633
0.805977995639074,1.46753867990937,-1.281284565084586,-1.3683278158100682
0.8393404201760802,-0.2874209495891254,0.6234617914203199,0.6244339613793191
-1.8624870061443288,-0.8441864549182092,-0.9314287962384394,-0.7509058824102128
-0.7239348437267501,-0.8495670397713497,0.8120838371671855,0.7124928107586491
-0.13421646903497692,-0.822884031393236,-0.0751041684873083,-0.048081606305009655
0.8287894725831012,0.3617772691819055,1.0986039014591824,1.2172757976528714
-2.4108371280382848,-0.8029910944491128,1.3206142651067694,1.4868317557288406
-0.3295584681921955,-0.6170262074155483,-1.7800592502615815,-1.9351285575504928
-0.28186395029996836,-0.8453613831537269,0.7066330676447818,0.6290556756453604
-1.268042597073049,-0.7159207057234473,1.1491209505439661,0.9397774779747374
0.8081365165584016,0.3862140094500419,-0.12477435356578599,-0.23076268911075076
0.011276822544880749,-0.8262703355438634,0.1635568307329862,0.23621078754887417
-0.9127755048307441,-0.8319764046834811,1.4533543336324342,1.5430910547634504
-0.03561331220244138,-0.41817779511535136,-1.0330557661134612,-1.091582403476248
0.81374437633485,1.0374675370165118,0.9938457164898933,0.9483568946901009
0.8396529110191774,-0.039811364071422654,0.5014687919643779,0.29688485404063736
-0.8654545995919511,-0.7889592484839594,-0.5874896512951426,-0.669479416911835
-0.216203921824488,-0.8480533242432138,1.150404724731838,1.347564840894059
0.8021107770475656,0.33171425305252156,0.8143673046701894,0.6281274564804062
0.8459227050448914,1.7306558820248623,0.8977129619982666,1.0343071839900981
-1.4806436219144534,-0.5966864499485226,1.135156233961404,0.9671797221114786
0.6012468343706633,-0.6816416598076899,-0.7805069672040075,-0.9430226141784563
0.763012182764998,-0.3505470419009549,-1.0259990620121846,-0.983687186871865
0.8448726367349451,0.4731510577834484,-0.19173945385062244,-0.41260648463431243
0.8090899954775599,-0.5393250372806598,-0.9066160207227516,-1.077444754800966
0.27376780759811215,-0.8124263162735417,2.120244119377183,2.1412736246258297
0.8365102388195189,1.8281320034224797,1.66266904175002,1.6649637044473078
0.8236381876822297,-0.037482099352560326,0.04251083195115577,-0.1076686888114857
-1.3939780877589303,-0.840376107558854,-0.045612122235465284,0.027070392083000185
0.8393313564389737,0.5626647381107431,-1.0868604448653765,-1.156892958631947
0.8335788403884521,1.6268037356340512,-0.025637288156900195,-0.14900351236315856
-0.5645705690066919,-0.7328926485937488,2.2584637256362985,2.179132313981954
0.8456694777742995,0.40616776100961294,0.41482318531105783,0.3261692752097249
-0.7456991261716627,-0.7986352470424315,-1.2583378388628859,-1.242479490840693
0.24364759815097053,-0.8458860602400429,-0.31793789212537377,-0.16127167020479138
0.8247305077840951,1.1211538268870243,-0.5744421778503299,-0.5048650016823037
-0.054192020114178514,-0.6534420537244386,0.7221458262657028,0.6107427494152218
-0.9476633558943796,-0.8493924984643492,1.4221583186810274,1.5222547905899109
0.828025120565825,1.7786200476422809,-1.2721353499072372,-1.3293749527962817
-2.123569269519234,-0.6181540610243101,-0.8034402450586626,-0.749577473565958
-1.5578492019656167,-0.8414354844193835,-0.7311128130073227,-0.6898689688991411
0.8318262771308358,1.9073006256923377,-0.9719068270135052,-0.8557685278093768
-0.36807832181639116,-0.6546814822515695,-0.6086072500009285,-0.7144426935991723
0.7319659905501164,0.41804206579927733,-0.731383488019063,-0.6953341035804753
-1.3252785883212432,-0.8476808019294473,0.36243726114359154,0.34354176902273026
0.8447184654471355,2.084560507689046,0.4691826355396181,0.6150018452242023
-1.6004981168929522,-0.84969713293987,1.9869773323957673,1.8442944055279915
-1.2993882842043356,-0.8368693241138596,0.40620603527963167,0.6052868308448567
0.7271654913643969,2.370115824596638,-1.4424383913482917,-1.3118254441036392
0.35500894437134134,-0.8456492909776121,0.360843125920651,0.3078582226910858
0.8233348291382758,1.5846694544605129,-0.5941696272810946,-0.5045533820997953
-1.6080119441760339,-0.8435744564032279,1.8712067446357838,1.981299072920058
0.5834182215040823,0.8875928025891489,-1.6409156501428128,-1.5586876302910442
0.8453078435671725,0.6491139393415758,1.080780855623375,1.2171951786411537
0.8041988890781019,-0.046055252911579365,1.1449990280008673,1.0762529669261125
0.8455541806468148,1.5141258943162288,1.108766516277021,0.8634217749743902
-1.3180988680077395,-0.6376291167101169,-0.2887047624097683,-0.14663876099543033
-1.5938733946160597,-0.41961734861293976,1.2847623625061135,1.4947631925013238
-2.0684198010050574,-0.8481240026685394,1.5981137049443148,1.5647022462595692
0.6284418738590367,-0.6202843284305385,-0.8815112885323224,-0.9149527131008771
-0.9545870091786007,-0.7065074462076657,-0.2300912012691251,-0.3620480356413769
-1.4154108272608088,-0.8442539246674882,0.7252711868849455,0.8535237435338912
0.051698294124613395,-0.707708548888535,-0.4754000419399821,-0.49659269511767745
0.8371575673709213,-0.43308897730026963,-0.32944943474958577,-0.24037794705368926
0.5853499654049727,0.5777138178653247,-1.4878049899217765,-1.351887812090116
0.8039520239864152,0.6489024019841964,0.5971097721379621,0.7157934470664559
0.6490361272936548,-0.7959405322737484,-1.0035963333418036,-0.9298366325800073
-2.159138805471287,-0.845972405597472,-0.7173214256498791,-0.5261008524180191
-1.2569319363939888,-0.686114358985017,0.7548999220987647,0.5320534573603427
0.8457972414196397,1.4973295603722856,1.7072381283745697,1.4445080060170505
-0.08217346084171567,-0.8483500176743555,0.1267141623383295,-0.05309989723392198
0.8291907412920801,0.006840157344690797,0.14660165608942521,0.30649181338846104
0.6019338414850541,-0.80425071989666,1.7783626847390894,1.7663114185094102
0.8441516717263291,0.28223708030973094,0.6200981841733543,0.8066313146435667
0.8381307253767788,-0.42839290314146433,-0.6410461795822835,-0.4688842194379936
0.3540554944348941,-0.8057128067132815,-0.5928154216952201,-0.7715059005306422
0.03498680393461524,-0.7357120965364802,-0.87487392508643,-0.7791315005576874
0.8331839336591538,0.6574687934284703,0.3274419201236212,0.4175025982991533
-0.31742616824606096,-0.8120129655169614,1.501110383181345,1.6199390246923937
0.8445375416725154,0.7568788812239121,1.3173067719493232,1.0937552116914016
0.8456414282016975,0.6838234977605165,0.026924150156715686,-0.13727058942930873
0.8434201555735527,-0.11423428581758435,0.9003058923425542,0.6764465731351752
-1.8519830240769029,-0.8473865141362505,0.808125708451045,0.9671755760636331
0.3483667524411885,-0.8407791226835699,-0.06022248799549963,-0.13022562751362324
-1.1137194348299806,-0.8320954127439193,-1.313409580479262,-1.268129891775394
0.8373733996143218,0.052348895461117685,1.1864166977812514,1.1176529219765046
-0.543093686302468,-0.8486023527935074,0.6502259718128645,0.7997941169546068
0.8412478049065093,2.4515268283006586,-0.11218148693768203,-0.39253759118631565
-0.04192713808134999,-0.697693573661705,1.9539727492751573,2.1091215101367298
0.8413211731320192,0.8967340999041045,-0.1897088970780156,-0.10702493583010707
-0.9352378010113741,-0.8196089886337635,1.8818914765666501,2.019544375004676
-0.9391752187004501,-0.847532005365615,1.5798384183963912,1.4371363930647267
-0.3933184590013668,-0.8488912846549014,1.2159724336711772,1.3830434194517243
0.8390879612510609,1.9987828754877062,-0.9547141481895328,-0.9577980343971096
0.8437002608733897,1.314018214599697,-0.11663400329655835,-0.32008204092252457
-0.2455728087221847,-0.810579500663621,0.14166149268700437,0.32277662858747735
0.8311953889951832,0.5320275370856354,-0.6414109803454203,-0.8159290385218037
-1.5971958358311495,-0.18620133849829196,-0.646283253807203,-0.6668944386815963
0.5032393367765498,-0.8401897313882852,-0.5248538496373886,-0.343704003954295
0.775040718918835,0.6916628979080895,-0.22144689701193745,-0.3418181049815606
0.8330725507377275,0.6685321094682275,0.5266614532914744,0.24859643974423098
0.24227885229287818,-0.8479096871579553,-0.46473279806438855,-0.5582233793663633
0.8383002649009056,1.2418666826396403,-1.1076715307342706,-0.9758349657554858
0.8434446060921607,0.4816779377288422,-0.41072084928573,-0.4027098069584706
0.8415293106284244,0.5489302150144585,0.9342269845083369,0.7321751015384386
0.07868164761664675,-0.8051934262914521,0.2520336042494902,0.2328930322383972
0.8330440037646241,1.1352819656284054,0.15631943938936532,-0.05289178138657543
0.736232910757873,0.8522591940119797,-1.4457928575098085,-1.2682371312995817
0.6805434226435667,0.8031957274243013,-1.7369555727546728,-1.8382628644855803
0.6055029681395329,-0.15473453674653345,-1.1143865566006854,-1.2228939513436183
0.8438573807877036,-0.38317088837416446,0.7796210765964727,0.5328895203642027
-0.3280782214447357,-0.8449621210488452,-0.507382965710791,-0.4194402320525168
0.8220552681382483,1.3138648178213534,-0.709409568453005,-0.7715639989419836
0.8338885495645629,-0.5933284358732928,1.3027007053479929,1.5024110246271227
-0.711470193715503,-0.7806594082417405,-1.2339335896248018,-0.9961799563408281
0.8374976146776687,0.7974994069388319,-0.747175591907784,-0.7969278870543569
-0.471345981772329,-0.2957380844474691,1.3480900048683735,1.3144085752958112
-2.2222972684907907,-0.13723927813080844,-0.5987847799187452,-0.35751187825891534
-0.7948659836794867,-0.793740420908071,-0.9955051792336836,-1.0218577794834256
0.8457861619856232,0.8445248370398198,0.34352360883765765,0.39359904384228167
0.48476230384070956,-0.8486797715444888,0.8180063499056963,0.7971738374528069
-1.6925886373152703,-0.8440172503100821,2.1346030994131797,2.065252212786705
0.845565421314636,1.3259812981727186,2.0057003022427975,1.7586099191751867
-2.669618257107774,-0.814644276114001,2.065372024053186,2.0960900955488366
-0.4262718342949838,-0.49389165848077726,0.6304273952800612,0.6262079826580916
0.7519847702662702,-0.5949697294951403,-1.1481346720758852,-1.119172462841366
-1.241438775955491,-0.8456951716523742,0.40954341908114567,0.33648050230498844
0.8436492069021071,1.467890693392123,-0.8240167654600292,-0.7210420590666223
-0.6196176290930266,-0.7844352559344314,1.8882135489214615,1.9417369437403664
0.723287435822854,0.8450892403850605,-1.3265396041503266,-1.4871481587031774
0.8462098984289214,1.2020108162996004,0.9101101899025094,0.661512421117896
0.7531576832248147,1.1646126668568821,-1.1546592226303278,-1.3125461800041762
0.48737670209805123,-0.8492970244623128,1.953985582589828,1.9634144186872138
0.5137304185203516,-0.5781364614701809,-1.4185031384825213,-1.4811779433240349
0.8448005618939387,1.1329466968502235,-0.48482767403564336,-0.5034569562196077
0.8104111719880633,2.6653465675484638,-1.630051855866982,-1.4930019235206777
0.7799041089188276,0.033184152482814325,-0.6357297981549864,-0.7162862504079837
0.8400182602574142,0.5574705967607713,-0.7410223798174848,-0.6852789624793293
0.8459435917424442,0.3522685456524675,0.5440390265941638,0.39665352476686205
0.8338345455430513,-0.5868248453158232,0.21279664536395462,0.05091790518554537
0.24874575405473168,-0.2783214848851104,-0.22607731403519984,-0.41384685135294613
-0.9590768996214468,-0.8453527213928546,1.409068401277482,1.622108686522326
0.6558513252889002,0.9882652518828589,-1.28804411030261,-1.4180821006380397
-0.9933623996815067,-0.8414446397769215,0.30670915315520514,0.3164139980741306
-0.6435346473361444,-0.8375108324792516,0.925119112976523,0.9392774460457283
0.7883068669462818,0.26188552544996085,0.36004745185106063,0.14395514437669346
0.8352276098367225,1.2307512598458983,-0.9728497751326599,-0.9806955394198583
-1.5780395077191258,-0.7497392832867874,-0.9222016046810659,-0.7224254011011375
0.8166421981137942,-0.49986180392629426,0.5434340458658574,0.5283175645825594
-1.8525168935368423,-0.849479601753638,1.4061940949957745,1.4510510053817636
-1.9425957779927747,-0.8486942691837926,1.4729883476918237,1.5206809526283667
0.838859126037214,-0.5515800496527308,-0.40279768612158423,-0.20929465633208877
0.8150719750245714,0.2706227023643044,-0.832201754344623,-0.7301256631220642
0.824280108457636,0.11176680410717885,-0.3011190651908021,-0.23466365435413283
0.4380312558003637,-0.8371977756013212,1.2257083839296896,1.237372993753983
0.4865144746991461,-0.7796101086654588,-0.7611559971837633,-0.5407781304931719
0.7555049138956227,-0.4893838165416071,-1.2003178395125507,-1.050783581851769
0.8238344523138467,0.4115681833565122,-0.22754554685715064,-0.3820379042783794
-1.0926507297628267,-0.8484858819191319,0.2828203493936269,0.418180357267492
0.8407855281733534,-0.43851819816732457,0.1589802016304452,0.24417649341691366
0.8372736159168798,-0.3571376021581161,1.5828517723584528,1.695383304198097
0.09817643487243019,-0.6784602945180552,-1.1946121302843067,-0.9851490368034979
0.8010948051773297,-0.37250076865559184,1.1489316544445103,0.9059813997523862
0.8055008518068106,-0.6248564854573527,0.26062384684225354,0.12331245754436979
-1.8592352215414325,-0.8087364435524205,-0.68289477725869,-0.4868979984930332
-0.8447031384754726,-0.8390221198802885,0.046214779403795536,-0.03762079236598373
-2.5095206047565664,-0.799313269792407,-1.1561327186257218,-1.0655363228046675
0.6046641028404635,0.7008886036940156,-1.4276358008505425,-1.4639835914408539
-0.3133547480627385,-0.8475355045094752,0.28349485530000196,0.33028056828631863
-0.9031647236494419,-0.8484463747542852,-0.06424378720470482,0.1612429237858631
0.8271299056004571,-0.6092103845375647,0.9834501153919737,1.16122055615518
0.8105508713131976,-0.2795216069786004,-0.9432904095516828,-0.9047314322392191
0.8448096057185458,0.21961121192904434,0.5363194266720844,0.43445988718160367
-2.0112861838337075,-0.7261248659555343,-0.5616728538678918,-0.5742469789254897
0.7070323832511446,0.38894152159762685,-0.9259978072573568,-0.8440759374348668
-0.07515344291684461,-0.7771411410165184,1.9907442922502838,2.1170569977345424
-0.6433865256571768,-0.5235737409840374,1.0867919687348904,0.8726112631418808
0.8454855853070329,0.26036011968701095,0.8244656775083176,0.880317595066532
0.8333172572254679,1.2128718139496273,-0.6805352613827067,-0.7555819436152876
0.8308374105742705,-0.5067726978217367,0.5053029509961894,0.5728309573697155
-1.7817312307568647,-0.84236995333084,-0.035895632038298916,0.17083377084547224
-2.526217899171862,-0.8441043757947091,1.4182856739166323,1.4258897703749447
-0.13936267955024448,-0.8493851405642492,1.046436940377677,1.076251701520466
0.8458527983876916,1.491665377322907,-0.00494609350129416,-0.15394260053723968
0.7803892570646239,2.4086176191837847,-1.340103186897567,-1.2733758474152026
0.8437181951248437,0.5714335162509974,0.1823382144536322,0.04498079516762727
-0.43588154132936735,-0.7650111934913424,0.6283291634419396,0.7730974178379917
0.8260274127235181,-0.1699814910386014,-0.23744100753513794,-0.3136983681847305
0.8440834195272198,0.20715402959410772,0.7891133345435962,0.7112664986137828
0.15231327088627364,-0.7422731035745344,-0.04585063455810577,-0.06673846173592772
-0.9818503399336285,-0.8483688264623886,0.36432654363453354,0.1870434099448899
-0.19291678533766093,-0.8320807250152978,2.005827262107046,1.963730397402943
-0.6359583027798054,-0.8485171086819373,-0.23717650453835387,-0.06223585514554878
-1.3507826194016082,-0.8345755139371789,-1.112985581227973,-0.8476463693467394
0.8444404769707887,0.5449304009744994,0.2090547650871824,0.3404366842790575
-1.5623150244324693,-0.3575973573963604,0.4765027612907822,0.3629549920678416
0.7339424315940593,0.5805604342738527,-1.5276658379406476,-1.4085774601393237
0.84460858310246,1.6672276695236976,-0.33258233475059096,-0.49560942661889607
0.8095584212014912,1.345209684537833,-0.5815684862183631,-0.45128285209643754
0.828384704567894,0.63287395034936,-0.978900582341334,-1.0067870176595997
-0.15337071017185372,-0.062240534603131364,-0.5540850816889273,-0.6040978702671012
0.6331962961987708,-0.7942004323327664,-0.020437449117168827,-0.035416423952873206
0.80972769176468,-0.15040906012325508,-1.1408007976487047,-1.266356638804054
-1.5656954691077767,-0.802057657607787,2.239803828835866,2.209078689594604
0.7747611377153244,-0.2609199331790762,-0.6203561497027683,-0.448850270002311
0.8334835581445853,0.8491378691935343,0.31727651660145595,0.18607470791113243
-0.25151995394918836,-0.8189501307313122,0.6844345844087252,0.671139244567275
-1.0483708332483157,-0.610097658679293,1.2542884100313716,1.4865935241223138
0.8270271752707261,0.3826223891056102,0.8776619027145716,0.9189503135652658
0.8407414194445944,-0.47585829884921965,0.059020834404644715,0.044488450337860995
-1.6991003796370103,-0.8421834344909659,1.4323433896798379,1.3796102433174475
-1.4553661991282658,-0.8478862425542765,1.6047656635985492,1.4904154283752706
0.30495373276430465,-0.837642849106045,-0.6649616345600567,-0.6837486870633172
0.6487672206368876,-0.8390617851421586,-0.7247124921179979,-0.8385202458962653
0.6522978906567453,1.281450560925322,-1.7267590305281857,-1.808958227444526
0.6095111581755145,-0.7575849548361658,0.5598234774931502,0.45640839376589054
0.8462811621226954,1.416031361081939,1.3432066408398677,1.4406551849591722
0.8347303301992663,1.1154385759765462,-1.1846857596708282,-1.2662212455584518
0.8233073168105155,1.7441576034571744,0.1432781644455105,-0.1341804310384202
-0.6085024234313849,-0.532719946192014,-0.4189106287036488,-0.2613946255782036
0.8457679810133785,1.4429519632337213,0.14863283436896693,-0.07705763441100838
0.8416767688402711,0.24759898452094678,-1.067150192427905,-1.1955257861803195
0.8445360877774615,0.8041933181012141,1.457308756274305,1.4473566484102809
-0.771501598784776,-0.8256170403244562,-0.7707129716541633,-0.8812804994360226
0.8148633343589468,0.7981018198486316,-1.3426686213517278,-1.4735639865657695
0.127760783708605,-0.792436553158839,0.971965191779388,0.8623306228689597
0.7267278835443389,0.8756862447347092,-1.1524755298916718,-1.0856349653009585
0.8460595462284245,2.063459545290192,0.87781622085023,0.6457860608933271
-0.8999726730305448,-0.8227877144733001,-0.9452545430904491,-0.8262165820705903
-0.7386732620316545,-0.8457472070409179,0.5590497198371037,0.6698301672057089
-2.114465912676951,-0.8465158582260927,0.31390883114878626,0.2252051049287521
0.8016525067567225,1.5865685917665089,0.11973859206819032,-0.025560842728040448
0.1860045434754038,-0.6162425307232203,-0.2781866566067896,-0.31649642256532096
-0.5759255966756166,-0.650730041958483,-1.5206024561643108,-1.3827419641427243
-1.3214165622902092,-0.737006194729046,-0.9010723822471732,-0.9708403295995868
-1.742815011679188,-0.8363148799496394,0.18497128891023223,0.1822789984223154
-0.32857733099467273,-0.846317574514434,-0.16550969992003825,0.010291110193548945
-0.4624238700187656,-0.84873154340522,0.32684395541530725,0.3764961431660213
-1.3041115690944467,-0.8001672733816768,0.4431992384737117,0.3087855776743423
-1.8053645532016884,-0.8339265627073924,1.1703050606499081,0.9729801407039483
-1.7966230903714047,-0.8156032669656443,0.923030948201614,0.730030396444091
-1.2670162119847008,-0.8083351320159035,-0.9228150275289453,-0.9283267083521757
-1.78032107495746,-0.8479851502479236,0.12964073944950874,0.3565932253985955
-1.135118385426507,-0.8426468360379364,1.9699179680920749,1.980312039483375
0.8392280040743799,0.1006186990658808,0.7355657812933903,0.7884137032537096
0.8420272103285499,1.1167456535442797,-0.0739500435387877,-0.12085573908161888
0.029272591383762522,-0.8346416029224064,-1.2217908981945529,-1.323133868637316
0.12084969662195451,-0.34484393164975474,-1.6402744049396225,-1.7893864963345911
0.44105821346729446,-0.1864517544486991,-1.6916584128707421,-1.440018961575728
-1.7063987027983565,-0.7942685014227624,-0.08381258519820389,-0.2574650078568679
0.8447577645427575,2.2992454179702215,0.4182952250388375,0.4352196904123852
-1.5495641158203037,-0.794486962177306,0.10196972712938987,-0.07273078486555078
-1.8561675138287115,-0.8491848727230714,1.218301606276042,1.1931824971696687
-2.047327182707535,-0.8061939361115583,0.06436337009517354,0.17189498850182336
0.8436939008689498,0.32745714655369745,0.8508363980945891,0.7154929727822941
0.7804887298525063,0.397369772541492,0.1291256436654063,-0.09864349492034494
0.8358252928433716,1.9637883556078333,-1.2693159617864238,-1.2285355960996445
0.8365611650183744,0.20502518357741276,0.9703160982231845,1.0536883778623423
0.8351494511986535,2.725753480910517,-0.48415677558226095,-0.48044524269975186
0.846275785847974,1.6324531642338773,1.100504602978567,0.9497706248300591
0.8411198644125172,-0.27226896051497984,-0.8694771327769525,-0.9887306046265568
0.8461333190719744,0.4479124397456725,1.8365475749519107,1.77292358317186
0.8452816685865958,0.29828877277601223,-0.09393237606959493,0.019936384966556062
0.8106705619809622,0.1921362960654875,-1.1395354109276365,-1.0393879223358555
-1.6052058483793243,-0.5000508726319765,0.11523141866098643,0.17930694133470643
-1.3323115332912643,-0.7013700670927894,0.6763545751300633,0.775127409490461
-1.5333021920236107,-0.7429711555471883,1.7039099479819553,1.9093359965229386
-1.7388065367289878,-0.4687664037638028,-0.2901567901107821,-0.18478661271857177
0.7848121740539103,-0.11748905329028198,-1.0161793877687257,-1.2224385879138215
-1.9632536791847455,-0.8496415699786043,1.5053810979520634,1.7530781010237892
0.7634117633226182,2.2892109578890816,-1.600455003976811,-1.746073997035705
0.8143383286325167,2.287934407577942,0.3438312758837231,0.23653259604112578
0.6874992707544056,1.2377148697501252,-1.1968907518173177,-1.1295376056925344
-0.8038997502341828,-0.8424528586536834,0.5475375916509492,0.6537835690484028
-0.4732689790778048,-0.8457849382812339,-1.0056129694241922,-1.076809549624976
0.8135741594978689,1.9520391063860965,0.5562795537690782,0.3936326560833786
0.39306806408661654,-0.8335266281745924,0.13680667079394784,-0.06910239113342621
0.8353830894513326,0.7731680126882601,-0.13670710798188743,0.0008983908107575084
-1.867713612443989,-0.840801564098801,0.837524288532694,0.835821612436725
0.7896218175782821,0.9537440912092293,-1.0334786539129983,-1.1522985096231975
-0.7444228740255361,-0.8473883711338912,1.4498411362817836,1.5462139828342578
0.43349826053355545,-0.5645481380363053,0.285167127558262,0.2808382012433949
0.8256003511347288,1.0135853198471765,0.4957419570724962,0.5110900893649581
0.8155128527318981,0.11731341668492348,1.6994711878814441,1.5180597244451286
0.7773161290921139,-0.6484006064746857,-0.8056410950946327,-0.750154612946817
0.38738200130693934,-0.8199795992405277,-0.44384888950662177,-0.3939708875788373
0.27370787548755515,-0.23089796426601006,-1.6715665926432473,-1.5762389462992912
0.7986706837537602,-0.24015879814830957,-0.22014949360701236,-0.21667925130098586
-1.2407820242603245,-0.7679436835604279,-0.5193793119408637,-0.438141342902436
0.8335479635517977,0.9917511555276471,0.31057025267241434,0.18656551397586507
-2.1804087719243204,-0.8464988511103116,-0.5573543053607938,-0.47229264582194275
-1.6565907701972062,-0.8495614889191436,2.2202912400073194,2.336991578711232
-0.8070391312645719,-0.8455465208930694,-0.19665217721086614,-0.2183460402080798
0.8439925934822191,0.9677503249417179,0.5496459926523738,0.5030133544161369
-0.2197848099975129,-0.8436607971990284,1.5649116601365276,1.3297180956474428
0.8460872550660452,1.010929083950952,1.9783461198195085,2.074111810671294
0.8371539911682322,1.9226694204482266,-0.6358025349637403,-0.6347572555060592
0.8141053066334983,0.9566563732375574,-1.2110496204063972,-1.0902145395435279
0.6452995516872171,-0.021890080608892037,-1.2167760510018784,-1.245361264359261
0.726249597051388,0.3091945275470517,-1.4074204532275236,-1.3085656353445978
0.8073757835563159,1.075982487913139,-1.0659656972066711,-1.082372400642164
0.24103849960287846,-0.84822038199913,0.9688623128324633,1.09285306710928
0.8433281167211518,0.10482175810058927,0.8468535156345077,0.8467815163665131
0.8374575424661569,0.8556626148381605,0.9768344484864618,0.7740763337458938
0.830362653453432,0.18495798613099862,-0.6461302764164886,-0.5308928589385961
0.7444723000356805,-0.7747702325394489,0.2005343742045798,0.2588909744880545
-0.7702966644466235,-0.5863871052582137,1.5120452374015483,1.4682606162629177
0.8439140917800366,1.3784145815943907,-0.24014919538197382,-0.21432851894422833
0.8460815523200154,0.21639467366691342,0.5800702177910417,0.7364628050675001
0.8442107102603337,0.24245321082199964,-0.06432923786913229,-0.030211691124716392
0.05199395885998554,-0.8404295314968844,0.7059358993739111,0.7055141992233731
0.7898197791823597,0.7111278914874521,-0.5320617042824577,-0.6004540417741875
-1.4650229555357799,-0.8425258869946445,-0.9478063666736299,-0.8361723928946466
-0.4577351655405105,-0.38357073837364525,-1.39363090804606,-1.5688656386455708
0.8420106236984967,1.220400912730286,-0.9336527519669157,-0.9719665131783566
0.18266999515768137,0.23252396376188295,-1.7729434362669025,-1.872259223332279
0.8455019817592382,2.745721753181549,0.2193039193837452,0.08699380407004219
-0.805001122513439,-0.8015769071699311,0.6411914267509073,0.7428164469533851
0.12678197200667501,-0.8383881380389595,-0.11691405565943959,0.09191219004130116
0.8458096756470447,1.5539447602177199,-0.0587551702650154,-0.06314347322319815
0.7307407782788071,0.06817977065997818,-1.285822112098224,-1.273524996112469
-0.29838702627126035,-0.8249391921160902,-0.5900837391907644,-0.608932479140827
0.845037630667935,0.9402869600452304,0.3472508530674575,0.13017950180239
-0.06395956038447892,-0.8431638072850971,-0.10651480886890595,-0.138180898640078
-0.57588665311597,-0.6001106505827865,-1.0116366633145661,-0.9590981423977732
0.7171135583413276,0.1853336553388848,-0.727506121021486,-0.7586718400567259
0.34146757232931435,-0.8486082255034133,-0.044774671500324374,-0.15271363446929118
0.10389401540742145,-0.6275112175635531,-0.3372526401542775,-0.4455003920167868
0.8281452377882113,1.2359259796531723,0.66515850025489,0.6051663389830475
0.8461484297296978,0.26119380427977135,0.854046846613563,0.8918267075827125
0.7556955912370728,-0.06705260194290313,-0.1983582451531491,-0.2759636475545208
-0.9659795356672384,-0.3771018588756669,0.5552312013464208,0.4469774050477361
0.8351740883602468,2.0164179388681496,-0.030196817382574518,0.09400922050992337
0.8125084121564047,-0.4587201576881067,-0.09351953048998936,-0.033177168341439786
0.8252858902509025,0.9112438963780964,0.6456762721552752,0.3791378479657149
0.8383602523508823,0.315859681139591,1.3638767330721782,1.2484536860869073
0.8021273474121177,2.7717838760165634,-0.5313595341746082,-0.6393887084918044
-1.4863306356508563,-0.8427687065960904,1.7196798215039328,1.6005978540136996
0.3799259577507127,-0.036304532998432795,-1.5069378947326213,-1.70398071137052
-0.8037567968825795,-0.8371836902623574,0.6769262742445393,0.8156413334105139
-1.348961613858266,-0.8385520146475104,0.7172187794462012,0.8547720024726659
0.8461249947483535,2.7921330318568023,-0.48418238289850646,-0.7264601605631641
0.8449225321112953,0.06310067826072684,1.3641326832505765,1.2586428658907685
0.8458906268268391,0.5733435618502851,0.07876065389530156,-0.1784820921767781
0.4091392477570563,-0.8440489247118073,1.6864309432329385,1.8378643737430536
-1.1207214146904498,-0.7734560901442883,-0.8827392574700695,-1.044276566694086
-2.4888921326478712,-0.8494543958482343,0.6560084300163699,0.6047157116598743
0.8037559376582476,-0.27198942877322707,-0.7581821872100049,-0.784154338080228
0.7275401984931712,0.2863989861490425,-1.543182886235701,-1.5089525255169343
-0.4941602972103142,-0.8470713511579707,1.3544750768704266,1.4470282098928922
-1.0748946041087,-0.5550301128147288,-1.2514377189199735,-1.1606748753576814
0.8431974514641222,1.5071179929888199,-0.835282438377247,-0.7468737960899036
0.8455299713315697,1.0587847581014391,0.1626546705060924,-0.08812452104082448
0.5360568190786916,-0.2949292474695024,-0.04286993235338046,0.16241424556960726
-0.3075893663300199,-0.8464772880825608,1.8970249605440996,2.0944277659298156
0.0470376009817448,-0.8214185337824794,-1.151550274634262,-1.1925662425189199
-1.0425417865701478,-0.37592932469812995,-0.5287598908279547,-0.39942892140433167
0.8443599212187596,0.14602142752165248,-0.7664822417179281,-0.7488829449587179
0.5446148141483619,-0.8444714185164778,2.1007010119284826,2.205691071960536
0.8459148946258515,0.9344652223937383,0.3365449681799151,0.3990359769335664
-2.1705004837796884,-0.5638831470561497,-1.1699494444938,-1.2632300075650673
-0.42243532307226916,-0.7282084754513837,0.15068862600069222,0.1720811302523759
-2.324507074333672,-0.7735228920376372,-0.8054071036023542,-0.9707618998171212
0.7840918746400687,0.6314323990155761,-0.5691942945726882,-0.7524810935432756
0.844833226305117,1.8301277932357944,1.2770471578047213,1.0414146548818757
-0.6175989625033623,-0.8068501871176333,0.9403132360235148,0.7537441460626934
-0.4490877421941669,-0.8431642678373854,-0.605707964496182,-0.37318175706396617
0.8210254777767081,0.4196088754586838,-0.3305012321043329,-0.3295299188570172
0.7289450526975274,-0.13550003409782307,-0.6354937338243907,-0.5093127293880977
0.7944815622965358,-0.3533133267352192,-0.1476261106768281,-0.07287334041768719
0.7420552187737678,0.9857233835747191,-1.4612837019574814,-1.4096627907134651
0.8394581154976437,0.22966637626748487,0.13949199039334892,0.028870102291730444
-1.8241633792419325,-0.8266643604682479,-0.5876919762948996,-0.6849893629077246
0.8228085655582542,1.0596581365902682,0.3555378861792858,0.14377395461627981
-2.040618336205133,-0.7691945657093318,0.03974062399250109,0.20575179074037808
0.846063715894436,1.195806853947545,0.7430171764516077,0.6712989215172386
0.8460185534937466,1.6698560930349788,1.0008021638773965,0.9716869605765798
0.8450508194732399,1.7568230696287617,-0.7604016804753166,-0.8927184218371268
0.8421901706189386,0.7184661479241922,-0.8032882092224168,-0.7364633870966968
-1.3088139327521677,-0.8147968194623171,0.867231432291532,0.83523498136299
-0.4138213903106422,-0.839126740704386,0.19118419222672367,0.25066100974762157
0.8433208631413067,1.2744374771240368,-0.029812011088941968,0.000650400526245448
-0.8102009603100284,-0.8295524094818376,1.17556551455967,1.350014245551017
0.6120633191511349,0.25309048823639074,-1.6900770952034412,-1.5554812877504336
-2.0706742111802874,-0.8299243909611287,2.30005427284355,2.2733899491455047
0.8460737972877815,0.5604721339134849,2.1444606334481184,2.118566096799046
-0.7975087638769109,-0.8409387479951687,-0.41754969525273133,-0.4003631710234422
-2.700763330446184,-0.7866200941684391,2.5513860834352053,2.394677491018901
0.8317947978549948,-0.16513883422519576,0.4011840337652057,0.5513247999642099
0.8456312463457294,0.9888521838604194,-0.025908496181386034,-0.15636634175923803
0.8462606555035249,2.0764439505326475,0.7015534326918806,0.5759064841301015
-1.2656133595915082,-0.8484021558513886,1.2436030111223517,1.1054944132118523
0.8449915720886151,0.7499530468364629,0.6480883732596271,0.4674238547145177
0.8392875189145926,-0.6370534302348145,0.14686992263411086,-0.018334580967144406
0.7683656510861295,0.0011610322170819017,-0.8796644887425006,-0.9620542647211697
0.8029604232600379,-0.409666140336997,-0.09051878690321806,0.12481848218216002
0.8356878024644377,-0.3496009320334811,-0.5833818787174228,-0.6585002501859587
0.8368693686558545,0.453522568966963,-0.014835118993074737,-0.16865401286697718
-1.4136554395077225,-0.8314232584543401,1.0374368994931986,0.9560943406772884
0.8281934579103042,-0.23025872971250394,-0.7245860245585252,-0.5306552690770536
-0.1074348071089287,-0.8359548529674973,1.085972140124165,0.9792136034462335
0.8430502134849165,0.08050518401818578,0.6668472657065008,0.7447613762599098
-2.8964167922295307,-0.5360270656409054,-0.6681900816771813,-0.6584671840066266
0.8232570754043222,1.2289418489116506,0.21151806303384552,0.29789787453248423
0.8452787408721999,-0.5135742042098994,-0.002115762350496241,0.19129253428890766
0.48155228336886785,-0.8392488613650465,-0.5428945412697306,-0.33844664528355833
0.7285895221437477,-0.4138036096982662,-0.9960712845736557,-0.8843837580363869
0.8185983995873805,1.6589558664426944,-0.8024584685459945,-0.8860694204969958
-0.9405186690987094,-0.8377593520653694,-0.5566635132087238,-0.6421734113444212
-1.0818221126271,-0.7966972452015486,-0.5339021257227491,-0.5853290381702397
-1.1990262799785034,-0.4772082539182248,-1.0217810885342617,-0.9943514125275901
0.8445931175459392,0.21287089765715192,0.6058567330233331,0.6711749474182368
-0.19783532334912923,-0.8354593243330245,-0.21315152972819143,0.029062194204599472
-0.9718223239438799,-0.8394900774482935,1.1747337226258552,1.318597213231689
-0.8394635361797792,-0.8435579664325071,0.9708147929088403,0.780466340272891
0.1312412684298969,-0.8492402653057662,0.7979604593849721,0.8623399511074612
-1.8417518304313416,-0.8491235441391015,1.1166296487289094,1.3073061691473367
0.8439938279664418,0.22475344429110175,1.0650145610961912,1.2077038619301002
-0.05221709813835434,-0.7881929072261135,-0.30600897584701303,-0.4111580021580752
0.8401501972209997,0.06178376597894359,-0.22604214213257146,-0.32785695969510986
0.6175033180483039,1.0545056860553377,-1.586628186924893,-1.4519833530657869
0.8058897262719522,-0.7412890252390391,-0.731849839429334,-0.834480643073517
-1.2145982318418773,-0.8252004522108531,-0.35740703487929876,-0.4159300796006612
-2.5709731972480667,-0.8479279517302432,2.66211881065482,2.6900435371710607
0.016372625549092554,-0.7085848831920031,0.23041154504484976,0.2074234368412465
0.7949312244767495,0.2027128062313113,-0.829286296594889,-0.7410337300005718
-1.891732044306791,-0.8459409585572708,0.1365120773412966,-0.02450579123425012
-1.0118580176816245,-0.8314313901754978,0.011111999695794277,0.19781378338495523
-0.11318296392270491,-0.7966386636584992,0.9425150740953128,1.0629109464676676
0.3381012623811746,-0.5968019135915502,-1.5546390936381087,-1.3207329148788527
0.06161798873325494,-0.848711560538057,1.4459780260603472,1.4541678049819344
0.0036043742631601,-0.8448750719386379,0.7062192327771081,0.51226288184358
-1.3058120938089146,-0.847843613488733,-0.1733471932524793,-0.31139043944767003
