Run_ID,Feed_Temp_K,Feed_Press_Pa,Benzene_Frac,Stages,Feed_Stage,Reflux_Ratio,Bottoms_Rate,x_D_Benzene,x_B_Benzene,Q_C_kW,Q_R_kW,Converged
1,346.86107012684664,119871.64298807186,0.5517958928862223,28,12,3.852766594665466,59.258325377064494,0,0,0,0,False
2,291.44183846693755,115843.18506808972,0.37613666204041313,23,13,4.996065737035238,54.989906510567096,0,0,0,0,False
3,297.68973871854035,144422.25124394507,0.3773646983157174,22,7,3.1954076332232,41.06639867866641,0,0,0,0,False
4,316.91162054676914,104444.38075082707,0.4096042044626038,19,11,3.1421750300681834,50.89649448396486,0.4284302584648254,0.0002838019418540056,150955.08564105784,159904.33232918184,True
5,304.6516856711593,133618.88508154414,0.6402825871893245,21,6,3.074304294745578,45.44563999227367,0,0,0,0,False
6,314.39255286504317,145131.80254119934,0.3053064693375963,25,8,3.81940244196607,47.2197042704983,0,0,0,0,False
7,346.1931842473148,128923.90786878704,0.6170463132319903,18,9,4.003203735196466,44.1288520680504,0.6406413036167395,0.0001740741405763051,185911.32247978792,188768.6355007644,True
8,314.9815688508058,103710.0931832395,0.577158530027851,16,6,2.689907657877037,52.5996749221695,0.6038477010065354,0.00010619967850448493,135773.27302444386,144105.34035986784,True
9,338.9175567217804,145541.94675369735,0.37583040886563285,20,7,4.8244887049534855,50.18193152989653,0,0,0,0,False
10,318.48128407502054,120917.94561045954,0.5119263955126484,29,8,1.9063824073876807,54.218731663078024,0,0,0,0,False
11,337.78576595114976,111924.45862302225,0.6083202582101799,16,5,4.627671962242566,57.814940400734756,0.6392160764977647,3.60549565602699e-05,206354.56641444398,210733.58007695104,True
12,301.4065773884558,144879.14504130837,0.5413093194456235,23,8,3.376011940658196,46.67675370194026,0,0,0,0,False
13,337.1849074793915,118787.81067919183,0.624955351973461,23,13,4.738937497509496,47.184073238284974,0,0,0,0,False
14,342.15830702846046,148128.63107109853,0.6244319003770069,26,5,1.5701183126029419,47.49953063176711,0,0,0,0,False
15,302.42590143631656,105705.41964751598,0.6970741615487039,15,8,2.7032500932978785,58.70266074494006,0.7324063500061788,0.0016180216562171896,136089.3917401426,145833.20131922184,True
16,307.847410322165,118401.7960738329,0.4569613631801692,23,8,3.0857724690520465,45.94126547499519,0,0,0,0,False
17,314.66602523112914,114871.36400893454,0.6151463856562372,21,9,1.4409873450092239,54.94909974283104,0,0,0,0,False
18,319.2024055590315,105601.05920599528,0.6994465512673627,19,11,2.1849230478181534,51.56504309420802,0.7304181641442589,0.0008565454379277283,117848.74373736503,124896.47240932188,True
19,312.29621652996553,115530.25552613128,0.6246200747158126,27,10,3.593991388092876,47.28665664305895,0,0,0,0,False
20,331.13151765311966,103131.58860431824,0.4182821331356631,22,12,1.4369008941550847,49.209849161153414,0,0,0,0,False
21,295.3076064281963,118054.17480757638,0.33105727601586094,20,10,4.366679945993388,44.881868814484235,0.34458773245014634,3.237105190834867e-05,195243.9149504314,208120.78562471454,True
22,310.4632661564026,120586.18830482522,0.4049130790434688,19,10,4.899402028706056,42.39038767884945,0.4203146608633083,8.354155635997115e-05,216617.98531308776,226633.57780948112,True
23,318.5584064453908,141991.96849531154,0.4193816429386799,26,7,3.2961783189585825,58.06106698065888,0,0,0,0,False
24,306.8382322135004,123606.93794502485,0.6379489220862176,28,7,2.631556157711887,56.97091370866768,0,0,0,0,False
25,306.398148386811,127688.73474871113,0.5733422697178947,25,6,1.9702131670203364,54.20197090909875,0,0,0,0,False
26,341.83693217984205,118495.20985294928,0.3361618208031666,23,5,2.6783957345805076,59.464011473777404,0,0,0,0,False
27,333.09243495827684,146628.67830864902,0.591886656236345,20,13,2.8913068211698287,54.16011341218868,0.6199858082829494,0.0011414251911729572,143075.83807744904,148329.72901205422,True
28,337.9510044404325,126723.91829895167,0.559806470836592,27,7,2.181683402371671,53.221202690783336,0,0,0,0,False
29,313.9005903657499,120719.82776457311,0.4468079188280138,26,6,4.985921592154124,46.878722634723246,0,0,0,0,False
30,307.7348591545826,132605.2093156899,0.3540917407223254,25,6,4.151427822232923,59.70689495246254,0,0,0,0,False
31,344.7694533826183,122730.86503914467,0.42318235367225154,15,9,1.914844613354382,40.438819221381635,0.43839039946342373,0.0021214837949598774,107387.59699228383,111524.65855573649,True
32,290.48838864630926,133677.572383009,0.5559448456249398,18,10,3.9484035622418583,40.05258464831855,0.5753696866912968,0.00033900552725094193,184028.2625680576,196290.97070024078,True
33,338.4935674446285,103241.98424867966,0.6712064088070548,24,5,2.134925650163547,57.51585176429365,0,0,0,0,False
34,295.61643364111166,127089.47031265698,0.3393111355352784,28,10,1.266831556329893,43.83317324724779,0,0,0,0,False
35,317.8127552257387,101978.50254789033,0.464670298948365,18,7,4.143684898699383,49.71052651959552,0.48532600372549045,2.3254190422339184e-05,188476.10522381047,196954.60573105578,True
36,318.5684444352229,130122.48808526588,0.46210922131545107,15,11,3.416155748890696,55.9426411284079,0.4849657963968819,0.007978118507573767,160850.5536095549,169221.36340811418,True
37,343.67732881930397,144103.48895856543,0.6818683094506338,15,12,2.2968066552969377,59.31502019117535,0.714750342062429,0.04340113679126133,121070.49504212706,124070.6998251093,True
38,323.0716241942795,118204.02431955919,0.40876478796041765,21,10,4.1333026458201,43.42323837331606,0,0,0,0,False
39,343.29877279822125,104069.59555316251,0.4328120552585371,20,12,1.4720880816566575,52.291593535272014,0.45318382758111003,0.0005391879160620868,90145.38741814515,94495.06847619869,True
40,344.32907631650147,129229.72432809137,0.5259669779568337,25,12,3.369672828781532,52.08539203613341,0,0,0,0,False
41,303.8373984012893,117332.1464149538,0.48414809826553745,27,13,3.58792604446847,41.48109049247477,0,0,0,0,False
42,297.3739850468151,140288.43381731145,0.400736945707436,16,7,2.560540641025106,48.040019510375316,0.41810883662018267,0.00014368177114815466,130006.25079215175,142117.31718539554,True
43,336.07315118478084,132274.80122780733,0.3333946362473773,25,7,3.1811966324571026,56.747111153788154,0,0,0,0,False
44,328.18671311338517,139900.16261248366,0.4349623965810904,22,7,4.682862219769101,48.04631499577224,0,0,0,0,False
45,347.19426828545073,101574.94913559106,0.6688611619417668,22,8,1.2146479499639065,44.11483760302973,0,0,0,0,False
46,325.68159075072134,120184.15342200332,0.4111109839086802,20,5,2.4067279443316654,53.95053002949065,0.4312059762598422,1.2821025114973003e-06,123813.80037836131,131302.0745460544,True
47,302.9029781722402,114382.48336108742,0.5277061188547996,23,6,3.074074074990011,46.89372093465482,0,0,0,0,False
48,305.56007193809864,103406.55045656831,0.5516147337058142,23,12,4.676010436191584,47.147097663530275,0,0,0,0,False
49,306.54116259647606,136263.70085660898,0.6944568078636499,16,13,4.318132698735901,53.07004192264915,0.7250618429495811,0.02517399236831572,196506.67259405123,205600.321219705,True
50,341.84767330607065,131897.27699671057,0.5141299547617509,22,8,1.717404227054979,56.132598652123605,0,0,0,0,False
51,299.50361534751426,119866.1189038414,0.5500322107656361,26,6,2.5299071000326334,55.745813596031695,0,0,0,0,False
52,306.19222438998054,112104.82357774641,0.3865446876668876,19,13,4.1070318386473215,46.161030200705284,0.40261849462312327,0.001066962537930117,186567.31164785463,197381.90753987458,True
53,311.0392425182718,128072.5680768312,0.6815954878800692,27,12,4.767526423717918,44.86271775569117,0,0,0,0,False
54,342.25290218020524,140387.6066529313,0.6019521338906604,15,8,3.4763144875172554,47.983076430646435,0.6270963212914433,0.0009881789870137372,165623.1338633105,169246.50754863065,True
55,330.30340443556366,119008.78311173517,0.5315630851005612,17,13,4.031709360657226,53.844284700175876,0.5565619951560964,0.008300145225686615,184478.68811412857,190514.7500573305,True
56,313.77284854060633,140552.8643571472,0.4019519456917281,23,8,2.177450253726212,43.08152280545728,0,0,0,0,False
57,300.75369787371363,130057.50830005451,0.4899757883450969,21,9,2.5877915510958323,48.73197979194322,0,0,0,0,False
58,290.53783548640314,117316.74075791289,0.5957507786402749,24,13,2.2669022203037885,47.79226189725175,0,0,0,0,False
59,313.1815737325967,140619.77540801297,0.4862572583920377,20,12,1.9366661721844078,57.96684346894376,0.5115291259687045,0.000533283276493735,106937.57753811861,116051.30701595005,True
60,302.17383500839793,110291.36228319978,0.5155796647695063,22,6,3.8564183784835917,55.466915180926705,0,0,0,0,False
61,339.8153706294942,125480.32772841146,0.4826562656116562,24,9,1.6127906998972508,41.40863373913827,0,0,0,0,False
62,308.8887919483111,132871.6757817557,0.42573972698134266,29,7,3.777905928986142,45.42189409793276,0,0,0,0,False
63,315.4345733891997,123947.34545654588,0.3606181822821579,18,12,3.101342470987806,43.260142165562705,0.37468699354465496,0.0012219532502573283,149872.5976820346,159358.87747195657,True
64,317.3947691901589,113727.37518838725,0.6655026818429726,16,13,2.0730801285361213,43.58151946463652,0.6887719703483508,0.04396307812702678,114484.7240483653,121964.25122456714,True
65,327.33407611928584,133572.84574226534,0.38644079977659573,26,9,2.3285458457864046,42.553049848162345,0,0,0,0,False
66,301.33202132584984,122782.70232497781,0.30152840028916245,27,12,3.589364040673699,42.74769954318745,0,0,0,0,False
67,316.44170290934477,127762.39725650044,0.33654828279920135,15,9,2.1530410463238816,58.4401433674246,0.35458558801975054,0.0015159658907377906,113326.91952003297,122810.65681990943,True
68,321.29038734447084,124099.98588825666,0.3888506763615105,28,8,4.934207163435305,55.70857660822311,0,0,0,0,False
69,340.52083500864364,143393.85036529566,0.46698764604380344,18,12,1.24210842114493,53.58478145380952,0.489273094722071,0.003351841943542658,81873.1383764131,86510.58559577329,True
70,295.59496946309054,148654.76331820255,0.34160245459070604,15,10,3.82362299768024,58.9196880888105,0.36001457406000986,0.0022513898732408836,173381.39624675037,186148.8881983874,True
71,301.7208172610995,126128.21301998867,0.6080016169729248,21,6,2.552865628149635,59.325993795917086,0,0,0,0,False
72,310.6512833849766,122709.13411310228,0.4871641323161285,15,6,3.3930581036375695,40.92009886072525,0.5047792534883152,0.00014884889923420325,162553.26217644426,172054.53694113583,True
73,343.3969947470542,146524.01426602624,0.658673456629466,28,13,4.634822198235766,54.537157444407946,0,0,0,0,False
74,312.54916288479416,147881.22652707165,0.6325817584035258,21,12,2.579773335686526,48.92746530597692,0,0,0,0,False
75,316.34975432379264,143527.56503207798,0.6930414997341957,25,12,2.868631743214214,43.01212010424936,0,0,0,0,False
76,309.8667069446894,132446.3872626011,0.5620354355876684,16,10,4.633836330543495,46.59685853177782,0.5849397674436829,0.0015415574990606461,208313.20021495607,217536.45276935512,True
77,314.50060834306413,142823.93665155405,0.5248009404923666,22,8,3.0513642966217875,42.933162491895914,0,0,0,0,False
78,290.9175394382752,111190.65076838514,0.6816588145548812,27,10,2.365352592416801,50.80965417859947,0,0,0,0,False
79,342.5710704440278,110415.03675087153,0.6276841075068158,25,9,2.4876518008741173,41.24053868685879,0,0,0,0,False
80,315.1123277010061,135632.23072323966,0.35048397866883885,20,11,4.865297670572511,50.350326147222965,0.366579798437967,7.216734303576071e-05,212711.57719061128,222318.15510837577,True
81,342.77000792935866,147559.5646075714,0.5615095552668934,16,12,4.5516142215463224,46.70887759542036,0.5841898704595274,0.007933457875833792,205251.9426745087,208984.89816841774,True
82,308.475580773481,118797.54453599284,0.6098073364631128,27,11,1.9658787161129148,55.55975580111638,0,0,0,0,False
83,346.1222429722397,120679.07819140989,0.46792325913677363,19,9,4.418679186083364,59.396584830251996,0.492978119620118,5.058558608673145e-05,196799.79115835682,200460.4742667571,True
84,320.8195052940847,129097.75864577973,0.4445326682913526,29,10,3.506064701768792,41.65630051477283,0,0,0,0,False
85,293.1476629395435,134169.79728653474,0.5821036389237553,25,6,3.8873955483416287,48.7777964388335,0,0,0,0,False
86,314.88568812722133,103232.84038697886,0.38890860803894955,22,13,4.6540845928368135,44.62869486318761,0,0,0,0,False
87,303.68446261157953,149008.2176935246,0.48353877924789634,16,11,1.7494485509488944,46.142528042557515,0.5031112320264315,0.006164970263345941,101220.08373075136,111850.59744229553,True
88,328.52989290214236,117678.70467921166,0.4065840503204002,25,6,1.5089943559651422,53.96750350660828,0,0,0,0,False
89,334.8766623947959,102289.18303956976,0.5588290447060197,22,10,2.893588069380133,52.83229432082963,0,0,0,0,False
90,323.86867242431754,118612.39412382412,0.49653926191120623,28,6,1.974618451494741,51.70202632731446,0,0,0,0,False
91,290.94306004812205,131291.65000183307,0.6500631467104578,24,13,3.293237361407514,48.353612996568785,0,0,0,0,False
92,304.52251957363796,124487.99237086592,0.3457036225542417,21,13,2.5962468955726283,43.551044642100294,0,0,0,0,False
93,349.2294201640137,100387.98649620177,0.37539141917917157,25,7,4.049180063878524,42.634276815571695,0,0,0,0,False
94,306.9113124197978,102419.73588791025,0.48480991491604514,20,6,1.3905006807087092,56.64231436001367,0.5094359659744853,5.4290753848962234e-06,87149.08812596858,97274.21906168309,True
95,334.17136746270836,137705.67005747638,0.6648930372658363,27,12,2.1246254258256583,56.620333468031596,0,0,0,0,False
96,339.33564896729433,138826.12761465725,0.48374708899899466,26,13,2.712250213361105,56.39770320015886,0,0,0,0,False
97,291.78749990419124,116491.80951094438,0.45451466323044454,19,12,4.237236037352466,42.286769790826284,0.47159766594191227,0.000556497097310894,193091.17160180167,205734.4473620512,True
98,306.88353639493744,102459.78313787251,0.4667727705558582,18,10,2.9308876026662016,51.78925626942062,0.48840660080278103,0.0003564411827436866,143778.61868321075,154009.07516115258,True
99,319.21734173955133,133553.15650992133,0.6702960307013245,15,13,1.5023738534252988,44.760214238732516,0.6914741407360685,0.11960340612935307,93172.98799367344,100318.4076185006,True
100,321.3128540454991,113640.93155802168,0.6865760027161841,25,6,2.2778954678961405,57.09486500156744,0,0,0,0,False
101,303.1544870956686,127021.19947748375,0.5630266924312286,17,6,2.1437041814200297,53.35834331119429,0.5895230953262657,5.4748027023502974e-05,115508.80456668865,125797.64254141138,True
102,319.31811605502855,142946.66173150687,0.36563925685932036,19,10,2.539268042704763,44.37371068834308,0.38031824465308406,0.00012688838763833695,129260.5586760261,138077.94584527955,True
103,345.0209377520755,138713.48597633193,0.4526214591819985,17,11,1.3650798783589861,48.60210931338989,0.47218547106925984,0.0029752287822831978,86675.16520471417,90603.85896985498,True
104,298.60786782142543,122475.96431848644,0.6722241761465146,24,6,4.16017931703405,58.223270348200245,0,0,0,0,False
105,321.8513741657815,133329.33504191745,0.4633470424270699,17,5,3.9198812430229593,45.897874648987965,0.4823043373441593,1.151348828349687e-05,180900.69028778953,188716.65794962316,True
106,349.0895573858359,108179.38532241088,0.5002922220591949,27,8,2.929649530841872,50.87961813132415,0,0,0,0,False
107,335.74081842931685,111250.3675636579,0.4359338313278983,19,8,3.7577369366602147,52.19875014574561,0.45642792613901023,2.3307394466231156e-05,173549.84892762045,179190.40805931,True
108,294.36797756017125,103917.1343088109,0.5874513044368184,16,6,4.573782263090583,49.76143114699688,0.6130424011933304,6.887363205941505e-05,205744.57226921635,217263.2580557436,True
109,326.07181259006944,110258.37587336342,0.4533861423820338,15,10,3.0169495885564572,55.426319557252604,0.47582634281297886,0.003839658773845852,146283.63681783376,153463.82178085775,True
110,313.60461122397976,138784.36403854046,0.4015269825894014,25,8,2.2375330946904444,59.05588626583281,0,0,0,0,False
111,332.5140759108118,120707.05146563562,0.6800791463010888,26,5,2.4841440217873547,58.33866955514488,0,0,0,0,False
112,333.00654231049054,137016.91227524113,0.6598930995234733,29,10,1.5532639698781008,47.42108691057459,0,0,0,0,False
113,304.58875013275156,116036.83810643433,0.48986774023635293,28,8,3.9723087212560086,49.23864082230482,0,0,0,0,False
114,349.1184110566095,111743.13333936647,0.5991701135097016,24,10,3.40730161466107,44.33489480491313,0,0,0,0,False
115,322.5205019129179,137776.6562440454,0.452409579212055,17,5,2.900798156185263,56.952256728428665,0.4756495191233284,1.4560377858256668e-05,141837.0816788041,149614.03218253897,True
116,334.55835236820025,132230.37631087744,0.5169653178936379,18,13,4.310111238986949,49.14875258804161,0.5393275087471188,0.003333935416877432,195367.80336836743,200754.75103900148,True
117,307.90065407020825,131699.26379580222,0.5126338024426985,27,12,3.946848217357057,45.9523157089023,0,0,0,0,False
118,348.1343330123758,127901.94421294463,0.40747461432938414,25,9,3.4797457135394216,40.76620534099052,0,0,0,0,False
119,317.2421208550426,126280.95379393073,0.3609888078149876,16,10,4.388247958700878,48.27956635741385,0.37678948553484476,0.0009358301960048089,195988.32516797446,205179.57846552721,True
120,302.61405079078213,141508.15325916852,0.4950832655814489,21,6,3.0792664505189213,49.633548885429136,0,0,0,0,False
121,335.9084038139174,147026.66428508534,0.40811537640389783,28,10,2.314159162029914,55.30027363850935,0,0,0,0,False
122,331.72582996616,128346.49130262807,0.5081899078972469,21,7,3.9687280183594646,41.813433697960164,0,0,0,0,False
123,317.98306036222874,131351.44568681993,0.4715895240546004,18,11,4.30926333908868,59.771950979116724,0.4969634220994727,0.0005958435259573463,192808.68202308132,201226.6264716807,True
124,342.4574786470721,120027.02556085848,0.5223342726102924,17,12,2.614005269694341,52.878653004328136,0.5466154390567804,0.0051978170733920385,132545.9017184021,136546.44325240277,True
125,344.03614202468793,134877.8782663205,0.31132638205822744,18,12,4.396009730616197,48.40287307316122,0.32510465973000374,0.0007876375047055289,195264.76577567315,200225.60611751667,True
126,298.1656482967125,109933.32585775136,0.6520944826464204,22,7,3.7395082061612133,45.99088291764912,0,0,0,0,False
127,338.4732242453455,121087.00975747238,0.6148872938306931,18,11,4.331609100200745,58.83410693898077,0.646617129943577,0.0008426547763282929,195364.8687615919,199594.17818742958,True
128,320.74334785988634,146321.6702760393,0.6718131559541349,21,11,4.320765301572139,56.602977585681245,0,0,0,0,False
129,325.85272633838025,134486.77317453365,0.33573556176175934,15,7,2.9249466019526382,46.241003648237324,0.34987073053415774,0.00023396222906213015,142679.9492726982,150603.39823522154,True
130,303.00147724121206,106199.40152386806,0.6804331359817305,25,5,3.6413077562074827,48.22470127340732,0,0,0,0,False
131,305.82303488825494,120128.88752353526,0.49705057506818817,26,7,4.4124278519058295,51.74251074078118,0,0,0,0,False
132,298.6206893393242,107705.86571825125,0.6489249576196291,28,7,2.683167693905426,49.772554602715914,0,0,0,0,False
133,336.5960268265881,132946.95092183744,0.4238000512629264,19,7,1.7317453992827656,50.16369373842734,0.4429516314793231,1.8512112289164893e-05,99739.82066642267,105300.78506224779,True
134,312.56632369098617,127494.24068999224,0.37733995252832503,23,11,3.2024095332438014,52.71374171414966,0,0,0,0,False
135,342.16776592806957,114968.74261214952,0.37435235069062334,26,7,3.649177968782448,49.80883444985413,0,0,0,0,False
136,346.53897860457766,136134.36747780215,0.4610394920279623,15,6,3.179133899398205,46.896478155886875,0.48033182259588947,0.0001481773159557898,153495.00145405787,157108.46289775355,True
137,302.72836314693546,146196.57243481703,0.6934996728489531,27,6,1.9059236646524729,49.04000642148214,0,0,0,0,False
138,345.5296117428392,138083.85845867472,0.5848909726003781,25,12,4.908791892820094,43.444688151002,0,0,0,0,False
139,339.14041019394045,124043.47175787918,0.35431945915602625,21,5,1.5512591840432586,50.443825348450076,0,0,0,0,False
140,341.9596662023059,109654.50114585401,0.6232088447123488,19,13,1.8082034812874812,52.751128399010376,0.6516974364859347,0.004124176116490571,103533.46527100843,107111.8015859602,True
141,297.13282939435845,127172.15051697148,0.4797718268024894,21,9,3.976085194922944,54.74680824682405,0,0,0,0,False
142,293.902438851312,107015.3126136916,0.5552582993833627,22,9,1.8042726568563707,48.7463086917596,0,0,0,0,False
143,335.9255064853591,107302.16159513079,0.5371056040069985,16,10,4.250999337770081,55.2220601217135,0.5633510690632065,0.0015958823514484815,192324.30429659013,197379.51134342523,True
144,346.01158282991935,109415.62405889617,0.48650828594070533,16,13,2.3914474593819115,59.08137722352379,0.5109959134885564,0.025177885542518753,123386.62769975055,126959.19614966727,True
145,291.6770789440905,147684.96192287063,0.5385064922021107,27,10,2.776752621538563,42.42997356988631,0,0,0,0,False
146,342.480327294173,114221.52501930154,0.6860245768263324,25,5,3.697472708392678,46.16740824722833,0,0,0,0,False
147,292.2713154463255,101095.247171203,0.4007149843404565,15,10,4.551395538274584,54.24306113060344,0.42033132364259407,0.0023389231069161163,201527.02352231854,214431.94650366253,True
148,344.85261800849605,128144.44356497377,0.4710009735986078,25,8,1.6527976524596144,40.64426784132081,0,0,0,0,False
149,324.4318337943197,141912.98663946195,0.3953212135963584,28,6,4.891999285477683,40.34994029012108,0,0,0,0,False
150,323.8071596602143,143894.6798503687,0.6173224435879726,20,6,4.0707229001306775,57.61024694035737,0.6485206908725966,3.266970120407701e-06,186039.25054557784,192725.32367371864,True
151,337.50323557714484,139359.1511809316,0.43169461694603206,18,7,3.0730171551669576,53.4772182969335,0.45252531714777233,2.7611802592487794e-05,148345.22182496704,153706.13508539676,True
152,342.5401785107597,131412.2214256662,0.31541272052045827,24,13,3.660435300526024,46.85082790798199,0,0,0,0,False
153,291.49459507940617,111735.77534621368,0.5473873554538606,16,9,4.575118163202199,56.7926957797676,0.5749326314517992,0.0006825009938644256,204010.94758068782,216188.1812196347,True
154,342.3373166825153,127189.8527677457,0.6914097718161358,29,11,2.124951436174638,47.990013637923624,0,0,0,0,False
155,304.26974181514026,129219.37567068385,0.6163355856656987,19,12,4.264020670636488,42.090166044405144,0.6387539722036755,0.000826076134457282,195971.3709459753,205795.00585657038,True
156,291.5416983708064,104755.40958988754,0.47108317483320217,17,11,1.7745720334784187,52.36768228897462,0.4930475738625039,0.0026665866780074504,101461.97835802885,114054.99475466998,True
157,334.7586499420613,115236.1566875107,0.40235728867407927,27,10,1.3796110949319045,55.67557377754229,0,0,0,0,False
158,333.34544087825026,148155.76677729742,0.6972471247306604,29,9,4.785519632564571,41.45674765321279,0,0,0,0,False
159,296.11437660383774,121918.94031561128,0.6747991088407473,28,9,1.3989077421047162,46.56168151938668,0,0,0,0,False
160,314.8639083167323,102739.3497472024,0.5554873016797004,16,8,3.670348542999438,44.563834913561024,0.5771681707594627,0.00036842671419259703,172954.45959849714,181409.10070220815,True
161,348.54746128354554,140146.3787880183,0.5324120956793392,16,10,3.9967082082367344,58.537303462176126,0.5600890776313264,0.001678499269962157,182388.7584107421,185272.81939788777,True
162,341.627039750923,135096.01347402722,0.4112640522626715,20,11,1.332308763592824,49.671884311055216,0.4296881757493769,0.00023667686943927728,85106.57903461216,89869.60125030529,True
163,302.0855867238053,101161.3970589884,0.6813366713054428,29,8,2.7642517039207095,47.832620909586964,0,0,0,0,False
164,305.71217566329716,121834.70055975813,0.6316380208012733,20,5,2.785199042588304,58.10335726262271,0.6637670597947947,2.262965262218541e-06,138889.12005087422,148429.02355667483,True
165,300.75032451523396,140180.50944996875,0.3488184475205259,24,5,2.590772980537758,59.78331006770894,0,0,0,0,False
166,320.91605124446676,139854.10182353482,0.4807113029527328,28,12,4.519992010866887,54.165860755250094,0,0,0,0,False
167,317.712319088994,121011.93564599255,0.35834221555000945,27,5,3.590015024654301,45.111632320481164,0,0,0,0,False
168,303.542552833616,144398.67101739824,0.5646702481999937,27,10,1.767281541639918,58.44462546619283,0,0,0,0,False
169,296.4758687093389,130371.95552048367,0.3636400168260519,28,6,1.7033984448980244,54.21056499202665,0,0,0,0,False
170,315.83731892974004,144496.78889315668,0.37369275398496815,21,7,4.658557118322075,40.023537499171915,0,0,0,0,False
171,308.2157020758882,139681.44503192726,0.5250680672916497,29,9,2.2739484723822017,50.07037175294454,0,0,0,0,False
172,299.7230484601154,123105.04006195653,0.39456302207584404,23,13,2.9285690959677977,55.651150917665724,0,0,0,0,False
173,294.64395277097105,116608.34262325166,0.4329034826061526,29,8,2.8979832537220114,45.29967268476627,0,0,0,0,False
174,309.3968458448333,107039.24277056563,0.4977804474764997,17,9,1.5735441458035078,43.62353562871312,0.5169619294548043,0.0006115095379027014,95056.25572153382,104702.46835236266,True
175,348.0258709014477,149349.77194448176,0.5856397547335921,20,6,1.241484330008542,50.710601440511326,0.6116778246871989,7.97445748526484e-06,82658.5424061415,85352.27373557021,True
176,349.0197768901243,111350.61960061784,0.4368846700231606,25,10,4.5051818316629415,46.57980074402226,0,0,0,0,False
177,310.0341600150803,115503.6809669783,0.490126316931111,28,5,4.096678944249652,58.8027202925568,0,0,0,0,False
178,299.3515802365314,100640.03994646703,0.3716164349148617,27,13,3.224621290805569,43.37882444168097,0,0,0,0,False
179,301.68568965687774,117541.69903865864,0.46002055419755816,23,9,2.7057667955244087,43.81189628043283,0,0,0,0,False
180,328.74308690470104,106109.71017401807,0.542582959203729,23,13,1.8473763548876043,59.241200018485394,0,0,0,0,False
181,326.20931648019285,126669.50222777399,0.4174674270489653,25,5,4.666554651696058,42.68360192801099,0,0,0,0,False
182,325.81238767259396,141720.69599983102,0.6031555675301754,28,9,3.5770912538197894,49.97361330331656,0,0,0,0,False
183,316.6911808591654,120605.40706927238,0.4664881171597959,22,7,4.28776476566417,52.54020442533701,0,0,0,0,False
184,332.14096265664574,125468.78621816193,0.5850470097140288,22,7,3.991936349320823,52.07430328756173,0,0,0,0,False
185,329.986840334392,102263.918353625,0.4582277208532536,26,13,3.5158154881998342,51.27378535305623,0,0,0,0,False
186,336.6651173852239,143126.78556719667,0.6695264544022013,23,10,3.7345522907006767,54.827240833062895,0,0,0,0,False
187,322.38264985735805,147757.90533507572,0.6778052430602128,15,6,2.9450940387348434,43.002047359644536,0.7027666717750081,0.0002827966145347335,147075.27180025628,153686.70693042755,True
188,306.37940849949206,108131.08996892365,0.5464864737848835,18,11,4.796724022516553,51.58329304474175,0.5713546859560774,0.0006427323183720909,213153.54684833306,223021.5717878547,True
189,311.30011269610856,101824.13455129655,0.6287467289456325,27,12,3.137429512619466,58.74817212709484,0,0,0,0,False
190,348.23341761390907,106521.8306010889,0.4760960870694966,24,13,2.6723278764466665,51.84910671015055,0,0,0,0,False
191,317.09357529953184,117793.99428660859,0.34274679781940265,25,11,3.618933509188629,54.06044553807206,0,0,0,0,False
192,341.9965101906919,138428.3132674403,0.5713298061758845,26,5,4.591853033368824,48.10781562483822,0,0,0,0,False
193,315.4943545240485,145318.2119029632,0.5437088507673691,25,6,2.2808027864269462,51.32873870145225,0,0,0,0,False
194,326.67334502417384,128437.41939438721,0.691160533897964,29,9,2.344491622263618,43.440255397580934,0,0,0,0,False
195,290.4797591913871,132923.2630420427,0.4166211844088935,24,12,2.76188148910204,41.21030384062309,0,0,0,0,False
196,297.7610843280586,122960.26106702007,0.6904153704746827,22,11,4.991820633887557,41.96310003368215,0,0,0,0,False
197,334.39003694623824,118577.17685465122,0.52930899682194,29,6,3.563568120311496,51.13984902520487,0,0,0,0,False
198,321.8402473090175,118830.66335843377,0.31359707347018195,29,10,1.475762275813986,50.27727232156511,0,0,0,0,False
199,336.70084872400656,115727.33163653701,0.414849796803466,23,6,4.587683443007455,46.02899403144421,0,0,0,0,False
200,290.62750073787424,148500.5420891773,0.4293617784986933,24,11,1.50117104274484,45.26415993836441,0,0,0,0,False
201,334.37839997160944,111725.78422453016,0.33967604087209696,25,11,2.849563806749064,55.61206572642898,0,0,0,0,False
202,330.8121461372024,103667.01618090607,0.5457745678976401,25,12,2.5402322469547065,57.519212832962054,0,0,0,0,False
203,331.54639599528343,147653.4131981918,0.6124654084332888,18,12,2.2803846167955184,57.959233323328256,0.6434619419559525,0.003350042630144307,120292.05741285678,125710.13896028546,True
204,326.9909841122931,114540.29317946245,0.34191865618180617,16,9,3.622327031543848,56.26571222947669,0.3595663640473432,0.00046352158662686606,166565.84090456602,174265.40484310736,True
205,345.4374995133988,139716.49171739432,0.5392099998333151,25,12,4.353930058251827,55.885408413855714,0,0,0,0,False
206,303.0507288586272,125620.99613914602,0.372725096963452,17,6,3.8305079750447018,49.16221002362544,0.389360510345235,1.915769097601317e-05,175750.25597961154,187149.89602128495,True
207,308.1479178660224,111644.40035290006,0.5356509479293005,21,10,4.5796357317645136,53.432850707954294,0,0,0,0,False
208,348.73203902553223,147341.18647953926,0.6094708551688051,22,11,2.412472101082722,41.227772868278116,0,0,0,0,False
209,302.78627329289554,134970.83273595458,0.5735682453176649,21,9,4.789772878013739,47.085949393170516,0,0,0,0,False
210,348.54934964236253,106541.59182472716,0.49388183534537555,29,11,4.566762927035538,49.08661193495135,0,0,0,0,False
211,328.69448400255504,146755.21897490518,0.6414370827823335,17,8,2.354622721516037,44.3237109495625,0.6659677881730901,0.00030064908919449413,124751.86469238545,130490.94135638149,True
212,333.68324886024595,115189.0236954272,0.36886996530769467,19,9,2.3866810129167826,44.45668853100521,0.3837021634085406,5.982863481032766e-05,123715.78221555556,130104.51140872063,True
213,309.5773571944505,118020.8538251658,0.5973127330276775,29,9,4.097378140938048,59.717221188728885,0,0,0,0,False
214,336.3509508104728,120906.14280086246,0.5138425340060326,26,6,1.7195289793993065,46.29406254684237,0,0,0,0,False
215,312.08240991850215,142802.80337931635,0.47692649348521143,24,11,1.5923713711638108,59.10246455758099,0,0,0,0,False
216,329.07414188064007,108289.783870375,0.6605655684269571,26,10,1.3124381485359518,42.615480403708155,0,0,0,0,False
217,315.7942466378116,114842.76569543447,0.5173771077970899,26,11,4.759353011952771,56.36776712995499,0,0,0,0,False
218,331.7757320050873,106019.92186713014,0.5522392140350478,27,10,2.202618976944458,56.28279571817036,0,0,0,0,False
219,334.05047389186285,130952.75191559503,0.6830269011284984,16,9,2.4233354858339506,53.63476183575289,0.7145939814303693,0.0016930251390569922,126365.98769270717,131020.25849323947,True
220,306.22411799841575,104887.56540861423,0.5404792236806927,17,7,3.873130584815957,49.991966013055226,0.5643317130283967,6.817041733781565e-05,179398.11349745927,189321.54392385998,True
221,324.89401828923053,140368.65123197404,0.48447388147845555,28,9,2.914267393888577,45.919589044058284,0,0,0,0,False
222,312.85341546169695,131026.81768544548,0.3717204315270974,18,9,4.690647570896694,56.92188449950755,0.39106599151954585,8.113037998881794e-05,205525.76377085113,215369.42347224668,True
223,345.14229334244897,144093.0268014699,0.47242502403940667,18,10,3.0202383783957503,50.268851897277656,0.4936289247531269,0.00035294052489240205,147316.07392922038,151114.12977300922,True
224,331.9502691278111,104302.62600889629,0.49039256980491225,20,9,4.044959891502396,44.533349795987874,0.5097462410774006,2.4732202056981345e-05,186089.9955933673,192063.5597166442,True
225,299.11457903714887,134706.2550205295,0.6393331131869251,16,12,4.266225226591282,51.81610988542911,0.6676707919588953,0.010121136470526806,194457.76210646867,204979.6523431352,True
226,316.99208727438895,136713.8941708315,0.3473467400760415,16,9,2.304574836313039,40.43125724181559,0.3600269162222839,0.000640925568461408,120918.17079334774,130232.06907484501,True
227,290.74410185312666,119191.45115391593,0.3000082935209065,22,13,3.2980611142632306,40.76200015576039,0,0,0,0,False
228,306.14003661889024,129154.41613942083,0.519024014300566,16,9,4.460876394445013,52.23687684199857,0.5430681821139791,0.0006452623136344673,200356.6465577476,210410.13188328024,True
229,341.3060630100896,144846.86082802498,0.6999990003329901,26,5,2.336089534138507,53.11098392867842,0,0,0,0,False
230,303.75680090097205,144584.4599081838,0.3654516914310957,24,5,4.556639453191265,56.22585591036673,0,0,0,0,False
231,308.1662099298465,105250.27997651315,0.43335251746047054,21,13,4.1556294719457085,47.84160626824019,0,0,0,0,False
232,334.02591253158994,124511.4486500473,0.3339362247397341,24,7,4.458604246829763,47.65638802626115,0,0,0,0,False
233,298.4237597486109,135049.05024033683,0.42262697097575314,20,10,3.927932813517324,40.77742842253165,0.43802378737264425,4.6876764999518495e-05,181486.75928923034,193296.0020766689,True
234,321.6819704722891,103603.44022686416,0.40208057900088384,23,7,1.516746569331127,47.25991966482003,0,0,0,0,False
235,346.05685571956514,105914.43784440911,0.5053681647153232,26,9,4.244957921887598,42.045731905375675,0,0,0,0,False
236,343.3368689957569,112400.42461656823,0.33589073662988,28,13,2.769721333014459,44.05871884591353,0,0,0,0,False
237,303.1417777891124,107642.59562397921,0.3920659826480414,20,12,1.6429232034625874,55.38962083486319,0.41180718609646794,0.00043850546125776506,95767.10976212406,107037.12435802544,True
238,320.6898159948184,103995.52984902103,0.43446324015449506,17,6,3.878590977925077,59.954038490152705,0.4580937431922553,2.3774522422077457e-05,176644.62096925435,184833.13882221538,True
239,301.91903646624826,117552.09072310149,0.5512822072605669,23,7,1.8484651309505562,49.582116333269106,0,0,0,0,False
240,310.1237381532174,103308.90246645194,0.5407232832803794,16,6,2.2428608387717484,46.782503068236466,0.5629888326421507,0.00010864313114267079,119743.00086446946,129041.38876297882,True
241,323.50250420555955,141362.72325360109,0.3596162670612652,27,7,1.7744464898807875,48.22284129128107,0,0,0,0,False
242,342.53121804843926,118114.86731610881,0.6105340280704123,22,12,1.931256674264871,45.718819047983644,0,0,0,0,False
243,302.16399113815334,123006.17937236604,0.3478021708162828,20,9,3.5581070943474753,41.306999669447244,0.3608066124660196,1.783969253934002e-05,166658.35562464918,178352.89572581172,True
244,303.81778490092904,149047.15325488333,0.504556107609422,21,8,1.2370584834445566,41.75667909001636,0,0,0,0,False
245,337.28706493515546,144181.90812721866,0.657752544765867,29,7,4.480302181982351,40.726351214599596,0,0,0,0,False
246,321.8648926519688,117982.11365329186,0.5201270201854405,15,11,4.106310236693615,49.02233041450683,0.5423568185270801,0.007883182027024932,187932.57927968813,195433.57375568766,True
247,327.31881832747655,144058.62915202248,0.4494374997583539,28,13,1.3137110022189957,55.1278514229506,0,0,0,0,False
248,301.85128069867653,129639.60591752657,0.6154877064732753,15,5,4.234238205191317,40.235500366903196,0.6368833673409038,8.424443038299808e-05,195192.96714522378,205396.9744719755,True
249,307.1099160634751,105810.22437929494,0.6912618375429416,27,13,3.383339867756124,48.238312953410414,0,0,0,0,False
250,323.7765146666024,137646.73685091283,0.6063011727712291,22,11,3.8716319046010117,52.68849790102317,0,0,0,0,False
251,316.15492288807604,102148.26354270976,0.5695219758389847,29,10,2.1680654994021187,46.20301907661832,0,0,0,0,False
252,312.63982591470653,139487.13916841563,0.5779723763395906,28,12,1.9222980887373897,53.1716595129803,0,0,0,0,False
253,315.24951764615804,140171.79046649468,0.6674439588106433,26,6,3.73830791693692,51.71199230678581,0,0,0,0,False
254,332.45933471270666,133244.37631084307,0.4190385031006954,15,12,4.04037686266792,43.45362896086975,0.43482991953840255,0.013539469694413674,185121.07595909588,191410.49781017378,True
255,298.25867510358745,143726.6904842431,0.38724119293352405,24,11,1.7570424447251949,49.41909480385123,0,0,0,0,False
256,313.33518179893593,109439.58793781557,0.3417803435041765,18,6,2.386295429195646,59.45390278734133,0.3605004168699033,1.1463337787634744e-05,121657.69119804126,131616.23226165373,True
257,310.4948236412102,126016.39489059185,0.6920860341366842,22,8,2.885773113483852,52.32781925318913,0,0,0,0,False
258,299.82158226216256,124818.81445273652,0.6297308939531698,23,13,1.948295270031493,49.69335747301051,0,0,0,0,False
259,313.8523578418944,125319.42987564683,0.4474468293746783,29,11,2.0185580688286673,44.123994216682426,0,0,0,0,False
260,290.95993159918805,110983.35670916596,0.35923349671831406,19,6,1.5757370525324619,51.46414377107309,0.37609171916571826,7.037045259558481e-06,93393.76833011,106756.45237428941,True
261,328.7615392649283,126195.17441215465,0.579920001447459,26,6,4.466324814724204,41.449456456160156,0,0,0,0,False
262,336.25047986360465,149096.2732065722,0.4866970944382529,23,10,3.533501370113294,44.38912646134368,0,0,0,0,False
263,330.9514395916341,135414.38546930288,0.6863980644377625,27,11,2.4809914321159727,58.35753883563069,0,0,0,0,False
264,325.699581122397,140015.69866430626,0.6111069302336927,28,7,2.829799285866252,43.55849145634658,0,0,0,0,False
265,347.5495495628214,115081.60952676283,0.6255257813718575,26,8,2.46174774950405,57.742015884569454,0,0,0,0,False
266,326.732699052474,102317.20067223467,0.3788163258454602,22,5,3.6376357845442104,44.46435864279115,0,0,0,0,False
267,311.0531414463924,137026.8704716535,0.4391069328858594,23,11,1.6224520341471407,40.93347583025996,0,0,0,0,False
268,348.2816168099324,137663.7301074363,0.38485490119904475,15,9,3.799163145727377,54.6325307410806,0.4039423945574734,0.001154095256526056,173911.32875126306,177664.93793779137,True
269,305.01253129119544,128768.17783345259,0.3331912415255647,20,11,3.0097094504632143,41.50005610959476,0.34573722869341017,9.86170180773892e-05,146367.02666037236,157706.1463051637,True
270,294.7618248960779,119675.68689178745,0.5096280517721467,26,13,2.9197478316652106,41.922202577805514,0,0,0,0,False
271,345.7907799264327,109743.14688927215,0.38549503124320894,15,10,3.4995613907539367,40.51277437469636,0.3994349168168797,0.0027081975566621576,165224.8130911799,169407.5326282417,True
272,327.60635983436384,149079.31794745257,0.671514054292321,19,13,3.9795916081772535,49.14411797982164,0.6998721437186533,0.0022859099375505286,184534.7524365507,190318.83835164816,True
273,299.01652723595157,135153.31891388865,0.5457375508710438,29,10,2.2387464006982114,48.132023710882955,0,0,0,0,False
274,303.01096902320745,132965.06204355013,0.6566889456695588,29,10,3.1027590292406835,49.07525949189227,0,0,0,0,False
275,333.7968538997859,108260.6101949774,0.38449961390042126,29,10,1.7644744967431905,40.37691782367508,0,0,0,0,False
276,325.5315471389308,132020.57228693517,0.5256357691629954,21,9,4.001990343142115,50.96263780869719,0,0,0,0,False
277,308.1771340807575,147667.3978365907,0.460696453073983,21,7,2.215309474531862,57.18906189255498,0,0,0,0,False
278,308.63893342607895,128290.26018017529,0.3131626666420107,27,11,3.7736996698221423,55.736419546771515,0,0,0,0,False
279,306.4483054075754,138433.5246377907,0.4702153812064277,21,13,4.559144567961625,47.47691891591006,0,0,0,0,False
280,324.6582266745927,117172.82432064856,0.6331097574067633,15,7,2.8783011487114702,54.63959112348164,0.6632561895742368,0.0005790487461104475,142783.39835598395,149252.11509383447,True
281,316.63125096714174,123437.49463682031,0.6086662616166608,16,13,4.625924199490529,58.808168694389664,0.6391142670046368,0.019801562882561418,206125.73971976107,214031.47792869635,True
282,329.04700020346434,130117.6226768244,0.5995972197990391,15,9,2.1009626991315424,59.95974958673152,0.6311055113496139,0.003490369826947555,113432.96695387326,119339.31630757498,True
283,313.44706894493504,110389.52859617106,0.4745613830589869,15,5,4.826420884735289,51.140247499483024,0.49625313370872637,5.2602032637961265e-05,213359.0850405423,222491.93612308748,True
284,291.8143205850402,128231.31280379355,0.35045397281898716,28,10,3.011145658574019,54.42036551461314,0,0,0,0,False
285,329.58905675888326,148454.01778183924,0.5410937496454061,19,5,4.145595668013295,49.86600825221058,0.5649177042674158,2.7505790197939348e-06,189457.42607773002,195556.4747603345,True
286,320.9887202452791,116853.08531646461,0.4689461009955498,24,8,2.8214684835883697,49.55465444491225,0,0,0,0,False
287,303.90331401287216,136180.88564791283,0.46545797826059226,25,9,3.0284863467439918,43.6096049963735,0,0,0,0,False
288,293.6815139285732,126349.13430366814,0.48841406616301825,20,7,1.2461845983563196,40.98117772375691,0.5061029006742096,1.2020616910726691e-05,83116.35195433014,95270.75031044535,True
289,307.80856958486146,128095.81302980267,0.41203641364605703,25,8,1.5714210770185963,49.46310693967165,0,0,0,0,False
290,316.88643472072596,137494.85188586602,0.606946650274675,24,8,4.183542319954442,55.41228100236382,0,0,0,0,False
291,347.7283122722732,111535.33488399957,0.3962156117787031,25,5,3.11828725826449,41.72564519201511,0,0,0,0,False
292,302.9730928840024,122189.52108171282,0.617249606634819,19,7,2.0494401799204573,57.2655806767733,0.6482375991484739,2.9631542768957957e-05,111917.08990025434,121960.42892481104,True
293,308.9077472095741,129502.4265495356,0.5595398097922488,29,7,2.991901824582805,59.97321116378512,0,0,0,0,False
294,291.4596457602589,134308.4969974853,0.3829943926626595,17,11,2.7710815749946436,44.60876917748392,0.3983573770364013,0.0014364703682870751,137918.17093406036,151048.93862035364,True
295,317.2768788181069,140098.42715569347,0.6007142122938698,19,12,4.20804962427821,42.780457139622115,0.6229963796284388,0.0008083079479641939,193628.38604517648,201452.31146190196,True
296,313.0938934252257,106917.01454765371,0.38304348621669815,16,5,1.6848995215397753,47.33841881336349,0.3994487274882441,3.678121380973116e-05,97944.58344188472,107674.7104441967,True
297,310.5556042453411,126552.63509128425,0.687616778831082,21,9,4.488100504431737,54.94793234704562,0,0,0,0,False
298,300.1923889129212,102170.57145068356,0.5495595652303766,15,10,1.6192929893522063,44.14571811847213,0.5705310355041628,0.007874401648883641,97008.12724505964,107821.27137043254,True
299,309.4960047388274,134930.45999642438,0.4847509733130174,27,8,3.364922523536075,47.66034719023559,0,0,0,0,False
300,291.0860580121031,130888.994442963,0.6279443174710112,27,11,4.4677678498183955,56.83405487874546,0,0,0,0,False
301,313.7062181751929,115349.02645123765,0.41986079655621467,24,10,2.6665740113197867,57.784352581892556,0,0,0,0,False
302,341.0007057660722,104407.93937395078,0.585471156870886,24,10,1.7016600282496679,44.31583785176295,0,0,0,0,False
303,339.65931327084195,142418.36959194482,0.5944673788876663,20,12,2.7460174243780493,58.09529924012662,0.6248617290085036,0.0005418370654188603,137237.33500997443,141359.85722649453,True
304,297.18597003764523,126265.02804456418,0.3126248042847474,29,11,2.839745298358538,44.03064917524789,0,0,0,0,False
305,314.006867553506,115498.43134730335,0.5939797221847494,22,13,3.3902152251987525,57.591807263609965,0,0,0,0,False
306,292.70724314754773,111598.69066118116,0.43874122007544886,22,12,3.3907896367529196,47.90472471633959,0,0,0,0,False
307,320.8361015605459,116165.81887662123,0.33385820042087605,18,12,3.317479012309038,45.10499919615111,0.3475250809354945,0.0010617582208238185,157085.80625086595,165857.86218568307,True
308,309.01160446372296,129810.24891365788,0.42812640717317396,22,12,3.2984627226315695,54.942661732565554,0,0,0,0,False
309,331.91009760217423,127114.5512901553,0.3774748638293031,17,11,4.245346067375599,47.26612209030749,0.393589248784069,0.0010120741638893979,191265.59704070643,197904.2200910127,True
310,300.7157060218893,138045.22628244216,0.3189950898060311,18,13,3.1551314675014224,50.31195142399987,0.3336041048069273,0.0023751624535179763,150216.0419790749,162330.77051614597,True
311,316.072164686589,126710.53229647191,0.4264919953150498,15,6,4.43714448503166,41.997906416710606,0.4424996656235275,0.00010095990363157753,200076.71362516648,209053.61143270636,True
312,292.0607725386121,112204.92780082658,0.4892021225783293,29,10,4.6839147629045454,48.32462568601905,0,0,0,0,False
313,305.87791400341035,101540.21465068318,0.6066263326685953,23,12,1.2843825668959112,58.974480602731255,0,0,0,0,False
314,330.1645659196031,127829.49747985559,0.42458806821590483,22,13,3.469827044509744,47.72382831555078,0,0,0,0,False
315,345.3876494004517,138993.03188334726,0.43336720460909905,15,9,4.0434680715512,53.589237829335076,0.4542587330982761,0.0012648308229962332,183696.5658962247,187674.98955950025,True
316,325.21568755206255,104702.91152335184,0.35313541751436495,24,7,4.8513457939271545,53.12661802852486,0,0,0,0,False
317,329.00283680998064,142848.47303661052,0.4924857841038337,26,5,4.372534470251233,47.5740496514197,0,0,0,0,False
318,312.0225783739503,120322.5005633262,0.6438981575115212,25,12,2.0263881007429587,51.9114525690382,0,0,0,0,False
319,307.9434620063367,134633.12394442898,0.5981729480755391,28,7,3.0674144650651627,54.511604453287156,0,0,0,0,False
320,310.8896941592871,126211.43339015852,0.6928335959628253,28,5,2.6770179619627203,58.7043740462424,0,0,0,0,False
321,323.03611208137806,123703.90653637676,0.334455481840378,21,8,1.8295160755771986,46.92191562983314,0,0,0,0,False
322,323.36655409202353,145968.9328346949,0.5576376731881141,27,6,1.7824783737077965,50.15046899761891,0,0,0,0,False
323,323.38883991629206,133529.44947661518,0.38927585690071126,15,5,3.4855395276547476,51.33399560660355,0.4074010358562121,5.153080357210579e-05,163113.39467290553,171115.6601034409,True
324,343.25015019595025,104049.52233315626,0.4260090712632313,28,12,3.745805604284774,50.56668645472938,0,0,0,0,False
325,324.1466919700678,100654.02880008525,0.6144333846519627,23,6,3.3090750301509786,59.76524724991751,0,0,0,0,False
326,330.98234626303946,145785.3068787287,0.5597441588759685,23,5,2.0139680054516313,56.57289843607883,0,0,0,0,False
327,309.45865553191163,147726.8226550112,0.5511766241993985,27,10,4.853522490358462,43.72749511619381,0,0,0,0,False
328,341.9797457548975,121900.26649929641,0.6807057314982599,26,12,4.231360936011909,50.37727022836768,0,0,0,0,False
329,311.44632428149566,137568.26689430978,0.6127174592317839,23,7,3.334997095442967,51.033572742448484,0,0,0,0,False
330,344.40105489222736,118268.79020468466,0.5594656788911914,25,9,1.2875645019258382,43.160175609137575,0,0,0,0,False
331,332.2281040015191,147177.5487432634,0.5065287373794458,25,11,2.2980280196503298,51.920568911024944,0,0,0,0,False
332,325.42674395655314,109788.99933602363,0.6896493722116144,27,7,2.285435158023718,56.58566807090776,0,0,0,0,False
333,305.1735747662953,104239.27566418199,0.4764090658010329,15,10,2.9419608136404376,56.31425464663835,0.5002831670919516,0.004187070482239281,143673.4522289266,154122.92273982853,True
334,293.42448832481364,145811.52997101616,0.34972484441129015,26,8,1.2117029907349013,57.34249690017277,0,0,0,0,False
335,342.0909393394941,109155.24445412368,0.5130856012254522,19,5,1.4129103028410788,56.24679815864848,0.5388314695655747,6.030217450513258e-06,88162.07714463667,92278.22858334669,True
336,294.6540064316804,106271.04044331823,0.342615841108565,26,7,1.9352433051754026,43.41216355716777,0,0,0,0,False
337,337.8206559032052,143969.78434090255,0.6478446754932446,18,10,4.909123426884753,50.96401426852246,0.6764619609937813,0.00035130094294265796,218428.50411691464,222599.28019466944,True
338,328.20524379708723,140498.44243769653,0.44792150493530236,19,10,1.231643880349519,50.91202092282858,0.46838258107171044,0.00028186042242699024,81578.64223153189,88426.96131100063,True
339,296.9999210792142,121178.43145205999,0.35407325341977197,26,9,4.028698786511861,59.763643513309596,0,0,0,0,False
340,294.7069363373552,132781.2887977194,0.4095525466699293,24,9,1.7431406293620122,57.17687539639471,0,0,0,0,False
341,346.2150387743942,116312.12378705076,0.5919800072381664,23,10,4.427333703644598,57.532681630984,0,0,0,0,False
342,343.1525901946731,113519.24616177216,0.44615046440540773,16,11,4.889839962682616,50.94472567197125,0.4664493704713536,0.0024911128091449387,215271.66610242912,219568.31414202036,True
343,317.8261347953991,115063.96225498148,0.31641160345932234,28,9,4.560836199656512,55.49792107164379,0,0,0,0,False
344,317.1840089805326,136954.72587559282,0.5646142298624472,20,5,3.6752852696634326,59.604277529568364,0.5944832088750729,1.4905513597675944e-06,170785.31984761974,178827.51361892177,True
345,301.4994485324758,107185.97939562159,0.4870683932635532,20,5,4.374782691695664,44.35524378206283,0.5062262219243964,9.778067211004589e-07,198243.88948114982,209198.00090008837,True
346,337.679239312103,142197.90084021827,0.40314553503336664,16,12,4.537946065933865,56.91203188539279,0.42373920224414974,0.005335735063047355,200579.8985374421,206079.18410323476,True
347,317.23168536411146,121482.59583328062,0.5590019935724948,25,8,4.747070923337006,58.797266343011316,0,0,0,0,False
348,303.5932266716028,106200.70228250755,0.6240362597538047,18,9,3.096200754160246,53.44640674700784,0.6531339035873918,0.00022982755832596206,150921.8341933242,160830.09512116812,True
349,341.53588339829577,137056.5893379852,0.4202131405535128,28,6,2.260569966095491,44.953369562605,0,0,0,0,False
350,348.5706288854425,111017.02647198651,0.5269486903559015,21,5,2.6059864885483908,51.91959923378711,0,0,0,0,False
351,298.815533233855,132159.54118702988,0.5224230181195719,28,8,3.831653259039733,57.4218486165621,0,0,0,0,False
352,345.5748309495449,117920.20732171067,0.41458661163916666,23,12,2.0522072750933105,58.76673917128101,0,0,0,0,False
353,317.80237807334873,103726.09744288799,0.6076822157535984,22,10,2.1669350651592207,43.979987400563445,0,0,0,0,False
354,304.1755978188972,144777.2856753324,0.48219068516045194,27,5,1.6264459467081365,55.48718426028272,0,0,0,0,False
355,326.8837066782808,125413.3966835666,0.35770834224986225,26,11,1.7663882001106042,58.08680519740349,0,0,0,0,False
356,333.85692059329904,125669.19613649117,0.6759001371764439,24,11,2.274889886652929,51.641525868936625,0,0,0,0,False
357,339.9179791172907,148828.022502327,0.36839075512874875,27,10,3.303691378738513,56.614018390030274,0,0,0,0,False
358,300.5770030203061,145829.79011295232,0.5613700711075339,17,13,4.738227705017507,42.51187771338313,0.5819445670430974,0.00759679285898278,212982.3788748544,223666.96269868096,True
359,349.5323409214661,101054.09906664472,0.46042600980636306,22,13,3.611679212305182,44.531891650527626,0,0,0,0,False
360,325.5548908898398,144614.99274998385,0.453191597375628,27,6,1.5778140710803572,43.02683251160869,0,0,0,0,False
361,328.2628227162576,107271.77007023765,0.6107593485779116,24,11,2.231175571523788,56.35466627481472,0,0,0,0,False
362,313.37308174833566,136487.53246939727,0.42412528080984124,25,11,2.3675104211218025,41.20282665205608,0,0,0,0,False
363,316.38478636339073,139102.66559071324,0.4419730782368704,15,8,2.3609557037970785,52.12050267581289,0.46265660031473954,0.0008871374111902485,122666.27663656871,131507.8762483333,True
364,339.962424284438,102298.85366058424,0.6982801522842504,23,9,1.4787704122630252,54.821882773597494,0,0,0,0,False
365,315.9002730627432,108085.28684304528,0.30218516382608496,19,13,2.375186271826066,51.08446511689354,0.3163347921248352,0.0012204528531884115,121711.35702455576,131507.70718228281,True
366,300.80556688416465,118195.53805651041,0.4541587043845867,22,5,2.461271980292735,55.352990228289634,0,0,0,0,False
367,348.9158978863511,131340.39328394676,0.37420439948186046,24,6,4.895263140298875,59.861757526915774,0,0,0,0,False
368,321.56888522462845,107254.53259971355,0.6820448330613161,20,8,4.864490675659776,50.02196151613404,0.7114290808976128,1.4905304177766368e-05,217212.7836781897,223951.97494841673,True
369,338.43925758419107,146265.27696017644,0.46289900031447884,19,11,3.014829202696882,59.92540685676751,0.4879227874988422,0.000352604096027306,145688.06528235567,150714.75145438418,True
370,299.55968491647457,133815.50543046082,0.33610891551502375,17,7,3.2220852415955674,46.0732973767015,0.3502134850463379,4.270508562740602e-05,153511.25771016855,165692.56688508502,True
371,299.3137007864273,112535.3453024944,0.478441886688184,22,10,2.262160517671176,58.70887133666888,0,0,0,0,False
372,297.4136227229079,120808.98954676966,0.4704585659477063,26,6,1.2980388267862293,40.47657078772964,0,0,0,0,False
373,323.7052631000286,137204.86551517923,0.5205109812290878,21,12,3.1748987703070357,47.003454690189315,0,0,0,0,False
374,301.46623532687397,131515.25357410454,0.3561133819481243,23,12,4.838384848268335,44.420556173114996,0,0,0,0,False
375,320.0976775366441,103270.98622364756,0.67501060179525,16,11,3.227040339919581,44.51153010569614,0.7005596235048666,0.006252232410389244,157353.9424100027,164357.79016505377,True
376,344.9190031833267,104916.04377925655,0.6661441405315828,28,10,4.199214602063622,42.02792694799487,0,0,0,0,False
377,346.03238235032296,109868.07338195301,0.5153333435388225,26,7,1.3581929252519052,55.17462355503625,0,0,0,0,False
378,347.66136811611153,106967.39916485536,0.44604792756008216,16,12,4.202945199453894,42.59740372809418,0.4627463455887202,0.006299256491010519,191651.92336591886,195149.44145404923,True
379,339.74078823945194,125509.98829592566,0.61536136741482,26,10,3.665873704937967,50.7823881374761,0,0,0,0,False
380,309.46800592263014,136676.14472981833,0.40590624022027305,22,13,4.651975244291171,58.66796279972094,0,0,0,0,False
381,343.79558412084816,140233.6916499944,0.5203561920839408,24,5,2.1320289037699265,49.82373769938353,0,0,0,0,False
382,302.4810312847616,148144.20186372753,0.5601373588009011,22,5,3.0596453871065448,50.42702595957667,0,0,0,0,False
383,334.6038883983997,119770.30566705139,0.5486119051764105,15,8,2.613382384608272,41.16447562233437,0.5683298502568913,0.0010807931462117543,134186.4362748206,139390.91326903072,True
384,294.56088984416243,129030.45739849836,0.5526069351782732,21,9,4.814853813410122,59.513770198960046,0,0,0,0,False
385,343.2897112055689,112454.42342010504,0.41729259140388997,26,13,2.4671644540740623,48.9328941916211,0,0,0,0,False
386,308.59719293241415,114410.35261042186,0.6220766555343424,24,9,4.982399236261933,59.21362737357652,0,0,0,0,False
387,325.2033093951506,138526.30650006194,0.42769857693308866,24,8,4.671475171622211,41.08358603044273,0,0,0,0,False
388,301.0843785841218,141403.11782173355,0.5081018530049297,28,10,3.3815277157426404,46.8194835833711,0,0,0,0,False
389,309.65665495936656,145376.75881481852,0.5036356259114313,22,10,1.2483098640664785,59.05127352843496,0,0,0,0,False
390,307.5558268110028,125195.76709579326,0.422941718731289,21,7,4.069109450806204,40.862824665930454,0,0,0,0,False
391,343.4321939202947,113353.40919901678,0.45429126056157404,25,10,4.0342314051703365,41.39062878618672,0,0,0,0,False
392,347.16362950619583,131304.5315541107,0.5768561999303143,20,8,1.864939587439466,44.480114209032706,0.5992580061577572,2.7071729798818036e-05,106223.08041997497,109108.90036615026,True
393,297.5213769696813,142123.3665640295,0.4993748100167148,17,6,2.926119380396427,47.088239006123146,0.5202283723563639,3.470290206899895e-05,144562.10413251136,156067.5533329864,True
394,294.28294640689904,125054.77280565503,0.4695615261907289,29,10,1.6602351897588103,47.06197878123918,0,0,0,0,False
395,316.5990445952013,104712.39666344259,0.5727580457397008,20,8,3.7546960692739395,50.028726612833765,0.5979156077346444,1.475992721158264e-05,175338.09114856055,183427.35756752707,True
396,315.30003326605726,106872.79736173857,0.31215848577869343,29,7,3.4629144208361025,52.75631869858213,0,0,0,0,False
397,321.27344563267303,116114.48081287344,0.30739892433254296,18,8,4.692722525799163,41.14598916763675,0.31892288374135996,2.789777381641609e-05,207309.9842076733,216181.73793317578,True
398,331.40294307601533,122622.40934618958,0.5727007347581781,23,6,4.365717333311246,49.78359393980689,0,0,0,0,False
399,303.44500900393433,130393.52207008145,0.3670871366539261,27,11,2.2994754001972204,40.50726111115353,0,0,0,0,False
400,300.3700847957285,116085.09851631697,0.611968602529162,15,8,1.4583892500307316,50.929862918177086,0.6390749343656104,0.0020921974817890068,90748.70739111018,101215.9494763175,True
401,308.51703571911946,106058.72731570176,0.42081362112060633,19,7,3.7352340661333185,40.17536967321981,0.4359158609193023,9.63429228920967e-06,174461.29299959145,184690.02916241201,True
402,315.4566455094954,131952.28112888968,0.5687080107929474,17,5,2.758528615910108,58.239255227572855,0.5980188407263621,2.1529845025516093e-05,137504.1125360824,145807.5234656132,True
403,348.472358472248,141775.72077324725,0.5759662339846104,22,12,3.5743700781718726,56.897413340742766,0,0,0,0,False
404,333.5956874749547,135976.46593657078,0.6139731651112714,25,11,3.4018709049835154,58.361006174859355,0,0,0,0,False
405,292.10335047468453,138497.51198602494,0.415923246585957,29,8,3.9006253016002486,47.10353136717425,0,0,0,0,False
406,298.8906379417513,110421.24343242533,0.4259979172428257,15,8,2.9362937651502685,46.805017801063904,0.44387022570450635,0.0007040022864947574,144196.89149619397,155919.64244989102,True
407,349.8000835963526,109098.95341774225,0.3283721973804635,17,5,2.5932634454586045,45.949625657002564,0.342132664666424,1.0008164917299731e-05,130559.8465282393,134391.30246607328,True
408,297.1558976686357,123269.17500883651,0.3062957056346976,26,11,2.8474530087698238,49.29198799918886,0,0,0,0,False
409,297.3601040114102,110610.71202171424,0.5721494458942169,28,13,3.375786387030187,42.5946011581518,0,0,0,0,False
410,291.30837018980066,115328.07925149566,0.4509042514898171,18,6,4.1148197336648416,57.976930638175766,0.47451174122998596,1.0451701945234186e-05,185779.64062849275,198530.7759005356,True
411,322.69484256323824,120469.74240494987,0.6622101943290646,15,13,1.9686635772227319,46.06762419124752,0.6846300265808872,0.09721550460682628,110357.42500661469,116977.62236374833,True
412,301.6351961256973,130526.94985907993,0.611464067269055,21,5,4.476056487306814,56.10041879387042,0,0,0,0,False
413,316.30703082784385,121533.28109305748,0.6704435593286597,27,11,3.826537940684447,59.935416174660595,0,0,0,0,False
414,305.97839039994227,113789.38430587498,0.4295029533572798,24,8,4.800201972278151,49.0096693568951,0,0,0,0,False
415,294.7171616533023,127350.00738771063,0.46899987688040773,22,8,3.1515802161610784,56.371005423478266,0,0,0,0,False
416,346.96955970547253,128374.25025478203,0.4366685153421432,17,6,4.211149073592591,45.01415336411762,0.45425566530381967,2.1456404857851636e-05,191379.54921217807,195054.45395526412,True
417,322.84284689422265,125240.19045700734,0.49908457661432615,16,11,4.985097040108965,52.091624180227804,0.5221153207535868,0.002817418193578516,219343.74032521044,226801.28749329547,True
418,311.8798581850811,144115.02929085097,0.6041456622872786,17,8,3.7957774977235124,52.51439797485834,0.6319007429019627,0.0001823159362221803,176703.76908018117,185394.4175580475,True
419,343.51709686806566,141128.42327787858,0.6243016588514535,21,13,1.2797784820328348,51.759073309236726,0,0,0,0,False
420,323.8974310866492,132835.2997129949,0.316840382067464,20,10,4.120046207596666,45.05551955134949,0.3298727401675101,3.236501110345864e-05,185966.18730008995,194339.32497513673,True
421,297.068072605986,114007.07342753738,0.5807374815779838,15,7,4.871520413667814,55.795429675366805,0.6092757508447671,0.00031753832629960135,215434.78234483424,226580.677573292,True
422,315.40149991226764,126369.8357106541,0.4430775647653337,26,12,3.5113684431202765,59.920330840634776,0,0,0,0,False
423,327.96856621849236,108971.96581210195,0.6001881255878347,29,9,3.833288515354191,42.11474364463065,0,0,0,0,False
424,313.11523836722273,134272.05785378252,0.3029561569649793,22,10,4.12385619397025,43.15237720126794,0,0,0,0,False
425,324.78130773625895,141565.00393990075,0.3150689525053034,29,13,2.8508439025970125,44.84480500052555,0,0,0,0,False
426,311.5309416776057,135912.75615638742,0.5304487879728761,17,8,2.913069123715733,48.26780054708547,0.5530508445559597,0.00018873101208356633,144203.20708284283,153330.43060930603,True
427,294.19924199000985,117490.65595868681,0.653674782900963,26,13,1.4447912747273899,42.51797973351131,0,0,0,0,False
428,299.4596241081979,147149.03040161065,0.3725905915080011,15,5,4.080978732331508,52.81708847175524,0.3905150044814756,4.34442975714953e-05,184230.09966530884,196194.7906757233,True
429,346.7737792295611,113030.45152782364,0.4712677479952605,19,7,4.929386491627765,51.089284860757544,0.49280167385795337,9.049765874886965e-06,217089.06253067064,220606.90200783024,True
430,339.73245566156305,149166.82299881813,0.6324944896793445,23,12,3.166607826258148,55.789412488131276,0,0,0,0,False
431,322.0694109350301,106471.1193301273,0.6260687359967577,29,6,2.352373515971723,51.095798762945876,0,0,0,0,False
432,344.89574306000185,126837.44425421684,0.6400770523239032,24,11,4.271632040828153,56.34615859238302,0,0,0,0,False
433,314.79924825996267,108052.0721583514,0.6412231236591048,29,6,3.0604848743818156,55.40700426570022,0,0,0,0,False
434,293.80701659339246,149111.7110955389,0.33155405629412843,17,10,2.5109650154790213,51.62029854044981,0.3472081194579204,0.0005840952362348252,126937.49152348083,140043.47582374793,True
435,346.4859495073179,143200.22255488049,0.3662794723312571,16,6,3.212520235937724,57.57860182649091,0.38559279164999466,4.9992185343045746e-05,151969.686792836,156155.6413275199,True
436,338.8669152757932,107201.4494621289,0.6550677148274509,21,10,1.9082629481642237,41.65571142336569,0,0,0,0,False
437,299.569711948276,139247.81668625935,0.3351524253095001,15,10,2.3735093450991545,54.15400428413347,0.3516557657817046,0.0031226941646435758,121724.08737829485,133913.35196660753,True
438,299.4427766509111,126109.73066074503,0.5368187483653808,23,9,4.463944376212738,45.496401777080855,0,0,0,0,False
439,297.475025680282,109850.18128327417,0.4653214388683367,29,5,3.2359720544712482,48.29182063015204,0,0,0,0,False
440,347.5305739900302,109128.08808621381,0.494469288942334,28,11,1.7560200082875717,44.29248327165583,0,0,0,0,False
441,313.3550433103543,147857.53620445266,0.4789901969071197,20,10,2.663758542009874,52.361988346223676,0.5014136603463959,7.909172417781809e-05,134052.2032538732,143172.969216491,True
442,304.6629810026053,121362.93282017221,0.36488952144035686,22,9,4.848661830363039,42.61639017113012,0,0,0,0,False
443,299.7805480566749,134506.02823845018,0.5533090032721786,17,5,2.83368317807519,44.57009053227224,0.5749297191176493,1.908280255733049e-05,141952.69979437056,152809.1056996743,True
444,326.84485429706876,133869.68041272135,0.5609581183000849,28,8,1.8077883148491796,59.618368070327534,0,0,0,0,False
445,342.99269808010155,122758.51565295404,0.5403010357536098,25,13,3.5251043914873037,55.97780613204728,0,0,0,0,False
446,333.1274841531214,114994.1547422871,0.45393026390960806,22,11,2.773562505929992,52.00420752583214,0,0,0,0,False
447,344.15143259771065,119998.45385139032,0.5379117362985324,18,11,4.000251054846603,43.34385050618234,0.558357736165911,0.0007300671655567664,185198.98167191463,188812.69536306206,True
448,297.299221955731,116671.0482363013,0.5185792682528737,23,10,1.2831545298568319,50.452527588398766,0,0,0,0,False
449,307.44473403589876,115951.13505057438,0.5604217651462805,21,7,4.9290817579671495,47.69817096623823,0,0,0,0,False
450,324.1643111362113,127516.99549167522,0.43629620774371725,26,10,3.3736502156918506,43.05746926903058,0,0,0,0,False
451,337.73611308207353,104020.92130093483,0.34754042593193524,29,13,2.1426314405240316,46.30038910843212,0,0,0,0,False
452,324.016491804918,102403.83999396041,0.5961828402590682,22,10,4.196508602027419,43.783346231893965,0,0,0,0,False
453,308.65119374179795,137518.55553546542,0.6236815517842377,16,5,4.849578999938113,42.55746870371808,0.6466283982696948,3.464544872339729e-05,217742.05727816568,226836.95416328614,True
454,305.9218414051342,148494.37772660586,0.40013336903892915,24,7,1.2946351477528983,47.255847179781725,0,0,0,0,False
455,320.0082237357648,137882.6835317198,0.3731052074263389,20,12,4.473361522926723,49.72802110351424,0.38994918189201155,0.00018820569269764538,199041.36845956094,207701.9597274122,True
456,319.7725968274308,136065.2944159435,0.514169085044235,22,8,2.4732997378806756,55.470995228745075,0,0,0,0,False
457,298.09985049082974,144627.71984376153,0.5543662421255094,20,10,1.9000996666349188,40.50316763520636,0.5739744776824389,0.00012299684457796526,107798.37307430866,118904.16763543893,True
458,312.218985800492,136447.2084918179,0.33940083860218484,18,7,4.209425883982698,40.40544926772863,0.35182150029510306,1.5214469571332983e-05,190472.77969139456,200615.10349015475,True
459,321.7644692690374,124314.77133241648,0.47476896436506455,25,5,4.3854131963766205,49.9479627229455,0,0,0,0,False
460,323.9653971810672,116044.48491905,0.5743080358006876,19,9,1.9095105469320315,54.27005494345046,0.6017612233820258,0.00013750273868723008,106874.05022768279,113750.41079310037,True
461,307.0062298105952,133454.1042211081,0.5955594689540056,19,11,3.468007935070851,57.306003566262774,0.6255746227185048,0.0004377094362228539,163818.5879308654,173336.1460187875,True
462,332.6287660682214,107144.85518124938,0.44284289326256915,20,7,2.0346244865458907,44.82519865533307,0.46058333621583686,7.5844806707846265e-06,111520.05022506142,117644.57828820193,True
463,336.44020151456385,139184.29741034532,0.6906579645955985,19,9,4.126538459363372,40.751604965749216,0.7146679058653748,8.769443656015297e-05,191597.53377225826,195789.59420821693,True
464,336.76047365054126,117735.30459133002,0.6192652045573516,16,7,1.5424575199939636,53.52119698232324,0.6481980487197317,0.00041891529566000316,93650.36971968105,98145.54397463053,True
465,336.45789146219,119368.50089503598,0.4082564386737556,17,9,1.6434987899283113,46.78517131818982,0.42543773842669785,0.00045270643873271583,96697.58430473726,102372.42981786357,True
466,301.804047916721,103550.50711526831,0.4840453148253393,25,9,2.6764585635909706,47.769425176609175,0,0,0,0,False
467,292.9869826513051,126413.79688342597,0.6146266509860945,18,5,1.4127018544241854,47.135766104865525,0.6398131983835922,1.737150013982329e-05,89390.23406048128,100973.70593156716,True
468,305.1944554373287,142253.64222563058,0.35760476702548527,20,9,3.1968798631748783,51.119433211253735,0.37427264282290035,2.0723673727115097e-05,152200.16171559127,163356.3849033896,True
469,343.4423363834326,130228.17113265458,0.5982852293760899,20,9,2.22846933240126,42.08506562821745,0.620140003199531,5.4917157989535635e-05,120094.40761500112,123522.25682573544,True
470,298.6774288284206,129289.83736439148,0.4952287430657618,23,12,4.831422757467611,46.423650061919915,0,0,0,0,False
471,336.5931864213455,134128.74675528833,0.39384123781305647,24,9,1.4661246943635522,50.76037595808894,0,0,0,0,False
472,333.9937750890307,116724.08625703891,0.37135801552859515,23,10,3.220858823548693,42.66544574144457,0,0,0,0,False
473,291.1159919901377,101184.85402899902,0.4637971392975681,19,11,1.4136212178724112,40.55786953829453,0.48046386482671305,0.0005821578846570439,89191.8304490002,101882.54854786742,True
474,293.70364652820535,120069.89037618486,0.4626697640964942,27,7,2.889293540806074,41.24454988382726,0,0,0,0,False
475,290.09183714291663,129686.46354775816,0.4296620161927465,15,13,2.595679651659615,51.42957682479764,0.44754981640821995,0.04364274865923527,131212.90029296797,144261.15806250437,True
476,337.58280603770123,141979.89536453845,0.41160720463963335,27,6,3.013512332938738,55.968718395357,0,0,0,0,False
477,307.0788188760541,143169.99160707957,0.6795289688098625,16,9,4.03360723725204,52.84410263349168,0.7104991124912579,0.001036113129970537,185926.38971443154,195011.60198461803,True
478,348.7520803278159,147596.57248759162,0.6725554976077706,16,12,2.649239914179894,52.53498563313606,0.7023387424785336,0.01686325833589053,134817.0398509349,136968.0937161486,True
479,320.9665657438278,135442.17099931743,0.4455302248012223,28,13,3.0941598823073555,50.83454393347187,0,0,0,0,False
480,338.21834149397506,119588.83798820253,0.5028097555252433,29,12,3.428722977680069,46.53380711760164,0,0,0,0,False
481,329.89219314519283,141623.84877870308,0.45084660355363926,23,13,1.9401716237237787,48.17805897568353,0,0,0,0,False
482,334.2205688946351,133546.52737872588,0.4028440462349367,19,11,2.223165731616323,46.366262854920045,0.41965845497407106,0.0003592408538146466,117892.88940680251,123982.43175685494,True
483,337.76716519844445,139585.88872713083,0.5303903969061993,28,13,1.535682944947037,48.25519839148914,0,0,0,0,False
484,296.8003138663886,111847.69279615527,0.3836368078583554,16,9,4.8219569926295005,43.47836260600854,0.3986591097890595,0.00040788135893527215,213159.4595819783,225465.39197467003,True
485,303.02526602927065,117592.2300461595,0.6051905395240962,18,10,4.1838228492831275,43.09386975861925,0.6278085883530536,0.00036429909032301014,192709.92280963936,202787.7658950824,True
486,323.30870395600823,112137.01341790162,0.3793404937045838,26,5,4.835972928859323,45.28004965805201,0,0,0,0,False
487,305.09062930051937,142490.14086765517,0.6497148242078552,19,11,1.9236787272118994,57.37036301166185,0.6821670741930149,0.0008532381434433694,107424.6290419598,116973.51907399442,True
488,349.7758616816853,129873.79131511845,0.6334087275295067,28,8,4.620326466042966,52.68189349672233,0,0,0,0,False
489,331.1746095524189,134604.39369211183,0.5135799436075873,22,11,1.7126563490653768,49.283003664465106,0,0,0,0,False
490,330.33804191974986,136656.96918919164,0.5062656316586699,26,7,2.248869068953451,56.223914419224045,0,0,0,0,False
491,326.70836167769244,134108.47364191702,0.515966856015068,20,11,2.1746795206203915,52.931843942912764,0.5402343655300043,0.0002337403479805407,116378.99763790848,123102.09673138447,True
492,342.67108580276164,145666.28547232362,0.3664613405784576,29,7,4.549504168017061,43.194262676498326,0,0,0,0,False
493,310.02238757150997,104282.63040224969,0.602856347088722,25,13,4.216131132926366,59.450387056249355,0,0,0,0,False
494,304.05740961752423,113872.42495731365,0.5436221940334787,20,9,3.15276143587027,43.567983402159015,0.5644026181419758,3.5246825004660454e-05,153827.76857618632,164068.2175063408,True
495,341.504015326903,136404.8970925933,0.40054276747549694,19,13,1.640384397460625,59.63956489062647,0.42221048752626383,0.002295709303981572,95364.59951854976,100219.1268400796,True
496,305.59611713265855,119608.18608882677,0.3315167931681025,26,7,3.0429346137222,43.74170277281963,0,0,0,0,False
497,313.6834182775872,118344.30582299131,0.38691581798619895,19,8,1.4933008684915203,51.02936799261218,0.4048269131233966,4.036772524508321e-05,90673.80319292903,100285.91918263219,True
498,323.15601681852974,125675.62001256246,0.47440013067953285,22,10,3.6038457649542543,43.96940770774156,0,0,0,0,False
499,338.4012116738821,105161.21252687697,0.4172458836243647,18,9,4.2245638700807175,49.37609669663321,0.4358090865217923,0.00010039101711631101,190793.74558561397,196083.39026030403,True
500,317.4188859310196,118806.0242339375,0.3781354886066043,20,11,2.817524401282035,59.624964529995026,0.39877549980295646,0.0001275862439672473,137606.12708091282,146669.0466046808,True
501,331.19315834906934,127169.7810531021,0.6567934010711876,20,12,2.11783883113697,59.2519838241338,0.6906910590392545,0.0008074911487670561,114380.7647612363,119649.60157536995,True
502,326.91251144630115,133288.90799053985,0.32845881753396405,24,6,1.7504143173155522,40.53822921639097,0,0,0,0,False
503,325.86430805289893,125604.03193556379,0.6585555477580192,24,6,2.13443630460027,55.84068424834476,0,0,0,0,False
504,310.8637328617108,130230.95572044243,0.47665842988133256,29,8,1.2520318349636967,45.46855136999538,0,0,0,0,False
505,299.79531182601283,117814.1364164648,0.33400896078251685,18,11,1.3293089366543946,53.88058626635561,0.3504814984911965,0.0008977231797121725,84058.10698835518,96221.61717385043,True
506,343.18720672187726,138905.5527619515,0.5338730861042054,24,11,4.076647644779404,41.526398023333066,0,0,0,0,False
507,310.27254194335717,118068.27771828543,0.3203510202045661,24,8,2.981679384523513,53.64002103255384,0,0,0,0,False
508,337.3269467493915,120434.91202877264,0.32803390285726297,25,7,3.080166947718376,58.55803389015753,0,0,0,0,False
509,342.5090837170917,103766.1875611219,0.48026635586757155,29,9,2.2713974904860788,42.57383453695505,0,0,0,0,False
510,292.6549809379194,136751.84650779882,0.3844087514747233,21,5,3.0803723399726235,46.04459596125682,0,0,0,0,False
511,327.62841620680337,117418.08971567506,0.36008017823920474,24,13,1.4204275765878371,40.77559716293094,0,0,0,0,False
512,296.6681638762615,145882.5369997263,0.6033288089641566,18,9,3.2566433738244767,54.56427132719615,0.6321829090442842,0.00020902913642136504,156529.63517664938,167615.9821033181,True
513,328.65590689234637,122549.59950062199,0.4464740833892355,28,11,1.7328122518359983,46.57323658639527,0,0,0,0,False
514,303.4141780473436,127258.04310406919,0.5575007985949014,28,8,3.8398712383830818,44.088075543733424,0,0,0,0,False
515,330.25542939459257,109844.71426969157,0.46663262290123764,24,11,1.991238891433655,41.79238792070318,0,0,0,0,False
516,330.53067537897505,131651.19260378883,0.5309403235102678,27,7,1.3048783936555561,41.34632424438369,0,0,0,0,False
517,338.5671542323088,112051.95406554312,0.36272173669411756,22,7,3.4087655899389713,50.30391446539848,0,0,0,0,False
518,313.3943389540535,137767.70331472193,0.47239060496447666,29,12,1.377612391025441,45.11510517032468,0,0,0,0,False
519,318.6051204003362,140576.06714424724,0.6939656582029734,21,8,3.896761847532815,49.80376047221366,0,0,0,0,False
520,319.99569385076575,149201.69507246395,0.4719925767387073,25,7,4.036902495194072,53.466845826268354,0,0,0,0,False
521,296.1508212762201,148284.79341541266,0.6076086076586802,27,7,4.471560331873231,43.366259396537906,0,0,0,0,False
522,335.15004650517244,103053.6692736276,0.6346408589904654,17,9,2.8320643869265285,40.85881623732026,0.6569649710539152,0.0005568400447224046,142933.52568068926,147612.95997609923,True
523,337.8554565162471,103226.265511523,0.6485959513403644,18,7,3.1163240616215493,44.011506587676934,0.6731979494601269,4.754510668466505e-05,153163.31733406187,157317.58775018223,True
524,317.4774991284814,102897.29600513987,0.615204227019481,25,6,3.242156231360471,47.688296424684154,0,0,0,0,False
525,313.50715056428993,132187.4562155835,0.3806546335989159,18,12,4.361975356191566,43.79072310113593,0.3956557847246088,0.0009923879374405635,196208.46395799465,205881.95687086863,True
526,303.5826317214369,144003.25252237523,0.6581833233402794,18,9,4.927217898022408,54.97401550076786,0.6896061639201616,0.00016071546197042713,218343.1816090527,228083.86021548108,True
527,338.306250256976,129590.36928305613,0.6374203418247898,15,5,2.996325181785608,41.796329475330545,0.6603800037166859,0.00011784363329857716,148945.392477753,153070.69449238465,True
528,327.1413502698705,112281.3639365441,0.6836256305038901,21,8,3.6876191855163674,40.936164989105706,0,0,0,0,False
529,301.983856919046,149932.78075117362,0.41358050966542637,23,11,4.092617661640272,53.719654264135144,0,0,0,0,False
530,346.8263743870592,135491.71961266306,0.38589604481714107,25,13,3.2096556236854266,52.85795045664457,0,0,0,0,False
531,291.2427888831408,140803.88766042262,0.5012456658837855,16,10,4.322198361886012,50.044128790463546,0.5234809425850295,0.0014207842982907526,195450.74227388017,207911.55282101734,True
532,306.70729232295275,149665.32208595728,0.6962124436115352,18,12,2.272939852286813,40.665542028952544,0.7202038065656686,0.00398904635879158,122352.84388812375,131397.36720888107,True
533,334.61400332147093,102051.01347425014,0.49760229636607783,29,6,4.44012226835605,55.78553826027748,0,0,0,0,False
534,333.70002044809553,138179.83447516934,0.49457614134329486,25,11,3.5790755382780324,55.51870156875898,0,0,0,0,False
535,345.8953867963579,109298.92135478438,0.474077519682037,22,8,2.2175890469662036,51.504350379279884,0,0,0,0,False
536,328.88708271015577,134014.65708529044,0.4122625221190139,20,11,3.5108312620742144,49.98378548582219,0.4308549096077479,0.00011569744264870026,164567.28152847657,171509.03139468058,True
537,338.76880015308564,137544.98297516222,0.3006069022973502,27,11,2.7066491307127576,41.110287975488525,0,0,0,0,False
538,335.72790330990654,122652.70412351066,0.30401832454809474,18,13,2.5235324038604716,40.01861582272921,0.315004640897997,0.0025916533877664155,128403.16499870172,134853.94971051105,True
539,334.01267998826813,129056.64005627533,0.3779777784374048,16,5,1.2170640670401462,50.42345224710551,0.39528372680349716,4.499093055689596e-05,80608.32936958002,86887.2288459971,True
540,337.049786506811,106025.26753741215,0.5551206756739278,22,11,2.390383061048941,54.88588154878201,0,0,0,0,False
541,347.1269351396489,140891.54584482068,0.37698394450979467,26,10,2.685647737355931,45.947341239325425,0,0,0,0,False
542,344.3016954766412,139931.6003313365,0.46087032310589615,27,11,2.9278858797879828,40.59522064653917,0,0,0,0,False
543,305.9917653406812,120650.51013244939,0.6970052311758632,16,12,4.429445009692473,49.741391377981735,0.726308355055367,0.011038779017012192,201249.56018728288,210417.6564239979,True
544,298.0598169642785,129576.83778761441,0.33842143104189476,20,6,3.5521903971627857,43.349328257935625,0,0,0,0,False
545,308.09357251106496,114916.51471096551,0.41326643086346937,24,5,4.14865140014753,43.42796143809462,0,0,0,0,False
546,349.7498917831016,144902.9857888757,0.5966132201270455,15,9,4.051502234332069,48.0229127000051,0.6215404829132974,0.00190322210319566,186853.2401225024,189186.87062791135,True
547,317.1956222814571,137682.49865731777,0.5371429950334713,24,5,1.2900082746639434,43.31862114232451,0,0,0,0,False
548,339.3085908282142,122514.43550005242,0.431530431492958,25,10,4.9728493239139695,55.821916727569814,0,0,0,0,False
549,340.27196943833985,141719.1919618184,0.4269150933891016,25,13,4.37374129401725,51.46914623163339,0,0,0,0,False
550,307.9228561610941,140873.13452960254,0.37758629987098463,28,10,3.044083049841166,45.15266194968221,0,0,0,0,False
551,348.3009075565736,113465.79015464304,0.37782770473593863,20,5,1.6227328942624537,58.19648738540353,0,0,0,0,False
552,310.2621601409236,106446.34051700578,0.34685585302321864,15,8,3.9765835790005752,46.55020421394766,0.36152571600841155,0.00042919037403615635,181058.13345747293,191473.69585170364,True
553,304.410851600668,114796.66133683802,0.6059799136129942,17,11,3.9809954481954426,45.823397610874515,0.6300523716714391,0.00195609564398282,184704.75887834592,194564.72783040063,True
554,323.9230722390517,133845.2552261154,0.37765268236013333,25,5,3.146103143078794,58.580295056516576,0,0,0,0,False
555,337.4745140427066,135031.57418443967,0.3709486185701807,19,9,2.361642392102307,55.10160651465934,0.38960893999463586,6.299731476094327e-05,121609.59437457843,127339.30552619854,True
556,323.10070055387996,122441.22076014255,0.6405989631777231,19,13,2.122501624483579,57.22087145763459,0.6724106441068827,0.003829387379638092,114711.0988165755,121403.53206114602,True
557,342.62002830594383,113916.16135269775,0.570366873323338,29,10,2.796500257785424,45.03584639871877,0,0,0,0,False
558,295.19857848861716,103354.65107560539,0.6429577582774998,22,13,3.7787583856854,45.69501055988101,0,0,0,0,False
559,309.8174026632832,123825.46573447075,0.31145653905001175,16,12,4.019794827402142,46.271244003459074,0.3244594652739604,0.004286319983865632,182016.33262008626,192733.5748021271,True
560,333.9014733580244,104734.5938039369,0.44594062089515984,23,13,2.6049162644052717,55.43054565482903,0,0,0,0,False
561,337.5403836723317,135954.6073659338,0.6302720592270057,24,7,2.9172490685880863,49.68153314350927,0,0,0,0,False
562,317.70732315660587,148474.61997074136,0.6709624229540084,24,9,3.2382986558133897,48.367431452557696,0,0,0,0,False
563,293.3688156289444,108471.09703497474,0.5983879040875517,22,7,1.3225962662374822,47.059311632611795,0,0,0,0,False
564,348.84306811248666,114638.08816681686,0.627599087824118,26,6,3.4252204382292986,54.23609926641907,0,0,0,0,False
565,317.99090201906057,133568.46736833797,0.5993663077802264,16,12,4.163005056254878,57.69595605756626,0.6293066588005121,0.0095473760086716,189274.18087085264,197005.92361708143,True
566,293.97770366371907,110519.63514533301,0.5222026394611491,25,5,1.349342829004268,54.68044727128063,0,0,0,0,False
567,334.3019274097237,124070.54261013743,0.38630405431690046,29,11,4.357182325249156,43.1022873402692,0,0,0,0,False
568,341.2339787028249,130478.14111331194,0.5074461014432973,25,12,4.30653535368988,51.89498146665742,0,0,0,0,False
569,306.1871002916051,143796.34415370878,0.676867709355951,27,9,1.6804470991952636,57.57319465199032,0,0,0,0,False
570,317.2117395982287,105472.65101568868,0.5917042362679017,17,9,4.950386724057347,41.23080449087362,0.6128794651024072,0.00030221836022519986,221454.13574544317,229335.38448743054,True
571,331.45383188579297,127057.27129997047,0.38734228026680334,21,9,4.113575806121017,51.928703751080334,0,0,0,0,False
572,328.10395903923694,140485.3590996302,0.3059171776001465,27,8,4.010483978369292,53.10338281784506,0,0,0,0,False
573,302.5157238816397,128160.55869452514,0.4194458287950808,27,6,1.4336875988023625,45.64168627828293,0,0,0,0,False
574,332.2759479415337,140963.0774577525,0.5757707151269178,27,6,2.731564479198162,46.147698000115135,0,0,0,0,False
575,318.859783751155,113337.31026414127,0.6669462764363315,27,5,4.7068270086228585,44.163153625216204,0,0,0,0,False
576,321.45325141004884,139449.77149836218,0.6837384429869714,19,11,4.545365465645726,52.40408949461999,0.714634766671341,0.00040936080611405024,204939.04298342473,211690.41531781555,True
577,295.1521042985911,144061.24042368695,0.6103305541225947,15,10,3.990990374259627,53.05106665518331,0.6384383000799264,0.004507312527690642,183857.82760946834,195138.0250360903,True
578,316.2758368064888,112841.51702903603,0.39660805376396596,27,8,3.4957931986196566,58.02202293589225,0,0,0,0,False
579,311.8474341048849,146573.42057683214,0.6597403803502365,24,13,2.1723009634291586,54.85620141589426,0,0,0,0,False
580,345.23868922914136,131018.653117251,0.31206855902137315,24,7,3.4758594158317493,52.356119517432944,0,0,0,0,False
581,331.71933496875357,132557.45067403617,0.37502190885332976,25,6,1.809820352126867,59.147089711168945,0,0,0,0,False
582,334.6379148800578,119027.21689944853,0.503724301174045,22,8,3.899213534643172,43.22206938016229,0,0,0,0,False
583,294.7435890124211,120270.99177987082,0.34069419731934797,22,7,4.81686692725455,49.050982179374344,0,0,0,0,False
584,301.7065517994429,123853.33493755419,0.5992004971229377,18,10,2.483520011412933,47.46520970104072,0.6239770709884542,0.0005790292294417998,128936.16037874078,139255.8608761975,True
585,327.09468766626145,119843.01126416819,0.5266539935194688,19,12,1.8732292810085251,40.26185856600742,0.5452133257054479,0.0013094734255526981,106652.96223119303,113241.59943665803,True
586,313.9160919645177,124955.098410716,0.3587320479106178,29,8,4.59376860811959,44.693747196609614,0,0,0,0,False
587,321.9784711513224,122978.02941490871,0.38508928601973336,15,10,4.263442537092072,46.595534331647485,0.4012103444086141,0.002327843465851093,192179.05382596568,200438.51087660022,True
588,290.9257184476265,119979.43984491358,0.5086332363371456,26,13,3.290986820280593,53.98348108050412,0,0,0,0,False
589,309.3359688393781,101890.17259476539,0.6231186580600747,17,5,3.591889123096732,57.033410699684126,0.6542363532298322,2.030929827085807e-05,168603.95264536206,177615.4032517938,True
590,324.74572180879005,113065.9896102174,0.5260082248918624,19,6,4.772660545790848,41.07334923730915,0.5449822419035631,4.785259022763428e-06,214107.58619383225,221091.13896614476,True
591,344.1888776116359,146670.5122219516,0.6395395183165254,16,10,1.352169392085209,54.73290242627105,0.6697794082186076,0.005461588462161173,86613.4885951831,89725.52499603575,True
592,334.804149066816,143759.84419703527,0.5483560620784067,21,8,2.6596194857780935,50.984309412387354,0,0,0,0,False
593,302.8515456770828,140646.04542404372,0.43238182437999456,16,10,3.201336699993745,40.732128850219425,0.4480377567225012,0.0014859916504107538,154856.8168243889,165913.92560604226,True
594,344.4683083239493,118459.85140529036,0.3346737869264319,28,11,4.267193761198824,54.00283749561335,0,0,0,0,False
595,337.07967934860045,130587.97675472902,0.6006154185063406,28,12,1.9517451176445002,51.11138565994139,0,0,0,0,False
596,326.14014081145814,112673.83154940826,0.678138533959141,15,6,2.3565306497857037,59.98910039384144,0.7134857284789731,0.000364785267834196,123131.89163426362,129149.08429007806,True
597,334.78473414596067,119250.1901760497,0.434107504206082,27,11,1.946122524030921,54.30339430080732,0,0,0,0,False
598,299.6957384694542,144962.11130613668,0.3937419352401879,28,5,3.006825764541758,44.157958042820894,0,0,0,0,False
599,293.59895898850436,124897.25437721104,0.5541667800531319,24,5,2.6868018299664778,57.75301933757192,0,0,0,0,False
600,343.7136173769849,110177.8425595586,0.6996926316024894,15,9,1.7629895097689763,45.486095889305,0.726713005296323,0.005131821863922984,102830.93700706791,105736.14985590283,True
601,297.32973703940206,110623.06361997823,0.5798340461981202,25,7,4.257526569986049,57.01793401007167,0,0,0,0,False
602,330.7979247036852,103087.51046925188,0.5332753249159505,25,9,3.2112585372563114,52.49063130578885,0,0,0,0,False
603,328.4539203824737,127832.92011176728,0.44363695406677095,20,7,1.72381717174287,48.951761949150935,0.46311459739155203,8.766996061343068e-06,99719.95132633658,106548.04677494496,True
604,314.9024534273082,115283.02194728462,0.3452077177457128,19,11,2.7871431415476566,41.63135687321299,0.3582173361874148,0.00024637208233197215,138392.5566980719,148064.00357332322,True
605,321.60584915295334,137333.94676568062,0.6122252714105876,24,13,1.6617788765968893,57.044441732138324,0,0,0,0,False
606,339.00108393476233,123272.67551180504,0.561890640730199,25,5,4.623247986083428,44.10480549670083,0,0,0,0,False
607,333.16757239800626,105616.01571335674,0.34789703464564764,28,10,1.263225083262376,44.21142288162674,0,0,0,0,False
608,321.0562011130996,144601.7722087205,0.3177616954221866,27,12,4.344612552427259,41.92585057866937,0,0,0,0,False
609,305.8138412626952,129528.63756275232,0.4514830848636853,29,13,2.7398817711723584,41.04522265715785,0,0,0,0,False
610,312.88927734920094,143253.8979893655,0.6592100132918299,18,6,3.807025944280511,55.61774115487751,0.6910692533090393,1.952885480832532e-05,176975.64723451927,185237.68596550467,True
611,328.9347125158877,111507.76421163493,0.6138321680871215,17,7,2.2451799725120343,44.96477392247303,0.6377813055420047,0.00013065031293708188,120474.78273778086,126312.1077380722,True
612,323.00323428198084,108649.5138754396,0.3771380219509287,23,11,4.5730225187098705,59.120857003124186,0,0,0,0,False
613,336.14554070059535,109374.24431239448,0.6873616037875937,25,5,1.307913823047255,43.482294729657106,0,0,0,0,False
614,326.5165546465537,137858.36255176424,0.6497959692540526,26,7,1.6793218691576177,42.93078917470766,0,0,0,0,False
615,334.2784246926366,107349.88496455786,0.40557451559247354,27,9,1.4807470871339843,58.99212161647921,0,0,0,0,False
616,336.9570182550451,114251.58278643951,0.40297043414017086,15,5,2.777347105244449,44.07799627547595,0.4189385654987735,6.233564867467569e-05,138458.79069996334,144077.81173663278,True
617,313.00542524142486,109328.01409695324,0.6407668925425443,21,12,1.4250253212179214,49.40517644027503,0,0,0,0,False
618,344.2193592250381,108438.26594915023,0.5674942291506677,21,10,2.407472019418716,49.03370329226908,0,0,0,0,False
619,302.15047504773776,117769.9391848377,0.3024036869359094,15,7,3.038912066527014,56.578243014617414,0.31821861795548795,0.00020553232795027335,144899.50208292934,156904.6584268348,True
620,349.717456703752,129372.5278815886,0.48776754314740156,22,5,2.035627470209615,57.10418687739684,0,0,0,0,False
621,307.51360364309045,112021.57381102143,0.6570534379419011,25,13,4.378478982991368,41.66092326774142,0,0,0,0,False
622,294.20389698414095,101964.76636060915,0.4143704048640693,23,8,3.654480879659376,46.26755286307079,0,0,0,0,False
623,294.15519370033695,103548.59132313874,0.4667092343798388,16,9,3.78956469384347,58.19204939691774,0.4911390960577962,0.0006565521041826548,174134.2585300669,186358.6716183913,True
624,315.64426095393225,125234.5025644726,0.5984732909215102,28,12,3.768990093528121,47.080152671931216,0,0,0,0,False
625,323.40542009915936,119531.78789347794,0.3691746613150402,26,8,3.2192940976926065,44.47155199022613,0,0,0,0,False
626,292.7283610110385,143179.33978035374,0.40224449663675,18,13,2.4963543996098787,58.88758638617472,0.4236275976352027,0.0038211008466321576,126389.22124442608,139214.03417611093,True
627,308.4967013990676,105943.09653107988,0.5423432699875795,24,12,4.65910807222897,51.97636381709396,0,0,0,0,False
628,343.44839536160794,109342.98292277264,0.4364873014313093,25,5,1.8873444694892714,58.41872736489405,0,0,0,0,False
629,309.83497011161813,102232.81139006733,0.5279603464064679,16,10,2.6603710517696277,46.16862647200274,0.5493621247720757,0.002282668891859951,135137.0931076637,144549.54635430034,True
630,313.1268306707549,126250.09980020011,0.5061508457700273,15,11,3.706693471954062,54.60396790822731,0.530390469078621,0.008374162233180282,172169.54414771093,181177.8153284988,True
631,300.27253934712604,126871.6243728338,0.5817491732828719,19,6,1.846257522168873,53.252939922066886,0.6089829341731665,1.2942321285677403e-05,104689.61043667555,115330.10936832936,True
632,347.68899961092836,124692.60721117802,0.6156033873255471,21,12,1.990900052086038,44.085374664627416,0,0,0,0,False
633,302.89347956301947,112432.63573188861,0.6506724750878906,24,5,4.905224269493171,54.76196192489265,0,0,0,0,False
634,311.6777927645876,118481.27398208778,0.43243540534795477,22,11,4.2204395254439175,49.74736974793227,0,0,0,0,False
635,330.45237827874166,125343.52803726183,0.38969088306335786,18,13,1.9871787411928716,58.98438796577538,0.4104534501502054,0.004325386149039068,107854.85818484596,114673.51812593298,True
636,344.7814752936765,123735.28331998474,0.39625056854624396,16,13,3.341033494271498,47.07972846138412,0.4124611776857584,0.014770244112132163,158592.12901607977,162888.9065235463,True
637,299.2920406811319,148845.69354462117,0.6843598829417438,25,13,1.778984775192752,54.95955407370111,0,0,0,0,False
638,309.9639645308125,110945.46043812693,0.3667302374767997,25,9,2.015032524872963,44.07365621258513,0,0,0,0,False
639,290.29222613302204,102975.07238495244,0.6389506721291709,16,10,4.570466575837101,41.12988296119831,0.6615183925681538,0.001841467922659959,207758.13813783432,219619.54887142364,True
640,303.52370098137465,111465.68690510171,0.5496482392265123,28,11,4.647407981869357,59.94715310782771,0,0,0,0,False
641,346.35549135533734,113427.4541275347,0.5343021191045252,25,5,4.403535126615691,45.72043038508704,0,0,0,0,False
642,304.04041230948064,105820.33777333806,0.6575779230988898,16,11,2.196902907871457,57.6868574960287,0.690174466962996,0.008680791185191189,117466.13187324339,127142.67584093916,True
643,319.15813310273967,106468.71294762008,0.3653323645713954,20,5,2.8391219884496235,50.37046641309971,0,0,0,0,False
644,324.2507714720361,117533.13448316998,0.6371417165751919,24,6,4.835282431831952,55.21658260056857,0,0,0,0,False
645,290.4164062244956,140431.1244609793,0.43955185509881434,24,8,1.6710019488477175,43.1499870522742,0,0,0,0,False
646,318.76068173590676,117033.68457111719,0.4392269149096763,25,5,2.5617635294657255,43.650365120174975,0,0,0,0,False
647,322.62194761561244,112471.1691019427,0.35387711109755693,19,6,1.7604635318043098,43.90465155612893,0.367960212138366,6.226243878840397e-06,100747.73989064604,109092.79443995259,True
648,327.2066107502381,143652.76295068444,0.5927333182740586,18,7,4.49429543018692,55.40035896647282,0.6215983296100728,3.06280734453399e-05,201784.42788044922,208027.33195809636,True
649,346.90782145419723,105139.09746495525,0.4064417668588717,20,13,4.18478207686765,47.176341018884074,0.4236991595909785,0.0004959809871577826,189557.87890662835,193423.19346671714,True
650,292.47588523999843,140946.08212262823,0.3289765926036295,18,12,4.750462324228293,48.295006155181994,0.34346141035977684,0.0007855820021678199,208497.87047313742,221824.63763373703,True
651,291.57472911086273,118951.61669505473,0.5293776999931135,23,12,3.0490844535221457,54.25397212029541,0,0,0,0,False
652,325.8696719474252,136564.28754329076,0.5883408132737467,19,7,2.3515160417161067,42.52694853948537,0.610104990166454,2.2900590916276537e-05,124561.46912978054,131033.87448194716,True
653,334.419105436184,125439.36102178696,0.5009516691983027,27,10,1.9775198636411142,45.31148194264771,0,0,0,0,False
654,329.35103842188187,143400.32624582882,0.5267720262702633,21,8,3.6517106467161,54.360748465870934,0,0,0,0,False
655,318.6572051922421,139948.4248100464,0.378616121591697,28,6,2.060726580788131,49.58636481808794,0,0,0,0,False
656,345.28464595915034,128578.78478816265,0.4434392006644011,18,6,3.9202238648411516,42.17682173600456,0.46011224070469686,1.019045531296963e-05,181268.1912483478,185198.78322627497,True
657,332.58099400591965,100510.09620274918,0.5721846491641127,25,13,1.4569521232214084,51.04226852083354,0,0,0,0,False
658,309.2511149591389,109404.23159338043,0.387521700271625,26,13,2.656003243029505,59.18734337846409,0,0,0,0,False
659,320.1344690097667,102592.3976200276,0.6854000797317921,15,13,2.4223528938697334,49.88675438430249,0.7110427924304119,0.0881771189949588,126856.45914488591,133794.2199358114,True
660,318.74062538269465,143970.38522806502,0.6565198973375075,19,6,1.2299882981227788,42.02225652489732,0.6802242600842897,2.1071767160086235e-05,83153.73632488976,90462.17570430895,True
661,313.2208889934126,149517.65623144648,0.322378560003739,29,5,3.1190077345310185,43.936693571979426,0,0,0,0,False
662,316.1381904400781,139764.13123601128,0.565823254146637,25,9,3.117272261026221,56.88803889542493,0,0,0,0,False
663,299.28766040310796,124172.47321189014,0.5761076321095864,26,11,3.7854093049528075,59.247270088920914,0,0,0,0,False
664,317.25289301216645,123781.53377838987,0.5241280411339192,17,5,2.316780550062261,45.655353119657306,0.5452330457755892,2.0524080220596376e-05,122481.20234747608,130714.98411016433,True
665,343.0607629718783,130821.2019465255,0.5259159686712869,20,6,1.7656853388374452,53.65078388740068,0.5509736855273871,5.1402647628830365e-06,101378.87969730572,105253.8907807791,True
666,310.0840238492259,125145.86179871744,0.40888459524567006,19,13,1.4083364247300272,45.17294789897735,0.4253909021726559,0.0024870652296661347,88233.0786434218,98286.64066019081,True
667,322.8261256908544,141023.30421840647,0.5524807329440455,20,12,4.204071413194454,49.0073149953331,0.5763013106071245,0.0003241110243096885,191887.93064954807,199057.7453741657,True
668,330.9246121062423,101472.2534951087,0.4485684851220468,28,7,1.6716263076183389,52.06274459619126,0,0,0,0,False
669,336.8694249746105,114588.2354957526,0.6683479653804809,27,7,3.7413258724921556,54.17607634535058,0,0,0,0,False
670,316.68762651752337,140268.09012480176,0.3126911514505281,15,8,1.5284037480205395,42.80119786947072,0.3248650770452603,0.0007379214240350585,91986.95692580887,101578.06641460881,True
671,295.1073871395263,147208.92500073483,0.676263894876028,19,8,1.6834288548181753,52.872811633461154,0.7071635929015972,9.069285570376915e-05,99104.9381373854,110064.64466783135,True
672,309.6833886764185,134178.13850012174,0.3909581171708292,20,9,2.6377124154769076,51.62920172686912,0.40926715013958315,2.7071185399913526e-05,132265.99505761877,142497.61317618378,True
673,325.74007956847726,108484.37194512309,0.3889771676708476,28,7,4.178135322861328,59.17540608976246,0,0,0,0,False
674,327.57145096356066,132987.18800238453,0.541565190933397,20,8,2.988285565776365,59.69861857383035,0.5703501716111861,1.737001639808902e-05,145494.8862200933,151944.99274943225,True
675,333.0736268147307,120079.7383410472,0.32271736923226746,27,8,2.815319744323091,44.00238755961565,0,0,0,0,False
676,296.92854858374153,108526.59825916115,0.3675496032728577,26,5,3.8571618815217015,41.52313636275494,0,0,0,0,False
677,349.00809077100485,138636.21383693186,0.3551304374657818,15,12,3.2551273981556017,54.45115476213732,0.37215953867261947,0.013335602174407558,153801.78478556714,157605.69214931628,True
678,327.3938910344422,121507.45361089181,0.4377624349407681,23,7,3.5470767034700073,49.38336879773291,0,0,0,0,False
679,331.52091214373706,148584.74031929846,0.5706033527391143,15,9,3.3322701103496506,42.34848789249411,0.5916074656539907,0.0020984210418993226,160897.2906377054,166510.4046249652,True
680,302.88272198327735,127701.46262721167,0.49492672244139513,15,7,1.2201008971522949,40.04937023082816,0.5123855372837292,0.0007057749023738876,82258.61646562397,92947.69672161041,True
681,297.21696919322727,120414.39607649816,0.5236251339385485,17,13,3.1579505968582104,48.07143142053094,0.545455147471777,0.009901594189489814,153199.56293149551,164617.60567442462,True
682,308.95328928961095,103173.50758650442,0.40912168436302954,18,9,3.441093861968101,49.72071413269825,0.42748066579457966,0.00011647770177594648,162019.9822734708,172258.82829386863,True
683,325.9012043899864,107426.32745210575,0.36820162212311586,29,13,3.7142856052248856,51.33899511499148,0,0,0,0,False
684,322.3621208935583,127447.5557101951,0.5038518302430813,20,5,4.680274094667045,52.17539584768984,0.5272610453180209,1.0020436089184375e-06,208217.92775664447,215726.80135062864,True
685,348.67519532089153,124616.14762798404,0.40083141574753206,25,13,3.6134188410284276,54.107178729846424,0,0,0,0,False
686,321.41415534104766,107908.90382654459,0.37956133044176427,18,11,1.6959993392928836,57.43621212871096,0.39943193927411236,0.0009275920185658607,97393.30534293938,105788.71562564689,True
687,300.68963846509047,104937.41125123836,0.6812487619289611,29,5,1.38427529213607,47.81125529834438,0,0,0,0,False
688,291.2225259894781,106373.65877294885,0.6977707207745657,19,7,4.612987710418013,51.69184712701063,0.7287939049055195,1.6835883680730733e-05,207657.1011500305,219104.7085937275,True
689,346.5260258078205,134221.17229119097,0.33955678124486705,16,6,2.0325419471274637,45.14516716065291,0.35349841703108237,6.130430773743576e-05,110394.12492171813,114733.18573149951,True
690,295.6605540333234,123406.75292960875,0.39729663358732614,27,11,2.379820818968337,57.89443176609383,0,0,0,0,False
691,330.18087554032394,147690.94669607512,0.6390122907082475,28,10,2.442171388114812,54.798562732514014,0,0,0,0,False
692,344.5219883527178,145991.1289875975,0.6899222708815633,23,7,2.2366104692375948,51.301735680770456,0,0,0,0,False
693,298.6733302174749,110341.13503485815,0.6008378931674447,17,8,2.0069852182544228,58.627187499548,0.6318305410570159,0.0003232807706111072,110138.55104565722,120936.6174915314,True
694,321.4302698856895,149783.61364112972,0.6451219170089427,18,7,2.3068026936474095,51.7711760507717,0.6741173385240907,6.346923998805873e-05,122129.100643547,129065.95268413785,True
695,347.2827640388713,129277.62434388163,0.6286587767624692,18,5,1.7050567637935354,48.207953159378285,0.6549662356861243,1.61349492025252e-05,100178.94575290852,102794.30828867112,True
696,299.8840853694651,134906.521161167,0.35466626487470826,28,9,2.427299065534754,42.07048258798322,0,0,0,0,False
697,292.94756823871796,143143.243579678,0.3647431269331017,19,10,2.8209292211796972,50.82800995756295,0.3816174827049327,0.00011863499970476891,138698.45556178436,151720.7487808682,True
698,311.77883117407396,111233.45026503902,0.30871099544122954,22,10,4.571709119230153,58.57282814424924,0,0,0,0,False
699,336.4863804947033,136127.56213800283,0.5836774799191109,22,11,4.405412308174231,56.013306925217066,0,0,0,0,False
700,315.1400130195431,118174.61404513416,0.5891621198739857,15,7,2.8163439113790893,45.960240181352155,0.6127637607532364,0.0005124732478778826,141388.0609584738,149623.35643058387,True
701,314.17963409392496,106848.87950773198,0.6463579979421081,22,8,2.922169283644477,55.8519179686839,0,0,0,0,False
702,324.7916582420899,127192.24717620105,0.38054578085661955,24,7,2.837350871834288,54.54465032017424,0,0,0,0,False
703,343.42020877443264,108199.48415077775,0.3701805651538401,28,13,1.51844416218092,56.7630703965732,0,0,0,0,False
704,339.48505635237257,104190.96736253965,0.3846016753471062,19,5,3.3842362416466223,51.6814465105642,0,0,0,0,False
705,319.2967087380001,136649.77801918503,0.448501359003645,18,6,3.7644344487796486,40.63114431230213,0.4647104742241664,1.0621463783951848e-05,175848.93358988536,184166.76779474533,True
706,290.56008571889754,147451.92751987488,0.43803981619999316,22,12,2.9366353366704416,49.538830831418494,0,0,0,0,False
707,327.0062312233643,148137.41568263207,0.5975846311072678,19,5,3.2804752608258365,48.87444367752846,0.6230967387378971,3.880438247303237e-06,158211.92826551807,164452.81936791816,True
708,329.6973637906517,104981.52739457885,0.6765177425088199,24,5,3.2761405288579084,57.855273462322515,0,0,0,0,False
709,309.08926933934987,104545.77073215492,0.635787930310671,21,6,1.8723274085390182,47.426072132332735,0,0,0,0,False
710,339.64678472056073,112081.10307814769,0.6541506302488584,24,8,2.3319114709221713,58.172714217066655,0,0,0,0,False
711,292.933443510694,113754.8441394185,0.505610959970126,22,5,1.892271334433031,44.42407800268154,0,0,0,0,False
712,303.96171200279946,128128.66277865409,0.4860138171486623,19,12,3.4176530821192186,40.28029266708862,0.5032856649803785,0.0007250313800570541,163547.78622718787,174117.86869340893,True
713,333.38984323972994,135351.04189563968,0.5563957656694598,29,6,1.2138569515600481,46.88604585910938,0,0,0,0,False
714,312.9257583324084,115201.37663161721,0.5895253970295443,19,10,1.2756788181484813,55.00881218458805,0.6180177564453321,0.00043895510881192045,83595.55778502216,92197.89332725106,True
715,343.83489940949835,149809.0009579054,0.42191801635591086,24,5,4.601122486592792,51.0046978537351,0,0,0,0,False
716,341.4456778408204,139395.20159672876,0.3296584782009062,20,13,1.6653828923523821,45.96797307309216,0.34344428507781255,0.000757806927655337,96856.97436507551,102151.29916522815,True
717,303.5663937530638,112506.04525906409,0.6559214682850109,22,12,1.3313661937076693,48.34749945458246,0,0,0,0,False
718,316.4225158288683,117667.52671549279,0.3733456401388804,25,8,2.4426304253808406,41.2055819474414,0,0,0,0,False
719,303.35515899949945,135774.30843818627,0.5398051021219792,16,8,3.7637489792609173,43.331814816775264,0.5603252069140364,0.00034518932476808653,176460.5135009194,186829.82603289417,True
720,295.76537229768405,131165.0604932274,0.6344442360667483,19,7,2.5846811328079182,50.61806574639535,0.6623508041762807,2.4575087282317764e-05,132483.3821497503,143546.46986250396,True
721,331.0262997864859,103007.84140530875,0.5615478687852786,21,6,1.4271653299556124,57.41606967335238,0,0,0,0,False
722,333.98550790648864,106632.7185908973,0.41260985590836774,21,9,3.442430660243959,49.82994366702972,0,0,0,0,False
723,299.2650783530161,146822.07481113885,0.6064082037870604,22,6,2.8485381122330202,41.26956455631217,0,0,0,0,False
724,304.18692459435596,114939.72020159086,0.6368728186975923,26,5,1.4688431326256426,43.2305703282781,0,0,0,0,False
725,324.0621440486464,143425.0478262365,0.38979782001945223,22,9,1.8763160139231732,51.48359672780973,0,0,0,0,False
726,316.6100254271256,120697.88797395909,0.663745737588041,21,11,3.669058100763599,40.99235574534449,0,0,0,0,False
727,323.0915034922908,125753.99697708825,0.3436653412323328,29,6,2.319920220402811,52.804301553015556,0,0,0,0,False
728,344.07481766128615,129767.57055926896,0.40928881684354873,24,10,2.505079537452298,40.15975013500054,0,0,0,0,False
729,335.800651349709,149217.9342261323,0.4319532447654182,16,5,3.8539860986366454,41.07029548299924,0.4477829494591622,2.3610229586874288e-05,178849.79289355475,184491.5498237827,True
730,302.6722710399139,142009.4712460201,0.39670455521548587,20,11,1.3064601666554656,43.017146527566595,0.4120414870092725,0.00021985312436442102,84580.7363487836,95884.8407361365,True
731,331.41671555873273,100761.1528862294,0.49197308639744497,26,6,1.8887555663384248,45.11969017830967,0,0,0,0,False
732,303.3041464655128,142202.07067399984,0.6504007266876228,18,8,1.5304781665098528,50.757347441424685,0.6790030264892553,0.00020198329894434316,93564.89159427746,103381.07756217914,True
733,320.20073775226285,129512.95034257357,0.30863764821113393,25,11,4.769859639645982,59.03223344306139,0,0,0,0,False
734,313.9944035520811,120051.63507953522,0.38984238237912466,16,7,3.350060332036221,43.99183694495554,0.40529100864187356,0.0001114485111220321,159281.3453281203,168820.14580772596,True
735,298.35724381961563,140358.59139493946,0.6942624548925996,21,7,4.941999604670084,59.544963099548674,0,0,0,0,False
736,321.55956984012107,145290.8211151809,0.3151782199530893,23,7,2.0761980228680312,43.170918034404444,0,0,0,0,False
737,313.460124829269,132779.95406515594,0.5011650180281801,28,5,4.164051507682364,52.66346370592467,0,0,0,0,False
738,290.72283452366906,100437.31178024088,0.3424246259058809,21,12,1.6336038453686657,40.37576370766699,0,0,0,0,False
739,301.65487693561914,118725.93164496993,0.5492089316718396,28,6,4.47846849147691,45.23616164861059,0,0,0,0,False
740,293.94140017070276,138561.04910153098,0.5078772620781011,23,9,1.2447044718232951,50.43514247688364,0,0,0,0,False
741,341.72668397306296,144737.31266495382,0.6941518848597082,27,12,2.766018929476023,49.65395799923813,0,0,0,0,False
742,335.0351430491995,100035.05648780041,0.5985669834984475,28,8,4.264911012469607,51.36990610181429,0,0,0,0,False
743,326.31012008557565,144369.81976441102,0.5027253121919805,27,7,2.8958802219639814,49.332398747204856,0,0,0,0,False
744,313.1937802724977,102909.40398235239,0.3382206443228209,26,10,4.789472549604059,41.95347964011626,0,0,0,0,False
745,324.6737021430348,149798.91857998123,0.5263146711612171,24,10,1.832288859814077,41.761393675834846,0,0,0,0,False
746,297.2399512669196,126081.80995326824,0.44932278336496007,19,5,2.1782863863551514,50.337569307267124,0.4696154458405456,3.432771759740054e-06,116258.27005571134,128097.50534735581,True
747,334.3542989166564,134074.47281462228,0.5272581721497339,25,5,1.3760879268255026,54.05058540580575,0,0,0,0,False
748,316.95757838272954,149898.40363808358,0.3624593306312677,23,12,2.507691938173111,51.9960368629442,0,0,0,0,False
749,345.71894704071667,124408.7766694543,0.4984882385143907,29,6,2.411223753045837,49.38405635806869,0,0,0,0,False
750,340.1510005349321,143946.97044784506,0.45212414430828174,29,9,4.893560042646212,55.75000698245132,0,0,0,0,False
751,302.19055851272685,126731.08849495446,0.34398278320044495,16,11,2.14900345660354,54.07041798077476,0.3608560780624505,0.003452816361090227,113733.23738058374,125454.44690364362,True
752,313.8623067717711,101287.63743010497,0.6360736105427862,26,7,1.4979728763732976,54.45367475904366,0,0,0,0,False
753,307.78096902032365,132263.45959700894,0.6682228634215792,25,11,2.2509122388057285,51.22381600803807,0,0,0,0,False
754,329.55499069603616,109249.09522271753,0.3034128564934846,25,11,1.3359556215826223,41.69755250077401,0,0,0,0,False
755,327.6942555742611,101089.73289843548,0.5032360792293894,16,10,2.4677398741076133,42.07939732580417,0.5218380735407265,0.002244627050585019,128315.08569403723,134933.47213860482,True
756,332.2837526679222,133690.15907506575,0.41061825282168274,18,9,2.8043031948874857,54.28106417808546,0.4308112840747426,0.000140315453440605,138214.72046672803,144594.0061446881,True
757,300.79887851282837,128682.40338733258,0.3089439744850384,17,12,2.513045988503309,50.88580503753208,0.32326695103800424,0.0027010930818574938,126799.6373247913,138969.61465164946,True
758,308.236942299924,140700.95305410514,0.5310332154474189,20,10,2.4771276264353013,50.19247957099215,0.5546042098344778,9.643972363180585e-05,127911.47839838713,137563.7656323026,True
759,319.5989100441021,145929.57611858024,0.5123135053279934,17,7,1.9163619678362975,59.598051140898264,0.5396289751582595,0.00011752371176997653,106215.22421974679,114142.0065829395,True
760,332.8639801014527,145337.6403724469,0.6102085825774765,28,5,4.763357105954167,51.18834215911547,0,0,0,0,False
761,294.7901266850008,136889.05065147814,0.5828676901616853,23,10,2.7172451729462885,58.03809974541595,0,0,0,0,False
762,298.7559854138938,119729.99999646746,0.5167674495230166,27,12,3.940788416869566,48.26304081476798,0,0,0,0,False
763,349.6384780002139,138156.58875658497,0.4593603407120582,18,6,1.6549756136976455,56.089512176461945,0.48255370439956824,2.2292836261287648e-05,96666.17383919375,99748.41131100332,True
764,328.1691289863111,100029.1205849781,0.6312054645796795,23,12,3.3300704427519587,40.460679857993185,0,0,0,0,False
765,341.6932503962568,108101.07154461886,0.5546789905468396,22,6,2.8010870767345004,53.03148813082089,0,0,0,0,False
766,318.5919476813347,149815.7721960656,0.6005175472364721,24,12,3.8292243167233764,41.85802073047076,0,0,0,0,False
767,339.87138898100216,123921.58333608256,0.5187203172430539,26,12,4.563189118998971,58.84514398152256,0,0,0,0,False
768,316.33048305289776,104536.09498470741,0.6718584010626045,27,7,4.948208625865525,50.82054359263705,0,0,0,0,False
769,319.83172995552843,127713.84108285459,0.549800095094806,28,9,3.1344731263946,48.838506522435026,0,0,0,0,False
770,335.37117114015655,139816.9585529461,0.5905586928344717,26,6,1.7309860755896476,48.70406638949009,0,0,0,0,False
771,341.67066184559917,111615.56851246202,0.6034866130812446,21,11,2.968515625832103,56.80243639206246,0,0,0,0,False
772,334.03086676613873,122090.4673471207,0.47677913900240765,28,9,2.7638790531935107,55.938138294972816,0,0,0,0,False
773,290.4257159593434,113744.37005939313,0.6676087326161166,28,10,2.2115512271669413,57.888264030698096,0,0,0,0,False
774,325.71909200076664,137171.0779781807,0.6915118428777578,26,7,1.5027762493944694,53.376432492685865,0,0,0,0,False
775,291.393858025792,139156.1851329963,0.35157257737419,29,8,3.25858194745639,46.39990355163618,0,0,0,0,False
776,337.3742954552359,130191.05580942977,0.4948473462555707,28,10,1.5633218891939002,52.79353492590109,0,0,0,0,False
777,347.211913698655,118862.47975285794,0.6456673417128114,15,6,1.6349688726383291,59.68640130239297,0.6793320785572666,0.0004518940006267022,96588.90104335637,99152.96714847298,True
778,325.9934287963827,139329.31176521903,0.49174422221833025,19,5,4.590603103050896,52.56201385681392,0.5148128940495446,2.2214178727031924e-06,204693.15100391113,211664.4174249689,True
779,311.7148605381123,133117.65501691925,0.6198308493785463,18,13,3.9445287130831987,58.4770936388188,0.6513867448083148,0.004694535727989692,181284.4594521287,189930.57056326297,True
780,341.2995267828489,139799.07833801015,0.32894628881575866,25,9,4.286387992206547,51.76533053670741,0,0,0,0,False
781,339.1030215174931,127211.50626022054,0.5039280628754823,22,10,2.8773226221647614,54.19137571317714,0,0,0,0,False
782,292.9900983612723,112563.07656543408,0.3801976038709957,17,13,4.744405729624366,59.43198777656976,0.40061748390718566,0.004808873245314174,207142.9222579291,220067.58230415135,True
783,332.36663621088417,143474.98439391755,0.31067144531539587,29,7,3.5318401135446464,41.61032620684868,0,0,0,0,False
784,296.4009206301167,101670.9841165253,0.6727072590207918,18,12,3.905008916714273,55.15072813041821,0.7047436897565562,0.002361955021204826,180743.75131039845,191529.32517431446,True
785,310.5967002911998,118855.13182521396,0.39060056130144344,18,9,3.986259510496314,49.72500484534743,0.40818571081074373,9.729719503649058e-05,181616.07313187784,191703.12690539868,True
786,331.05831528779214,144931.2989723872,0.35601263684203743,25,11,1.7178256255922721,44.25633316414096,0,0,0,0,False
787,295.48456431438956,112491.28016145223,0.6155346515685931,25,5,3.322811997133039,54.19911803216937,0,0,0,0,False
788,322.14754201072253,104782.4762479272,0.34961240839819024,25,7,2.6998266452394972,57.99585847123197,0,0,0,0,False
789,303.62802487716925,147742.7725012934,0.5754435711802983,21,13,2.3922002489985505,53.01531395508016,0,0,0,0,False
790,311.9222414730051,103827.87237885548,0.3512980575929172,22,10,4.581352332953174,55.81381453736434,0,0,0,0,False
791,301.0748987211246,137919.46729592362,0.5129513534074414,21,13,4.095037681694045,45.90917868883383,0,0,0,0,False
792,336.85337370185687,104725.47937496378,0.6434433870836345,19,5,1.5749829270138127,43.45190168967619,0.6675512747548027,7.76869382523778e-06,95844.10799225912,100191.64929714554,True
793,342.1904586478569,109187.40336350449,0.5055546063742414,17,5,3.7085778960786984,58.113557870730574,0.5318395354675298,1.4197725914056386e-05,171655.69390773668,175799.4844329393,True
794,316.56858265069064,105905.51612539255,0.47206914771968356,18,10,3.251207100592991,56.919220576393116,0.4962058810864351,0.0003364175424599368,154805.92397855374,163451.68525628012,True
795,299.42512378164474,108766.7315723555,0.45566056442179376,23,13,4.4615505354477465,45.814720457664635,0,0,0,0,False
796,330.6986319296099,132658.48021691226,0.41290667371030765,17,6,3.6384737315191433,46.516343386717054,0.4301842751545288,2.257155787942043e-05,169781.4682309366,176410.73943240903,True
797,341.9216031066353,145589.21543022845,0.3914198300947973,23,5,4.8066546038813005,54.57509757633109,0,0,0,0,False
798,293.3486866030178,100980.91646156661,0.3988480069298892,25,7,2.691254516604395,42.22105236958588,0,0,0,0,False
799,292.83744252065185,122383.52637278533,0.3057315780404493,16,5,3.1363580073580266,56.3025565315577,0.3216395454825682,1.8511498774585828e-05,148487.73127203822,161920.45385691573,True
800,346.1806534901081,145717.40605538106,0.4713248066214968,28,5,2.5558128848533777,47.676280195543384,0,0,0,0,False
801,299.18303654590534,149709.38772901084,0.521510105237864,15,11,4.219675710216316,44.73944105214039,0.5417791840174934,0.007673140202172703,192890.9545312621,204010.78267655853,True
802,309.27816848495684,139963.8344481486,0.6502111800153374,24,10,4.724418134903261,43.65386633442346,0,0,0,0,False
803,331.226474158234,129994.55884376034,0.6341132871816006,27,8,2.857558283170702,42.891402514605964,0,0,0,0,False
804,293.82116123095,126619.63954552198,0.48098001583759575,22,13,4.290952957286101,56.6481831332333,0,0,0,0,False
805,319.1319589576056,119806.81694576812,0.4232173476746871,25,11,2.029544062676665,52.05555343188932,0,0,0,0,False
806,333.6024210823289,139439.12043690105,0.48117218854622446,29,6,1.349856740734262,59.389459760279394,0,0,0,0,False
807,334.4418565173909,127507.1409068687,0.49380846351082475,24,6,4.774759122376821,45.40902273946911,0,0,0,0,False
808,340.2472793902595,107930.88882909187,0.658286174602195,15,13,3.104917613180426,45.855869743683044,0.681639212237843,0.06735730428438587,152581.49178301665,156265.92771287236,True
809,346.49903578136497,115967.71459673693,0.6510815813453052,29,9,3.7418008356543693,57.28045967098946,0,0,0,0,False
810,337.1360502056204,139640.3148151729,0.6292901625382388,18,10,3.2606608741837135,57.29332767916203,0.6608077759675053,0.0005046964568790147,156442.1507493744,160828.10528199098,True
811,342.03947634386776,126894.39632433633,0.5555467647661112,19,8,4.581034026225409,51.37468291108721,0.580709195751498,2.6714989979098043e-05,205364.56105335685,209263.82552465808,True
812,347.7713624954473,113012.48360590707,0.49863826732190986,27,10,3.184629583022839,48.09439739897651,0,0,0,0,False
813,329.30390886890723,110378.91257578485,0.5505045182537067,24,7,3.199429910857782,54.66158785030423,0,0,0,0,False
814,307.8751186592875,127122.5574032032,0.34328067441664073,19,12,4.274740908983776,59.18807775019526,0.3619679259286662,0.000407787285944313,189579.02447573005,200405.79201818438,True
815,347.8906049960443,130269.65821388242,0.6238852845569427,26,7,2.6000482729577428,43.10773727838101,0,0,0,0,False
816,298.14125511114344,134566.21106799145,0.6888957474254997,17,11,2.745138176036075,46.846488204766175,0.7164475027675844,0.003354244118865151,139162.70389437032,149587.28851643452,True
817,338.1821743910533,102608.03683738582,0.41154187276374665,15,8,1.7917303185509725,48.73943784503634,0.42958386057305237,0.0009747645365201979,101962.38983849647,107323.09760717028,True
818,320.15502542475974,122906.58707478507,0.3026552460265228,24,7,2.253682332100791,41.71654414025905,0,0,0,0,False
819,302.8194712701179,127727.6242300167,0.503474366960031,15,8,3.6297862310081843,50.36268153276953,0.5259790345790714,0.0007430646549702445,169996.21568984838,180657.26676664065,True
820,296.0906884772402,141984.49080660078,0.6721257324557679,19,9,2.257614495873319,45.33778123902156,0.698306085106643,0.0001497713594770884,121157.17877538923,131975.55202367925,True
821,345.2774823275633,108369.1631042021,0.5504556080463052,16,5,2.016586096816235,47.038394173862834,0.5732149583480705,5.5948384126546726e-05,111422.33422365373,114778.75350412504,True
822,325.47663773337416,142217.0584096914,0.6541819210670138,29,8,2.902818100660106,44.62257479799545,0,0,0,0,False
823,311.83670107079615,139072.09819303642,0.3329376138076584,16,10,4.487113942926683,53.7097047930177,0.34930812502047315,0.0008441290993137434,198024.4085840487,208277.18913466175,True
824,314.34657519647845,131261.3475635089,0.3880643538533952,28,7,3.2467960679604557,53.092263485985676,0,0,0,0,False
825,320.9555316036106,119394.60853847975,0.592144905671677,21,11,3.4776797802312753,49.420851953385174,0,0,0,0,False
826,318.3427009837407,143010.1176031986,0.5391156066336212,18,6,3.5297403151037496,51.57996314331267,0.5637063793788072,1.4964877370268844e-05,166495.05087689104,174475.35868503674,True
827,339.0135306284433,100275.56155188195,0.516291362475386,18,9,2.4443156876383956,42.28807517453588,0.5355093727232243,0.00020613026827183417,127528.93472039366,132150.57756888538,True
828,322.47959613070253,114981.69326769166,0.43571041805032706,21,5,2.6528296011198202,56.89548514287276,0,0,0,0,False
829,334.26378594994617,119068.54625747919,0.4251622960687705,20,12,1.3998996983378984,52.26266616026112,0.4451879545078102,0.0005418380447035171,87461.583233555,93417.05841257099,True
830,304.4379941576417,138018.44053818757,0.5944887484161382,18,10,1.4641261417112257,59.21876113283705,0.6254832052063218,0.0009125542747027176,90178.59534541557,100108.63429516015,True
831,312.06655492952234,102197.39061638193,0.3150322956152319,22,6,1.637080837769572,47.27016942027545,0,0,0,0,False
832,309.84209681328355,137464.56199737702,0.6238172632073955,19,11,4.620999612904029,56.706537491405356,0.6547619331146666,0.00035649313219189544,206460.99419043618,215384.99815060585,True
833,322.3106430710232,103622.86401769386,0.5347540737689984,22,8,1.2803393687447069,47.807385270129245,0,0,0,0,False
834,317.2201340011895,118812.75962470326,0.4197468758324487,24,12,2.0907750469936275,51.192000276133754,0,0,0,0,False
835,310.31479983562105,123397.48760188257,0.5106257863854341,15,6,4.472789872201672,57.21417495135583,0.5367135179823003,0.00013196461748179008,199749.7868095151,209190.35207738398,True
836,294.2620977714835,118523.15954843165,0.40200400232965866,17,12,2.4438585571991043,49.04602907609721,0.4196459965026595,0.0038032649584551492,125643.18426624202,138229.2327037445,True
837,336.2097697037093,112230.9731687315,0.6539311836635198,24,7,1.236079490337473,44.497686514789564,0,0,0,0,False
838,321.5817421225283,116875.19170672531,0.5212095972658803,19,5,4.34788610008085,54.96911015092041,0.5467074030449366,2.5452022056485804e-06,195732.90155557953,203280.05025023402,True
839,319.0515692671636,111399.93524715606,0.3658156430449707,21,6,4.594221218566042,54.87503065232075,0,0,0,0,False
840,295.9384913368528,111492.13577787063,0.5661087978514523,26,5,3.979140155787367,41.70707959091626,0,0,0,0,False
841,340.31478319614723,109804.16880290137,0.3767442833638996,27,7,2.9602663211423845,47.77654834847337,0,0,0,0,False
842,323.75707765023515,121184.68466810693,0.3486824923803691,26,7,4.419984061808958,51.23058691971689,0,0,0,0,False
843,312.4506823230593,119952.66985580932,0.6931314642989926,23,12,4.423518173019597,45.77973918247424,0,0,0,0,False
844,338.9582687394346,148615.00990739046,0.5420569432829099,21,8,4.2230273703923595,43.9964891056033,0,0,0,0,False
845,293.1902733176319,120819.10734668044,0.3676551827144645,28,7,3.3276431661600316,45.46070323044558,0,0,0,0,False
846,329.10228573137533,114832.25604749209,0.5491528980551849,28,12,3.7216428983824823,54.8922153685609,0,0,0,0,False
847,340.26220042716585,142929.45780626166,0.44274543418564316,26,12,2.346180148984834,55.38268426953037,0,0,0,0,False
848,299.67167777640236,134991.82645042794,0.6023064264871416,19,8,4.5011345105423235,42.874194849073774,0.6247212949342171,2.9599648704613236e-05,204521.1001737328,215134.5890088813,True
849,305.83252893510405,149290.2212070478,0.6160533846744363,23,13,4.506605379703146,46.235698622767,0,0,0,0,False
850,329.2553594887037,110889.92866492138,0.5639183543592945,16,12,2.0470529097397856,53.083101632242645,0.5895766116127843,0.015709645534019042,112001.42801499953,118043.11915912671,True
851,343.75035369407067,118431.8409966801,0.4347855493913918,16,9,4.663949001061211,48.61140128640923,0.45374280122074684,0.0004932746925152603,207281.98236790556,211537.28515857217,True
852,320.05770601032265,108671.38796243459,0.38072463748926344,24,5,3.6078844781296606,51.50896122299878,0,0,0,0,False
853,303.67730849571075,105891.43402950681,0.3663741593133248,15,5,2.3413708678206673,48.95793533678854,0.38267062834706106,6.279854359173139e-05,121521.45682765901,132863.87917535848,True
854,341.9359939603091,144131.24371332466,0.6901089532044399,25,13,2.405973371478276,59.209446883902466,0,0,0,0,False
855,325.4515488295461,144914.30852808745,0.45974849069097135,28,13,4.65065499432834,44.93795504963409,0,0,0,0,False
856,294.443582083886,142542.58296928712,0.6417881026105039,20,5,4.40065682534165,42.13805315157845,0.6650941434738445,1.4992492067204578e-06,201254.49405281033,212467.92270400078,True
857,316.7876856167679,147847.5682069076,0.44141640000946847,19,8,1.4738314794580196,43.690785584047184,0.4586368310543196,4.7423870996123956e-05,90997.21954787556,99768.94761691685,True
858,340.71028653502987,125975.86852527811,0.6189253498444744,20,5,2.8671127610902714,45.84730860135422,0.6435676950862157,2.0196505447170795e-06,143475.3218478287,147279.11961759103,True
859,321.5351070941728,117074.28138100004,0.6982216159644075,28,10,2.2592838976885727,58.81407206295811,0,0,0,0,False
860,343.3627362739601,122438.47754351878,0.3318962662437819,22,11,2.292303550814747,41.398182791517314,0,0,0,0,False
861,325.3855038520278,129147.12175619524,0.39432649135341336,28,11,3.4587590971967668,48.51212376020422,0,0,0,0,False
862,346.9521277407973,107295.87703608986,0.4499364416141515,24,9,1.2857339151193312,42.87668556478268,0,0,0,0,False
863,296.06339242926595,129912.54460984908,0.6602549357244034,25,10,1.3231514071661659,43.98011057555196,0,0,0,0,False
864,343.3149259609727,137076.29157057172,0.6028844927037933,19,7,4.451949975508455,48.74893866585559,0.6285240148792269,1.3773963085199057e-05,201583.71533176303,205019.13470589122,True
865,330.6092228106992,102684.13131405808,0.6204077870786395,20,9,2.3587127684023264,54.03581952472593,0.6496970738176522,5.8030258993534123e-05,123662.08568729926,129198.43627321896,True
866,313.0729500188525,102304.5347598828,0.5088257541176826,19,7,3.9956850808970854,48.15131371165361,0.5305398779672408,1.19274248362609e-05,183874.11069084465,192873.73032635864,True
867,302.53613429426616,106557.5269861357,0.6012228288059124,26,9,1.776902289284911,40.80835450453095,0,0,0,0,False
868,333.93342452353454,141376.28904231673,0.670711166709125,22,11,4.370537847448243,48.63217864332516,0,0,0,0,False
869,302.236975307692,117654.54925852352,0.3480235918580796,18,7,2.6795070598670874,41.14351663850414,0.36098224679469143,2.241939582032518e-05,134557.33781071924,146239.29058270916,True
870,343.96636301845194,129064.90274545384,0.6120490902882155,26,12,1.796104574050196,54.47061087535131,0,0,0,0,False
871,302.5468519776644,105847.81076371022,0.5693288983383578,27,8,4.200811427457257,41.910292897558634,0,0,0,0,False
872,341.54335597433203,130939.40485135134,0.4737478355551542,15,6,1.367697370474236,59.59009212819072,0.4991626709432069,0.0003003291441733704,86011.97593013081,90441.24111632702,True
873,341.32881962758523,125039.64984702265,0.6125289656045174,17,11,4.470030362580305,54.84134039982756,0.6418542442712107,0.0018183031996749218,201179.37664606964,204921.17998363214,True
874,338.6003116453711,133945.49589067156,0.3642612864507862,21,11,4.325598077845677,54.80817661550298,0,0,0,0,False
875,330.70933196209063,109899.90603861859,0.45284810308932644,27,6,3.0337145256342986,42.67315563086228,0,0,0,0,False
876,320.5288924087042,131817.69726437604,0.5156936675503793,16,13,4.483977518394726,42.69588321608388,0.5344881639741823,0.016032977355204907,202977.3530142005,210713.7079409167,True
877,329.9177741117703,142631.2993590763,0.3722685352567268,18,5,1.420102046487412,50.217106989777605,0.38925847330284724,8.008384326401174e-06,87961.06110087552,94968.19857846563,True
878,290.8095476623485,112265.96353656247,0.3444895444703904,25,12,3.1071203994639554,45.731123224764026,0,0,0,0,False
879,329.75232508845744,101009.5460314499,0.48059366366871065,29,12,1.9792534541380702,55.61185397541711,0,0,0,0,False
880,319.6731620759484,133719.7824914567,0.38534795320852155,21,7,2.482647616625912,54.62340345210407,0,0,0,0,False
881,303.71427951606125,114043.92717929072,0.6849572956220945,25,13,4.822739295995043,49.79806201898989,0,0,0,0,False
882,298.73388550005933,109554.57559047523,0.5086888132061901,26,9,3.8303053863423546,58.61227079577225,0,0,0,0,False
883,304.8492593609577,105517.54879523563,0.3294426281736732,27,5,4.018512735037872,51.37856792877339,0,0,0,0,False
884,340.9831588700842,125683.48279000516,0.542238624503273,19,10,4.87935469997311,47.90316004614329,0.5651174552335982,0.00012208987193740284,216887.10471322882,221034.78557827443,True
885,349.9021043977772,133796.21956033394,0.39199016138505705,18,8,4.541439334683639,40.61562739274013,0.40628579392663733,3.807110135333687e-05,203579.8565191316,206993.83396455715,True
886,291.9291148840308,125291.03037994204,0.4905496309522961,27,11,3.312874651796581,42.125590898827525,0,0,0,0,False
887,315.91599945971217,106998.2349853396,0.6689857219936755,25,12,4.239503765116461,41.02698156481197,0,0,0,0,False
888,318.2070143075185,139837.1344751895,0.5307839614288975,22,13,4.356502939814584,55.63859467446305,0,0,0,0,False
889,347.0121070621256,111280.98536421134,0.4215820262810003,25,13,4.395193230249335,57.134866202993756,0,0,0,0,False
890,307.7637918778172,131801.09948263827,0.6748320816366974,18,11,2.1924340983214248,59.68007053207505,0.7097605415841648,0.0018367242207603775,117136.75152818092,126147.26269185095,True
891,329.96351462931744,102380.20967716322,0.461256812211919,23,5,1.268049601762302,44.768845246005185,0,0,0,0,False
892,326.1468112600368,142765.69147094773,0.6102443081538285,17,13,1.3713911186528323,50.548867562095054,0.6361133769303807,0.023800814364668285,87572.82962919917,93893.2450143134,True
893,326.4560570539881,144572.48914526965,0.36318581725492016,20,8,2.574159779832639,51.35729797014873,0.38018074226227583,1.1214974437917154e-05,129657.44058698091,137307.55162131303,True
894,292.8759998762324,102942.75581820573,0.3261036631611444,27,13,4.108031910459223,46.70470671949027,0,0,0,0,False
895,344.92582897685514,127389.94665816177,0.4152759982899034,21,11,3.360762144449695,49.90969400610659,0,0,0,0,False
896,308.9179050767376,106396.12460347824,0.6396208826533215,29,5,1.7905558759157096,44.188058848744944,0,0,0,0,False
897,311.25593595453614,148596.36806942584,0.5514921988372892,29,10,1.6490850015598317,53.0879349915766,0,0,0,0,False
898,334.88798023573673,124062.62637393775,0.34153124721460787,20,10,4.872812853002185,53.45772152427893,0.35825838108517666,3.1240054914896644e-05,212177.45662679672,218535.92670067327,True
899,295.0052981657171,110557.51497410063,0.3180710699127873,27,10,3.9419530515117662,54.7591462484863,0,0,0,0,False
900,345.3034366308384,142454.88198902586,0.36448269613718043,23,13,3.299247815931529,43.91633087253775,0,0,0,0,False
901,327.67700479773157,101918.09301040355,0.3824375371654074,23,6,3.583339751987932,57.12375642912024,0,0,0,0,False
902,339.216356126703,131584.14626256036,0.5393712196630243,17,6,4.358338015245795,49.687494633174275,0.563029767993389,2.80908209224556e-05,197304.16039792905,201774.15206620307,True
903,308.3398808945217,147017.76800777233,0.5871007151440402,17,6,4.321395133673484,41.74636326137784,0.6084101811489584,3.12789114284802e-05,197905.74675018716,207234.62063728156,True
904,319.59075226916735,129983.49586125412,0.34636461593585066,23,10,4.971371166690312,40.38851141268907,0,0,0,0,False
905,325.9841860698743,112574.737848966,0.6774294664909871,28,12,2.751966495310958,59.50136967189324,0,0,0,0,False
906,327.9018929841811,144669.32308013216,0.5534213720787104,17,10,4.75723426117514,43.358022560285114,0.5744117328731614,0.0006490313638698859,213420.7156637444,219733.87692485217,True
907,322.5519425680563,136523.06057643003,0.6558420498294516,17,11,2.1288388658285182,41.35786341739993,0.6790024604694328,0.003809560299648329,116742.95835632805,123428.82396268536,True
908,290.1967184605167,131240.19267117538,0.6507465162113522,23,9,3.4784846660806714,59.91269386576347,0,0,0,0,False
909,294.3786208758867,126778.5737781547,0.5044589293528623,23,9,2.6262249561683815,41.73869827594049,0,0,0,0,False
910,348.62892523367384,110315.2076614668,0.5017610875038869,17,6,3.8927042841634734,45.78002542374073,0.5221005350194219,2.762443346918537e-05,180400.68118757693,183421.8252350127,True
911,345.5983379084971,102628.31354128128,0.6299616747807385,29,7,3.1565375374238442,53.86735869861949,0,0,0,0,False
912,337.6422520174706,127157.69336283534,0.3877393593772865,28,11,3.5412819334462906,48.08410537244066,0,0,0,0,False
913,343.1992994094183,144405.68117927568,0.3095386142763143,15,13,4.976564172203118,57.49070050082268,0.3250204872208142,0.018296465385835507,214408.0716031305,219527.95243790795,True
914,300.8400840349291,148420.0529228306,0.4674841515425492,28,9,3.2876143516492666,57.254822830347635,0,0,0,0,False
915,319.76392881138094,138169.83353738405,0.5391458926961077,21,5,1.7015361447417074,53.413272302152315,0,0,0,0,False
916,339.6725572129952,125062.39104244547,0.49128816821185606,18,12,2.2829267903638435,50.00709978184885,0.5130595820633836,0.002349991370393101,120486.23995331039,125134.74794044995,True
917,312.57629491887616,107227.83834498834,0.4386134245341539,21,5,3.682645207006874,46.94905557200327,0,0,0,0,False
918,295.09183570402394,133148.36002789595,0.383894712195168,23,10,1.6631736799299,46.21105561067248,0,0,0,0,False
919,307.56788598258987,136057.61615649174,0.6745143183346146,26,11,1.7850262151954035,41.078893701731,0,0,0,0,False
920,308.00123484100635,122486.6789242843,0.32255238558147303,28,6,3.723342790520457,55.39609061525982,0,0,0,0,False
921,296.1778432053399,128704.6590729653,0.5611585620056782,23,9,1.3931099109650797,57.9639427654502,0,0,0,0,False
922,292.11877127260476,108508.94459861939,0.6759237975038049,23,10,4.205175401922101,42.83807248562425,0,0,0,0,False
923,346.9466835290767,108453.36358258154,0.30196335900615073,23,7,4.190464986457728,58.21114452611879,0,0,0,0,False
924,312.67996101789464,105482.0969487708,0.4880335059601344,25,11,3.835066889147237,54.81613772241758,0,0,0,0,False
925,341.018378345443,125948.32046294207,0.30981230401660353,16,13,4.807461408810898,51.49784992263941,0.32408662184912823,0.008362950836598633,209516.82919369053,215016.7697792896,True
926,294.0665113144427,144376.24897991668,0.5881646652619983,25,10,3.422391882379401,57.275129981841246,0,0,0,0,False
927,331.0797495585215,126654.41852490976,0.4836102920265041,24,11,1.4375363139905368,53.84283675914097,0,0,0,0,False
928,349.08129190976223,134352.2873490834,0.6727428654314431,29,6,4.1279259820036645,51.90060014161561,0,0,0,0,False
929,295.37120511366413,120007.90741901976,0.3490100262291884,28,13,3.8123165742740692,42.182702126634545,0,0,0,0,False
930,315.2399257696358,111910.16052549085,0.6514383148500165,21,6,3.234424060619271,58.74476286633597,0,0,0,0,False
931,303.48058377581214,131988.76987775203,0.6671313582331687,18,9,1.8276199664056905,59.52424759492803,0.7016858754099515,0.0004231966366280935,103741.1203949531,113462.22441234205,True
932,303.4281311780737,102541.36795854887,0.38209938623205,20,8,1.2452581581419082,57.4455589520453,0.4021455701646807,2.0507883795005403e-05,81127.96298842056,92416.4979485697,True
933,330.66771422875735,129302.33532093634,0.5596753931937092,24,11,1.4681131171108073,45.23050365116906,0,0,0,0,False
934,295.90209720929386,120770.88209838982,0.4433581232017506,17,9,3.604551224116406,50.992089281679235,0.46365981751597823,0.0002801787979528941,168249.61155730687,180334.44612778706,True
935,301.45089070081167,130000.83226598673,0.36862126799918393,21,5,3.776007110166253,43.39958215985555,0,0,0,0,False
936,340.10973622648464,133700.00021590266,0.4473418877137397,23,13,2.5940391314720475,47.783178738759986,0,0,0,0,False
937,343.02358703212155,132846.57573792263,0.33640979937530513,20,8,3.712790923144386,56.69512282960315,0.3539523561756244,7.730538378972641e-06,169662.9413419242,174641.58691115736,True
938,314.94449669277634,115256.91647655742,0.5766947742393329,16,8,2.10145797759279,57.28566039495949,0.6058333065386442,0.0006498947529861945,113614.21776078093,121959.35217044313,True
939,336.22798796546925,129701.90917537492,0.31622826047341085,21,12,2.8793647735235988,40.393710967188134,0,0,0,0,False
940,303.1272929754064,120141.58115632934,0.5791116029883892,18,10,4.883073458915444,45.488057521382515,0.6021110781380292,0.00029876576945802626,217945.40872510726,228145.04375046838,True
941,337.3497341355652,102360.28296305367,0.5558868929632413,29,11,2.459009877430244,59.44436808401957,0,0,0,0,False
942,340.2336527433849,122637.914904851,0.31062637076286576,29,6,2.327460569391759,41.56617681255105,0,0,0,0,False
943,309.6419919504885,146580.12270933765,0.3124147942869864,29,12,4.122609937472541,46.666998400562946,0,0,0,0,False
944,320.46472212266076,111360.49240924028,0.44802989028046347,22,9,3.213348423755252,54.344914567788116,0,0,0,0,False
945,329.65184098494547,105566.62782989645,0.40798925319854,16,13,2.1309276622363824,42.47967806046563,0.42273482650823335,0.02104811873938233,114991.39819184183,121823.12835980632,True
946,334.4571645730728,141947.06506143807,0.4589730086813179,23,8,4.95650832383316,52.942271825358176,0,0,0,0,False
947,339.1167447167609,113602.01044724735,0.6898318058484278,27,8,4.5502651855571274,53.869968151829895,0,0,0,0,False
948,319.7586415556429,113173.50167992046,0.6880408404358017,23,10,4.570746513117724,46.29986968923411,0,0,0,0,False
949,324.46823888996335,119090.7302512091,0.6545116226623572,20,7,1.3348306604860016,51.21239286516938,0.6835512339927331,2.0665279180206743e-05,86305.89368182802,92698.13660982804,True
950,333.7215152010383,136077.21268304484,0.3544974374413775,16,6,3.7814949410346523,52.80111351088478,0.3715982000496797,4.156813068519645e-05,173076.5540784534,179551.73781829278,True
951,296.4889147006941,127733.56070234564,0.48164000871187196,18,10,3.503577890887472,44.095496858469176,0.5004708889945785,0.00031372245541208814,166088.53635351371,177852.7750297662,True
952,347.7444670283759,136593.02188085477,0.5165116187749943,28,10,3.2181568417241078,55.36533150682034,0,0,0,0,False
953,305.84322683236996,135628.17284987794,0.3113778827267456,24,7,2.193863666735733,58.364502860469074,0,0,0,0,False
954,298.0700465529516,145078.82581211394,0.3406232491499852,25,11,1.4419601036255045,48.13950892107732,0,0,0,0,False
955,343.7744750529395,133175.46247380064,0.47428391629566724,22,7,1.7922808127024399,47.92903435184335,0,0,0,0,False
956,291.5578751254393,123996.56603729555,0.6201484477665804,20,13,1.9859698895045574,47.653415376724,0.6457591683146184,0.0016584370088356085,110602.58599278393,122375.32863325509,True
957,330.2816992430118,140880.71247784217,0.4292659632735184,15,12,4.805334299689665,58.63546497138303,0.45143972448127845,0.012314366575687867,210386.7587625156,216996.18095547662,True
958,308.8377894263916,127032.71434975811,0.386588645378064,17,7,3.4328029395541853,45.93781625844267,0.4026254748223587,4.816979473834662e-05,161970.5165833768,172361.49566246482,True
959,307.33869203104206,109753.73466334301,0.45250315528139207,22,12,2.637147356660991,58.31658514302133,0,0,0,0,False
960,303.0573529024072,131138.53793180236,0.4245151262252914,21,5,3.005335003877863,46.6455339019772,0,0,0,0,False
961,302.1313042950936,118108.52170371998,0.32661319312739195,26,11,4.923581136540664,57.04212487979874,0,0,0,0,False
962,338.19860981413933,142393.03845340232,0.5346150930804597,29,7,3.7323316852992443,44.95750733170131,0,0,0,0,False
963,343.73690772173677,136549.65528562275,0.5364295375188748,17,13,1.338087556395438,45.457781572060426,0.5571206787707951,0.01918176701656594,86426.83373116866,90118.2010825972,True
964,291.16866149114423,136410.0560930828,0.4390068032144378,23,6,3.056625753184485,55.15779712588388,0,0,0,0,False
965,305.14833360783655,113974.38764453103,0.4794668207072017,25,13,3.66301231208765,57.94794977369985,0,0,0,0,False
966,300.86493556383374,104080.91488280019,0.3132887097710379,15,13,4.3020945182526695,58.7824310269354,0.32919356569581815,0.020829077033432092,190058.51184484517,202191.481120632,True
967,299.95427199947784,145389.21430897986,0.5926170707462648,16,12,4.521451104805515,46.59013758833133,0.6163538666569481,0.008570361053878036,204479.92288369426,215101.61908046817,True
968,309.10650916133613,130100.80808656175,0.5074171649453609,19,5,3.2404605743621238,56.90329332122149,0.5332193073647522,3.109811987472914e-06,154785.05609160793,164432.72065910156,True
969,313.97070499248974,120757.79246808562,0.3591992301895208,22,13,1.3129116323943482,42.15090050147277,0,0,0,0,False
970,303.397931104411,135075.30571843503,0.4698841879361112,20,8,4.71352294629368,57.53828639481864,0.49421127179083096,9.402227811518767e-06,207901.47187644214,218664.94677305783,True
971,340.5641006886078,108799.54001284168,0.6737360173868553,17,10,4.560086973261714,52.37543303113027,0.7041943434218694,0.0009040479615556552,205428.76986684607,209010.5599182146,True
972,296.3323422570917,116139.92815466005,0.37041979242265854,29,12,4.178788448829695,40.54690069907485,0,0,0,0,False
973,299.04839114098746,138861.7592954742,0.3634267137724798,23,7,2.6565183837068576,41.58940226514385,0,0,0,0,False
974,345.23370106079597,114558.81438444376,0.4130826081477746,16,5,4.049291505289135,41.43209600282424,0.4284078102705189,2.148242786203366e-05,185696.43715220672,189812.87255273416,True
975,342.68175016847425,113209.49389656939,0.5471454487311386,22,11,1.976045946793192,57.9315590120563,0,0,0,0,False
976,327.8499790789277,102706.23519493725,0.33274792781490475,17,6,1.5825852001912453,58.14244944886192,0.35057577763093895,3.310858742668037e-05,92813.26287500531,100428.90473039674,True
977,292.31799034354015,129655.12474689537,0.4644873933254805,21,9,2.1302151041704076,55.048618881096644,0,0,0,0,False
978,331.78488424768096,107109.00946879653,0.6406469200311324,17,8,3.4057558155605525,58.068199865046296,0.6731386647777446,0.00022415440117074076,161719.70660612185,166965.23025277405,True
979,328.82077401493865,101681.8296916503,0.6905367926379671,29,9,4.97838508320685,43.85108558481028,0,0,0,0,False
980,308.5485322238407,122578.41007865968,0.5424563359193267,23,11,2.5418473541813134,51.05363632315193,0,0,0,0,False
981,334.84163907563465,100295.4430905791,0.3098437808296055,28,7,4.529324079377156,41.56392507563318,0,0,0,0,False
982,302.65811011044724,130873.40954343502,0.5263664543707036,18,10,2.138765998346371,55.852557379397275,0.5524943682738536,0.0005509354708824972,114819.56464939316,125385.18332101722,True
983,331.97703452528737,113796.49193890244,0.6091220037275664,29,10,1.4301301448027837,51.824255383223914,0,0,0,0,False
984,322.9519255125907,134117.8208579066,0.4396879901906911,15,6,3.925462285514884,55.47711592665687,0.461702868494239,0.00011989836622897343,179168.977856076,186946.78110637303,True
985,319.1048252138974,148377.3383786533,0.619755744228611,29,8,4.261554834771748,56.42284046139072,0,0,0,0,False
986,299.90584091579836,100836.94665354294,0.6994128752399933,29,10,1.3742925317562606,42.26113845975306,0,0,0,0,False
987,332.170109329958,101343.93992352021,0.33265909281703243,22,9,2.4557540424104274,45.806482313947775,0,0,0,0,False
988,344.73024735719247,121671.1408251129,0.5474470542995865,23,12,1.96681687532906,48.12069468827851,0,0,0,0,False
989,304.12401055320305,111412.04069764707,0.4939469399132853,20,5,4.252446158249343,55.265784946583025,0.5183636679787345,1.0604108259243942e-06,191852.03083758708,202364.7436146642,True
990,337.54597884790667,106187.85001684891,0.49298022028208854,23,13,1.3093352082535092,42.38255500152376,0,0,0,0,False
991,310.68408430068763,121165.47855094526,0.5898155264431649,25,12,2.107822294195662,51.28793941348223,0,0,0,0,False
992,317.03802687513513,138299.89212159603,0.323250358696454,22,10,3.3397206010569587,57.68924857296557,0,0,0,0,False
993,340.9958018994967,142139.51613713417,0.43792260293869384,19,8,1.8235308247654691,43.95538949688369,0.4551247006998013,4.070528023864332e-05,103806.6175022902,108519.15530825123,True
994,299.4053204278493,146934.2193079054,0.3825326163258486,20,8,4.206639924282336,41.425278186196316,0.3967956048099994,7.715654171983207e-06,190974.9465579778,202876.17047800546,True
995,295.0225384622192,123038.64421609217,0.3485278188818589,20,7,2.012600918031173,41.68049785794337,0.3616806230983643,5.456924500389528e-06,110119.61338659018,122921.51854166895,True
996,309.1343788154827,120867.24806283627,0.5067184145961865,27,10,3.8697919917728134,50.674426282627095,0,0,0,0,False
997,331.20610896606456,137553.22154858898,0.40370447016251504,19,5,3.957070459387153,40.13343312788506,0,0,0,0,False
998,312.61209121391096,102241.32678421111,0.5910359703533212,26,5,2.236710839038354,48.5737000374701,0,0,0,0,False
999,328.8361078961639,101440.5947523099,0.4284608788675142,26,13,3.3426833980720083,52.933601417909244,0,0,0,0,False
1000,342.37949124229823,120237.6412901773,0.4233822339476145,27,8,2.474777993722645,53.33748425229823,0,0,0,0,False
1001,333.46314049447295,101959.77401199185,0.4338214117696417,16,7,4.188667193070358,49.039360210239614,0.4529305672993803,0.00010747524788014131,189797.57360933282,195838.1968421866,True
1002,299.93853133433464,120447.51132022614,0.4995611416465869,27,7,3.22642258663642,42.0337060644512,0,0,0,0,False
1003,346.93297913562844,128671.24794398592,0.5521443862133664,22,11,3.2199751940646317,57.44247616733024,0,0,0,0,False
1004,340.79639031643717,125207.18313870838,0.30030467076164225,26,12,2.3477169877962574,52.149271630234665,0,0,0,0,False
1005,299.1459848477218,102471.95102041897,0.3512007678448918,24,9,1.5523224994599683,59.48090591642953,0,0,0,0,False
1006,313.0281302270269,121198.55935077195,0.6472997273204935,27,11,3.473281843897298,52.39569290152837,0,0,0,0,False
1007,318.61323908852745,147781.6117357279,0.5487532634990038,21,12,3.404487356714575,42.36753891603345,0,0,0,0,False
1008,295.2528132778654,125785.81177373033,0.4735539631309707,20,8,2.871338182548892,59.73206352922242,0.4990383969659545,1.4850619253200213e-05,140614.14001995546,152630.01654125677,True
1009,293.6914128180144,100147.62955606077,0.6923259245348397,16,6,4.429129307089693,51.706505427809965,0.723142543246387,9.355979968058826e-05,200823.754968743,211923.94475726932,True
1010,295.55134197169554,149885.57258651164,0.6526399338741502,16,6,3.7471874476946834,49.8071460406177,0.6807736946127482,9.69746225119543e-05,175699.72272896653,186702.29661591083,True
1011,325.3413944729223,133724.9682105323,0.6509763503197048,19,12,4.845551349901393,46.23635493749514,0.6769258988899937,0.0007978495755541917,217070.26999468263,223326.14886424885,True
1012,347.59647707499124,135132.25048207046,0.6403330667110381,18,11,2.0832437933638146,42.81821242628585,0.6639131193198762,0.0016682324947830563,114817.96830097448,117314.1100416706,True
1013,299.07850180373714,101581.15514535333,0.6348180469079268,21,8,3.911488548053855,43.62632574527528,0,0,0,0,False
1014,338.7604002997954,102632.96260250566,0.3231048845673795,20,6,2.884504934831442,50.51748396426582,0,0,0,0,False
1015,330.7291329553775,121768.60364799872,0.6399671099612588,28,13,2.772781501826101,46.69186199193161,0,0,0,0,False
1016,331.4855406932904,148409.53247007926,0.5696399534163777,21,7,2.4212367065540885,57.39690551601706,0,0,0,0,False
1017,333.76068892842625,113488.10889047854,0.5672773001604918,20,11,3.997615070054067,56.130995693465565,0.5954037632302491,0.00015890712900936386,183187.46481954088,188457.17841303186,True
1018,294.04428424165803,134347.07950216258,0.32072003622221174,23,7,3.089115077882913,47.30898551562644,0,0,0,0,False
1019,319.9202847642139,145572.25835629858,0.3580561285912268,21,7,3.585632975068532,48.37656608585591,0,0,0,0,False
1020,329.50766472829736,100338.9047950424,0.3561745496082846,22,9,4.153123141822553,50.014140736578625,0,0,0,0,False
1021,345.54239314713544,130690.31539358306,0.6445089040038031,18,13,4.117851537744352,59.40570100583183,0.677728866089662,0.0047846505495972675,187651.05974135306,190510.9559353345,True
1022,334.6532524333188,128418.75020621326,0.5252457511561289,25,13,2.0502151722010944,43.63093310485272,0,0,0,0,False
1023,322.5892265442321,126604.61294695886,0.5541307504266195,23,8,2.463074032975537,53.839720975989465,0,0,0,0,False
1024,331.1033699472154,116378.77457157132,0.4442310995097041,27,6,4.729875694204677,45.90194725877399,0,0,0,0,False
1025,315.46853870592673,141606.59613058055,0.3088045618049455,21,10,2.748114610020539,51.55102048988725,0,0,0,0,False
1026,307.58615725909834,105928.6659904525,0.6461078830598856,25,11,2.369331956427353,44.15512826051078,0,0,0,0,False
1027,325.33387079131796,141450.43751144208,0.5123598944834964,15,11,2.75454156133359,56.003414134055994,0.5374093126493322,0.01089453760716307,137215.293271119,144187.33539341125,True
1028,330.3769885137737,108370.67431786057,0.6802988213609568,26,10,2.9891507654263574,41.44195907724256,0,0,0,0,False
1029,331.7620929550643,123480.6553505999,0.5772083276066151,26,7,2.0058680299156366,51.07202045241223,0,0,0,0,False
1030,315.2912085144784,148839.7679388179,0.35811436694857984,29,12,2.8142850603594582,44.30324874987147,0,0,0,0,False
1031,320.42545070830016,115651.10173253538,0.5448676006036982,26,11,2.671263467963878,40.85218063107948,0,0,0,0,False
1032,299.16989007470835,129799.77456039214,0.5175642584750588,22,10,4.085588459424845,52.91901952786938,0,0,0,0,False
1033,339.93375224621747,136117.54387503103,0.47892560376440885,19,10,3.744539341627001,46.0236940340797,0.498519123993019,0.0001312378599477242,174627.84909195485,179295.07697474753,True
1034,301.31840090368024,111266.09413286291,0.43819255114354205,20,13,2.569466305479314,53.78526905728552,0.45940238294194163,0.0008222047214947155,130034.82263458542,141310.91636536847,True
1035,304.02244075205243,132423.32256941,0.5751867516124887,17,6,2.943561334976139,43.82240594452145,0.5971865896475347,4.2176627369025685e-05,146292.6157721065,156369.40710034617,True
1036,310.18554954419335,137948.99772453148,0.3666588144715684,18,7,3.6817506638222097,43.77283043230518,0.381173324636871,1.878380176971726e-05,171098.01919590484,181395.35488165315,True
1037,323.94490982195174,130808.52015059264,0.6100683535366062,20,12,2.9408671821741583,47.96168315889217,0.6355239875315168,0.0005142918732311989,145866.7937435728,152556.83264842152,True
1038,321.26079004181105,145208.89672139144,0.6618793867937967,17,9,4.336966985517561,51.60693260401721,0.6914263184551169,0.00041080906594692223,197254.13364310263,204138.49214463885,True
1039,297.5260604633465,123503.6138245825,0.44991180683792187,28,13,2.611631663303103,50.9812462687993,0,0,0,0,False
1040,330.13652773946666,144271.42324729217,0.5654933947814664,17,11,3.1944435488394616,57.36664232780834,0.5940845555084877,0.0022142869281744763,153555.2784731624,159446.3544301556,True
1041,297.4796401646307,138077.98151770743,0.4100520240995456,20,9,4.170377048067381,47.227563269536,0.4274922309469551,1.934316669652816e-05,189079.83845656266,201116.85868335492,True
1042,316.3719608024242,127521.29073044125,0.3625984541000834,26,5,4.3455117722935075,47.88295701366753,0,0,0,0,False
1043,314.18181555257263,131008.2305399801,0.6883881789296112,28,7,4.726683245663003,55.198841648016455,0,0,0,0,False
1044,300.9043891427768,128795.62040514089,0.5031677791494564,21,13,1.8790130648048318,54.645508450533285,0,0,0,0,False
1045,290.46468663494045,107388.41603680917,0.32878522200695587,29,13,2.2582293127984983,49.21460505772873,0,0,0,0,False
1046,314.76836257171817,112242.94507754,0.5475364378540793,19,8,4.832403043953786,46.182875888326215,0.5697591149219299,2.4555940434411837e-05,215566.3146665221,224079.6911946341,True
1047,326.87559068515617,144331.28188231884,0.6838579587166516,24,6,1.4468311492270818,41.67631995738299,0,0,0,0,False
1048,311.06990848303826,121587.0989129701,0.48197252273302366,18,10,1.3719978613849932,56.41526411355435,0.5063282666498837,0.0006681827369058068,86476.46669575328,95954.34788661753,True
1049,294.5009036152669,118362.51715232631,0.5270865450643301,16,6,2.6017969522517266,58.34447363368963,0.5544984918799603,9.647072944776225e-05,131453.3972460816,143283.6035207532,True
1050,312.8414284730966,126510.35574139084,0.5099390587413577,21,5,3.7231026128396634,56.96342953439269,0,0,0,0,False
1051,296.6906844718406,116553.8793564628,0.5120721614732527,18,7,3.3718143341827114,45.277294954203114,0.5325561124666237,3.11560150823564e-05,161377.3715369003,172940.2746266202,True
1052,312.35761986686975,101109.6435367511,0.6398278894709335,25,13,2.1096448463838517,56.839422768584086,0,0,0,0,False
1053,337.8710066909352,122203.47750190235,0.57642257934356,26,10,2.919058205531475,43.86209018560463,0,0,0,0,False
1054,317.5413284656877,102220.25660401618,0.4352832950690651,24,11,2.003392660696585,58.89487910158367,0,0,0,0,False
1055,325.6630000021093,133870.5716013541,0.34271933417221306,23,6,3.6995959987487472,49.87153031249581,0,0,0,0,False
1056,341.81966130805296,111169.41847013224,0.39152711654963523,26,12,4.725714368830394,46.85844214514164,0,0,0,0,False
1057,348.7164937128187,136219.30193647344,0.5435783204475482,18,11,2.140058881929064,45.91360347858106,0.5654714509258453,0.001264756588907556,116060.83062167521,118843.55986610254,True
1058,305.92480812914164,103378.61128619738,0.6079348003280214,29,5,1.7092980694536821,58.69134971304223,0,0,0,0,False
1059,293.6711131109705,137753.7919577391,0.5562726088183299,21,8,3.8838826438890246,49.41053539269124,0,0,0,0,False
1060,308.9965124967059,147916.72477196914,0.36938787542926144,26,6,3.784292464407258,43.63780111932715,0,0,0,0,False
1061,293.20623654213256,100171.48576979707,0.5792680582284984,23,5,4.433062628694585,46.757471945012625,0,0,0,0,False
1062,331.57507112961895,107081.24701751652,0.39922778351308974,27,12,3.2689510196654705,42.982995991605456,0,0,0,0,False
1063,317.3278860909446,137368.53187093642,0.31026534963493374,25,7,3.5031245640431106,57.598069530222,0,0,0,0,False
1064,333.3794245115724,112587.38818921264,0.6845594963130842,22,12,1.4515690674419435,43.616295312356684,0,0,0,0,False
1065,326.47081067909835,125265.40540256565,0.49329969224981407,29,8,2.842035174625049,59.10456883681745,0,0,0,0,False
1066,335.9685474239136,141226.70744641847,0.47999873051203823,15,11,3.5602919602106793,52.58112084002176,0.5021887369038102,0.008059366796907306,166838.7747984549,172187.45303701927,True
1067,349.98541055932975,149877.46137066226,0.45298960001098876,25,9,4.198774089467142,47.05320219810037,0,0,0,0,False
1068,327.4676637191568,118380.08934043403,0.3266606678864279,22,10,1.9600695757260704,53.246096853374304,0,0,0,0,False
1069,317.9041610841011,120259.40837886627,0.6423531274937883,29,5,3.987321279002085,53.54048455568542,0,0,0,0,False
1070,316.3012924265339,143878.92275846837,0.3570334703922545,21,13,2.531439390349134,57.186975102244205,0,0,0,0,False
1071,314.3639996451535,143232.4534268353,0.5016107025613439,22,6,1.7756818352822392,46.43934584216771,0,0,0,0,False
1072,348.85957877672195,121736.16945039389,0.6107083844193781,21,9,3.9123918868824195,55.423151922850394,0,0,0,0,False
1073,299.86157951577644,112935.97338162245,0.31726568005149236,16,6,3.66636835892412,43.21275578149637,0.32975973627437377,3.6256211844219995e-05,169786.34432499637,182045.68987344092,True
1074,338.23899584597314,149450.77735502122,0.5798696368739606,28,7,2.6496360729594146,50.35234554133609,0,0,0,0,False
1075,312.59549574185087,137878.21500479805,0.32184441146984394,28,5,4.034989187237577,58.438869184672114,0,0,0,0,False
1076,335.52873512585313,115114.52742969099,0.5179037587265246,24,10,2.8872853150103865,51.15041477895453,0,0,0,0,False
1077,335.0942057077462,111332.06008242184,0.5628951096264245,19,10,3.248835843862234,46.797049300583026,0.5859893935836564,0.00018533192708352673,157079.0347064036,162133.0109773731,True
1078,307.9282609387343,122896.2680340544,0.4248309210752476,21,11,4.448881705752088,57.3494642591734,0,0,0,0,False
1079,343.5830446870741,117185.05977099124,0.43374996167772395,24,9,3.403371100736887,57.10192394431219,0,0,0,0,False
1080,302.0802443848996,149767.72838635824,0.32631188325090293,18,10,2.3648988568862097,59.41854047876888,0.34420597252755575,0.00027217007054361654,120702.92594742247,132558.38883920774,True
1081,292.4532822448456,117168.69477435484,0.6879523024743923,17,11,4.376023922261348,43.541269126175926,0.7135020435643696,0.0021409834287271163,200381.31177759348,211675.79322601054,True
1082,335.06636318824724,107880.17743728393,0.456525056912127,17,5,3.7786641879695644,53.01939729997586,0.47826458961299906,1.1880171065346995e-05,174454.37196325237,180093.68214053428,True
1083,297.79498783770003,131738.28670351417,0.36369773903111174,22,11,2.312360671633516,41.51632684251047,0,0,0,0,False
1084,304.66528926526337,131482.2968404641,0.5744032450659975,16,5,3.178903878449672,56.030346988200726,0.6027998002694896,4.3578915043074503e-05,153247.72051746977,163242.43075511986,True
1085,309.03812342326455,100967.04189022296,0.41600189805182197,18,6,4.9684860375652935,41.152967894618946,0.43132082987531106,7.689051243103179e-06,219611.76486666573,229787.2773940443,True
1086,329.88656980554276,118356.2417927479,0.6959287226635806,20,6,1.9249782821146009,51.970299191878794,0.7270553743616526,7.841662905950578e-06,108178.12109930419,113471.97878801319,True
1087,290.3327117678979,119317.5956936881,0.3660429065553267,22,7,1.632378040115268,46.880974134157505,0,0,0,0,False
1088,331.44456082179073,139478.7237677681,0.6991854363618883,22,7,4.667294530210696,49.27576667975637,0,0,0,0,False
1089,305.4391569427347,145853.49639774908,0.6739061294162959,19,5,4.2934661515958945,42.40137474386762,0.6983926785653853,3.8026401856151706e-06,197430.75881669243,206783.1695014254,True
1090,308.367361869042,121747.90661833755,0.3531085756719535,15,12,4.655020314908915,45.00103719350158,0.3671248418026881,0.009880551177405529,206169.3901034091,216845.3512918274,True
1091,345.6407895056476,135806.46678128827,0.6023743863456121,26,13,2.50357992786961,52.2477980529936,0,0,0,0,False
1092,302.4767447919835,105726.30336443546,0.46447783101301565,18,9,3.6280577484226058,52.48062966571779,0.48632528579415707,0.00013171557445249883,169140.72310330835,180080.87415378419,True
1093,293.87837077825355,136377.22873113744,0.3520358567576575,16,11,4.4475736791760525,41.23616767663871,0.3650918684024114,0.0020031338224641092,199276.51193211236,212232.50153286822,True
1094,349.58483495006044,115946.21042237942,0.5426691737976652,22,9,4.076217277390893,55.95551305963666,0,0,0,0,False
1095,338.415098523638,135563.26894790563,0.38960658002623383,22,5,4.699847735710985,51.52077551799167,0,0,0,0,False
1096,339.0903324540308,135574.19617854673,0.338779435021635,27,9,4.412928016568927,54.139001526296525,0,0,0,0,False
1097,310.4326304858645,125578.59346514553,0.4421282626526064,24,8,1.7687194352548041,57.7312045595439,0,0,0,0,False
1098,303.42070884132164,126744.03137788006,0.5163747666736089,27,7,1.3790732114254616,50.448148429871026,0,0,0,0,False
1099,295.968443898554,132590.40211756705,0.6617289693733404,18,9,2.402677881168388,55.55160593614771,0.6936412649629142,0.00032107947541589106,125291.6468954649,136195.53116718458,True
1100,296.2394212038802,123516.81746022626,0.4393417802419341,16,12,2.840794849491298,48.01345824737288,0.4578915376394599,0.008527844654433,140693.6783714092,152746.09323794243,True
1101,304.108296749011,142604.698845171,0.46183943449562415,20,6,2.872192988756063,56.97667009623916,0.48553897853002165,2.8748907639071154e-06,140892.3185804545,151589.00439088626,True
1102,304.96017380876293,126643.71224915482,0.5703095016972157,27,5,3.0550440753670234,55.948253069738705,0,0,0,0,False
1103,305.9068258581376,134611.17019395667,0.5619518314817669,21,13,4.232820269233752,45.77401928567194,0,0,0,0,False
1104,306.2430342602652,110458.205033345,0.47556354868534256,22,11,2.256635194177445,52.417050789435805,0,0,0,0,False
1105,302.4485310409075,104589.1496819841,0.679006432288129,29,10,1.8615255891297582,51.88137589225156,0,0,0,0,False
1106,290.6418242132464,132041.60815615815,0.6751052587015196,26,13,3.150231060600526,45.04220321419889,0,0,0,0,False
1107,307.91041853021875,114449.60662660454,0.43164763218404445,15,6,2.883785125438224,50.56108615415138,0.45128329987493215,0.00014748440899938758,141839.53416097566,152109.62283208195,True
1108,318.3575222811227,116699.14870598729,0.513838278352821,21,11,3.2869053091867677,49.8931191895336,0,0,0,0,False
1109,332.9650571790844,137308.6613286715,0.5813214446514186,17,7,1.5161328836265602,49.44360075342045,0.6064994192268429,0.00016607681939702078,92877.92939511641,98201.58854293988,True
1110,337.4242825850269,124557.94339521491,0.5633153971047395,18,12,4.204359517235587,40.397289013965576,0.5831013399605302,0.001666342384523604,193563.18110579663,198207.21302581587,True
1111,305.8754772929012,129860.30086041937,0.35348733591312187,28,8,1.3049152434730233,58.56344760331575,0,0,0,0,False
1112,343.4646647393761,128311.15203834767,0.4869938055896287,24,6,2.801665589029824,59.13723189222057,0,0,0,0,False
1113,342.5169482624105,112887.34332912262,0.5932158024710263,26,9,2.703304063761602,45.59699854342051,0,0,0,0,False
1114,314.5600650728144,115580.01039903102,0.4830677681497988,27,5,4.249093384845056,52.49204890241633,0,0,0,0,False
1115,340.81828449083343,111542.8553251744,0.566553215020615,22,11,3.965116334718913,49.92877979442251,0,0,0,0,False
1116,319.3861464732625,139401.17534703657,0.42254305718911667,18,7,2.6398605960697514,42.16059655489304,0.43847955954589035,2.915304332259232e-05,133876.72666964162,142333.57347794969,True
1117,298.6592751389626,106319.45800905224,0.3749481030977474,27,6,3.672865215261,59.68827442141029,0,0,0,0,False
1118,311.8232292288398,104351.12575418055,0.38832682466480317,20,12,2.489493263925735,44.90530005845363,0.40404369855860506,0.0003130516162128484,127645.29978589517,137546.70332145662,True
1119,337.95602997000583,142279.8387169739,0.4377212115549879,24,8,1.7939485405916096,45.834125184319795,0,0,0,0,False
1120,336.97421362042627,113522.0219762561,0.6696675829461931,25,8,4.2223751212645055,57.882185182831066,0,0,0,0,False
1121,308.51580974522483,129807.55967388241,0.40971063703412797,21,10,1.852857999193749,41.150923854420434,0,0,0,0,False
1122,325.0118353348848,143342.13484660766,0.40358706317212806,16,12,4.639185003189349,42.6246142817249,0.4188363412295564,0.005136260437679239,206997.76925025848,214635.0922505403,True
1123,336.1653171080547,145251.52172661162,0.316944574653011,26,7,2.126730788012172,44.50670821983775,0,0,0,0,False
1124,299.91357120411993,110855.44753322688,0.30103354488068423,23,6,3.549526524950682,44.66412531591925,0,0,0,0,False
1125,339.3819231357537,112186.85623408345,0.6278989619527444,27,10,3.633954611589055,53.32583004429625,0,0,0,0,False
1126,327.1658200604302,139512.51943533256,0.5956527279319127,27,12,3.038276635137077,53.17480338900157,0,0,0,0,False
1127,302.7974318724412,143534.99589024624,0.5042553093733503,15,8,2.972149847654336,49.49003181974943,0.5263782730532576,0.0008788985189338816,145975.8966672373,156633.85314035855,True
1128,338.8919998590966,119121.09045566362,0.5987942668956612,16,11,2.9128240974518933,45.58518908077036,0.6223324202129932,0.005711052645832064,145082.75795285223,149300.69243575074,True
1129,302.39924929403384,125926.06344109702,0.3408442932487133,22,10,1.7988719145626648,59.0433878492892,0,0,0,0,False
1130,318.3725301899217,111819.57471551237,0.32300642167509014,29,10,3.0058178350594327,56.34387626240924,0,0,0,0,False
1131,345.21295958813266,144641.21838136503,0.30683812762623897,17,10,3.5360105331805896,56.84567336060928,0.32294184943951204,0.0004168289303930287,162771.01194119293,167557.2335121841,True
1132,345.9753613906106,138752.9998197902,0.6058198183664758,23,13,2.464364213553531,54.99889170041074,0,0,0,0,False
1133,324.34845713159024,145604.0966130013,0.40142281587719914,21,10,2.7254873686806205,45.66745542074135,0,0,0,0,False
1134,335.4710940992466,127777.75519973815,0.553508888843058,25,8,2.3818034526239567,57.217104204987585,0,0,0,0,False
1135,303.8073949933156,141116.3628863605,0.3033231542888772,17,9,1.627620641780145,56.203430808258055,0.31906740868826056,0.0003174456461639801,94310.94549240035,106045.86871111153,True
1136,296.5610954127808,147286.68630005937,0.3373134540535066,28,12,2.5768300880222004,51.98367391017851,0,0,0,0,False
1137,290.3779970017948,135550.24771092687,0.591206553804682,17,13,4.430418376974711,59.70307012281086,0.6218932271841887,0.008877564237881982,198623.4740303791,210736.7485329097,True
1138,302.1152047714599,117197.91234940336,0.5857258388075549,28,7,1.4996771843515242,42.96113181118077,0,0,0,0,False
1139,292.77323745792074,129416.25179417126,0.6951647561699396,19,9,4.8826252377510215,44.83396770573971,0.7218244701299806,7.58229061173443e-05,219037.86649475672,230250.55286390983,True
1140,326.60044012807884,115696.51463356415,0.4002856296271195,17,13,3.8015378778438134,48.61838343837452,0.4175982695541928,0.006044041186086412,175221.003486944,182618.4646726273,True
1141,339.2813080311055,116050.33592300492,0.31930078160678876,20,9,1.3684056077228028,56.73265349554025,0.3360093966974668,3.426749177435072e-05,85110.40113922347,90855.38401362234,True
1142,298.7145784941309,142228.45233962458,0.6309949102610137,15,9,4.336428794348387,40.488937130322256,0.6529496328602723,0.00190552725855135,199086.6538641888,209697.94345520262,True
1143,330.9192862307158,141591.56431457592,0.3737697967059526,26,5,4.331007995039163,57.77361701072344,0,0,0,0,False
1144,304.69526228082134,149572.47272505003,0.4376065001872338,22,10,1.3860243441816475,52.52804265701903,0,0,0,0,False
1145,347.1488479913021,130360.60676075517,0.46315334696046,29,9,2.368566344780896,48.06652882528879,0,0,0,0,False
1146,321.01118953491005,101591.53651052652,0.30498780479257753,17,6,3.8387564719302274,41.02222900200393,0.3163907365231847,1.47170016531834e-05,176185.7113323701,185118.14960581163,True
1147,302.2459129563527,118217.07908631768,0.6979977757339497,16,7,3.171956750671314,53.71524956440831,0.7302886646640093,0.00027751823373516093,154048.79441399706,163807.66933374378,True
1148,310.57017248523766,147325.6018847155,0.5206245069435599,29,8,2.585997703142197,51.2703428113775,0,0,0,0,False
1149,304.2838881705833,122500.37871974985,0.6591423986863785,18,12,2.4860561027772423,46.25584502780195,0.6852879784198302,0.0033984691237815084,129488.41265132833,139102.7199708713,True
1150,322.0408195073234,142409.07548586922,0.4897720544947275,19,12,1.9340580244041583,44.91178715899157,0.5092287644299152,0.0011631592049365425,108184.39414423035,115818.28322947581,True
1151,331.04995060201054,148531.68842201962,0.6057337457144664,25,12,4.13046530132514,55.57492634007734,0,0,0,0,False
1152,335.95058806813483,129111.25445371414,0.6195581959014553,23,11,1.8947286674979003,50.16902548475755,0,0,0,0,False
1153,296.050576493583,120611.42675799713,0.34349831023180266,21,9,4.886072215349131,50.01936764701122,0,0,0,0,False
1154,329.6418081975894,136028.5633242352,0.5323812333331648,29,13,2.5374408550200367,47.86477390207318,0,0,0,0,False
1155,303.3820995498766,147427.06132368319,0.5184023222183369,26,11,2.4939853492496833,57.16059645613818,0,0,0,0,False
1156,297.3323834881057,112190.56347775202,0.5655201345004859,17,8,3.7306532135225297,46.139400919591594,0.5883733082660825,0.0001654864419814476,175023.7561478214,186197.62644643406,True
1157,332.31664961215586,123242.07849443582,0.6840859375122222,21,7,1.7388806954272211,48.87001390024577,0,0,0,0,False
1158,317.89393351440515,132631.29858309377,0.44428171554534945,22,6,3.9000623763768516,52.080303012163476,0,0,0,0,False
1159,293.05735244796637,110160.24659086991,0.47937083729593777,29,9,3.8612003084429576,54.11631538819031,0,0,0,0,False
1160,335.12199760213434,110832.80841383166,0.390534588553564,25,9,4.98360532960386,55.82708150637051,0,0,0,0,False
1161,340.9613046122723,106659.1344651711,0.5217165165049428,27,5,3.057086305808612,48.65822837092547,0,0,0,0,False
1162,298.27509830686876,108937.36198251651,0.4949787526737807,17,9,2.9826611734685207,54.627856618783355,0.5191210871698154,0.00038327084668341225,145569.2651952102,156992.80305484013,True
1163,295.1186043854153,113689.31840900074,0.6551559995740124,24,7,2.6079664558220084,49.4751889764381,0,0,0,0,False
1164,334.47996221195206,109311.58919142315,0.35639442523291387,26,9,3.487218340732012,54.34196864690512,0,0,0,0,False
1165,303.2696813029316,141706.6591163579,0.645683059894722,22,10,1.270158459976124,54.284561806772714,0,0,0,0,False
1166,295.2635636042124,117901.9819554228,0.3419603284836368,23,9,4.730640187860473,40.24648592842322,0,0,0,0,False
1167,310.5409074500538,104774.4557053057,0.6335801932738455,27,5,2.668992019642128,55.10542239171983,0,0,0,0,False
1168,314.47643789070145,118231.08199007496,0.4286016033631948,18,13,4.81908438481167,51.87469166765797,0.44853375716376853,0.002403978790599052,212207.53203968407,221439.34028851124,True
1169,293.0460450019023,127470.00219700867,0.4769729446190819,24,13,3.766296822263288,48.438365734613434,0,0,0,0,False
1170,305.70438251770423,142983.5659283493,0.33166375837365825,25,5,1.255060721261719,56.35894974398212,0,0,0,0,False
1171,295.66437557491673,100795.09010471884,0.36394305977666147,24,6,2.066063931995079,48.97509780285685,0,0,0,0,False
1172,337.61219541334407,141310.45879309063,0.6026732588492578,27,7,1.3407958312072572,47.17314349848827,0,0,0,0,False
1173,296.1927988084392,120216.87424718266,0.41869736722306866,26,12,4.559929574334675,49.65193565303078,0,0,0,0,False
1174,302.8628062036334,101261.06122291098,0.6388541704755044,27,8,4.3880271758875535,51.86496711824181,0,0,0,0,False
1175,344.7535932200039,124721.13209752133,0.6973185526007135,16,9,1.4359983283310098,54.67149862035427,0.7300641054821162,0.0028063555401478097,89866.80555883794,92615.59459782622,True
1176,320.3038074047034,147736.21636481094,0.6130410924117469,15,11,3.3330308062267857,59.17755690047484,0.6442965771729596,0.012064156215486637,158721.89535918224,166007.3905247023,True
1177,344.8746697045594,122858.97150700472,0.3405103077979721,17,8,1.7135143530373267,41.904436600772655,0.35344384287084185,0.00015217211946754578,99087.79123291334,103711.14237260443,True
1178,299.52189955671747,103014.44727249091,0.4299491848748678,18,12,2.583850929722131,47.273271046488105,0.44811834160703806,0.0017668707495845089,131271.0321599583,142872.4472289393,True
1179,290.33947042163805,129560.463680458,0.5129723493840899,26,11,2.146214873227292,52.389316393342654,0,0,0,0,False
1180,300.11969565601953,111373.51961277887,0.6587408662939447,15,5,3.7276905382241647,59.65792608411908,0.6930084588899567,0.00011202399783635813,173382.69267766163,183669.49189110688,True
1181,315.2214334785179,145427.50558316772,0.352337416713073,24,12,2.9056091929519603,45.75303627028303,0,0,0,0,False
1182,303.8508248463718,146202.38257008768,0.563065068566827,18,12,3.182042775050804,53.383401352219465,0.5894758201305539,0.0021852233212839864,153658.82187138122,163836.08713402756,True
1183,311.54795494250504,108626.35856026702,0.3355251197674419,22,9,4.951950059637175,40.875320625924886,0,0,0,0,False
1184,320.5093723125919,131508.24293985235,0.6114222527487074,19,11,4.2674671006469795,49.2406912412259,0.637644049320072,0.0003676569935762276,194746.11240064848,201997.2975233997,True
1185,312.9878186748015,102766.3581694467,0.5811956256900825,23,12,1.9293532173843404,47.118826081441405,0,0,0,0,False
1186,337.0604477560813,146387.14825207373,0.5412236114549651,16,10,3.8185964160519097,57.82614060298596,0.5689526443951798,0.0017835754407807805,176095.3261849332,180934.37415843675,True
1187,301.57869954799725,123658.25555028408,0.41450206983602217,17,7,2.2697964081653197,50.58984900865138,0.43342721488744795,7.37641152960332e-05,119245.76862916222,130619.68837014236,True
1188,337.27852772974165,105235.35451542378,0.5877672487752783,28,7,1.3151612484402155,54.01957318017767,0,0,0,0,False
1189,341.5161428764222,130463.08234278283,0.501956733193012,29,8,2.155002812204864,43.763728276713316,0,0,0,0,False
1190,322.32899130344185,109982.88159754685,0.3041014166146205,16,12,1.462131735811012,48.63186977251504,0.31730682163544033,0.00829465712120384,89010.06627422935,97731.1666690356,True
1191,292.5980745550103,108467.25220241948,0.5887133961512345,16,10,4.16554964589782,48.804068850016556,0.6137649313619556,0.0018153387441743063,190860.54308436587,202640.6319078258,True
1192,307.5947394272707,143105.7437076755,0.6326572026281088,15,8,2.3179165199223895,49.85885198068771,0.6599931775980796,0.001528123120374555,122704.77987054078,131931.67181868953,True
1193,341.19554012398805,134795.97803269036,0.5054579347756932,17,8,1.3460961788621124,46.828351475004325,0.5264106107670237,0.00031652170068143003,86440.03221371249,90744.11134582578,True
1194,326.3972925701339,114887.16581654537,0.40597164237881755,16,8,1.9810239731829458,50.23034739248446,0.42438143351125485,0.00039928619868646084,108672.9358581039,116072.48116342654,True
1195,320.85278488338105,108408.85409507556,0.3638803497382188,19,11,2.2985949953759865,50.17959328376675,0.3804838620351115,0.0003105841480404204,119800.7885216561,128382.13820818956,True
1196,320.6475627477732,129319.18836700876,0.6138585372514915,24,12,1.4216724320011727,59.36261171626662,0,0,0,0,False
1197,318.02172696733237,113296.16976466482,0.38116374999767866,17,12,2.9810884616349735,44.17454925733288,0.3962389502882576,0.0030411446353365156,145633.94503129332,154569.34890865532,True
1198,316.930250143039,132389.33636663607,0.38566571911081404,18,8,4.31618889599134,42.68851806244237,0.4004917865077478,3.912851592356265e-05,194819.8962051353,203904.23159456308,True
1199,319.4000468376712,138961.2335172557,0.4774173494865306,18,9,4.227968296504544,46.038939778514674,0.4969614770784296,0.00011762560395450381,192397.8612325049,200537.6054106253,True
1200,313.29860592436626,147008.6589702387,0.5158857354176718,16,12,1.65549045618994,50.49976366731616,0.5382854502479857,0.015849111696583366,97575.53829351689,106495.39012176554,True
1201,347.10539924504974,123287.00608574643,0.41385451208893304,19,12,4.0755714407654295,48.56806893845462,0.43194435192806974,0.0005200531716254293,185440.52000140972,189226.9332148846,True
1202,294.32720981562943,115556.63809507624,0.3052077098928128,17,6,4.03938701115966,49.550314585560216,0.3190986005795149,1.4464907086326103e-05,182043.91080108692,195248.1346985777,True
1203,348.90180428878705,105268.38419536759,0.4128730158425876,15,6,3.0246972199240085,45.644068578804315,0.42980753215505024,0.00013266997359262728,147434.80292948298,150908.05455106994,True
1204,341.48502293612364,120046.600613366,0.37830254241757616,16,10,3.6581924647156514,40.634273347169035,0.39209717694631413,0.0011329218409622378,170918.289212663,175899.11448205647,True
1205,315.8064465109681,119448.47726954945,0.45125222996754377,16,11,2.389980022004654,41.63246743821469,0.46780571527519343,0.004439102361802769,125031.55755986774,133905.7259045141,True
1206,297.3479892313547,113321.70907750796,0.3173646129433115,19,7,2.6875841912741025,43.89741825029328,0.3300694335973987,8.948256260038742e-06,134089.22100245225,146738.4885749124,True
1207,349.0752258095988,113404.90734702803,0.4495375200429642,21,7,1.5272529363833869,51.98658335113848,0,0,0,0,False
1208,292.95987577642546,111028.89738804297,0.5405917118719719,20,7,3.2827503743534887,55.04674423858057,0.5669849471252837,6.995765093538607e-06,156916.9569931462,168903.39825548805,True
1209,319.4229616486852,114497.49198767444,0.41405797644721976,17,12,3.5547164423112987,46.868869743889135,0.43139379666968286,0.0029489711164115365,166678.6961192879,175185.11445223942,True
1210,324.33942251380404,132293.61560265164,0.366142954838475,15,6,4.446864226747917,46.22593280065494,0.3814819343731411,8.427249940428573e-05,198596.46722596057,206580.1766272326,True
1211,334.281083100661,140975.30316006945,0.605577244282343,27,5,3.1159189217986905,49.56017886927982,0,0,0,0,False
1212,316.3596918722546,146021.07189918874,0.44900675910574017,28,8,1.9613647009286295,59.74860594766388,0,0,0,0,False
1213,317.56076153314547,146914.1485199908,0.31343993122888647,25,9,4.110225369818037,40.60619630536136,0,0,0,0,False
1214,322.8153171880996,107162.67525840335,0.3377269850891346,25,8,3.0661812587945363,46.95848791541384,0,0,0,0,False
1215,349.037395206882,138538.68121117886,0.6040051811382572,16,9,3.0540433232782256,53.33222365031128,0.632162840320719,0.0011239450601829685,149258.56294046174,151689.55670100375,True
1216,326.3610008057661,102161.51280829131,0.32245407487089234,28,12,4.1317565069093884,58.28590616838764,0,0,0,0,False
1217,341.43456527541514,106287.73112599785,0.5814074721316032,23,10,2.199564283747651,41.45571583971378,0,0,0,0,False
1218,331.38943641787455,112865.49760201442,0.6427670649705357,28,5,3.0837259676598974,44.51712442251553,0,0,0,0,False
1219,339.2000104775674,107059.04711206807,0.40516458054738275,29,10,2.4090059411055833,59.1320004065959,0,0,0,0,False
1220,307.6475153013798,116597.54273207297,0.5871635575921468,24,7,4.3495242665583005,59.10876922811774,0,0,0,0,False
1221,338.4464311411042,138417.72828569164,0.44288095135082955,17,9,2.6947679083402623,58.79365488525672,0.46642604811798577,0.00036407915242697844,134015.50423657853,139153.67531872255,True
1222,330.2453810133957,139756.60395033302,0.6506084345662151,18,12,4.062958192789063,53.4521697813703,0.6807174743627841,0.0021592439555616727,186729.89854318058,192177.77111086174,True
1223,307.83526646335685,141888.38159278414,0.6469447317751562,26,12,1.5676949365616182,41.29672557024689,0,0,0,0,False
1224,346.5698848722086,129844.73653619521,0.6592854775480752,24,9,3.0879415296126758,47.595683885146165,0,0,0,0,False
1225,347.79519432023824,106668.92716376486,0.37327806138609554,19,11,3.492920569675852,52.59254565807228,0.3911443673285939,0.00023358186131893605,162952.58950874748,166863.6922762826,True
1226,306.7571066651293,144443.9294072123,0.31674197453720987,15,8,3.692325974689603,40.46996325337595,0.3283820365501375,0.0004042220242020265,171156.51755451076,182325.02009774043,True
1227,339.5566356922437,106423.12999078094,0.3797318449326973,27,5,2.881169926437316,58.20209934033216,0,0,0,0,False
1228,296.2219684652056,115730.94564041734,0.6968409290750257,28,9,1.5933467511229378,56.4341964209171,0,0,0,0,False
1229,341.77440203101486,135714.05382893592,0.47561185323537725,21,13,1.609585971858398,40.91089985516065,0,0,0,0,False
1230,311.48521574592377,122422.32951017092,0.6985697723890468,24,12,2.57793731928255,49.60632820858295,0,0,0,0,False
1231,331.00895028372264,141631.5143505676,0.3075164443581045,28,8,1.7324592640400112,57.79267018480669,0,0,0,0,False
1232,327.4252984442521,129897.93006649087,0.5353622159591701,24,8,1.5349443558405782,41.282114029694,0,0,0,0,False
1233,312.1049731528405,149478.82017405363,0.5186876005967412,23,12,3.916462295463157,40.89561532281068,0,0,0,0,False
1234,338.4653084089824,102822.09326780139,0.6044192787821274,22,9,1.7514592839951995,54.226978001144815,0,0,0,0,False
1235,324.95152035952276,132434.84839007288,0.560321297598793,25,9,2.6409557850290066,40.21956631227661,0,0,0,0,False
1236,313.45315725241835,130417.21619778096,0.6515928290952703,26,13,2.468510740778359,48.00861245748518,0,0,0,0,False
1237,311.4760418260435,133217.2982632861,0.3059544585917955,15,11,4.188105761773403,52.079175445134794,0.3204263374838453,0.00410091248286699,186990.28505194202,197478.6462727003,True
1238,308.27218613381854,100726.97413852863,0.6467415988702523,24,12,2.1868380609678324,49.52391028916608,0,0,0,0,False
1239,308.869945782339,108819.19006503007,0.4348009086699933,21,8,1.95776917021007,43.023915699679705,0,0,0,0,False
1240,325.7536242007087,144046.57342916564,0.48350936786803234,19,10,4.096172165795823,50.359224655551856,0.5052208878985357,0.00012402591232129936,186871.3101152067,193928.42729104258,True
1241,325.0886942184683,105771.40815469426,0.4623801434919318,20,12,4.61833381071921,52.018797914989506,0.48393136458701697,0.00023842899969194937,205389.68966816692,212681.02136656188,True
1242,341.1236881042696,139666.64221663759,0.5783509746867563,18,5,4.974670392887538,55.85922494898108,0.6068399406994717,6.105273219340706e-06,219179.9574241174,223124.10936417177,True
1243,306.8267300428155,145642.54393332283,0.31187831533734145,29,9,4.14699714698303,49.34354987528148,0,0,0,0,False
1244,341.2525374194845,115688.9576689501,0.6694278119699537,20,5,1.201101037593317,50.080223411618675,0.6983686708466299,4.87524599282827e-06,81490.11310752876,84966.58558332849,True
1245,334.86111396179217,100736.25305969048,0.4467966103935052,24,12,3.318891336214082,45.73312075459242,0,0,0,0,False
1246,312.2693692813802,135796.81450590017,0.44320940045587165,16,6,4.897916279948679,49.620719964820765,0.46294518308159666,4.405392431588921e-05,215782.88017851984,225283.14692025582,True
1247,336.8010015344807,120107.16931133776,0.6793921660559965,23,13,3.6792371301134947,41.800051182364925,0,0,0,0,False
1248,315.7276153609763,112060.72715638965,0.6663688542202091,18,6,2.6357076166554227,54.148466248285615,0.6976432354272569,2.755463301431004e-05,134070.83268311422,141841.69560157123,True
1249,295.53642799709536,130731.57723611715,0.4049987032738717,25,13,1.2438583013653592,41.499279246161045,0,0,0,0,False
1250,314.08700837731226,135243.48030696402,0.5233822830632499,29,9,3.271500826804809,54.27768548991567,0,0,0,0,False
1251,349.19481317816025,128598.90029781472,0.587624574579394,20,5,2.682700244377524,55.28704811419795,0.6162220412415003,2.0401636916982013e-06,135233.17428312192,137717.44027892128,True
1252,345.9529020735673,115368.17298159325,0.573977402026427,21,12,3.7584826315378566,46.72971465255309,0,0,0,0,False
1253,297.6006848350185,117846.08596261655,0.5199098808701733,16,7,3.1388134702812316,54.86123534179963,0.5452832321330918,0.00017677079092898103,151484.34272720874,162872.9709360067,True
1254,294.6259608972032,145796.64351400474,0.34537682161504174,19,9,1.598895363559449,54.52928179662598,0.3626349592239486,7.50569860588524e-05,93836.39959624085,106727.32074773218,True
1255,321.0380132415856,142999.92849035095,0.5481279073090752,20,9,1.7339384520376275,54.63017614071603,0.5746360426109239,6.157028262728608e-05,100251.54747877846,107745.51736372834,True
1256,335.85603290050125,121221.51327885146,0.45194349700577374,15,5,2.5686784768525155,40.9260078630117,0.46838788190325886,7.631520640795378e-05,131713.69954381278,137232.50205858206,True
1257,340.7632232070533,131141.10473912148,0.47683793571831345,21,8,4.584062567618179,45.39598536256762,0,0,0,0,False
1258,318.11168271015475,140240.12216816482,0.32732104638790993,22,7,3.9577239792351326,50.86503602494178,0,0,0,0,False
1259,312.42093129042496,124582.07491529267,0.49626037510823506,15,8,3.338532080008303,47.43897020466935,0.5171246160584451,0.0007774228995146199,159662.6950039505,168834.38782253067,True
1260,306.98123367077216,116306.66951524999,0.4534801914396206,26,6,1.2391717330738465,44.98026079706607,0,0,0,0,False
1261,317.6096850578104,111961.5100970214,0.369569319512155,22,11,1.7471131223160024,45.34334107334049,0,0,0,0,False
1262,347.09483709459255,138649.77577692908,0.6446443318905206,21,13,3.4752236961903256,40.32116849335597,0,0,0,0,False
1263,343.62652681480967,100806.33322217903,0.4440336668936872,29,9,2.76740240896102,55.72919871677402,0,0,0,0,False
1264,291.5348909780183,143737.14294799726,0.5715015467211597,22,6,2.6693275353877848,54.55636911297919,0,0,0,0,False
1265,344.68095779419747,134407.17120087237,0.37891519166759735,19,13,1.3040332316942163,43.078546206898764,0.3935473344646702,0.0023379610289137147,84353.19885656147,88771.14544880264,True
1266,309.07942240540416,112605.26208490308,0.4916346496693725,18,5,2.322340472626554,40.75621558562721,0.5093303685475072,8.072342166788255e-06,122990.27182007936,132716.5339677554,True
1267,342.75850441818244,145069.90010153892,0.3994447406124143,18,13,4.605843943355217,56.757477652717554,0.41995736540445083,0.002316178075894269,203001.20795620902,207640.65043556524,True
1268,348.1222831682069,130577.84157523129,0.6754182044053564,25,5,3.64086607993203,57.390413232693085,0,0,0,0,False
1269,297.8618621344888,135451.8354367711,0.6471500570199156,18,6,1.4077220475223289,45.74135005287644,0.6727068065084799,4.207953512471655e-05,89437.98955373776,100108.31153682228,True
1270,338.2715556329104,124163.16402588545,0.6739831238569265,29,9,1.8978661835139645,42.94745030619307,0,0,0,0,False
1271,319.63725570073234,132971.18682915776,0.6711737104447366,27,7,4.9284116079230476,45.41906137092885,0,0,0,0,False
1272,333.64456109895553,148754.32220771268,0.6226815110543857,27,13,1.6210490659159429,48.229432972218554,0,0,0,0,False
1273,303.6407517729424,141950.77945514544,0.5781408928737145,21,13,3.8441363233785024,44.34671773096394,0,0,0,0,False
1274,324.83818437768093,141465.25416337064,0.327597231482739,28,8,2.7306944295065003,52.13226497290463,0,0,0,0,False
1275,349.3856220052469,116869.89557719913,0.423073559670858,17,5,1.6689434321334953,40.64828409078894,0.438435932031665,1.851208223002201e-05,98307.65424556723,101630.77140272367,True
1276,302.1426213838681,115444.06894309827,0.5865824083453808,16,11,1.8147575371827025,44.49125868251225,0.6090175003121989,0.008071096685422495,104415.54038445182,114727.80021040351,True
1277,334.6910793042275,148227.04012972955,0.480959958107816,19,5,3.8726870522855696,47.52920867120168,0.5013081738633512,2.4189405288605803e-06,179118.02928365124,184674.19901548256,True
1278,315.4787430288188,141668.13701297084,0.3984552778703398,15,9,3.0525398775204056,58.62893608773834,0.4196776161058414,0.0014461918671670956,146480.8496590854,155733.52828286236,True
1279,348.49892598942347,143493.50009286246,0.3012241674458113,23,12,1.2929083245953126,57.39285259644432,0,0,0,0,False
1280,318.319554339187,128906.84457916714,0.3440605998293682,27,12,3.3018253918838996,41.509749693328516,0,0,0,0,False
1281,326.9633895846797,106338.64906695689,0.5863522767668476,17,10,4.060419984837668,43.382214253444296,0.6084734718344456,0.0008105247730925859,187906.41019194626,194209.72801675438,True
1282,330.35779926698456,138746.6993317384,0.501021751785597,29,5,4.776397416088709,47.66968032377455,0,0,0,0,False
1283,349.57376076002066,106505.23121397414,0.46822632615842097,28,12,2.3286530161185848,51.885166632548824,0,0,0,0,False
1284,335.882838959185,144697.40017310187,0.5893779840047085,20,13,1.5193241517122007,46.15606712117048,0.6130372972341096,0.0018716954165338274,93320.47633105336,98101.54669473317,True
1285,349.7448226582701,103162.37982019158,0.43912805206124816,19,12,1.6668992294418832,57.197450353649344,0.4617808126703754,0.0011508697880115136,96850.67587515962,100031.18343596705,True
1286,348.29515970664625,116001.10523428289,0.4463247061068397,25,6,3.427819752466589,47.85576808656644,0,0,0,0,False
1287,312.6932496611295,125704.82121006957,0.39191824498442784,20,10,4.36964168365062,53.143644206732596,0.41083289427623504,4.029280262789912e-05,194978.22269816409,204720.7492755607,True
1288,330.00812519628363,125115.09978892482,0.5033628913517344,16,10,3.3775847212770866,45.36553570860604,0.5235003169409979,0.0017525116962417886,161487.94081692665,167717.8195209874,True
1289,349.83142658716173,121645.41001925207,0.5147124957532866,25,5,2.1951492082068027,40.02512243164955,0,0,0,0,False
1290,331.85199365422176,114285.43680820799,0.5928468747402615,17,6,4.384288278440518,40.83897998005379,0.613859689720622,3.13109457653533e-05,200469.72433924532,205914.8339180008,True
1291,313.56622679746965,133653.64035449649,0.4410407363689616,21,7,3.5941998942705915,40.16096411062664,0,0,0,0,False
1292,346.14843060554836,143668.89094023412,0.3857023208860203,17,6,1.4606693888479896,51.078822453654915,0.4035789666000126,4.133686073210711e-05,89473.21692315387,93596.44275379014,True
1293,322.3673954100029,127594.14621077175,0.48890611852311705,20,8,3.0193298565022255,48.10090362729422,0.5098187190648392,1.430148278675227e-05,147750.78171502144,155339.86599423713,True
1294,346.7621408034964,148176.14144902592,0.33213700419616443,21,7,3.903088414829684,46.44991931891506,0,0,0,0,False
1295,296.94002945204886,128013.68103322553,0.3257446624757909,21,9,2.5387642786508944,59.87962598718036,0,0,0,0,False
1296,347.0437972910645,106706.20841681088,0.3274623744156206,26,13,3.110583605063331,53.27214030142917,0,0,0,0,False
1297,318.6752175880855,139123.1356547162,0.6966993574057955,15,9,2.512453928511236,54.24708101940677,0.7291067089419224,0.0038055725416828146,129629.82225422673,136777.0124090837,True
1298,334.85267654443453,130892.72022650903,0.45634439342543204,15,12,3.445845001140369,59.53481177680136,0.4799505826311314,0.017480020111374492,161324.02816441027,167000.6936100467,True
1299,326.17601009807254,143612.43676331153,0.49093472973673735,20,13,3.8713612556243344,55.92792415576401,0.5154801505112955,0.000683743104970087,177786.40315896168,184737.04806144364,True
1300,298.5728122612561,114507.74567395894,0.5494878344957432,16,8,3.1494368454509996,59.726112234213076,0.5786456993425816,0.00043075386953308337,151437.1696575714,162520.32820286768,True
1301,312.1905948939275,104137.53954758405,0.5715787829512753,16,11,1.2305174012542,43.555115590864176,0.5929335579756742,0.010091877511540068,82753.65314502525,91551.66024900992,True
1302,326.4932523828417,108558.6170749347,0.6171446850151638,21,8,4.505888697610446,58.60752153346346,0,0,0,0,False
1303,334.4888546405527,112466.1436469075,0.3556880186652164,23,7,4.946270605004591,52.684836350698546,0,0,0,0,False
1304,339.46084799601357,132999.71203654597,0.44441710204471596,27,11,2.5678457020957937,58.29466375751423,0,0,0,0,False
1305,335.2511811081147,124861.37972844452,0.5454458258291504,23,5,3.6499014829084455,47.99942646172313,0,0,0,0,False
1306,320.6199964884284,128065.83250188218,0.5471094102224128,18,13,4.270972158383254,41.36055105911888,0.5667852827039893,0.0035705670658938886,195692.31642368413,203245.9690563874,True
1307,344.00751437365767,128337.53066882043,0.6382231894983896,19,6,4.04258064377656,54.483058370875334,0.6685222091920713,7.756291347143474e-06,185710.43584064825,188860.03836961134,True
1308,295.4436759389504,104971.14831368354,0.5362821963123748,19,5,3.001921752571438,56.42717714514286,0.5631807373441395,3.5844555261912244e-06,146400.34350808433,158031.84435235988,True
1309,315.11675256839146,127311.87245613763,0.6470419685753727,29,5,3.205196038825414,44.4721598423338,0,0,0,0,False
1310,314.20156985927747,110121.6927279876,0.6156940117501957,26,6,4.876914081078213,56.29577552034458,0,0,0,0,False
1311,336.2209744854095,122234.50354011368,0.6030983426058016,15,7,3.8581485810162253,43.06750384560345,0.6256306472094224,0.00040154672903017127,180590.34632005374,185243.1504292512,True
1312,326.61966127091785,144504.66479247922,0.4580938961184222,20,11,3.8061643410337718,59.57838367816983,0.48273920063836784,0.0001263179055520704,174399.01412374404,181462.45369227143,True
1313,338.53119128306537,116529.01584965904,0.4584603386913153,26,9,3.869933391274053,41.947199231518375,0,0,0,0,False
1314,344.39263201417253,148070.9005994864,0.30272166046961657,27,6,3.9430063965373634,47.334249401803845,0,0,0,0,False
1315,325.9680375627372,124256.06702157488,0.3597139680761518,15,10,1.5070030801405319,41.223254662304285,0.3729435307389051,0.004457968101880994,91777.77500619735,99526.5598356605,True
1316,315.02953024411295,139788.43851390595,0.6060881593535381,27,8,2.2947979398617524,50.464877440449456,0,0,0,0,False
1317,309.9946580520298,149606.2407551661,0.36445253600132527,22,7,1.98457438643824,43.30764660316915,0,0,0,0,False
1318,293.615790159639,110801.8759974196,0.5978223150449151,29,11,2.5410182701284665,47.34408342317917,0,0,0,0,False
1319,344.6689743617463,106487.90078032056,0.40396092580619336,28,10,4.847432744134851,40.56847387120722,0,0,0,0,False
1320,298.35195420711835,149062.8223307234,0.6159554495412988,19,12,4.605170040117803,45.00941526249047,0.6399782570639507,0.0007727273498940183,208098.45114275103,218847.73508523064,True
1321,311.94677794063864,139315.93895036343,0.6823535487043884,24,12,4.784635892935191,43.40065760152818,0,0,0,0,False
1322,341.4951254734371,136877.32003089206,0.4517876314807339,23,7,4.748104176052627,53.37151651116797,0,0,0,0,False
1323,340.3456881863697,141288.02877962025,0.500450935537555,26,5,1.8714950136132842,58.90395312872431,0,0,0,0,False
1324,328.6700976140578,138116.29160739767,0.4013043480231765,22,10,3.480582900605457,45.21223615956541,0,0,0,0,False
1325,333.9656189421122,148114.76265730814,0.4228253347108449,28,7,1.258815763458037,56.065335278831256,0,0,0,0,False
1326,341.7920962375748,132626.4015595442,0.6455046541780329,28,8,1.4182008759200881,45.374066321210975,0,0,0,0,False
1327,308.7596902483471,102992.16130514642,0.3005015262266127,23,9,3.061530820549712,53.89731828969359,0,0,0,0,False
1328,349.1483056921238,137726.17777672675,0.6307880339666059,25,7,1.4746101546289176,51.15569048660079,0,0,0,0,False
1329,315.3899562690524,120722.95670318848,0.37805787648104994,19,7,3.8623564351618827,56.54665865350321,0.39757992379415297,8.627460219684638e-06,175775.54076962356,185165.50797027678,True
1330,329.41039548555847,102080.56515006765,0.46487314294661897,20,12,4.7200770107402645,56.37750663609482,0.48843820770408697,0.0002376419439705101,208292.63068890962,214849.17739791673,True
1331,318.95693585049526,111691.58978153887,0.42129440867731377,28,13,2.71626757062576,43.53032777099331,0,0,0,0,False
1332,333.333231295851,121529.19817150173,0.508387459181146,29,13,3.97346611082623,43.92660179253262,0,0,0,0,False
1333,304.5740466178838,138214.84606485075,0.3323134597506183,22,8,1.3808179948703934,57.410758931699974,0,0,0,0,False
1334,310.481728737556,119371.79681200974,0.5608691120661601,26,8,3.7034040871020393,57.339313547137905,0,0,0,0,False
1335,325.9627631489992,125455.78715176237,0.6870897421460634,18,8,3.197838573118722,52.676732821695396,0.7183011901199298,0.00011647561398045832,155112.82488126995,161105.66627674023,True
1336,337.564804976872,102575.95951946797,0.3558980225273741,29,10,3.966917697769574,56.14710387818992,0,0,0,0,False
1337,328.35476171132046,113002.7556984659,0.3679252934134094,22,11,1.707164655961306,53.36671424281691,0,0,0,0,False
1338,339.904589523399,137287.3553253192,0.59511693637464,17,5,4.12731746777504,48.84408539869032,0.620511925890343,1.635360175267334e-05,189496.23321535526,193561.84386360043,True
1339,338.02515080256666,101642.63395259128,0.5740642598285288,24,13,1.8435510115261153,41.58582482072763,0,0,0,0,False
1340,306.15995619439434,145393.35064517747,0.493482976803991,19,6,1.4864154366917919,52.87054673238609,0.5167650269301818,1.1649716295615015e-05,91021.35012626275,101212.64234502902,True
1341,336.55725333302513,137590.10751202056,0.372876382865323,28,5,1.3704122057047468,40.20888563489466,0,0,0,0,False
1342,320.7002442543901,135700.1596940146,0.5632346623570534,26,13,1.2279686503586376,44.14808171960567,0,0,0,0,False
1343,317.3018301986278,123691.52295797896,0.4893750268387671,21,13,3.866548250981489,42.398063563223374,0,0,0,0,False
1344,310.87182159764944,114729.53080986404,0.47412364035892046,21,8,4.4407157275196,44.7065123558357,0,0,0,0,False
1345,317.02384001474996,147308.5981259079,0.6660100792045509,29,10,3.6646676091419117,56.556315649992676,0,0,0,0,False
1346,293.7318918227359,116406.27267434757,0.697746702763513,21,10,3.9710667709357477,48.00127798363711,0,0,0,0,False
1347,312.03395678794277,112817.66105579202,0.4677554654283268,25,7,3.9106707458604655,46.52622228657542,0,0,0,0,False
1348,326.0599002413879,113696.76300107656,0.34658703459149837,17,6,4.024800118812776,48.853131806790714,0.36202204933593535,1.6866179008929337e-05,182415.17171867937,190237.45208115518,True
1349,338.69554513345093,122416.95514378307,0.5566033343283621,21,7,1.6007872023217267,41.13655448515054,0,0,0,0,False
1350,336.2746793420684,132469.43083420902,0.3208232453324399,22,7,1.2060679164497772,45.127147172429105,0,0,0,0,False
1351,337.68862751004144,137403.58648301856,0.5301120209298009,22,5,2.9469893611987823,45.524641685721264,0,0,0,0,False
1352,317.8534813520725,111034.69842192878,0.31660762646870066,26,6,4.365099013944414,50.571242599003554,0,0,0,0,False
1353,315.0443232663919,146217.76533577344,0.4293436627096783,19,7,3.3941634270368377,41.330465939669125,0.44518853727947894,1.0743911659333454e-05,161834.27709234745,170959.48008946356,True
1354,315.87492562538495,120765.82527252806,0.5497364622721937,29,8,4.7412460701539505,53.07440925932424,0,0,0,0,False
1355,322.1200324998349,139982.94811627158,0.4009609049906855,29,7,2.952334038620916,56.69609883664629,0,0,0,0,False
1356,345.40814216700204,120381.82937747905,0.667870793804755,26,13,2.268237310600643,43.9305390929545,0,0,0,0,False
1357,331.4333359714867,133469.50833706904,0.6686365701016362,20,8,1.843954108568847,48.72499145987243,0.6967305701227388,3.60889485743105e-05,105422.66899739504,110579.36959593138,True
1358,323.2622857345382,147295.36694022507,0.42375933383720626,17,12,2.1719070945113077,55.69038400210713,0.44489907736909184,0.004506909142583957,115214.15609198954,123031.74407585911,True
1359,343.9293545023304,143682.7431999424,0.5284735720757479,22,6,4.195382429224223,56.48081607481463,0,0,0,0,False
1360,296.00391831970836,134337.71441535832,0.3714814786778034,23,6,4.585368517574646,41.380698826603016,0,0,0,0,False
1361,293.0991701252402,109535.15489062425,0.6185991568533785,22,11,3.1259992082509296,48.88448677747682,0,0,0,0,False
1362,345.84930683633183,145215.8741166027,0.39045200508684585,17,5,1.8856118045818988,56.670245953223244,0.41061719254560075,1.640028825986049e-05,104420.1539518532,108571.18487546708,True
1363,340.4353604406814,126758.2344898347,0.6758119976624206,27,13,1.3103975119943134,48.395039065887666,0,0,0,0,False
1364,296.6300023636436,121709.75268441679,0.5612658535189157,22,6,2.9401156117317653,44.01526715469165,0,0,0,0,False
1365,332.94591190951627,116814.68107559014,0.6597756451229587,29,10,3.9370275401826103,53.288504476753204,0,0,0,0,False
1366,337.3929165023381,125010.88152565478,0.5488437288040572,26,7,2.6805127662916366,49.36256098581739,0,0,0,0,False
1367,303.3144184284612,124374.15340033268,0.5966873021890248,20,8,3.7560651266111327,43.77936708007783,0.6194024169609637,1.5323396259133974e-05,176625.52988955178,186702.17781139794,True
1368,333.5700601524181,133106.44412561768,0.6884764416001878,26,12,3.483233465148202,41.90392163460038,0,0,0,0,False
1369,296.4351204954836,135519.27791557607,0.6735016601010253,28,7,2.9617088950698416,45.35803277320559,0,0,0,0,False
1370,348.11058410412176,125907.73485780315,0.35241713871177993,27,5,3.986076778205633,48.92199093308973,0,0,0,0,False
1371,306.31272112213463,133388.12753401452,0.6054235764068376,19,12,3.964723045514483,44.59531548717929,0.6288488312484047,0.0008662859419275521,184307.87965197818,193868.26452569469,True
1372,338.7325714680801,146417.5997521283,0.3244768766997504,22,9,2.5560714629398813,42.92187341161289,0,0,0,0,False
1373,332.8253716818042,100151.79258617277,0.4032139586906545,17,6,2.314553295501364,48.57933943472936,0.4208956196028549,3.1356877739881655e-05,120989.42243157564,127319.10654563182,True
1374,308.63201307115975,145230.7837791096,0.512468637481043,25,13,4.948482694962113,52.791380544240226,0,0,0,0,False
1375,334.7033323174806,142561.39575439313,0.5363713103591343,29,9,3.336030011019391,52.412919376518715,0,0,0,0,False
1376,304.0319537045057,147119.16091054704,0.5795894101795516,25,11,4.352149891137403,55.256132145256316,0,0,0,0,False
1377,314.70650595893744,128880.10236059595,0.49219041113304735,26,9,3.6675078222704913,54.84544680324265,0,0,0,0,False
1378,301.6650986458683,103585.76630597498,0.5660428560626243,15,5,4.540329112619302,42.74087173491253,0.5871710371160714,7.000942802354068e-05,205637.6416034586,216132.94683559952,True
1379,320.81196226577384,119290.82922027716,0.6785280583397172,20,13,4.896354678967332,46.834129176169625,0.7058067164562639,0.0008381669260253728,219031.5715441835,225905.39891889287,True
1380,311.2164558310735,123448.5070630576,0.4961330022098455,21,10,2.5483585237445228,47.367981177932684,0,0,0,0,False
1381,293.08504486432247,104425.43511123765,0.5712320612991784,20,10,3.0158902281945883,44.24959318459605,0.5933151694593238,8.871655166987506e-05,148886.1913595893,160679.54970150854,True
1382,325.417820582696,124593.5631483394,0.4307514536783779,26,6,2.4788921339177574,49.17088486164856,0,0,0,0,False
1383,302.38798240413485,143076.84797628265,0.3398070269684735,17,13,2.3628669407330625,44.65627812818882,0.35331887082180935,0.007013521290137237,122479.95625781712,134190.38762717252,True
1384,304.4505753288235,122144.33648790627,0.5670390073849991,24,8,2.115208569279151,41.19088483191915,0,0,0,0,False
1385,303.78642491197985,142283.36035044087,0.5920257311302133,21,8,2.231545752020521,51.06627346919772,0,0,0,0,False
1386,298.76629586745844,120114.80916551762,0.4517493056948942,22,13,1.5237609667526997,54.51592259272611,0,0,0,0,False
1387,305.7754042764578,109915.16303061329,0.34920064428487413,29,12,4.648596558362657,58.148588305401375,0,0,0,0,False
1388,346.3489602638916,145439.36185243924,0.4025723757362018,24,8,1.9107812864577027,51.889393134135695,0,0,0,0,False
1389,335.31568848009965,129173.88032933304,0.47174563431038674,26,7,3.7135550642874477,55.33245298754806,0,0,0,0,False
1390,332.3553864189903,108032.55345688324,0.5286630575439064,22,13,2.5886322543380453,40.346087494894334,0,0,0,0,False
1391,318.6862664624705,109061.41630693321,0.4711781196053655,17,9,1.8685998972715565,48.93057392265371,0.49173599838450993,0.0005088186481245146,105238.23226403038,113535.31914750185,True
1392,325.70071281970456,148365.2480346963,0.6441596545291473,29,10,1.2958603711721846,55.545462064754375,0,0,0,0,False
1393,311.92762662189546,106136.95123599013,0.44149982291387924,22,5,4.607768794663628,56.21108715690498,0,0,0,0,False
1394,305.24046147433154,133438.04444877044,0.5650475105332369,22,10,4.57559311258968,59.83815295377092,0,0,0,0,False
1395,293.96394881817315,101312.75643041747,0.6964134427070241,22,13,4.765736280143236,44.30860112196136,0,0,0,0,False
1396,323.669817126819,149336.24111022177,0.6439595254671246,27,10,3.1428323201505064,59.52217199068225,0,0,0,0,False
1397,343.4750935161653,147438.83730475686,0.4061254542622172,29,12,3.446988219690046,55.26003428927038,0,0,0,0,False
1398,341.0481570434032,149689.66145627858,0.49900257869666853,18,11,4.405709334428739,58.34988867907883,0.5250554793881163,0.0006265499238416731,196943.34679634374,201318.14225787338,True
1399,306.2019905798951,137316.18764063908,0.35284338525800846,18,13,3.0975579468597063,47.81326921485952,0.3680749545221906,0.0027047193815926095,148990.3427765688,160015.00379494333,True
1400,334.11331066076514,113050.48346454163,0.4084165670671592,16,13,4.734943194994496,50.475745556983455,0.4265121838999768,0.011627154968797175,209070.99432563814,215147.97055701935,True
1401,329.6187405065322,111319.50399410541,0.3841605143921719,26,13,4.3456735073672,54.59615466967078,0,0,0,0,False
1402,337.97612658599076,101874.03850409987,0.5755242613245508,26,6,3.517578281385944,53.68309589208885,0,0,0,0,False
1403,333.1619906398215,127654.73436071818,0.4047013370858121,20,10,1.3098478236027724,52.50925920597242,0.42394379189635084,0.00010571280161293804,84016.6922563785,90280.7661752574,True
1404,344.9578125434663,100350.80410107382,0.448938455285775,26,8,4.069888034620898,42.85365630643304,0,0,0,0,False
1405,332.71690228477894,130283.94530797159,0.5694056541327733,15,5,1.8817847803730858,42.72739572503338,0.5906375732693137,0.00013717082556265143,106981.95718197654,112400.8658121517,True
1406,318.77819850019335,141619.55906291667,0.6967386723859393,28,9,1.7361441498281378,51.531905418277944,0,0,0,0,False
1407,330.3234533910939,117054.7955535601,0.3140038426646756,22,11,3.5989708403245473,48.892779619186655,0,0,0,0,False
1408,318.4987403027172,114151.65262132925,0.3107284415676491,19,6,2.137344702408192,42.813383832699685,0,0,0,0,False
1409,347.96704556635416,147518.0797833458,0.5255000169149548,25,12,3.19135494232788,44.26185069853905,0,0,0,0,False
1410,349.5064859097945,133880.06654585002,0.6720745086139703,28,5,4.32386809245135,54.40419265612122,0,0,0,0,False
1411,317.46542255443677,120898.11913599842,0.32205033916563874,20,10,3.3960941678479095,48.81442523807663,0.33643875509480303,3.9001197824378604e-05,159199.87995176003,168606.1114671687,True
1412,320.79880507179956,101738.80498861814,0.6266565821625303,17,8,2.2251496533264596,49.11080341852873,0.6533892581732311,0.00030832239497243007,119329.044856192,126459.48324885292,True
1413,310.9014820349501,125048.70837059015,0.4874840747299417,27,12,1.7763109871917424,59.08656445063127,0,0,0,0,False
1414,344.1624607745394,139704.70758807013,0.6123234333009622,15,6,2.3193878455162693,53.39947589539949,0.6409040472816168,0.00029964756123196693,122246.58060517149,125493.90648571317,True
1415,343.5693337448764,133358.8352743221,0.5399378774317214,20,6,4.654380095444304,47.04192222039508,0.5623118706596106,2.288543765637277e-06,208728.32899859903,212434.0558085296,True
1416,336.778074990498,121130.6060092404,0.5213787063943902,27,11,2.120046360860144,56.82974852230596,0,0,0,0,False
1417,304.39189284451874,115378.79263303829,0.3244986627814237,19,12,3.0001128377877793,52.176752158463145,0.3400144940280665,0.0004993772190601694,144441.9638060663,155943.23574423598,True
1418,338.824078853396,111443.96148047887,0.5460471655348957,23,7,1.7544609123478683,43.225285308425015,0,0,0,0,False
1419,314.02507591930674,147600.12427950872,0.472562303920524,17,5,2.791776820402924,46.6527958739046,0.492196808381142,1.5337671640373166e-05,139415.79925055857,148459.43334452718,True
1420,334.9812387868993,146617.99202419494,0.3930237450831426,18,6,1.2269223619028211,42.06346464748811,0.4078854410071082,2.0135007726177763e-05,81709.82289671867,87724.3985372523,True
1421,290.2360828322968,109489.26435825728,0.5047756605102828,20,6,3.9951869752368783,49.05696811718259,0.5267585632695839,2.3823593237830783e-06,183652.2080567444,196245.465348009,True
1422,339.88116314716643,130700.86041329932,0.6436588144115926,29,7,1.623641783042561,49.81856499773449,0,0,0,0,False
1423,325.06908873138457,111059.80148495795,0.3163649477262715,19,11,1.2926909257132806,45.95763357126305,0.3296360194512622,0.0003721010339069851,83199.2236754772,91381.76813977917,True
1424,334.0668011433745,111707.16144930875,0.5851206145658545,22,11,4.625238764135163,46.19341898058758,0,0,0,0,False
1425,297.4293715304273,122354.03096123014,0.45661717902474397,20,6,4.354720523525253,57.08162894367169,0.48011466831549215,1.9863003649155164e-06,194740.74312604696,206513.5769689456,True
1426,300.3029309718466,120503.82707403228,0.3320507630556487,25,5,1.7953294174247827,45.97137773132626,0,0,0,0,False
1427,342.4170154841815,113849.24994293843,0.3110796803137769,22,12,3.639801473664259,43.256761798082266,0,0,0,0,False
1428,341.21903873517005,148816.21658117796,0.5934681119085092,17,8,2.3036114620974324,43.68613450103644,0.6160136879639894,0.0002692580999040954,122678.24656466018,126517.18626867369,True
1429,296.89548548241146,132741.90459183513,0.3123625222570752,18,6,4.644598963929865,54.09840525534771,0,0,0,0,False
1430,290.28471221462866,118719.40083279539,0.46364045080451627,24,7,1.6180504236763307,42.098106090168045,0,0,0,0,False
1431,315.6121758575372,133207.78045504965,0.4305633675971425,17,5,1.299443091492577,51.75297691825587,0.45064243803793874,2.334109167815471e-05,83876.9261319461,92911.69149334377,True
1432,346.0691681266582,110304.9481496131,0.4406911147097274,15,8,1.7458146978294153,54.04358370714996,0.4621063726905413,0.0011098687196722564,100024.78398329244,103843.80653490475,True
1433,315.59861858612163,132166.02996044036,0.4638730160655723,24,5,2.9800180243218852,42.46667773798496,0,0,0,0,False
1434,305.9399728998797,122496.98344570241,0.45607547174080715,16,13,3.5910427951989927,50.93248966631208,0.4761396816124523,0.016690751979585243,167939.1748153288,178375.48584900022,True
1435,292.6933913405005,144957.48995752117,0.46852908065984045,27,10,3.0936502929509713,42.486667571965576,0,0,0,0,False
1436,290.79991991142185,139998.34508893808,0.3680863624360963,16,6,4.2957293063374165,56.15726764808236,0.38698600381062653,3.950537840924619e-05,191335.31947522028,204668.54180628856,True
1437,346.45578029027325,136603.58800448748,0.4583434726934542,28,13,2.4489809696044462,51.616128489269535,0,0,0,0,False
1438,347.11945760769675,136973.68210153334,0.539848515512979,22,9,4.406956778369564,46.97674555927413,0,0,0,0,False
1439,295.04266557196934,141146.65539493487,0.618729494337225,26,9,3.162784455771873,48.13020077918211,0,0,0,0,False
1440,312.7911207619134,115477.8772162874,0.37664780911743917,19,12,2.1609711326743772,53.84946810858942,0.3950907062253415,0.0007687070109342949,114545.26420307631,124367.48484784816,True
1441,342.4694953411387,146244.45952835568,0.4510012264312374,27,8,3.1205793260552497,58.72537791585971,0,0,0,0,False
1442,314.31229509911356,121664.87858196501,0.4596096980077756,18,11,1.6101249706430494,52.52177292533616,0.48121200913482737,0.0012331601495046446,95354.46095680218,104432.65448923214,True
1443,334.9621220170662,143563.7154192172,0.6826878847387742,23,6,3.843712472527317,52.812713785050335,0,0,0,0,False
1444,296.9846494113775,124421.67472367032,0.41340565399058504,26,9,4.803638625239408,56.007997747389496,0,0,0,0,False
1445,348.7048189181881,133508.2491522117,0.5852194907212189,29,6,3.1306106154258826,43.85990274480476,0,0,0,0,False
1446,322.191947107493,122228.18520399273,0.30081338997829055,28,8,3.9992464184036427,46.48565691794417,0,0,0,0,False
1447,349.4673813370669,105058.37100783057,0.5889730188139626,18,5,3.8272608345516304,47.78765624889234,0.613572597384639,7.53555965113534e-06,178532.00897859532,180953.9302954747,True
1448,307.573155781123,128156.57654899484,0.6861544338469263,29,13,3.002092363895274,51.86112295660217,0,0,0,0,False
1449,322.99098397554957,123479.16774823715,0.4178102234940112,23,10,4.302957555724621,45.39795994136071,0,0,0,0,False
1450,321.65478147508975,124949.71182045,0.6537998188356198,27,7,2.810035193381562,59.19870341080552,0,0,0,0,False
1451,314.2225637476139,119208.96122986678,0.39128276707982856,23,10,2.6193836426544155,44.60493804319293,0,0,0,0,False
1452,343.0342137648137,137908.32483835454,0.599654342493262,20,11,3.3250086804848262,41.7204086715127,0.6213522017967349,0.00019594159491891284,160949.18981964432,164440.30884303525,True
1453,297.84611945286844,107777.94805456906,0.5441349626811371,28,5,1.348710823848586,42.76527925110411,0,0,0,0,False
1454,325.9057899783672,124534.13430454908,0.5623006615739685,21,10,2.2951707010306155,47.481373520451726,0,0,0,0,False
1455,341.4630756991541,135291.97903860503,0.6902396994589357,26,10,3.069744924089003,42.82067916858187,0,0,0,0,False
1456,340.30044644309015,107529.35359173533,0.5231682175844328,16,9,4.526625660615335,57.06241675733429,0.5497380308717307,0.0006507137717496632,201900.66983110292,206277.9057645387,True
1457,306.7317755171804,131881.33180093276,0.6236556437014017,17,11,4.885380291432552,55.01275843112122,0.6535594212503122,0.0017135388639153027,216520.0180981739,225936.07613380323,True
1458,339.072266217323,149549.61779215827,0.3930773286238905,25,11,3.5018526670101524,49.0187882554782,0,0,0,0,False
1459,349.5664713477618,102668.4143170942,0.4457949253768119,28,9,1.3018196936192816,45.6582571057291,0,0,0,0,False
1460,323.3332400911109,121474.6072687238,0.3752621950828624,24,10,2.1452985263402597,53.28780116539909,0,0,0,0,False
1461,320.11508596343253,115336.18640598489,0.5378262176326531,26,7,1.8026982651308825,55.973683986690034,0,0,0,0,False
1462,338.5558642298135,132248.59473406576,0.6355613780109624,16,12,3.0339209505386835,52.323594729284494,0.6638752372254365,0.013664434212539928,148864.76753237605,152967.0974796361,True
1463,340.0605528705211,116481.46389243928,0.4567661561704093,15,5,3.100705452288425,46.58174067655405,0.47576313494590916,6.878658100242117e-05,150610.84460801768,155382.1764473614,True
1464,317.9265592746111,100017.58125850571,0.38635139621545284,27,9,1.9257330343784698,46.32779401573172,0,0,0,0,False
1465,330.06658741527144,138376.24631672364,0.4288796167725611,20,5,1.3453356100743195,54.85346106099859,0.450146249958929,2.0855607633423327e-06,85291.03655865812,91936.32867984459,True
1466,349.2887563336322,109760.4208679303,0.5793328003444158,24,10,2.517705372405376,40.421161526594496,0,0,0,0,False
1467,306.6365684578321,132584.75007633097,0.3553823185202568,29,10,1.6841283062509325,43.721358767772735,0,0,0,0,False
1468,324.7630230052517,122254.33830525388,0.3983417056019248,21,11,4.97794804150149,54.81545257242828,0,0,0,0,False
1469,348.17359300190793,139374.53616978228,0.40545223646383516,20,9,3.3826076817732407,44.55768877451657,0.4216953713271083,2.2706838388645464e-05,160607.20972657934,164250.18176032187,True
1470,304.7693542549376,114953.90719379568,0.6400976661744262,15,6,4.229470397966675,47.12989072643095,0.6662008230975294,0.00018937224161152312,193951.0728665939,203585.41806820483,True
1471,344.6096534465272,100567.71767009693,0.5237869655757498,17,8,1.6997058129500935,59.50970262375846,0.5516054491159565,0.0002987957254470341,98402.20867741981,102028.75531644815,True
1472,323.61050572952536,133645.87853435794,0.4605199278772667,18,8,3.0983638240118974,56.78381489022986,0.48406738828106893,6.732403974410924e-05,149134.41131811056,156684.40859639933,True
1473,337.8613695721815,130072.9596514519,0.430355832536086,18,11,3.825282405381129,42.94323935379659,0.44685734926122134,0.0005688794958334018,177461.19015053762,182760.4907994449,True
1474,294.5916195982654,141292.46117418248,0.4477296403879847,21,11,2.602262968808642,43.12863801964428,0,0,0,0,False
1475,294.2293628088543,146182.24456721084,0.648331897691392,28,9,3.3525170340126387,55.87715398412405,0,0,0,0,False
1476,328.0320626146114,137676.35997062066,0.5916539273552569,17,12,2.034240127432353,58.72329772011118,0.6218889547834122,0.007772420034823065,111085.4029099841,117198.17056229121,True
1477,340.22744248186694,143934.48632820786,0.6986865806272808,21,9,4.534030789343265,40.12050895608294,0,0,0,0,False
1478,347.93359833791845,141099.69642630557,0.6214256232636939,16,9,4.53708638372399,42.072225910719894,0.6440005202482475,0.0007950066559296963,206185.03485506686,208711.26951726005,True
1479,338.544241624574,124844.16537898622,0.42749535469892197,20,13,3.8167685551051074,40.224632608696595,0.4428197528924851,0.0005618396639989425,177554.21821592932,182750.60000943067,True
1480,332.32891163708507,109944.9298095101,0.5933926525839901,18,5,4.43590797965577,56.09584730162699,0.6226683184157498,6.977481263046515e-06,199514.73484213508,204893.24118689957,True
1481,333.20756958505325,109907.78422637441,0.3212202193514288,28,8,1.9341759469815938,48.456220496896066,0,0,0,0,False
1482,339.44892786548155,111309.1282591886,0.40440246099298516,27,9,2.3725971323391026,41.27282250895929,0,0,0,0,False
1483,333.76734989449153,128530.9843618582,0.5298340576732454,22,12,4.628811035284666,42.32116539224773,0,0,0,0,False
1484,313.4043585374231,114439.66657815133,0.3422825215113143,15,9,4.745987930873274,45.38491246715099,0.35637601279309544,0.0008209787893340585,209182.898468571,219118.8188037963,True
1485,309.76113785536074,111581.81194985549,0.3920875796915072,29,5,3.5761135457322224,42.76101492048311,0,0,0,0,False
1486,312.9034591573918,141576.10376426502,0.433466654788902,29,7,1.8348652044176625,47.89912713970919,0,0,0,0,False
1487,329.2159604945449,109454.01635174923,0.6553385996537091,19,9,4.586499822177509,46.641003492353796,0.6817089925077572,7.431469051597989e-05,207402.48071288125,212993.6371454662,True
1488,293.1958422966263,134038.63854065805,0.6199939203475229,17,10,2.396335647722484,50.22628254177208,0.6470519267326528,0.0014278508570147095,125497.31552853108,137024.75293085823,True
1489,296.74121588671613,128987.00898743852,0.4853277156425946,27,5,1.2595878235818154,59.56132942912245,0,0,0,0,False
1490,315.5171586286443,106060.2701320635,0.6905993247216322,23,10,4.984717232520018,46.362163579016155,0,0,0,0,False
1491,323.5574085390384,145621.09709525865,0.3887698442096662,16,7,4.904959115964447,45.18177049297422,0.40461374353887947,8.143394151381977e-05,215955.69435007856,223927.95274739712,True
1492,346.41673877050977,125910.33729638316,0.3754949374872841,17,8,1.389479040460427,45.27555757312933,0.390860217062594,0.00020006330247770746,87275.15795701809,91410.55208026072,True
1493,321.991960717457,145764.0088701194,0.6035410899257372,21,11,1.644187327625267,40.5855455251497,0,0,0,0,False
1494,333.1349372427341,123327.60660391774,0.4473891705729393,18,5,4.542682138937041,49.84584188810993,0.46739359545969306,4.396219072375073e-06,202808.67021237654,208823.49712211886,True
1495,317.9446062000305,103577.54407522098,0.46474838100414684,26,10,4.79133077336511,57.49777649965799,0,0,0,0,False
1496,338.71194682616937,121490.15854522312,0.6822668058997189,15,13,2.926941204119757,50.979137575915416,0.7089451443205406,0.07514797460291006,145385.81702070308,149226.0863471211,True
1497,339.34427844076777,128020.2040910224,0.6610792342566993,27,13,2.2706308143460054,48.209467108669095,0,0,0,0,False
1498,294.7682752446577,123371.21961306263,0.44488821704051373,24,6,2.632126631031448,57.919629248963595,0,0,0,0,False
1499,321.17533447417264,118962.78257986315,0.35952361950762685,25,11,2.937795248133501,46.19977029673098,0,0,0,0,False
1500,335.9381371617089,100403.21151883714,0.5121013993341983,20,8,3.5327712012372556,42.5003371321572,0.5312836356458485,1.3054725008068638e-05,167752.48383990437,172925.926223562,True
1501,308.27761568970203,103287.64773286355,0.4719020662172162,19,12,1.6826159402899632,59.743846580056584,0.4972425332953667,0.0012702550434331554,97425.70034061934,107411.82668630242,True
1502,311.9059893314918,146469.8578604577,0.5453007536029131,21,10,1.5076031092196693,58.82995919273749,0,0,0,0,False
1503,321.14277226717803,147471.8627137455,0.33833851028286377,16,7,3.0083014708240725,43.69248042181709,0.35176648941302646,0.00010184664373290148,146094.2076092053,154783.40291821602,True
1504,335.17861384696954,146487.08497890466,0.5390106687467312,21,10,3.1573171725239177,59.64228542188323,0,0,0,0,False
1505,304.2182341821964,116950.45023793684,0.4069028603283717,21,10,2.091585760571351,48.91322500395677,0,0,0,0,False
1506,316.9709951208706,104382.7397829898,0.36003760834568505,17,7,3.908792738084177,54.723200662620314,0.3780527281967102,4.0694096083481334e-05,177458.98165263963,186706.37143268593,True
1507,296.2855615767296,142049.57526176164,0.64872634493802,15,8,4.246837841088406,44.816305735577316,0.6737666331479094,0.000912575032574039,195082.4556077212,205985.18928249396,True
1508,321.3574507383712,139271.181107091,0.5620807838590314,21,13,4.504040067409743,47.56540957302644,0,0,0,0,False
1509,291.64693689130894,141044.20356443748,0.5577869947265862,21,9,2.8026234157565417,45.6855940501097,0,0,0,0,False
1510,333.514590703719,132763.4087943277,0.5195839450001327,23,9,4.296247570712737,42.10800589118863,0,0,0,0,False
1511,336.98659479651553,141879.3502407959,0.6364604763655853,26,6,3.564025818114348,50.69714330747198,0,0,0,0,False
1512,290.8410766622956,105353.60846248956,0.4935624773602663,29,5,3.816396599350835,48.73505865052108,0,0,0,0,False
1513,291.1484084770411,113675.52434255142,0.5700680248510888,25,12,2.525593377107143,41.46084765617293,0,0,0,0,False
1514,305.2548142559687,146980.3378030301,0.5591567054527979,29,13,4.1759862156033645,50.06264466445526,0,0,0,0,False
1515,308.75154725802895,133337.48606550982,0.5834906751179771,21,11,2.164929706718749,52.23433682661208,0,0,0,0,False
1516,319.1398129976097,111422.79943419709,0.6985140767684554,22,5,1.5036742432698826,46.012252272605146,0,0,0,0,False
1517,329.9993930212702,117241.57100042974,0.6332325303765998,18,7,4.275037857324566,51.364275317915514,0.6615203180680175,3.5000760554762686e-05,194809.3271848987,200381.21345829594,True
1518,290.2195474528944,113143.8641498647,0.5484838567185039,24,11,1.2941415949465924,56.9574863432941,0,0,0,0,False
1519,311.1831843734851,123802.30466933279,0.6425332001434345,23,13,4.462844667636274,58.053442714213574,0,0,0,0,False
1520,342.43297455116226,101810.3431686157,0.4956461144467167,28,12,3.4901435547879087,45.313917498625045,0,0,0,0,False
1521,329.46943723890155,124928.2418060801,0.3270768772574574,22,11,4.001174959691952,52.10890691594218,0,0,0,0,False
1522,336.6241255728974,112521.30527855373,0.3231659253150746,21,8,4.755943249467052,58.448959013746126,0,0,0,0,False
1523,316.0787999796421,121441.94423240836,0.33902030623966006,20,13,2.624336821507435,51.5417654643812,0.3549820800478073,0.000581747937353122,131145.25065674182,140669.40513017014,True
1524,323.4571018228945,105653.84767125962,0.685705912915337,16,7,2.203482653540969,49.85001104044638,0.7151076343850972,0.00037050281638948405,118684.73477900916,125095.81876296084,True
1525,301.35362367767647,101388.5230530252,0.4699831402137617,23,13,2.0314912242823198,47.38888267714011,0,0,0,0,False
1526,316.5200623617976,125721.85722830353,0.49006768000798695,22,9,3.4342048044668054,51.78557708916824,0,0,0,0,False
1527,325.3153961150532,123985.12232576309,0.6505044773491003,18,13,2.4263774723146447,50.40613375558618,0.6785771336065441,0.007691509736734783,126739.14045224451,133006.5999156673,True
1528,312.3373929694911,101905.11960134185,0.5466002434555676,15,13,4.894140240726346,56.8190633684969,0.5723367914180069,0.03611326134709433,215713.73383291275,224628.16576753877,True
1529,339.5155832028065,139238.891293286,0.6485426700497646,18,13,1.4458851300368905,41.555505338179096,0.6713165055305105,0.011365238515150193,91223.20006525198,95083.76846100832,True
1530,341.2047921013003,115912.05648669205,0.3313537367311311,19,7,4.16762734483112,56.7085355729821,0.3486517240390587,6.9289560343756045e-06,185939.2450689936,191269.23558089058,True
1531,348.98779649452274,148627.44887536304,0.3399127570851208,25,8,2.362534359992715,40.45471795079217,0,0,0,0,False
1532,292.650904484958,141673.21877257738,0.6377567781209399,28,8,3.254914947153015,57.35448535874811,0,0,0,0,False
1533,292.900354668406,142695.3536720365,0.5745424328426091,25,8,3.7167531876463125,46.6976290210447,0,0,0,0,False
1534,345.6459142860222,135744.20366817215,0.6772235792519562,18,10,1.5601724485432134,47.23976573387415,0.7046920459501738,0.0010692996813154055,95062.51389492476,97734.9582962288,True
1535,318.8282817453064,142755.85256379563,0.6519505757992556,27,13,1.6892028854307153,55.95896874420268,0,0,0,0,False
1536,323.2734249284915,145043.62652126089,0.6525406566546909,29,9,2.8172568449935596,55.24157670730066,0,0,0,0,False
1537,322.0033326021032,138407.8367636092,0.4609336613237323,29,7,4.737416251107352,58.328270054210265,0,0,0,0,False
1538,324.6225181435894,126531.27887514731,0.33061888704170034,24,9,2.5582231823700425,51.735150385223115,0,0,0,0,False
1539,342.40563076341635,145838.7325674994,0.5220119910658227,20,7,2.8448417980705702,55.760208428837906,0.5479277353350821,7.62532307261646e-06,140623.4446453283,144634.30464127514,True
1540,330.046063498929,110243.1247321011,0.5875691331117602,25,6,2.6188872915931136,56.271133502368684,0,0,0,0,False
1541,294.0391969288174,125876.02562278802,0.37990907768835663,21,8,2.1521695625407657,43.11756778080116,0,0,0,0,False
1542,342.11935054056903,144227.35574854724,0.4405240371014088,26,6,4.401460151064516,47.8701255520559,0,0,0,0,False
1543,322.2116293809251,131549.3666349726,0.42679668593430775,16,5,3.5741643621621293,57.555729896428005,0.44906233347064284,2.5816525913876323e-05,165895.17702631862,173872.86424448615,True
1544,340.3207196121004,139621.34656155208,0.6265409156521347,21,11,3.7463757140596323,48.639187646537835,0,0,0,0,False
1545,317.06206905488926,139342.65818559285,0.47145601667475545,19,8,2.0274753463818938,53.39335067854705,0.4940131320690144,4.3168744120563796e-05,110605.41742767124,119168.33941753769,True
1546,348.4238234630854,134922.26529739448,0.42042763844461073,27,13,4.986466044885429,42.32795273924151,0,0,0,0,False
1547,347.57373517424776,113272.23676013791,0.3820771458223503,20,13,2.874412276071121,48.94131133377613,0.3989962574063136,0.0006266705048736957,141114.5201425819,145008.48988884533,True
1548,307.24611957225136,115387.05163062767,0.5093214871803236,29,11,2.4385313469948606,44.78832788549986,0,0,0,0,False
1549,328.54322305704596,116025.09980974668,0.6672845347226425,15,7,4.25848090900294,54.49922014736923,0.6987896383614429,0.00044191324575622044,193853.89641453317,199512.31031925077,True
1550,330.190871040756,123330.92025018224,0.6643055200843171,29,10,2.2446105807558796,49.679199803077765,0,0,0,0,False
1551,337.67163434660887,146940.968473109,0.6397266873086067,15,9,3.1385836091648196,52.665493443882895,0.6689067603195081,0.0026860241360971548,152691.67858213783,156928.23506103014,True
1552,324.5152770109558,136292.9927809144,0.6301326128700313,28,11,1.6397806813349791,58.10430593264401,0,0,0,0,False
1553,327.4913171907217,123918.34489179932,0.44250332436324136,23,6,1.7537783134705829,56.749033715043126,0,0,0,0,False
1554,346.40937775754145,135259.62219906776,0.38845094442402484,24,12,4.030296500797025,57.62580838705899,0,0,0,0,False
1555,301.0294966251094,109645.51631571082,0.4118667986803252,29,5,2.331331323612937,55.11901765784412,0,0,0,0,False
1556,335.4141884010751,140009.9057754326,0.5023094378579382,24,6,4.939287432973778,44.97976877821739,0,0,0,0,False
1557,334.4983907572577,108664.04418104675,0.5233105061899108,20,9,1.2515068425480989,52.5647842063211,0.5477214176776753,7.220747851928941e-05,82602.55427844597,87971.92008004885,True
1558,305.5101974769712,149057.76692309332,0.3302974659043288,27,6,3.1404157345824206,44.78699687895757,0,0,0,0,False
1559,330.0771646913368,145771.86845255372,0.6662031941570292,15,10,4.086498303838705,50.860374478083685,0.6952702690835799,0.004993328641061184,188161.7416071398,193559.14063856367,True
1560,337.91627541759834,136038.99359180062,0.6586359865930899,17,8,2.923269777703368,55.58226639679522,0.6904374061288643,0.00026858386053770725,144441.61969285633,148552.47615630366,True
1561,319.01334583581786,112764.06994549528,0.6489804644558816,28,7,4.329465163475193,53.87941749392556,0,0,0,0,False
1562,348.0010733549977,123571.29557904486,0.3565746942397446,15,8,4.086099979817008,59.97888131865112,0.37621369670888505,0.0004465563154942572,182901.03054704535,186881.40867937298,True
1563,303.1395559538348,140720.28670657598,0.4291896011388886,26,5,1.3288991641365875,44.54795314181624,0,0,0,0,False
1564,334.1532740483051,119433.1166835267,0.4265697682512397,23,5,2.263442467261248,55.34431221515611,0,0,0,0,False
1565,319.0303194627063,141838.50944541735,0.6122809781350864,21,11,3.846442063482569,59.30859084648603,0,0,0,0,False
1566,335.8081541900376,137712.66357880822,0.6216024500569868,25,6,2.8370358099069266,58.0283069683772,0,0,0,0,False
1567,347.29672550736404,140913.25527354423,0.6108249994936672,28,7,2.444897696231499,57.47546676976064,0,0,0,0,False
1568,326.16681818059624,107798.43683056741,0.57102930270055,20,13,4.67963365232591,59.0950502279552,0.6008668354266672,0.0007073622719122733,207643.7714130579,214177.2400956876,True
1569,320.60983311800896,135521.60856172652,0.4814263782893372,21,8,3.915386609118256,48.53409571776032,0,0,0,0,False
1570,309.37006343784344,113595.8048126167,0.4704989730378144,26,12,2.401811709640895,57.733090937787665,0,0,0,0,False
1571,333.91678541013226,144828.77026878108,0.3372374234038977,24,7,4.519634058724111,47.45209677424154,0,0,0,0,False
1572,297.4599976593042,124347.99252212449,0.45978796058921567,24,5,4.332143241779524,47.77305518339837,0,0,0,0,False
1573,291.5625237301534,142858.00658287265,0.4487995233020318,23,10,3.103629465283179,53.26532403526619,0,0,0,0,False
1574,292.22466778663573,105221.91179236466,0.4979714619008757,28,11,1.4558667188027155,51.39530854422512,0,0,0,0,False
1575,331.75274947927807,126540.01343139108,0.5539601147824642,29,11,2.0987074774348287,57.60769675086164,0,0,0,0,False
1576,330.5760488141823,117206.44322913299,0.5283461570904989,29,11,3.570467950881147,51.55513375776157,0,0,0,0,False
1577,345.4555967307027,102443.86086846006,0.4576757961434993,18,6,3.7937196006927625,55.8734232118837,0.4806978130420671,1.1398520423977802e-05,174550.36597697632,178383.6411944467,True
1578,317.76276856123144,107606.44032418671,0.37600087416554495,19,10,2.2080657943819038,54.74209465499982,0.3947653685777565,0.00015057846931637635,116147.3652891826,125164.89001886843,True
1579,344.4874541319192,108383.75981711283,0.36559038753901424,28,8,4.508769210331178,50.64011137698316,0,0,0,0,False
1580,330.0940737151258,121558.7289036299,0.5046478704940546,28,11,4.467133234806823,50.41091984373234,0,0,0,0,False
1581,310.09942428209195,149913.30266326515,0.5167042813885198,20,5,1.7101937038643351,58.473481121307756,0.5436982934188664,2.372750098373275e-06,98838.37900064734,108276.44024648842,True
1582,317.4448950934559,102393.59367150797,0.5105430355694229,16,7,2.7702128829023125,48.56037474991312,0.5325094337173647,0.00018801966657968638,138730.82417614694,147011.91523136199,True
1583,334.71755061946084,101792.46114704601,0.6106289870691306,29,8,1.3599901095901352,59.010896934653594,0,0,0,0,False
1584,343.76454289374067,137733.8551911618,0.5807004402687808,16,9,3.259028255006619,50.74718636548183,0.6065100893170183,0.000993864170787065,157016.57418245942,160485.96981739305,True
1585,315.16477046310024,113712.17614913858,0.3518168688477745,22,5,3.848250068136733,44.04996873686715,0,0,0,0,False
1586,298.37965734608855,119668.41379483607,0.45784588568242857,23,8,1.9879321790850635,42.804704605906586,0,0,0,0,False
1587,293.4995206947228,123255.6650648434,0.3869616861846412,21,6,2.549676678016146,48.24956005294285,0,0,0,0,False
1588,347.13235265080573,116836.188605647,0.4633896208281174,28,8,4.53567842225424,54.659709294317224,0,0,0,0,False
1589,334.6466444869987,135675.22281021907,0.4117798227568331,25,6,1.9507976661817314,59.35646014040451,0,0,0,0,False
1590,344.49921193854755,100316.42617458577,0.46206276088926945,15,10,1.9266827860561477,46.38598986051224,0.48095721302426836,0.005421595307246077,107555.27973564046,111522.76982830442,True
1591,348.20332759484484,138351.10613654752,0.5750331572437661,26,5,4.701546603765534,57.803445225084815,0,0,0,0,False
1592,330.11039759640533,100854.6075525818,0.5729234316933125,27,10,4.256047336284081,44.36679574083731,0,0,0,0,False
1593,337.4872774481372,142112.00259260836,0.42495120095058647,20,13,2.247263554661754,40.68061815236691,0.44035949487805726,0.0008467922158481284,119624.49420313422,125017.23320457806,True
1594,308.12447153366605,100787.0789551736,0.5131689220503182,19,13,2.7154660405984177,44.387218859102084,0.5331907397330001,0.0021461672190135526,137274.06724951995,147038.6779269044,True
1595,343.34093641595973,110605.69622657355,0.41566553669647593,22,6,3.2654153311882954,49.45386166194656,0,0,0,0,False
1596,314.5839328395484,101026.28339824147,0.4488374364901331,25,6,3.481273246776338,40.29725554749478,0,0,0,0,False
1597,311.73647346297,133979.51244490937,0.5462280927260078,17,10,3.8083138613161562,53.89570464360748,0.5722458036439537,0.000796583084389865,176421.51290316755,185437.404309521,True
1598,328.85845915919003,135340.17847196947,0.4801081124291352,27,10,4.64151417393844,48.44759630278932,0,0,0,0,False
1599,315.94511899866933,142234.70365276677,0.3196105843203508,18,13,2.8927531503466204,46.933516251346234,0.33321508573113967,0.002525274191669826,141184.3532878023,150852.67596466467,True
1600,292.09392778247735,133639.5721014499,0.37944554254485685,25,12,2.7150266885569656,43.526795859495415,0,0,0,0,False
1601,328.61542575392957,109664.30321502806,0.35986587589478064,29,11,4.69533332371385,44.951491835775215,0,0,0,0,False
1602,349.3247973484499,144995.47852816145,0.666844586977939,18,7,2.707752145772494,58.3079747437785,0.7006628462553267,5.995606160805091e-05,136188.52187758253,138278.12833031328,True
1603,346.4268417439399,119987.23466528096,0.31951661019838334,24,13,1.793448144524507,41.25205212469733,0,0,0,0,False
1604,314.45389909833955,119013.78833449833,0.6355114094756815,15,13,4.059185671946084,52.96085433720472,0.6624403177501357,0.051480146823803904,186630.63756283917,194741.0560262591,True
1605,326.073616435965,140315.15220242753,0.4465822074497024,26,10,4.38289197730678,40.2523446501316,0,0,0,0,False
1606,309.1776351739364,115711.92232330944,0.5456057125079877,27,11,1.229247721648212,56.47450677047078,0,0,0,0,False
1607,327.52358230659434,143674.87787889756,0.46682509132240746,26,11,4.290097226636165,51.38826688274797,0,0,0,0,False
1608,313.4733949094477,137255.35743371252,0.3609491476588206,22,8,1.8632334652382176,49.199636585827385,0,0,0,0,False
1609,337.5710040713107,139954.4294644347,0.6717399473339505,26,12,2.321274763957361,51.36394392604678,0,0,0,0,False
1610,302.3333827573465,100719.95569392065,0.6318608847980328,19,7,2.4348697892321516,43.2806367231479,0.6554851239521424,2.5000196638011722e-05,127813.71042007758,137866.2880326916,True
1611,294.08891122695894,124332.87290487385,0.30344956098957315,23,10,3.1119261716724615,58.81776054469449,0,0,0,0,False
1612,313.2167063801469,113079.13951858853,0.44820147555366513,20,11,4.718100193776467,47.166408370210064,0.4671123455110551,9.85973634348196e-05,209764.4952507514,219082.41279578567,True
1613,304.32371781719974,140210.35255716636,0.5546114615307884,15,8,4.144870480331941,48.361371068417405,0.5781684922679962,0.0007513917679273065,189842.53767973854,199985.27879460593,True
1614,342.91277495740616,131668.85955072334,0.5879315974785042,24,11,3.709100314843564,41.571026594664694,0,0,0,0,False
1615,344.46107201480146,124683.1384869345,0.47011250610967775,18,6,3.2057370862208865,45.3352034723159,0.48907933601878445,1.3124765921982415e-05,154799.1280239208,158726.5908536461,True
1616,327.32946744219004,146813.5150987378,0.3253955102862178,27,8,4.250398853094778,48.6761351287268,0,0,0,0,False
1617,333.89314177338883,149557.5002389467,0.4559936255578473,15,7,2.9578097909703347,59.95196692144267,0.4806846353636935,0.0003546840767400599,143542.31279140193,149387.93316243996,True
1618,341.8587307679138,126278.54219505716,0.5584850251160272,15,5,3.9891490933413074,52.21275603559072,0.5841966883959768,7.786876632079082e-05,183469.4824371908,187386.12444622756,True
1619,329.6693467315609,144214.29591134406,0.5887491734913808,20,6,2.994283291931044,52.46391781791675,0.6158685599337659,3.909852890716647e-06,147074.45560830188,152918.07527767503,True
1620,342.588668932531,102873.56101911388,0.4440809488736263,22,7,4.696051288376191,57.938761159618174,0,0,0,0,False
1621,345.31809889115954,112833.2023982022,0.6628373693331219,26,8,2.7682439922583013,50.17241853458072,0,0,0,0,False
1622,330.47503838819165,103732.14624541186,0.5087741325164685,15,6,2.092977958347154,57.69942563247254,0.535001694240138,0.00024431967639671815,112824.86760764384,118960.88423068503,True
1623,332.82829456924026,118667.51987474039,0.36783878000863873,18,12,1.5223738244906784,50.003843773640504,0.38446963902081943,0.0020878434498324177,91659.19011708462,98203.07823035501,True
1624,320.57820387706676,107098.92201156354,0.3502641697985023,20,7,3.8010650030717272,44.75362419419001,0,0,0,0,False
1625,321.7927777380709,104764.88116433834,0.5509565963402245,22,7,1.8071389584706452,57.942818777501074,0,0,0,0,False
1626,328.4776227979491,137839.85706472863,0.4650734057198823,18,13,2.7349423885564725,45.194865779967046,0.4836238956994143,0.004203938949161278,137440.76122057915,144139.96603770045,True
1627,297.41708687261337,128690.83381601631,0.44478311638344087,20,11,2.728939332982383,53.55780763469205,0.4662249797717324,0.00015810926385399654,135942.5548084022,147786.0984355018,True
1628,325.2346735352201,116175.3182396968,0.5780535443681241,28,5,4.443190010170585,52.10378140869485,0,0,0,0,False
1629,306.8608398028388,130536.54702599457,0.4957287045092698,19,6,4.1763216938739545,42.1470082091629,0.5141902885097143,4.948880088066485e-06,191428.41223451053,201484.6510892605,True
1630,335.4804014115432,115264.54081092284,0.39254449840482636,26,7,3.3126304565106475,54.95473803807013,0,0,0,0,False
1631,346.71591261211114,105632.68183261994,0.4944815521686292,20,7,3.9236044381499218,46.033963759039985,0.5146686336531644,5.1462304292030195e-06,181409.7010008335,184806.44421992032,True
1632,334.898659929835,148894.42019008778,0.5701188201206158,27,9,2.524501497580337,55.50163941043504,0,0,0,0,False
1633,305.26627476226247,105762.42871050705,0.3936285182057563,24,8,4.794587959945091,40.57281200766132,0,0,0,0,False
1634,326.7655058949283,106809.33907114196,0.31532486106925617,21,7,4.586805438584817,42.24087213178389,0,0,0,0,False
1635,325.3214711011599,146035.98340945496,0.638487766256672,18,10,1.92746120944556,46.260004588603245,0.6640083524874473,0.0007966758092815976,108656.64575930694,114975.22285790207,True
1636,312.63173337794194,124528.61545623817,0.4042039686526477,25,5,2.8798456018537766,53.768715087646825,0,0,0,0,False
1637,329.328629724904,136251.55407974005,0.476292740598806,21,12,4.255206576886442,50.522160093862176,0,0,0,0,False
1638,320.94713557527166,108607.0910532915,0.5873072108331712,15,6,1.3245336674952448,45.440190395443224,0.6105692005965807,0.000411774507532613,86153.66752178114,93451.4566701837,True
1639,339.97980263211286,128649.2412178994,0.33023482207425015,18,9,1.4485181767167754,49.96661187332217,0.345326552408639,0.0001673990400604756,88650.13811726714,94199.01403005929,True
1640,313.3864579117315,122749.98710098921,0.4448474975206309,18,11,2.472550798031329,51.62704477241953,0.4654506754981272,0.0008604781951993183,126825.96164237392,136138.74888951183,True
1641,308.2895610850327,102035.80432521405,0.6133901954542897,17,7,1.540138571725398,42.12236902698829,0.635754230830073,0.0001739779156086121,94550.29798596971,103756.68122133256,True
1642,335.50905239885867,125930.03904579688,0.6174151448724393,27,12,4.493180832212009,45.70258216534677,0,0,0,0,False
1643,324.9249569322761,103530.90316090517,0.34003223220520273,25,13,2.8578503617052577,54.66568868257761,0,0,0,0,False
1644,343.85057479544514,104805.90724249395,0.5815993506476468,19,8,4.702259328143509,44.500690172826765,0.6041776321563622,2.7244775188139864e-05,211468.11460934475,214912.88798769802,True
1645,291.0619595536918,141177.89926529326,0.5938215769718296,20,10,2.744768157183056,41.62121852255805,0.615280508491774,0.00010122940567666209,139331.2539463185,151306.4303195046,True
1646,329.6315494944425,132316.84457338572,0.6317050821261023,19,13,3.546574530971828,48.62248581491092,0.6582653713291285,0.002322228691922833,168334.2825223363,173969.89327311618,True
1647,347.8304479235029,137574.346658602,0.4285078247593823,18,10,2.835784109228869,57.361149764890925,0.45076073467330025,0.00033329652484799185,139160.56186568257,142739.26963018576,True
1648,349.2674536999971,108636.49161387316,0.3338253714143395,26,5,2.8059859401722425,42.83406374324189,0,0,0,0,False
1649,338.58327946578606,127108.58736048455,0.5482021389646181,26,9,1.4528407824738805,56.85317445314057,0,0,0,0,False
1650,346.3689875376805,138227.36066075697,0.4052510702523909,28,13,1.2536988524423003,55.727523788115576,0,0,0,0,False
1651,321.6210352729246,108882.4667391519,0.6571481756795179,21,11,3.9493400175507434,44.76510535036196,0,0,0,0,False
1652,318.47415920759283,100044.22796060864,0.48431018477809895,24,12,2.695529811747555,57.667508639320246,0,0,0,0,False
1653,338.61784042320346,149677.24162605286,0.300883133951177,25,13,1.5108677352215918,52.14586379137564,0,0,0,0,False
1654,311.78949813434303,123648.99134527147,0.6789471187193105,29,8,1.2889848552850587,59.66433518292023,0,0,0,0,False
1655,311.4090614677282,129162.73101355621,0.6059101421826826,23,12,4.379622264182952,50.418373728175794,0,0,0,0,False
1656,316.8687845307824,145539.7402865368,0.5357674110659258,19,11,4.533299435475843,42.907420570125716,0.5559431550543676,0.00028675116907435523,204999.3246184463,213228.23133029367,True
1657,307.1977995343241,137431.58872998724,0.5305278957876747,26,7,4.1854454348445165,50.38352718289638,0,0,0,0,False
1658,337.3091860701654,111118.33319687651,0.5726109902659422,27,13,1.258057448275441,51.938620626390744,0,0,0,0,False
1659,327.72171848580115,124566.02604473969,0.3959765406807967,16,6,1.8056868905612429,53.99620035839313,0.4153931707742013,8.375639665676894e-05,101832.87064366977,109072.11459225202,True
1660,303.76491810317003,102915.64155663147,0.4655883074040926,21,13,4.11161811776286,45.71148546914467,0,0,0,0,False
1661,310.8395036800411,129016.76795724769,0.5771001217456923,21,8,2.9388065212137784,52.240226282660366,0,0,0,0,False
1662,334.5784858880203,144851.28819514316,0.5585799065869373,23,11,3.8341638450549693,51.34438332970731,0,0,0,0,False
1663,291.5972747448772,102136.3866469421,0.36249649446456106,27,12,2.0116886280800275,44.898874043640134,0,0,0,0,False
1664,292.4691269826309,127649.6206555386,0.6995839971741583,22,11,1.7804597881503264,43.17767276795508,0,0,0,0,False
1665,331.2388848043355,131776.42469568795,0.5938694749943969,28,8,4.792827772667474,52.53677172740626,0,0,0,0,False
1666,331.54072256272536,106141.9852869472,0.4097697515405425,19,6,4.81660215419765,58.87387270780578,0.43172912074069003,3.6072697261374165e-06,210397.8021628014,216910.9502468638,True
1667,315.76812482725785,117080.64526989295,0.4098903229304832,17,7,3.437875174084799,48.332765678154004,0.4277484560196036,5.213451683356936e-05,162122.99660392743,171254.33969714012,True
1668,294.53974265934653,133085.03931782476,0.43725557255462055,17,6,2.752699656919793,43.911228109606306,0.4544158932505738,2.998749397652528e-05,137965.7665417734,150290.19271725803,True
1669,291.2044832969854,127332.04744144289,0.5337817285275626,18,10,2.2045319961702425,53.09927241486827,0.5588784456771644,0.0005438708998871519,117581.43877389966,129871.42143747538,True
1670,321.3543254122771,116684.33860021441,0.5648761232220738,17,12,1.3142326275333736,54.9388947858534,0.5918039735179269,0.009792665554956162,84917.82403140904,92272.37661586041,True
1671,325.8837863031703,141309.35398073142,0.4982988166747089,24,6,2.7389500229380963,53.18158162295529,0,0,0,0,False
1672,337.66207807217097,146055.2807777322,0.3812512198910034,23,12,2.9734909069303312,40.65929533154086,0,0,0,0,False
1673,325.82619388918283,107516.64010666318,0.48470299014527773,15,12,4.023790473700139,52.76480243880262,0.5067815278304376,0.01646702672453433,183831.29889290268,190871.20108270712,True
1674,310.5110664992942,119646.25317070735,0.43407561751220913,29,6,2.1908342524873334,40.14370766243195,0,0,0,0,False
1675,333.32999035565626,124752.61118766374,0.6988320646367281,16,9,4.682011319890536,41.84752138110822,0.7237374002060877,0.0009151503059608701,212186.86448485122,216872.82032503863,True
1676,333.6228944664683,128453.79902096919,0.6362008009731995,29,7,3.267045022986843,58.39776947596124,0,0,0,0,False
1677,315.95724894093973,128269.82034060908,0.5336003792456029,21,10,4.9141588968882255,47.02671999914819,0,0,0,0,False
1678,300.07467281609354,117808.15651974746,0.32941691036700566,29,10,2.0426851331418168,50.18974976451689,0,0,0,0,False
1679,308.7162659330988,142293.3540878756,0.3003341328472146,16,7,2.5020817985511496,43.59647411953716,0.312301574964647,0.00010099216665135732,127146.66415001151,138113.48892374022,True
1680,332.5188312871847,104603.22135570439,0.5085043132391819,29,5,2.172873852574983,43.49612202272128,0,0,0,0,False
1681,317.358652020277,110733.96491206552,0.6698721809772932,27,10,2.597983204965688,56.097267004230176,0,0,0,0,False
1682,301.1386928400719,114316.51852618941,0.6948760225343801,17,10,3.139678054988023,49.258323362954705,0.724213480807032,0.0013452299202892993,153495.159718137,163433.825785702,True
1683,305.2387176477797,145127.384303049,0.31527046285116367,18,11,4.101393567717396,58.98191445743724,0.33245059712104413,0.00038226609520745035,182856.50607564973,194285.29813097086,True
1684,305.534358483717,148980.19849316104,0.35857219404701307,26,5,2.019826129131108,56.62761542652296,0,0,0,0,False
1685,338.0704211419546,129775.67129800185,0.39990838135073287,24,13,4.91725726390959,53.49618136730825,0,0,0,0,False
1686,311.270190182084,127915.25305740157,0.4953307775747615,28,8,2.550247134040723,59.46977803284068,0,0,0,0,False
1687,292.2939995644727,115770.54485806405,0.5562381976953761,29,7,4.966698208914952,58.0076024179602,0,0,0,0,False
1688,345.7606130376731,123096.68983318465,0.4934230199011882,17,7,2.9878687669510318,55.31836415575054,0.5178303925105034,7.660677449022611e-05,145649.6219812868,149230.29600973523,True
1689,332.7660424514936,118445.07658674453,0.4989007425327563,24,12,4.736429298978628,54.13532660912626,0,0,0,0,False
1690,306.7872436448491,123562.35443223393,0.5980438883762731,21,6,4.027084648323815,54.25893503698947,0,0,0,0,False
1691,314.3580671986502,128387.01193755229,0.30462871088283744,28,12,2.9616252421019205,54.194117508540145,0,0,0,0,False
1692,315.27179887427025,131527.68626198528,0.3852700104225729,22,5,2.453098255313824,47.40313555626583,0,0,0,0,False
1693,309.3242805271691,110633.9101946949,0.31389055221920226,15,5,3.7179667874582956,56.070987589872864,0.3301291319514046,3.8021965638446714e-05,169552.04162994874,180338.6067142937,True
1694,305.45735990411947,117583.87247458454,0.409420100875737,24,7,3.168386157527828,42.46041732728647,0,0,0,0,False
1695,330.9402985777531,104992.22618791663,0.6777309510052006,29,10,4.292049569695052,50.45698859596901,0,0,0,0,False
1696,316.505906002967,106747.46744844782,0.40018257401028634,29,8,4.341659380190098,46.54361428446272,0,0,0,0,False
1697,320.01305325401927,125816.86404095318,0.4154127290112242,26,8,3.696826859800052,50.54009661004198,0,0,0,0,False
1698,290.6496603775751,146499.61727656404,0.3698007596055236,17,9,2.777948492907976,59.42551281770956,0.38993467335627857,0.00028116939366402445,136100.3079769736,149446.93479319336,True
1699,343.9034658637893,108235.76090189118,0.48488314863383625,20,10,3.1300643781098847,49.352098399789625,0.5061991463581603,6.974087189498985e-05,151602.26083006518,155550.5761013687,True
1700,290.74001819488774,141001.73678434474,0.31794559542850653,17,13,3.413920441100716,42.19420447693939,0.32996990256591885,0.004947841794321547,160766.2352659486,174429.276671036,True
1701,297.94878141044416,112359.38718167582,0.6508069462323418,20,10,3.748834824076412,43.75671197602041,0.6753334737429929,8.801965177561025e-05,176754.74008195527,187392.5701484292,True
1702,333.7862330717037,100444.02836217295,0.3370483865009981,15,11,3.486807573208994,54.074773442234395,0.3535064700172838,0.005314007260180012,161938.7384742246,168515.7574555061,True
1703,333.9204644109975,101277.4077081976,0.4258910774385055,21,5,4.84460152073086,47.63644222970899,0,0,0,0,False
1704,326.88923186168233,143152.86160370853,0.6229322470094143,15,11,1.824588628279086,57.15566133959155,0.65309320373861,0.020367689096631402,103713.53908376809,109856.77285259409,True
1705,339.7077219549536,100596.4412279218,0.6427027823237482,17,10,1.972729205039609,42.68727154050585,0.6662822706887085,0.001756557952946078,110726.0203963181,114587.69971262956,True
1706,347.55535224612123,105864.5728280298,0.5894862830706653,18,9,2.1113975360253443,49.44601414704283,0.614977521679354,0.0002918169819649064,114896.16494235469,117657.72310375865,True
1707,304.0678830884283,122339.62492100293,0.3189356393381038,21,13,3.5119536264296958,44.383487334233756,0,0,0,0,False
1708,305.6455667948108,141898.95239378425,0.5049512295149006,24,6,2.118547731035915,49.4769394703017,0,0,0,0,False
1709,344.3127174583321,111550.30329075048,0.45224713081982104,18,13,2.7185695045620792,43.21710100362332,0.4695050936640557,0.004056119715049611,136959.47359627532,141011.87822445369,True
1710,331.3260726965775,124659.44423900671,0.6429947440374202,24,10,2.3492781822558877,48.40619126369216,0,0,0,0,False
1711,306.2579427053265,105202.68999041429,0.6331773858539108,16,8,1.3342097215753046,53.63029774157611,0.6627203329300474,0.0010799599010427278,86018.95085271884,95462.92876289634,True
1712,316.21720145155024,122582.74823226163,0.32580400983948393,26,10,4.348911490795664,50.294639909488026,0,0,0,0,False
1713,315.1795031840831,130200.16281762833,0.5273607079736762,22,8,1.5145595138316919,55.18642548096997,0,0,0,0,False
1714,302.56585023694544,135187.3192888044,0.4033818979730452,26,11,2.7899273269702958,40.7682069342822,0,0,0,0,False
1715,323.2946417576541,143511.33149193638,0.3720952905105326,18,6,1.5459869982972467,43.07108254306329,0.386566595402413,1.621419163069421e-05,93152.92845471558,101270.77698857983,True
1716,297.88889638902174,106321.31404936478,0.3399732850354742,24,9,1.9283876119514953,42.88059526819076,0,0,0,0,False
1717,301.41787825317357,147998.47650915105,0.5549818537904057,28,5,4.696918300923429,40.65582641542795,0,0,0,0,False
1718,306.056243532,124648.25854546143,0.3170301675208549,17,10,4.857628465276949,48.198264169844485,0.3310065929753708,0.0003275174786710136,212138.14186721973,223421.74794905505,True
1719,331.8204657476603,132404.57457168735,0.6475264522538124,24,7,4.7134571026175625,40.8719170799158,0,0,0,0,False
1720,329.364169508428,116232.41526558287,0.5826455594443755,19,5,1.9546300692762644,53.979846926089486,0.6103137959614213,5.762986097723715e-06,108605.81409624396,114535.49577307962,True
1721,296.7806208164608,131991.7403190193,0.3982136947540776,25,5,2.4797731004202372,48.716469229954654,0,0,0,0,False
1722,310.40919003154977,144863.37423301593,0.683494684130504,24,7,4.937292453550549,51.203324062311076,0,0,0,0,False
1723,332.8441428884677,102430.75790304337,0.6839998067550366,25,9,1.5849862083501538,58.04141782350857,0,0,0,0,False
1724,335.56990040811087,126491.10418541092,0.6492117011390991,16,9,2.809498490492448,52.37709970443255,0.6786680892455618,0.0013522260815357508,140636.01847984985,145188.39521999747,True
1725,311.6407148372251,127794.87130030333,0.5717795979052185,29,8,2.264158068817907,55.07807415230773,0,0,0,0,False
1726,345.91241673557306,136825.71923709064,0.5961416389196006,27,8,1.5578605927816032,53.48089157300562,0,0,0,0,False
1727,299.2291592874474,130718.8538112859,0.6413498449196913,17,9,1.3374799799555288,40.193929033651486,0.6634875465140961,0.001044063606904618,87263.57503093174,97744.03451989945,True
1728,315.5791830069183,112486.0488428153,0.43269463891919313,27,7,4.343415606091208,48.840281284226045,0,0,0,0,False
1729,320.8498440444269,118306.56497866556,0.35337135073979103,20,10,3.302862562545352,53.573837717814925,0.37068258851782004,4.515954795360485e-05,155621.63996281486,164270.9770257389,True
1730,329.143055905744,133405.4657423788,0.6852810986834541,27,8,3.25324130343291,52.66931701629933,0,0,0,0,False
1731,320.63321468959197,132325.43991528198,0.3731947127929575,16,5,1.700566966088939,48.89800755389892,0.3897555604350197,3.558856756877913e-05,98284.29792758205,106841.10593492545,True
1732,337.26021812051005,124151.27026690505,0.3444283656771873,29,11,3.633159824526346,41.09721457636403,0,0,0,0,False
1733,316.4502459724144,136997.9060181919,0.3507548313294089,27,7,4.240012744501965,56.15253420962864,0,0,0,0,False
1734,332.2948041068909,115708.22807149228,0.3500840708100159,22,11,3.0750587835952974,41.33858432869064,0,0,0,0,False
1735,340.74561588657053,131257.81786372353,0.3080442927547237,25,13,2.0179781261197207,40.999050682244075,0,0,0,0,False
1736,324.28001227085025,104574.64787949948,0.4754998046067156,16,12,4.159275313250941,55.40925096430181,0.498789027637566,0.007015646211849586,188191.86788529105,195545.50417358594,True
1737,336.4705991159513,141017.72130434043,0.6075754067690984,16,9,4.193205560756533,43.33314880356801,0.63038646991492,0.0008301779769688154,193036.50398904763,197623.27984079375,True
1738,311.23947328582585,122710.48879354051,0.5725263758876797,24,9,4.500565844143204,42.421986538807715,0,0,0,0,False
1739,342.49972667497605,104202.74478983851,0.5868707973802174,24,8,4.964016633923609,50.6273084428377,0,0,0,0,False
1740,305.3538020768775,142866.39460966937,0.6017358483113018,24,12,2.1704017269670155,53.23301597697308,0,0,0,0,False
1741,310.23316931139857,142629.9931096955,0.64799341472098,21,6,2.931544040040748,42.141845315605245,0,0,0,0,False
1742,338.0487823374583,101075.73548236676,0.577511610035798,26,6,3.9749785349077067,44.71140584059284,0,0,0,0,False
1743,304.564169353671,132459.96219340348,0.31715658836593935,25,10,4.949619733445256,44.52345032695146,0,0,0,0,False
1744,348.99505163402915,129979.7201122524,0.6214531419391949,16,9,1.9450403390712374,45.38922738143824,0.6458434802431167,0.0016943479755615798,109324.88947762924,111668.65906120592,True
1745,341.4726145473042,133498.69088819047,0.46846852435398123,24,12,3.3673688932127774,41.577989935792225,0,0,0,0,False
1746,341.5682603922063,127241.90061129289,0.3719090739031383,29,5,2.0076207176376393,55.281590685059385,0,0,0,0,False
1747,306.07905853502257,146176.00798492442,0.5005201417590583,21,6,4.612223554501604,54.056530981644,0,0,0,0,False
1748,340.20731393798803,123125.4233056572,0.3968993337709017,24,10,1.865858495296727,59.62154902633702,0,0,0,0,False
1749,317.00350678353993,114297.73358927424,0.3890466359435123,18,7,4.734261640446739,50.296451326517285,0.40678060697605717,1.6643117599201366e-05,208720.39652118704,217778.38582254897,True
1750,296.75968057123464,104168.65838482225,0.593298369384996,18,11,1.6057712010068486,48.52137538749584,0.6183728125234126,0.0018224453866821954,96326.45200123913,107445.77279177372,True
1751,312.49098159837985,142073.64800289363,0.5366231487066393,26,5,3.230606449842857,42.918451108619365,0,0,0,0,False
1752,331.6385050843843,130940.17787439271,0.42389513444537935,21,8,3.1202368039751534,42.530124901702365,0,0,0,0,False
1753,339.4341847156636,142930.500929158,0.4557672963523563,18,10,4.617094094744327,58.75391003930024,0.47993383457016786,0.00023815615306386532,203948.3730844685,208842.32814532766,True
1754,318.3062622696314,115226.31601388255,0.6528976452425079,23,13,1.6086108823582275,43.91259168879641,0,0,0,0,False
1755,310.1462052606469,105444.28865678741,0.3021185508839557,25,11,4.642192107756105,59.07446259784034,0,0,0,0,False
1756,305.21264556214464,131474.5228881078,0.3584529898384183,26,10,4.142557088953689,46.74712179486206,0,0,0,0,False
1757,305.2936632409927,124232.9744201714,0.5355782429705253,24,9,2.055883862055315,48.695344647997025,0,0,0,0,False
1758,311.8580727424506,128918.10885136171,0.620656713092607,25,8,2.3251439940311966,41.81836019580443,0,0,0,0,False
1759,310.05082584882126,111206.38689786496,0.32328153936027343,18,6,2.170960226659234,53.7300818960936,0.3392493622858981,1.1206564373362117e-05,114320.42556809504,124926.8992726685,True
1760,346.8436691201664,143139.83360523864,0.6466380064678036,29,9,4.3280244517667175,51.30918604433377,0,0,0,0,False
1761,318.6208780122146,121870.14848959948,0.6036855107744656,18,8,3.3185389888497347,53.129334674784964,0.6317657999080063,9.162814460521654e-05,159023.81378778507,166628.700368805,True
1762,294.60040244189776,125520.16894604551,0.6272028863602597,19,10,1.4963251080003568,46.10956488747285,0.6522515998556195,0.00041939692803759853,92626.33231709177,103898.2974192774,True
1763,336.9331144946069,125389.2891139659,0.5337552543722672,23,8,4.161550619102987,48.02854855115854,0,0,0,0,False
1764,318.38487594418154,118693.84955723058,0.6190891713610176,29,12,2.686548849560473,45.331710280168224,0,0,0,0,False
1765,321.22290715308264,100638.98824775244,0.551996097869248,23,5,2.9767654231150984,43.74557291628516,0,0,0,0,False
1766,338.87917653815725,100944.3709512326,0.3470900361809928,26,8,1.549209835210183,43.53225636371043,0,0,0,0,False
1767,337.0974932479293,109161.7894470906,0.646179827370396,16,13,3.1701183679335045,54.86607302284281,0.675607377972413,0.029982094267970636,153597.6714085103,157900.45299496313,True
1768,317.319648291788,145159.46391618397,0.5264729702380356,29,7,1.2347124861497984,56.44766185853806,0,0,0,0,False
1769,338.80688907673766,133774.41722880834,0.5051942514763571,28,7,1.3059111420478633,50.93636646577892,0,0,0,0,False
1770,328.7181278960269,141968.37704094208,0.41796847566705353,23,6,3.174459776775996,50.82547996382551,0,0,0,0,False
1771,315.34993838393336,120154.8889732263,0.5115125655804135,24,13,4.147534064714727,47.350309755033166,0,0,0,0,False
1772,346.1424064801905,127878.61557502374,0.4364517527694196,23,5,3.680499879705125,54.828027930002854,0,0,0,0,False
1773,348.2483675907519,111858.29880708586,0.36509435134183443,27,12,4.213470726960503,45.79461537526902,0,0,0,0,False
1774,348.0882558139822,104692.81255611246,0.4781880753843384,28,8,4.918565223886455,56.45737456232884,0,0,0,0,False
1775,317.61314625847126,145324.92874520208,0.6684397610736772,19,7,4.363686951899615,42.19673482039633,0.6926279048506111,1.6079770340542555e-05,200053.3790983416,207488.23851189294,True
1776,306.50470281188325,121342.20147623042,0.5731800586947594,25,12,3.308976840310631,45.802021071622896,0,0,0,0,False
1777,302.7175806947791,100589.55683367595,0.4171174921531423,22,6,4.191667302323974,44.65278205053594,0,0,0,0,False
1778,336.5836886732781,128488.01989474078,0.6866476133649376,23,11,1.8883769740774987,58.48904978678489,0,0,0,0,False
1779,341.2773810403323,144460.26601443344,0.502081259872028,25,11,1.9639075219508515,59.027513569864496,0,0,0,0,False
1780,335.5514031934507,101306.03300220572,0.6378974400548383,23,13,1.6471651339606093,54.35233259239884,0,0,0,0,False
1781,318.5279898372512,115414.94123620825,0.48330225618174544,19,12,3.03950679200152,59.334804430775236,0.5090420701770357,0.0008304281129035603,146877.7937193572,155141.6470960605,True
1782,299.98428203689394,122944.83727143353,0.3472460119581909,19,5,3.953544303853943,48.486781198880465,0,0,0,0,False
1783,344.6159462931447,136422.13130632153,0.3148379048933342,15,8,3.7980296882584073,50.03993302303647,0.32927418879858805,0.0004010251744655609,173425.04724992465,178261.7740601267,True
1784,295.56125546691425,104054.97076041748,0.5587858353223607,24,11,3.331392108456596,56.992558173206405,0,0,0,0,False
1785,293.7946050818119,124807.80231724709,0.38673074583707373,23,6,3.6506597833334835,46.93099648357879,0,0,0,0,False
1786,327.48718273968194,132953.02262956018,0.5517010333795578,21,8,4.26861451600055,48.615412730151775,0,0,0,0,False
1787,301.51668900135354,124448.87621091955,0.4453428281495177,29,5,3.7289203688015355,42.58793779854494,0,0,0,0,False
1788,320.1727307321735,109256.18095593505,0.5453641027162716,26,11,4.69299909857523,59.909419442124076,0,0,0,0,False
1789,290.70265542590784,132032.17555363174,0.5556920205012976,20,5,3.003139929683797,59.64552927881424,0.5851544414957118,1.708488371185127e-06,146157.62844633925,158409.0406639772,True
1790,316.2405095973696,129431.89542109004,0.33596094845417523,26,12,2.7971045274397808,56.97580856256269,0,0,0,0,False
1791,297.39134318958594,141496.69279771662,0.44093057273962777,29,6,4.880513687203257,56.92487710015798,0,0,0,0,False
1792,347.6362341420332,121402.2695566988,0.49970706185072833,17,10,4.450466241217867,41.91291983683663,0.518174114799831,0.000602199841895272,201664.21615112235,204867.32655137585,True
1793,340.356376606168,114454.21378180904,0.41100503390912946,16,13,1.3533986217769232,45.6801302892612,0.4267288999627598,0.028207471196973775,86202.55139975202,91182.23196469535,True
1794,323.19540389734794,109626.35404304061,0.5089826966626874,21,13,2.2959880302462583,55.527405607086415,0,0,0,0,False
1795,313.7894471688885,130843.66071213491,0.3285086340468149,24,10,3.2345687631315307,59.015310538320406,0,0,0,0,False
1796,306.26244011600267,136859.16480484366,0.41842918096245285,22,5,4.609526176961337,41.593766640703095,0,0,0,0,False
1797,319.8841145414115,144248.38203093386,0.5328766696885869,24,13,2.354181957173599,46.77104811606187,0,0,0,0,False
1798,344.24617986748933,112218.75029620918,0.4959521786663934,26,5,4.1541502242170445,40.94364852251471,0,0,0,0,False
1799,342.9628996281426,117027.29003384218,0.677640289520506,24,11,4.593082150145074,59.738675206725034,0,0,0,0,False
1800,338.2846408750233,114087.5865075741,0.3577814074327711,15,9,2.651389848803026,54.17008293199291,0.3754332819255162,0.0013972587289320956,132042.84121689503,137714.805800215,True
1801,305.5181889318353,129889.2071038898,0.5020406479602995,21,6,4.588112092866118,44.99156342479322,0,0,0,0,False
1802,340.6603938123828,122051.89890802976,0.6962759588036684,19,7,3.2004259980960414,42.33399805611147,0.7214325163641486,2.3083190589813584e-05,156775.7966711992,160221.18720581918,True
1803,317.5188301816182,125823.0997917816,0.5607681484142196,22,13,4.315313267716876,55.99276145477499,0,0,0,0,False
1804,343.6638889570327,137295.65775407967,0.5334999774657612,20,13,2.850569142940282,56.43622590944415,0.5602173030425144,0.0009996334182808975,140840.37931050864,144575.34555020565,True
1805,335.9231312066707,121989.96652944434,0.5467624005511558,27,6,4.243466590429175,58.55520477907108,0,0,0,0,False
1806,295.22594687232305,143197.59547778012,0.4678738008240783,20,5,4.174566626891868,49.81538335486304,0.488710449531598,9.763395771998004e-07,189633.06913404266,201672.92135696262,True
1807,309.20117403409563,104516.23520045256,0.5204699041668585,22,10,1.9206387385720998,46.755531505707616,0,0,0,0,False
1808,330.83809239434294,145001.47161257782,0.5228487460345841,16,12,1.9119167612306072,58.24411824249248,0.5492430087556949,0.014878409010953692,106266.95465904633,112259.92442223319,True
1809,333.40830516144666,121258.23988787695,0.5237393205501146,23,8,1.2224406525967453,50.75303704987027,0,0,0,0,False
1810,304.9383774324855,103690.53666412932,0.5325237986265556,22,8,1.4279757408019371,55.361469372508346,0,0,0,0,False
1811,305.89429142318573,120471.24523679327,0.41329427620045384,20,13,2.674888244330404,53.72642762467154,0.4333629161414315,0.000738350391046242,133612.77609835812,144315.36290420257,True
1812,324.4976063177027,123976.74104053793,0.6101236498715099,24,11,1.955926308916156,53.553048710921445,0,0,0,0,False
1813,310.94983035842813,114644.40632650297,0.635296820989462,15,13,4.557266247598033,53.19519168015037,0.6625710578619501,0.04652427851656362,204951.43598146067,213627.19696963465,True
1814,292.0268350913153,142062.99184841124,0.3070135944462557,23,9,1.7371328730966056,50.204149020517335,0,0,0,0,False
1815,338.293513304511,104070.78057021502,0.4630430004243593,25,10,4.091675093977003,56.580648643561275,0,0,0,0,False
1816,334.23729826169074,109045.69136122239,0.4117309750341695,29,10,2.5826665940602727,54.463270678798494,0,0,0,0,False
1817,303.0388907633799,116636.67466066417,0.6790780236957585,15,8,3.980368577888046,59.89387051693168,0.7143720676624267,0.001077603905476781,182723.7802342612,192458.31771319077,True
1818,299.2622820070637,118468.36387961774,0.5722641061738315,27,9,3.2456246808321936,44.41491861954731,0,0,0,0,False
1819,339.68055596104267,100361.1362185408,0.43096896164322607,23,10,2.8052709951559947,40.69643904358557,0,0,0,0,False
1820,307.7863214050024,134862.5062847815,0.5568661044977801,19,9,4.495123434134689,40.412855062145624,0.5765110983927136,5.934949961854537e-05,204302.04248772433,213876.92454971556,True
1821,299.0307296809823,149263.14314616693,0.667924446312201,16,11,4.990171594996369,49.41300042036558,0.6962309311386966,0.004124425506282018,221905.75132656816,232296.9188206287,True
1822,321.9659610494263,118425.39035220169,0.5656076198257972,28,7,1.7207602166850382,59.63321616818179,0,0,0,0,False
1823,324.21984816664695,139168.57007783523,0.5579767621815961,28,5,2.2096865465901883,54.96058824435704,0,0,0,0,False
1824,310.33391588468777,119119.14180741622,0.6599498990826811,17,11,1.2018072140211766,41.10264117533974,0.6830129909128514,0.006011598099547247,82185.89423985995,90832.29262475354,True
1825,317.1517729293108,117743.1001211094,0.5462451124940819,19,10,2.8731894207147084,55.03988536438388,0.5728718236187355,0.0002023064942405101,141957.406468789,150100.10545908927,True
1826,312.4116199501044,146736.38040163487,0.4783994195025053,26,6,2.360426945163576,56.51995847624808,0,0,0,0,False
1827,332.5734183472782,134465.33707540648,0.3947372551557162,24,6,2.55492018266931,52.64297608086664,0,0,0,0,False
1828,326.6276082981879,141101.9939108415,0.41860577049064635,15,13,1.2559383755597167,54.42563822931819,0.43598634243154416,0.06580322088950828,82026.561738519,89301.01604620498,True
1829,323.2371554656669,133261.29506251166,0.4829390406349891,21,5,3.2843455186657007,41.992647772822465,0,0,0,0,False
1830,319.89378587884994,112680.79435191496,0.48799638172355747,28,12,3.072079571090401,42.984765743223164,0,0,0,0,False
1831,328.62038203486935,142739.84525068942,0.4257867133102416,26,10,2.7009963327022053,42.52214562374186,0,0,0,0,False
1832,310.1625904391937,126350.99821978841,0.618010983314077,18,6,2.350906974974235,42.04320470409034,0.6404869724955962,2.5218975310072797e-05,124763.04182473688,133646.05534230222,True
1833,295.63980260522914,126904.45587990436,0.3070467958994546,23,11,3.9342414703008934,43.40626996639102,0,0,0,0,False
1834,291.50381196265346,108573.4496922174,0.3182007643315675,26,9,3.1884403144873508,45.480882237480195,0,0,0,0,False
1835,320.3427862344805,147030.44315982875,0.45482896144507984,28,9,4.062433045376399,55.34265689629947,0,0,0,0,False
1836,332.77879715154364,130249.80287054734,0.34513907358628687,16,7,4.792206318708788,47.06901935066289,0.35992543145909833,7.245230972673261e-05,210594.37149014467,217286.8762998355,True
1837,333.9515615086516,122110.92260890176,0.4808048330019359,25,8,3.0415920782698986,57.426137594539554,0,0,0,0,False
1838,331.56017871026836,117113.96399003075,0.46815199304544086,19,5,2.33475995081167,41.777238050497836,0.48551028075993813,3.3480101280585463e-06,123130.64705459385,129288.99416709205,True
1839,345.6297505533001,104275.18830208898,0.5892556321969964,15,7,1.2397538094515939,40.8156807933913,0.6101092156943104,0.0009506680604840317,83379.10805582983,86469.52568499422,True
1840,310.2448983620462,121977.87951935927,0.6960583795513398,18,13,1.3823873123527786,59.66270880329644,0.7312960801951796,0.014315401961099742,87475.11911803867,95988.9693371579,True
1841,331.1467259619785,139915.21319267218,0.686494433820491,19,9,1.8622409886356448,46.35725161380913,0.7137890442020206,0.0001867945838954151,106395.8768386722,111513.49369601994,True
1842,301.1851087057304,142722.2773570332,0.46763293313101073,29,9,4.97380861560606,59.49276556421489,0,0,0,0,False
1843,305.3168159086899,120249.99233719145,0.4394457184042744,19,8,2.48591948005353,58.86338411656149,0.46286863468475525,3.394686481491077e-05,126397.9953287467,137040.4297806643,True
1844,330.8346472200661,141651.8988174851,0.5942996161462404,27,9,2.2102591163336855,50.25735559962281,0,0,0,0,False
1845,298.11912199100504,107877.02716211355,0.5143304407304349,24,7,1.7947337553669485,54.52552704751954,0,0,0,0,False
1846,328.5880023138249,144751.45539335476,0.5479131268371947,23,5,3.3490746195045062,54.59233512178389,0,0,0,0,False
1847,345.0414418143007,102611.59892995722,0.42889063850655923,19,10,3.5455959028606587,54.90023830974519,0.4501695486035283,0.00012232674778406107,165299.2123117178,169368.19176441678,True
1848,292.16485110199733,141473.8628867215,0.35559215468020017,26,6,2.2356504861745705,50.13858882457859,0,0,0,0,False
1849,316.5351091874687,118251.25127405305,0.3606990889654749,24,10,4.704579607669101,50.78565993226869,0,0,0,0,False
1850,311.5009743279255,128513.23238535403,0.45830348294580203,21,13,3.1251063512537085,56.7288659405132,0,0,0,0,False
1851,316.9814102149154,140071.53465982908,0.40391161310860535,21,7,4.781356609494768,47.213690899351086,0,0,0,0,False
1852,306.53149583199564,102205.00659557179,0.5052895239994806,26,12,3.0657525048627443,45.86230973980163,0,0,0,0,False
1853,346.508888613685,143782.24506997236,0.6484795139480892,17,9,4.742096648718952,40.35438028875165,0.6709520201465338,0.00035708764481147393,214390.04460064974,217034.8693404092,True
1854,345.36854295585465,108535.30471740042,0.6161528951446057,16,7,4.446497931383053,57.12536042571367,0.6470053499522801,0.00016760837651403986,199908.861711177,202933.9839315912,True
1855,317.6647509374677,100844.70581758041,0.5815186802882428,28,8,2.8046591006584305,54.90437860075086,0,0,0,0,False
1856,323.4432090749731,133097.1042763719,0.5949291781790931,16,6,2.2894346984822986,49.9853211399508,0.6209312896870881,0.00012642362050590322,121439.98791974186,128291.43232500847,True
1857,340.5833425704051,101662.26498736338,0.624815202671047,22,6,4.715859966027058,55.90094386154513,0,0,0,0,False
1858,325.61682505010253,108569.22904915492,0.6754840505133036,28,5,4.532569928714453,55.695962397909454,0,0,0,0,False
1859,328.5626702779151,127407.99581366722,0.34127332014690426,20,9,3.974424279896633,57.14143845942372,0.35920165398669557,1.6670583138480718e-05,179094.29663312502,186532.72338934898,True
1860,348.88355506804305,125000.26377932413,0.33604251332503965,22,12,2.0202324835775705,55.233998303080355,0,0,0,0,False
1861,336.9309791992486,105978.88267475899,0.6269520150520069,25,11,1.2211536563131111,44.85071513848004,0,0,0,0,False
1862,342.204173971094,110934.38855473767,0.34941678859788317,20,8,1.9629469639094537,46.822750016148525,0.3642966574478583,1.2899063762422566e-05,107797.62580274027,112836.63490564295,True
1863,339.1581861596612,129920.82956731925,0.6555466424217595,27,5,4.659662574332546,47.21075427054566,0,0,0,0,False
1864,325.5914292487915,115742.7881973252,0.5560220047450388,17,5,3.2225074219987686,51.025867782274815,0.5810256091401556,1.7877492969822324e-05,155430.02106815844,162126.7764391542,True
1865,324.55671265541355,141351.81685212263,0.47857701817652387,15,5,3.8943722477398426,41.00270337617643,0.4959463100683015,6.09049742336384e-05,180981.27382905377,188257.11841274935,True
1866,336.49525740606043,149360.37875352654,0.3611977220006191,15,11,4.468511412682215,45.35172924395914,0.37585538490250214,0.004669103130571448,199457.09796386267,205408.32146242034,True
1867,338.9353739492678,149834.1728474446,0.5006844922133808,19,13,4.120873921630872,57.33072785581123,0.5262930057098714,0.0015002086726172536,186767.0117187575,191497.37779980162,True
1868,321.5163464835612,117141.5305706415,0.36468109394785897,27,8,3.569851953977107,40.1554414906236,0,0,0,0,False
1869,331.1217839475716,102517.38866665188,0.6711039395606283,28,8,4.8814121057153805,45.096554345986824,0,0,0,0,False
1870,304.4690646916854,113211.1580271038,0.4300764867292016,23,11,4.407495656466424,40.31816773486708,0,0,0,0,False
1871,325.5329666364374,125740.95246318352,0.4585178850317672,16,9,3.744420102686651,47.741417316170605,0.47805274952983795,0.0006348289083457414,174087.9078538842,181321.75964117164,True
1872,321.54697088616217,108739.0623516551,0.6973763882714414,21,8,1.9828075817221888,56.21756341519096,0,0,0,0,False
1873,296.01859814958783,119910.96912482692,0.4540255733123674,27,6,4.974929201517633,54.88956358932991,0,0,0,0,False
1874,314.5167041107494,103144.24795720441,0.38820437994931084,22,8,3.6697214772198627,41.93054441526277,0,0,0,0,False
1875,317.1077938707746,114712.87013899682,0.5989300038605304,28,7,2.546684514489712,56.87040997410369,0,0,0,0,False
1876,316.0068615700648,149138.93479643587,0.531218190301588,19,13,4.392231112472844,59.87239641737685,0.5595098088079932,0.0015370763286053268,196563.6002094318,204974.9232643939,True
1877,292.5286336347091,116791.81171226865,0.6659115535090306,18,13,4.7567782783552826,57.583939144771755,0.6990327520506099,0.004352826306966115,211597.24408723475,223008.19756503968,True
1878,328.3304194711391,131195.8369314657,0.5827861287286056,28,6,1.572117054927557,46.32142400181901,0,0,0,0,False
1879,340.8990885508688,106033.99730566583,0.3912739623917006,21,10,2.2143058104144524,55.48323510387817,0,0,0,0,False
1880,312.20059124216857,109970.2296772765,0.3082490865508065,20,5,2.433274687941771,52.4674603116607,0,0,0,0,False
1881,321.0521470317807,109704.72775183729,0.34252783071461046,15,9,4.555006522372949,58.69798308408571,0.3609886620425874,0.0008705823873953074,199729.62343309447,208417.847728813,True
1882,349.1288726276312,109728.20138284963,0.34358597644965616,24,9,1.4427213555824712,53.593309348912214,0,0,0,0,False
1883,334.12775750336016,129479.36521706133,0.4954848526855492,17,6,2.030204132814276,48.9692772791868,0.5170523799255877,4.6259868777037126e-05,111349.30351051182,116926.80505562191,True
1884,296.4647923816226,147235.5745215915,0.6477119487993908,27,12,4.722578130533679,51.121666339299026,0,0,0,0,False
1885,296.8365959884179,104250.45140099085,0.6922918275781822,21,13,3.1081748476255413,45.56576361541012,0,0,0,0,False
1886,300.90973056194827,103312.63345434125,0.5846568642961574,19,8,4.674333335102539,48.29652780182364,0.6093585295654996,2.7819229853382478e-05,209716.47415779807,220238.454605164,True
1887,316.82736501858824,105272.935456133,0.6036224552770402,15,9,2.5946021877987686,58.278822181199246,0.6344151448996295,0.0029372532336168797,131723.62062621996,139628.19915491415,True
1888,306.9707474213949,119935.25079113198,0.6267398291083983,27,9,2.3086677547940173,49.22839681526892,0,0,0,0,False
1889,301.5207087031793,101368.4996835218,0.41026290188697656,16,7,1.3955949743673466,46.61534809452312,0.42746715739423463,0.00022474319337909042,87658.12258115238,99065.86778843252,True
1890,319.79063917165945,143418.7862089706,0.6277734366682401,21,11,1.560675244274141,54.76567115533576,0,0,0,0,False
1891,310.75039591083026,127664.74175904198,0.5168450126338209,27,9,1.2950939360785454,57.99175651014825,0,0,0,0,False
1892,341.60845220587174,145517.73332763545,0.6882667364834987,20,8,1.4146889888717356,58.8592818643916,0.7233843811020313,5.1323858639830484e-05,88701.8757434446,92044.23622042581,True
1893,291.15759156538326,124960.56431705381,0.6938244750728247,16,10,1.852724149048469,58.25515710721201,0.7285599149931994,0.004995964741219169,104872.63986851907,116356.3529679808,True
1894,300.554602375235,133419.20996174644,0.3198135305066546,18,9,1.6877059757397328,55.44164226814494,0.33614149146785455,0.0001476896248020509,96707.28892504757,108845.08115132857,True
1895,338.64026824020453,124797.62036416744,0.4388363742360845,24,7,1.301842438003143,44.18225012476261,0,0,0,0,False
1896,311.7046089244185,121249.91856278812,0.3583184064606598,22,8,1.6751639820613662,41.39591220823568,0,0,0,0,False
1897,307.7467615742813,145868.0737669916,0.37584659857660685,21,7,1.5119855157231985,54.706187107756854,0,0,0,0,False
1898,297.10141202750503,106164.21987686917,0.48868417253892493,24,10,4.338592277303242,48.848098643408875,0,0,0,0,False
1899,333.49224444590556,129732.94764514339,0.6423114915261765,22,13,1.20766315236641,51.17461663146566,0,0,0,0,False
1900,292.66609543021866,143271.32855926265,0.5003349356171556,17,10,4.081363870274023,43.784094275501054,0.5196786512222,0.0006522098129989133,187688.53286762908,199931.4125105693,True
1901,308.24402308680294,145729.67723462658,0.3623897164003796,20,9,2.1543527344073086,49.20001040050944,0.3786046043117776,2.8437901755236758e-05,114650.67629183085,125289.06506041581,True
1902,294.00735641023067,133422.89037955258,0.6530001369116717,29,6,2.955894167864163,44.917583076258445,0,0,0,0,False
1903,302.0590080656053,140253.68215201108,0.3278355421148136,18,12,4.90679613186271,56.860359403905676,0.34496805549506687,0.0007729175580950261,212428.9777123492,224277.15869396305,True
1904,299.82828004459594,138031.45070130622,0.5180594306859466,27,9,3.032549170672274,54.9266158813201,0,0,0,0,False
1905,308.688230686544,133607.96894491877,0.49260114073451244,19,8,2.5657015984015894,42.660837688379914,0.5111862298797345,3.654362280496378e-05,131774.6180747273,141560.02899810384,True
1906,341.0980894503065,145359.38909892214,0.5825723642632266,20,12,4.5897297412357005,48.698522949639255,0.607396076253617,0.0003209792362465429,206490.90763772128,210411.7941524722,True
1907,332.93350002380816,143351.4916720906,0.4181467869023761,26,6,2.9742019400943276,47.382147211040646,0,0,0,0,False
1908,334.9097412949104,147139.63944979678,0.5616486411692655,16,5,4.464743913443643,54.43413196231486,0.5886462760672222,3.211637092254516e-05,200572.27981951818,205670.50205709663,True
1909,327.81734008105457,140037.86703239696,0.5401888861219071,17,6,4.339790955829115,58.5713776549309,0.5683364785526798,2.8966566888828736e-05,194991.3857338892,201405.7016826117,True
1910,331.93791354841727,119463.51990407164,0.5913498028740327,24,9,3.703889489401325,56.857943911508485,0,0,0,0,False
1911,331.2771928387374,105087.11630524359,0.3648451181554545,20,6,3.6835465024375775,49.32517946713021,0,0,0,0,False
1912,341.5886754475814,106342.004811775,0.3584865484705454,28,11,4.689687006515501,41.29214995780203,0,0,0,0,False
1913,308.68279155983123,132532.45805467461,0.4713826209309092,16,9,2.85833491578908,50.0726207100777,0.49243597565178454,0.0008268525632601241,141399.08426825935,151312.48908189987,True
1914,312.59637131524227,104896.93437195351,0.48462462228082553,19,12,3.3750429697279865,47.50295335931769,0.5050697712623496,0.0007421302832202823,160870.0718107398,170080.33939021206,True
1915,346.68877313016503,101468.66881301442,0.6807736561375186,19,11,4.523229258592961,41.70816639796192,0.7050463470737148,0.0003990657787619565,206178.58379947572,208646.05557223465,True
1916,318.81141602836533,118889.54876102984,0.47309929460684175,26,6,4.657775157103743,41.77588138111874,0,0,0,0,False
1917,302.8102454819758,147041.83253664244,0.6045026816245218,16,5,2.418844723737452,58.31142504177205,0.6355014168544235,5.954160627180163e-05,125281.6855620778,135414.2572602325,True
1918,300.8340754579832,144922.65051835953,0.5848377391001032,25,6,3.9779298963903464,50.90458962165518,0,0,0,0,False
1919,299.8091355460265,105717.10697054313,0.3314393826807143,25,7,2.5208284889956505,49.52540088157557,0,0,0,0,False
1920,339.11061148035606,149593.4598039989,0.5373274241658681,25,6,2.1211668619580113,41.61607584500637,0,0,0,0,False
1921,341.41317368508385,111241.67114678532,0.48962713829543486,21,7,3.3513300012906395,43.265231057508174,0,0,0,0,False
1922,297.81258873218496,142153.5570293351,0.4702664288099218,24,6,3.904575091505947,40.542968220618164,0,0,0,0,False
1923,318.4230892302668,107556.25039430012,0.4144163585581014,27,9,2.5572407185717854,50.806898466227395,0,0,0,0,False
1924,346.7491617693036,121829.62153872862,0.409074186674971,25,13,1.7404070653020711,50.87467884916214,0,0,0,0,False
1925,319.70445039378137,128035.61144429733,0.32488702274226255,19,9,2.106820345053766,46.468505609073546,0.33866775745632505,5.618407914203687e-05,112789.96895558957,121807.36716017779,True
1926,303.45314729140324,108291.84908096427,0.30069746646053225,22,11,4.4856566805229185,55.13732811506172,0,0,0,0,False
1927,316.5808713590093,149241.16901646604,0.5005745658397807,18,7,3.261254863040552,42.97446501745616,0.5195789190026828,3.088774328206224e-05,157517.18698825449,165984.7992044672,True
1928,323.51222028492595,126156.84431691706,0.3429556984392936,21,11,3.738418958216947,51.575848125217796,0,0,0,0,False
1929,331.15872765309666,137967.83811784926,0.5450404962435111,22,11,2.2876396336304508,59.090896288629004,0,0,0,0,False
1930,335.6433553237538,114274.23955697345,0.3043344804031166,26,10,1.7157952781317647,41.862227047997294,0,0,0,0,False
1931,344.9628625728385,140115.763966048,0.6104522208980175,15,8,3.4387007511693337,48.18210401199626,0.6360229344845383,0.0010195700554936741,164262.68754916074,167372.1080221251,True
1932,318.076271260634,130901.43880955777,0.6943813536996879,20,10,2.3928240900938613,42.31099341279722,0.7194591857312247,0.00014882797968024047,126629.33681771891,133867.49876877278,True
1933,339.2904448306531,137135.95082746074,0.32366691337871145,15,5,2.4500772333120526,40.1102893304582,0.3354515614873026,5.0733804189670893e-05,125977.59397840433,131683.04287209883,True
1934,311.0743486981246,147613.4180059018,0.39899491774754064,18,12,2.1444362907144496,55.31456383737194,0.41896101057631513,0.0018736530845984206,114017.48393534042,123977.33819613104,True
1935,307.3190191348684,134190.55277356488,0.38368362804402467,29,10,3.5218313786683932,59.293143887611095,0,0,0,0,False
1936,346.2280291298835,133981.81362416514,0.5345148515973446,28,11,1.2068213307284381,58.163228417961655,0,0,0,0,False
1937,290.30681616634683,138003.2800096976,0.42166298773815974,19,12,3.575172853969378,51.587541435252184,0.4412642556829903,0.0005964123056221824,166794.8147516131,179866.33494805548,True
1938,330.54637155727545,149380.00333535552,0.38088702117674605,16,7,3.9139238300446912,56.54872346602433,0.40054155037512573,9.862717524691778e-05,177685.28642616415,184538.9731343,True
1939,296.12526578681104,119047.31241003775,0.39468946691653745,17,9,4.449131961544931,54.01292752333313,0.41404758117684703,0.00020431946478738456,197751.8193995037,210099.69829524186,True
1940,338.72388934654566,142704.14633351474,0.6245403938008827,20,7,2.8828183429500935,40.58181951518218,0.6464124075797637,9.306138774432147e-06,144804.8079118694,148915.98904382688,True
1941,304.2674592358464,110821.89958556814,0.5564958617610388,29,11,4.3014116219863885,46.00840290497288,0,0,0,0,False
1942,307.687453448785,127976.28468712102,0.3018813718375408,21,7,3.3983471246866657,52.633719826917975,0,0,0,0,False
1943,294.3527093062129,113494.95932903695,0.5432341095509683,26,11,3.1595578496533587,56.842736498111805,0,0,0,0,False
1944,310.3708303563484,108187.12697279142,0.6144928993770404,29,5,3.081021979019029,58.370158941145476,0,0,0,0,False
1945,342.0118932112026,145406.81172182778,0.4685895988634643,17,11,4.576598650602525,40.564299302170404,0.4853948956691031,0.0012200055471436007,206146.13321452183,210504.1774761857,True
1946,345.5931994198332,117886.13735161198,0.33357558021278744,21,6,2.9101010104923857,53.60191791792152,0,0,0,0,False
1947,322.56740911620193,126917.40794724603,0.5413859155532601,28,10,2.5524585261698505,51.69253040623813,0,0,0,0,False
1948,339.890880172621,129617.03429492476,0.3940689135707497,15,8,3.470957569650521,48.99237275583829,0.4115064117437673,0.0005624298818440719,163008.73000671284,168176.01269536305,True
1949,309.59003562336784,144031.37862719572,0.35527881486100454,18,9,2.6035011584492844,47.19978768120842,0.370515749392188,0.00012110203634510261,131130.99007855935,141597.86414694274,True
1950,341.75908280836074,131495.88303379682,0.5261810485697905,19,11,4.614122881543166,54.357617102545355,0.5515806568017373,0.0002828816211343893,205657.8762564909,209761.53985236396,True
1951,340.8762599319937,112662.2081006978,0.3319487981675092,24,13,3.8022564544272734,46.77968848476887,0,0,0,0,False
1952,325.83439469521545,137950.25477678812,0.47221493683283855,20,13,1.720256235348234,47.22981277431208,0.49203887714140215,0.0012078407853293037,99962.37714472473,107066.68309210858,True
1953,338.3399977577407,134440.24678777918,0.4729253869414841,27,7,1.615647927582069,42.70930872623868,0,0,0,0,False
1954,311.0891568774983,136722.5772182388,0.605032280313489,16,6,4.644147288110363,43.32704422269967,0.6277830544991316,6.996407749433644e-05,209775.04698092374,218576.49040525936,True
1955,332.5460156239351,127132.13489507214,0.4367887692025516,28,5,1.5135481527635113,47.91014799254422,0,0,0,0,False
1956,319.6634291480712,145369.09129634983,0.3144077328178997,27,6,3.1874542929251932,55.507237504743564,0,0,0,0,False
1957,322.61155514005435,129669.43134501476,0.691724577482205,24,13,2.131606952972229,46.71379330678428,0,0,0,0,False
1958,301.9152605970684,140043.75766313958,0.6751438380582275,21,10,3.9708144627927737,47.60579405251711,0,0,0,0,False
1959,337.9063293961079,135871.0199165227,0.448467436242727,24,13,2.276671865866504,47.75198225759212,0,0,0,0,False
1960,314.4587338202214,100605.94966130497,0.6121482226516594,15,8,2.921487398962359,49.94177010484577,0.6387521906356425,0.0011863151113663184,144892.7015623935,153128.06971403462,True
1961,296.91242629495537,143093.24640939484,0.32544169801410117,24,8,4.598814452923593,52.88802107392053,0,0,0,0,False
1962,334.96656408405005,131560.27471692176,0.35463243036606634,19,13,3.3158698266845876,49.263818480882186,0.3704920573515551,0.0011516172853613508,156742.5685918888,163001.7668985948,True
1963,312.4814703847255,101550.1361250809,0.6452889204111399,26,12,4.100568968000062,53.75213520454763,0,0,0,0,False
1964,307.629763612388,127372.25326340827,0.5954465105906206,17,9,4.399261249071248,42.729839214048255,0.6175434621587403,0.0003409941723499116,200697.4491703439,210098.72876066982,True
1965,309.3814614072697,139064.6024765253,0.37459743878185253,22,8,1.8252206802301139,52.301554912405145,0,0,0,0,False
1966,324.8167351840118,107172.49136836117,0.3569007988499334,17,12,4.7329782915609835,48.567672025806175,0.3725851329504108,0.001956196859890043,208390.22956757824,216355.32241242653,True
1967,341.3782852216074,122018.98583266351,0.4362330751631326,26,8,4.539811529276562,47.803949970706185,0,0,0,0,False
1968,339.84921290899536,113585.8160217235,0.3879746567054349,18,12,4.066500116206174,45.8762796354294,0.4039999983576896,0.0010811319845098171,185159.39186719712,190369.717095693,True
1969,294.82657458363207,140339.87327290673,0.6675938539239551,23,11,3.9939191211009453,59.368650591603284,0,0,0,0,False
1970,323.6234417715638,104182.03160965067,0.45644164098663287,20,11,2.0592660736844457,40.100606882934024,0.4726861955153225,0.0001958436598485013,113036.87322455127,120595.95312426775,True
1971,310.4969610306818,119785.11681290418,0.3035294273364414,24,8,4.71500629863937,41.42952553027573,0,0,0,0,False
1972,298.5521322903244,131046.57047297826,0.5515238849392343,25,13,2.5513919965178635,40.66935316147348,0,0,0,0,False
1973,332.4275476668805,148202.22673477663,0.3861595134714997,28,5,3.0239914204641742,54.32825902448095,0,0,0,0,False
1974,316.31626843818765,140201.13788460524,0.41884381088522804,22,10,3.3270775544053164,42.35521449593026,0,0,0,0,False
1975,323.05919132715115,138858.68869241085,0.45802053794879555,27,9,2.9152641805338844,41.46410327259167,0,0,0,0,False
1976,309.670083496789,128580.07897164859,0.4875608355374751,21,6,4.514511170921686,42.75489307331971,0,0,0,0,False
1977,332.98276516185473,110103.23136595587,0.6966088376526167,29,8,1.5587408786580728,53.31775754571428,0,0,0,0,False
1978,307.1451182252006,104748.07536019007,0.546084018729664,27,6,2.248702127642327,58.2893629082252,0,0,0,0,False
1979,327.7812772032703,126376.89221261295,0.35105416668354084,20,7,1.838477810268802,56.31648116609746,0.3691870407689742,6.32140734591539e-06,102372.05866035861,109877.0543246359,True
1980,336.720878171462,148303.86895073197,0.49679865298562675,18,7,4.8624826539997485,54.10908093699318,0.5207984862119597,2.2313864156129593e-05,214408.2284302049,219538.33121937184,True
1981,344.58378977712607,149920.4413908942,0.6825119417176166,17,8,2.6536092229908883,54.04402090469908,0.7143745486194172,0.0003112408159207229,134810.31959893662,137653.79995062808,True
1982,320.67210447957484,116769.82864088943,0.3386825613967344,15,11,2.8645303325198137,46.90608728267855,0.3528969048084763,0.0061230791999609645,140440.65357436895,149208.787213636,True
1983,319.1715235994691,105697.91691640414,0.5401141379907004,21,13,2.984027392420643,58.79162470971349,0,0,0,0,False
1984,327.4557443387505,131330.29861456036,0.6212393370360626,19,12,3.3535967530158306,47.322001613928556,0.646729372054321,0.001055658705562363,161317.6302385502,167367.47733089398,True
1985,291.61297506432726,111770.86572589853,0.3980992872547555,20,5,2.1084967728437984,51.32387837433923,0,0,0,0,False
1986,304.85638183799733,145757.50915517952,0.46596202242285717,26,12,1.800917652231746,41.40342462959563,0,0,0,0,False
1987,343.61563780173805,100504.60050516573,0.6808462484712245,22,11,1.4393967661246403,42.75198899372281,0,0,0,0,False
1988,324.76701536723704,136094.25387041012,0.3460225007476774,21,8,2.4104996558066194,56.6916878000124,0,0,0,0,False
1989,343.36858986001437,145555.35861607286,0.36149585470801016,17,11,2.0132118406834394,54.57971674927219,0.37944566072374325,0.001725309880375891,108961.81759904759,113723.33409962023,True
1990,301.39742103526703,107130.57924069378,0.5842288929622911,17,13,3.2320973263678052,42.608582388623205,0.6054843434760073,0.011212802806145077,157253.23985337943,167691.87878926497,True
1991,337.938867078724,113220.54110540939,0.5111588491215318,17,12,2.603763963499362,52.84001963562595,0.5349497618017784,0.005055243707032117,132083.3293986137,136926.5780527316,True
1992,335.2666167139779,136316.84588974802,0.4904576956786668,28,6,4.462328379620386,43.70039014814745,0,0,0,0,False
1993,313.7147003864893,138519.0740767397,0.41690153958396925,24,12,4.226269651421095,40.98764843546314,0,0,0,0,False
1994,345.80881392459327,134323.41980541346,0.48254151839068204,19,11,4.05681626319544,42.49389488507005,0.5006952386298619,0.00027654453523930523,186781.15962565836,190399.7821823207,True
1995,311.8900280482536,131188.1475855674,0.4268349841519906,22,8,2.2904460428992808,46.99471893193532,0,0,0,0,False
1996,299.6838859452128,117212.2697775815,0.359994781376885,16,6,2.9857192338347005,57.117578102654974,0.378836732785691,5.14763450138327e-05,143764.26433526835,155779.04305353362,True
1997,298.24050492119636,114240.07188251408,0.5523246808699788,17,8,1.4189379703909173,56.26124959175583,0.57983786528364,0.0003636347247380397,88584.88044024045,99700.38892652362,True
1998,322.67073515987835,133186.85845227345,0.32399494496572623,28,9,3.2725372050760786,41.734190796985715,0,0,0,0,False
1999,301.02195461907945,103192.45560907014,0.67756265858013,29,13,3.5676281662699525,49.2788851027712,0,0,0,0,False
2000,312.5119263212717,101934.609390026,0.3828169205008676,26,12,1.6688842316550558,42.24461060974276,0,0,0,0,False
2001,293.60055978517164,143907.41570657134,0.3490521237557161,19,5,2.779938981074546,46.673016947682264,0,0,0,0,False
2002,332.91110574017404,133838.01512376493,0.5522645904703587,18,5,3.785591784407451,58.997486576414175,0.58120712352759,7.1163347069912355e-06,174800.88231075826,180290.97226152118,True
2003,302.58210071062985,108250.03666470174,0.3096488850892368,28,7,2.0105486880028143,51.94383318831456,0,0,0,0,False
2004,321.8858324416687,142470.53534514346,0.32507023322033163,20,7,2.2861636071821043,41.60331834181469,0,0,0,0,False
2005,290.1233272727261,137264.94455964025,0.5427805420729278,18,13,3.873977960258129,51.20643102966312,0.5671590590438575,0.003914520147160221,179251.8191998194,191652.82256175095,True
2006,326.93485491629065,129852.43763351826,0.5881157514896048,22,11,2.0003382877232823,49.75460611344177,0,0,0,0,False
2007,317.16081241802857,145879.56587905908,0.41667051777876213,22,6,2.0307613712626114,58.518506811885594,0,0,0,0,False
2008,313.08442751184504,131571.4368842783,0.5318459135021325,22,11,3.4419811444072232,45.16178456727387,0,0,0,0,False
2009,311.42997341979776,135506.00985685512,0.6032789421113236,19,11,4.426873906203237,48.71215210121936,0.6288990837933686,0.0003480974680150374,200667.39368261799,209430.19412552204,True
2010,320.8999606117153,118133.69055110033,0.6450743831878403,29,13,1.6649476605815452,45.816141556176255,0,0,0,0,False
2011,349.36633902427894,106120.69770614595,0.45165699544412935,17,11,1.4282457355844789,50.34185904608095,0.47191612729526383,0.0028999930009113847,88839.00911750305,92009.56162067206,True
2012,348.04798320986356,112892.59969910835,0.5882529685703335,16,11,1.9426565650210277,44.687611107298395,0.6108628947880393,0.007726036896207183,109148.65493583588,111821.44111699976,True
2013,293.75614111216146,140859.8844747045,0.6302368738164232,16,9,3.0451049342431595,57.58544036491519,0.6619300424210618,0.0012117781994481064,148492.32870450366,159892.2038032273,True
2014,313.28013273178414,117703.78545633247,0.6196311717303614,17,13,2.008030199616597,47.29630457725126,0.644338659573244,0.018316193861299044,111464.55563353069,119843.61409184216,True
2015,330.7625844841422,108788.86779107615,0.6983355067355406,18,6,4.1718449903303645,58.5669281448686,0.733718772706289,2.021090623285485e-05,190086.70388406227,195236.32658689926,True
2016,335.6942752252536,119101.95915915733,0.6749198606389297,25,5,3.5544741495251326,56.74320666350117,0,0,0,0,False
2017,344.1965238149949,147537.79893126327,0.5865076718979194,24,10,2.040908693486841,50.314067342520126,0,0,0,0,False
2018,337.6171096188918,115896.16969507658,0.5207788324433035,24,8,1.5953911987446001,47.49204319299678,0,0,0,0,False
2019,310.91471029258696,145265.18030603896,0.43365727395237885,20,5,4.455534984610222,42.506821782373045,0,0,0,0,False
2020,298.23053552408277,116915.85908560621,0.3817389437525852,29,11,4.9830068599037824,53.50697785552438,0,0,0,0,False
2021,309.15022312710516,132724.1939153845,0.6560723202921935,29,11,4.0274625502279715,54.555053348792995,0,0,0,0,False
2022,333.877587979014,132059.35549452165,0.4264035075241084,15,5,1.941717516959633,55.76870997649017,0.4479212944012143,9.034079117936728e-05,106865.96955064643,112882.01267463982,True
2023,346.31709729520395,133802.98082447253,0.389438613011185,23,6,4.869792087394807,57.66300091860863,0,0,0,0,False
2024,344.55217526191615,121302.50944143563,0.3117382896049845,22,12,2.0691779031007242,54.47614109301441,0,0,0,0,False
2025,314.8274088634214,139207.92170618812,0.4908252054576001,26,9,4.927019404560333,43.607341312102,0,0,0,0,False
2026,348.8620669961431,134290.2439795366,0.3305175772896168,25,11,3.845497646232774,42.227335610072444,0,0,0,0,False
2027,347.9570801558977,145309.94117420976,0.4868221838917066,15,11,1.3222396924270212,49.30183824907658,0.5074618972399064,0.016734241543983057,85263.94072490073,88482.51191148878,True
2028,335.46399331092516,125890.02346305769,0.5512105688664104,15,8,4.067617196054854,50.61295824560803,0.5757756100879191,0.0007622150239380122,186562.39845016165,191616.72526954158,True
2029,317.1793369637655,122374.82292688817,0.3832855364165345,15,9,1.7442042826561825,45.88258979624204,0.3990933596942939,0.001999441914453666,100246.6055781534,109307.46221105006,True
2030,295.3513722683521,117259.43113222845,0.6338028055444797,24,10,2.1273670712582486,57.88609047606694,0,0,0,0,False
2031,291.1032666132421,145988.3856623113,0.43394832150785073,27,11,4.942722883530454,50.716977399062166,0,0,0,0,False
2032,320.77710976082625,134803.75026465725,0.540701947854963,21,11,2.106370420465607,50.65772026740729,0,0,0,0,False
2033,346.29910904954176,130219.82619684358,0.5482809507276005,17,5,4.946992134619369,46.284984655438045,0.570582670369594,1.2353835023876821e-05,219789.7252988785,222975.59131775945,True
2034,305.3603639704225,145682.48883910268,0.5741057810865107,16,7,3.8093825711538614,42.29300944467152,0.5952690368425017,0.000166662859607031,178656.85974107048,188525.81455642157,True
2035,309.35920424192017,128108.21401037744,0.5510847122922822,25,8,1.8543479003156693,55.31028563339093,0,0,0,0,False
2036,349.51983419393724,124823.09634001643,0.3802573970629869,20,9,4.918687920484935,48.686881550540164,0.3970365094862543,1.5400128044319185e-05,215586.65162678336,219145.37702009184,True
2037,293.23563880023346,148860.37041361872,0.4255457873043355,15,12,3.614577623259402,40.27745841292583,0.4403063364963182,0.015014723136214278,170073.34233446253,182662.2662561541,True
2038,297.83451809175165,118821.19766424134,0.36377119734840124,19,11,1.9718303899224514,53.490828552684825,0.38151697104644394,0.0003487060560493539,107597.98737512605,119874.78220945303,True
2039,290.77871762944295,144459.37060456717,0.6657419131045619,19,11,4.334623838095883,58.827123831898824,0.6998085873015213,0.00041803254799456345,195841.29375231924,207518.6118454432,True
2040,330.3524134265705,109516.05691924025,0.5750941003000216,20,6,3.9897640610527594,51.58892369041048,0.6011797295810584,2.9154400231626486e-06,183758.15945804326,189557.4606407643,True
2041,342.55241415061755,133852.39725564566,0.3001703261973471,17,10,2.4254354132390605,44.75748359158999,0.3124458157701399,0.000524151076824894,124227.56331218054,129520.49945755646,True
2042,340.69972963550606,109604.26132177905,0.4579285257409,26,12,4.262709836687208,47.58830142124305,0,0,0,0,False
2043,328.9870485162037,140818.36980510197,0.5902339687344351,23,8,2.3531133380248956,43.615819606811336,0,0,0,0,False
2044,320.86427491810167,128363.80985744279,0.32518432333505015,23,10,2.521553778920198,43.975214237777564,0,0,0,0,False
2045,314.8968441479784,113817.03734276893,0.33093361248625597,22,8,3.029703264433726,52.02132357629861,0,0,0,0,False
2046,311.2089016596805,118745.36959256863,0.4321178090431359,27,6,3.722359938208677,43.123685082416195,0,0,0,0,False
2047,301.43217398977066,105069.90560366864,0.3270381552384179,17,13,1.287226540398166,40.11322931348066,0.3385936736913022,0.00956056915506923,83547.41928434823,95493.08104421264,True
2048,296.6477361780203,122804.7865997497,0.6542486499274554,28,6,4.4091395132239874,40.68625439985638,0,0,0,0,False
2049,349.79548169267014,112740.75119932726,0.3453044054734893,29,7,1.392766662276609,59.889847003574246,0,0,0,0,False
2050,301.2944781874041,128463.60764890573,0.3083820010561775,16,6,1.8742926735050307,51.4092069647686,0.32295900419184875,5.828123389199939e-05,103686.6960610184,115783.19396583948,True
2051,332.15820942496896,100777.49021482233,0.4734790779581928,22,8,3.6347754767790583,58.660822100491714,0,0,0,0,False
2052,305.62079432906654,120946.27808391403,0.4842080710625636,23,11,3.8488280041161493,54.61122978933173,0,0,0,0,False
2053,347.30842254846965,110573.75426794055,0.41117070412060447,16,5,4.134737589015396,51.28387952150571,0.4302263934586341,2.162565041873729e-05,187084.22459065463,190853.50810553192,True
2054,291.77279659000203,125553.95881550013,0.5403828666509023,19,7,3.378418261299033,41.876066749342236,0.5602196517797139,1.4690979652607672e-05,162412.26955449706,174567.66556824883,True
2055,319.4353311389297,144797.58452034462,0.32458426101973636,18,5,3.516716248148578,53.992434313150056,0,0,0,0,False
2056,326.1912615828675,134717.60393420508,0.3982588996498147,29,12,4.619826286104896,51.80016349724415,0,0,0,0,False
2057,343.21797659016596,120344.13911788428,0.38161705255462497,25,6,1.5307511036736154,40.264356713500604,0,0,0,0,False
2058,309.19034155691327,139416.60992373343,0.6210998642629686,29,13,4.958603953070899,53.487876670061176,0,0,0,0,False
2059,346.62259012242515,147502.80125748302,0.586703388743918,22,6,4.588990305320568,48.66306527005746,0,0,0,0,False
2060,322.48804701409745,111068.07986046853,0.3770942588014035,25,11,2.761369344343542,55.94535215156834,0,0,0,0,False
2061,305.6266000956325,104626.23926417757,0.5844111606841587,20,5,2.536441212894732,51.131683969661104,0.6106319509870258,2.054927669134586e-06,130352.71097779508,140137.5520588655,True
2062,325.4013746098782,143543.66600967353,0.3285852039892823,15,9,1.3479010491267147,58.191537948399095,0.34611372120866535,0.0019771840204533555,84339.77609417593,92390.13381880088,True
2063,320.47140720841276,144683.5387344269,0.6078805089640507,25,11,1.3441939988954459,49.176369089390754,0,0,0,0,False
2064,343.805559244069,108000.60995319064,0.5395503331999167,26,11,2.606521591508793,56.93895479343698,0,0,0,0,False
2065,304.38788319053975,133309.89395402925,0.4820548751904318,29,9,4.9002998172880705,52.47834875928238,0,0,0,0,False
2066,307.29028239966556,111484.76163549832,0.5714240997348743,26,10,4.381167307493091,44.359015792983776,0,0,0,0,False
2067,301.96903856237896,133587.5027514069,0.6844385772472137,18,7,2.4198817936507178,53.5803189139817,0.7161047373077866,6.8002628879251e-05,126248.72484403438,136113.56224744773,True
2068,336.9500480307978,149623.59471582586,0.5738873206769242,20,7,3.9352220423554236,48.27586231105704,0.5981735388444415,6.348309490655402e-06,182305.62239922225,186982.3688848824,True
2069,333.08100299208087,103704.41572700602,0.35097151728762843,26,13,4.5923306726298145,54.5219554901323,0,0,0,0,False
2070,292.045960507711,143028.45950251818,0.5102451087924602,19,12,1.6108897119708125,59.460967189889644,0.5373221662510524,0.0014696203797120646,95090.47443304166,107387.76240300664,True
2071,309.7303672509142,111635.89655732662,0.3819030148158386,19,7,2.064463220807844,51.53486909359867,0.39978174495235536,1.4154828882619346e-05,111342.23900254397,121624.13099239771,True
2072,331.70735493595896,148639.34800689897,0.4943342245776814,19,6,3.4083532121776043,53.04434607931195,0.5177350451924334,6.085170708622062e-06,161361.40134788764,167356.65234046892,True
2073,294.33453749977656,122760.30537469995,0.4356122996947979,25,12,2.062762316262351,58.92376757378271,0,0,0,0,False
2074,296.59854692667585,146645.8619475625,0.33372606923333076,16,11,1.7298023604102521,40.498564991506846,0.3458439443928047,0.0037147019351846783,99745.14109327308,112399.19804902698,True
2075,321.11335721055025,137897.97223963423,0.30387458171126436,26,10,3.500975319539971,44.20234445186636,0,0,0,0,False
2076,306.21682723781305,131921.97639825195,0.6052120575086521,23,9,3.4582759363989473,44.59733955682838,0,0,0,0,False
2077,336.0179033156739,118842.83100912577,0.6964834119894459,26,6,2.6229071067331002,52.098831616226775,0,0,0,0,False
2078,322.6303650428622,129725.60105872857,0.47711378355179646,23,11,3.324534182840906,55.846812806059155,0,0,0,0,False
2079,322.2941325355172,117378.15214139974,0.664665481449712,19,8,3.6916894788875254,52.70411805798523,0.6949983307043006,4.2632649706797864e-05,173239.6151012909,179944.7911865332,True
2080,295.4765067185348,114679.19742632797,0.6794755870079074,15,13,3.2887154711338225,58.07431526659566,0.7102736489652489,0.06829935830685122,157700.20730649462,168579.47034941753,True
2081,325.3582194110639,116278.47422595967,0.6699501044304882,29,5,1.6783770699230454,42.214432305551554,0,0,0,0,False
2082,309.89411452321656,128306.74362610435,0.49072314194833205,27,5,1.3668668955934626,55.110740817039314,0,0,0,0,False
2083,330.77630101561374,141649.49539993767,0.6143681041453418,20,6,1.5333782831303027,52.43207553663926,0.6425148217561069,7.437052336276021e-06,93392.61825264555,98922.66465989166,True
2084,347.8710499200788,106533.33159247239,0.31956328054582883,16,6,1.3366613626870354,45.28891227722931,0.3327708309077668,7.419409357385063e-05,84876.21196721989,89107.19443361195,True
2085,316.4001366603322,129389.88453897696,0.44705594591240894,19,13,4.064827473225771,47.71893474950816,0.4661017101957759,0.0012896559112451533,185688.49047550635,194495.07213364544,True
2086,326.5728470742927,108020.42075387204,0.4462553860213103,23,10,4.397375759509692,45.26891561958354,0,0,0,0,False
2087,295.57786669199436,106255.82090654036,0.5673896941477827,22,13,4.305761003701617,49.23246036251866,0,0,0,0,False
2088,325.7666497760399,100305.63250454221,0.3301146933415183,26,5,2.852815356427844,48.33672109465354,0,0,0,0,False
2089,298.63046557681434,118242.54888089953,0.3579514979409343,26,5,3.5245252261874853,53.79135132138415,0,0,0,0,False
2090,330.412141826106,127279.86020767654,0.6207270184238988,24,11,1.569350890657461,55.81625985107531,0,0,0,0,False
2091,319.176526961033,116925.35521646815,0.43537294419959993,25,5,2.411714244541959,52.35315290406841,0,0,0,0,False
2092,326.66937772611885,141793.61807819497,0.4155394166578565,23,11,2.4158478236962293,47.61283179907578,0,0,0,0,False
2093,290.56575574047156,139566.22664214313,0.33310248739940285,15,5,1.2613080938669097,41.05092425609652,0.3455052516597171,7.886616444176743e-05,82578.48694847476,96166.89545529924,True
2094,330.21453131365104,140790.12450458307,0.6576216441561218,28,7,2.9350172464509945,43.37472398986944,0,0,0,0,False
2095,347.99182557095196,138983.72001831618,0.46165654883112983,29,7,4.778920627870873,44.88975473753018,0,0,0,0,False
2096,314.51590145059953,115406.26429050021,0.542842512070382,15,12,2.9062291967158833,59.71433876458454,0.5703570667628419,0.02522388445308221,142531.11441859225,151118.57339490356,True
2097,308.79825817325985,101153.09420019289,0.5361765565543793,19,8,3.0289905988109824,44.85918154559802,0.5573308069498654,3.609513627188559e-05,148999.2320381904,158531.77374074978,True
2098,296.6196335802887,101203.85449712018,0.457314359166377,27,6,4.4027137979299615,51.821150439514334,0,0,0,0,False
2099,329.27308774219216,132223.8315864193,0.48145482935685036,22,12,4.359612104914723,50.96849182665913,0,0,0,0,False
2100,295.7273540236436,128835.91115138229,0.4185206713813153,20,12,4.86032192347149,43.509234360218514,0.4348345611234566,0.00019810504017900378,215206.12914853587,227460.73219358726,True
2101,299.5808234506247,121416.01186058068,0.5308259144499741,27,10,2.8234590921077167,58.80521311800888,0,0,0,0,False
2102,292.3721487772519,124081.0591208103,0.5829648910985578,28,9,3.132296758048337,57.15664803749215,0,0,0,0,False
2103,347.657732251496,116458.05901339262,0.4454727342639409,16,8,2.9863893229523315,55.66229319586649,0.46782250502510825,0.0003356472202724976,145049.00810544295,148561.5330128378,True
2104,299.5303549006325,103460.28511731753,0.6270155044398555,15,11,3.401321864471507,46.09884018645087,0.651590103641875,0.01196691102139196,163321.58751049452,173835.2647851306,True
2105,346.0463183226496,129369.8562241213,0.5122361065623602,19,7,2.0043021690947076,57.07702533714461,0.538338486063143,2.2536344214485957e-05,109678.40651636396,113109.26509495411,True
2106,322.71659939145474,144209.6336576045,0.3072051155847569,15,12,4.651518086847311,47.92234656257878,0.32033137931599964,0.008468945976732574,204515.84372072396,213148.72755969496,True
2107,326.2665990251359,112790.07344948128,0.3839985624898518,25,7,4.790940850560617,59.582204302604055,0,0,0,0,False
2108,299.697006518819,110220.70047316706,0.3374614651194565,15,7,3.968628108243002,53.94068713968011,0.3541496195326312,0.00018858355881076557,179355.82723270325,191512.89661641052,True
2109,307.04336309739756,104229.93485304267,0.6357536027340033,28,10,3.568386798612978,49.268061605315964,0,0,0,0,False
2110,297.5917860922506,146392.56570662226,0.5065767418171776,29,10,3.4570190709515716,46.12047094536411,0,0,0,0,False
2111,332.6503502208399,144896.22596784076,0.6659838579563084,16,6,2.9695352752084947,43.5709609450802,0.6909041730528682,0.00012089476108211783,147851.64582435577,152806.70851509518,True
2112,299.86838707057115,118759.01013752457,0.5389202333821409,16,5,3.0586706847797624,47.06646779382139,0.5612616361567379,3.9269677121739666e-05,149811.44302270666,160735.9543804604,True
2113,338.9433899968312,109309.05392809099,0.6852523579733945,15,8,3.9637623523265413,44.108407476655195,0.7110986731881092,0.0010589700040065885,184900.69862214627,188695.89427848207,True
2114,300.61886353882477,122598.79526697776,0.39182536646161337,21,11,4.858595826910605,44.712715894806735,0,0,0,0,False
2115,337.59738537629215,123054.47894883028,0.6140078866774288,29,5,3.653153934511228,49.60817155191863,0,0,0,0,False
2116,346.10281663391874,124109.16425292437,0.49056243378793457,25,12,3.4364498980001237,47.25074906708238,0,0,0,0,False
2117,331.59961615092715,132759.0694492307,0.6763585315190501,20,7,4.841388840591056,49.391602534711154,0.7051449402123471,6.727759902503793e-06,216449.955490415,221541.09207107546,True
2118,304.6006183284103,147719.00300085102,0.6262956749508606,21,11,2.4515730195207768,54.32358979615056,0,0,0,0,False
2119,332.2548470532647,123552.81664979915,0.6987939895517193,29,12,2.7945214427697103,50.55773350134427,0,0,0,0,False
2120,310.6924703871335,149395.3514676541,0.6579667057969009,27,8,4.664440604453297,55.29405441865024,0,0,0,0,False
2121,323.019150753201,104867.93737435233,0.4445704520606797,16,13,4.311442556364185,45.826638549329765,0.46222177873697223,0.013834986242614394,195045.40231480348,202775.68460879827,True
2122,339.9259206744865,119051.57106582916,0.33912587771146546,25,7,2.509083144691531,43.13811417433303,0,0,0,0,False
2123,343.2724589213775,123861.2500871408,0.6575140574180013,16,7,2.240648797037701,45.081298008044385,0.6830330715565226,0.00033256802581742696,120497.40869179454,123673.44842396442,True
2124,303.99893804080364,121572.75033262899,0.5029334318630921,20,9,3.607329036505547,56.66696616696282,0.5284090131203613,2.928167140068498e-05,168165.65584244518,178651.26013938457,True
2125,333.1463089325827,140528.83506313356,0.6743552877543959,20,12,4.73148973698169,51.53947979490091,0.7043532390707241,0.0003846152363810269,211933.0766378373,216777.22750070484,True
2126,330.58587824111606,123225.7742373877,0.3140879542556606,28,12,4.439642597430024,51.56311607566419,0,0,0,0,False
2127,338.1305889806932,122218.61245141154,0.6499030942915294,26,12,2.2914232162198434,44.74315795160478,0,0,0,0,False
2128,300.26705930416813,116350.00944908815,0.5332983799928058,22,10,3.1463821519450743,57.37900601734164,0,0,0,0,False
2129,324.31843562343374,113132.79972967182,0.4673119974314983,26,6,2.450906924693688,42.28059862722457,0,0,0,0,False
2130,348.6436219427603,120645.48718217186,0.4813033626256028,25,11,1.6149257352473403,48.76022968124285,0,0,0,0,False
2131,306.72256947050016,101421.39408976688,0.5519085730741802,17,10,2.5575862892659735,57.03645387592381,0.5797612289465004,0.0011502730691140364,130185.9694895256,139977.42556560185,True
2132,337.5106250755663,108200.47544274465,0.6830841627146305,29,11,2.3765129716840843,52.09341448023044,0,0,0,0,False
2133,345.3337572918822,133479.63954546567,0.6682923844703363,25,7,4.277790996492676,55.839275294608335,0,0,0,0,False
2134,329.0705668075101,144304.21239378885,0.41264710419317263,23,11,4.855011324672983,41.248953163904126,0,0,0,0,False
2135,349.4227784715615,143113.24801170494,0.34435625079417764,16,10,3.75549586563916,45.08984678353676,0.3584271355512891,0.0010003928024839986,173207.3086961533,177001.48516094554,True
2136,325.2304376961223,119242.00200249763,0.49282247709591914,16,11,3.5146675921909027,50.11608286844019,0.5146441269151469,0.0037403016335539915,165693.40387653484,172787.10835884613,True
2137,323.7326916758733,111083.41468075848,0.4602700210462388,16,13,4.286348989220308,57.00383034456611,0.48314904656098906,0.014722313090588225,192333.94032068626,199863.66017021507,True
2138,341.0848405629772,133894.85700385837,0.3801453791507979,29,12,3.2718419206948415,50.85984495232826,0,0,0,0,False
2139,340.0344878965531,104815.06593904961,0.5896185832498857,15,12,2.7239857580508833,51.72725088508447,0.6150168307742009,0.02957008863332699,137245.52634518675,141314.97026428863,True
2140,318.4130607954501,113239.87832019472,0.4286713039011928,27,13,1.6508453952225493,48.408719318427,0,0,0,0,False
2141,320.5695650948393,118189.7946843639,0.35397660071604853,15,8,1.6175854460992816,41.341106118054384,0.36717916733441786,0.0008323404481232604,95761.77767178132,104446.58017371032,True
2142,336.81467935155194,136283.04790915878,0.3703579585185114,22,8,2.695816035225617,48.8028027951885,0,0,0,0,False
2143,298.90092088407516,124270.19961823752,0.6642134336310982,26,11,1.590555404384594,44.78267153006934,0,0,0,0,False
2144,300.1462616771786,147496.62081182783,0.32169531998754836,27,9,4.0526247560979565,48.19526669455076,0,0,0,0,False
2145,320.31844975917016,104942.28790944595,0.39527567728588653,26,13,4.13889025950399,41.68419651272407,0,0,0,0,False
2146,332.4107188953565,121962.90068574587,0.587017698047912,29,11,1.2725929244663605,48.00686492382101,0,0,0,0,False
2147,315.08572793620834,122919.2504696653,0.6303695588155533,21,7,3.288177034296268,51.402070988230626,0,0,0,0,False
2148,325.7249596239089,142449.85142549043,0.47272347144025173,20,13,4.718998358791116,53.04315499393354,0.4951571676011558,0.000543743497579974,209025.22674714256,216149.95332870152,True
2149,298.51121710708236,137150.3827618295,0.37980295197042124,18,12,1.404945200465259,42.38792088558407,0.39422741704753245,0.0022308628273424425,88111.23940922887,100172.31724869963,True
2150,341.98507283105783,105348.23798209806,0.5843304057488579,20,9,3.5486496453156864,56.16019805414524,0.6132380526476862,3.6655566338878125e-05,166867.91177199667,170638.32925031427,True
2151,338.02276599913614,126809.97329987906,0.4073948291090309,18,9,4.254990144150853,46.04283276761605,0.4242737471679797,9.614146352222039e-05,192343.01779317282,197752.26027171934,True
2152,321.0865126678302,102110.52104252542,0.3562906493146722,25,6,1.9387784157328736,57.71794368548291,0,0,0,0,False
2153,303.51129639294504,147196.51031228073,0.39232608030756116,20,9,1.4308762793436636,54.09140525928395,0.4116132324620649,4.2762786607719954e-05,88192.84631801378,99398.87351485757,True
2154,291.58772571284186,111214.56924744174,0.5382247659319975,29,13,3.3620908844367623,51.809215769787066,0,0,0,0,False
2155,342.1376780883786,106674.48513278447,0.3395112147447742,18,8,1.6940837904502275,42.938008781337814,0.35274272549628855,6.824671718016147e-05,98274.10391437993,103385.58747286125,True
2156,290.7576122273977,112048.3026461947,0.4424316490960755,29,5,4.282331316015115,44.62725700242776,0,0,0,0,False
2157,327.3818722920973,101408.647427823,0.5197526682737871,20,10,2.1573074948156057,46.55369063898121,0.5411228938772139,0.00010356966087099722,116463.25704392251,123049.14253721389,True
2158,321.4238617780825,141343.82893020322,0.34487344193215835,27,5,2.733095062480305,52.605949286849814,0,0,0,0,False
2159,331.5193569707156,117422.78532243785,0.45070903714092725,26,5,3.5291270250847537,54.156174568265186,0,0,0,0,False
2160,341.4039386436482,103867.386305099,0.41297921456667996,24,10,3.562747000159165,59.3802701469682,0,0,0,0,False
2161,308.32412932163345,127945.22943920884,0.4739988360028362,25,10,4.808154409731196,44.649584567555735,0,0,0,0,False
2162,291.97836846716484,124263.65199875804,0.5778061363382021,17,8,1.2825252665099176,48.495534906513015,0.6023362965711996,0.00040833207081491043,84315.26538723435,96245.59788783471,True
2163,332.14598793725764,144013.92595224222,0.3986333885245379,27,6,2.533096051550321,49.89916411401281,0,0,0,0,False
2164,303.24579522688373,126867.64388317944,0.5098057654680679,19,7,4.979385072515949,51.852316268916795,0.5333071513004083,9.924711923783924e-06,219332.55016480404,229890.58088131392,True
2165,323.02920495747577,131107.4526305971,0.4743415520541472,20,10,2.688891728379846,57.462005411916614,0.4988414916464932,7.882811409024417e-05,134282.2054296731,141851.4794260437,True
2166,316.04929085296965,135437.55917068,0.5379844793489862,24,12,4.754830868872377,56.59725878972966,0,0,0,0,False
2167,307.26590577665394,121563.37225971467,0.6568005141240145,19,6,3.109282471732387,40.069299101320084,0.6793743162282483,9.713725174303077e-06,153512.8695105884,162659.05867433507,True
2168,346.2816034052906,102029.30140077104,0.509074019808401,16,6,2.610669954517456,44.02724501469828,0.5288619355891667,8.758546077959303e-05,133411.11815049857,136806.11390420067,True
2169,317.7241334904548,111188.76200874853,0.4374427247904342,26,7,2.6964868592414004,49.07754072027589,0,0,0,0,False
2170,298.6430413089478,134629.73635261995,0.3077735256440815,15,12,1.388486034280768,43.3154903848673,0.31919253560366634,0.01901051605744778,86812.81551841201,99322.51764188176,True
2171,321.3255765150839,127815.81201442666,0.47931544562815254,20,7,3.330781480607338,51.778348049313365,0.5014956112989355,5.796020134435794e-06,158548.00167965668,166363.63327791024,True
2172,313.84304195191953,100241.56119018908,0.5893218776176903,27,13,1.8843477293101456,56.13711403588452,0,0,0,0,False
2173,327.71222882502866,114929.18040099014,0.421492602104003,28,9,4.999029568902895,41.37337957324204,0,0,0,0,False
2174,316.9470650899363,149313.2765849946,0.526119621599086,15,8,4.310965437683976,47.82076523507216,0.5483167941114079,0.0006753566983052025,195749.61352202456,204022.60171490652,True
2175,323.99531414585226,103339.71121528618,0.3272596808441779,20,7,2.0672906648482448,40.70162522606341,0,0,0,0,False
2176,298.9237200803283,122811.41471462484,0.38711256873209776,26,7,2.283714874794583,56.825539489017814,0,0,0,0,False
2177,336.50311002878345,106095.17527103497,0.3612708373261674,17,6,2.0551880367053577,54.18656228359654,0.37915840717862104,3.0301814890735246e-05,110517.50688522194,116476.14864014137,True
2178,302.3749724136526,102651.25573944279,0.5964702282228673,17,8,4.119528827252171,47.890735792013686,0.6213933561545494,0.00016395084486109946,189390.0712501127,199621.8282401986,True
2179,300.0332056441245,135867.7244370692,0.6687373176165079,19,10,1.5296545373491806,50.78975843372984,0.6980586404013825,0.0004763333755014524,93589.22159538009,103825.50496945878,True
2180,339.1733000020354,130991.67992022578,0.4431914337913722,27,9,2.60953447718102,49.43551465695359,0,0,0,0,False
2181,307.49683056490176,124463.10355045323,0.36852367963402627,18,11,4.972128705744641,47.73674364270707,0.38446961602625135,0.00038122596653790907,217490.5215259659,228210.29673503063,True
2182,307.52592448999724,110875.93419034843,0.3060469906409969,21,13,2.923827883244969,48.79503557542054,0,0,0,0,False
2183,300.40618075686234,135940.73733630797,0.5477355057884222,16,6,2.1563465937017745,48.282504163957235,0.5710152771439645,0.00011479867042430599,116431.20084554898,127224.30686614195,True
2184,290.3889134485157,149828.59497591137,0.6234659846078399,24,13,3.749635360593042,53.295133343649596,0,0,0,0,False
2185,302.96018414891194,112124.58096084507,0.33180563600202967,20,6,3.5310232957702583,42.772390587308834,0,0,0,0,False
2186,337.72492510955357,137808.96929813153,0.4529412195048626,29,10,3.725310279975753,47.28840636421196,0,0,0,0,False
2187,300.6402383298565,131460.60766999697,0.5285630953057644,20,5,4.177106775744488,45.80978746767089,0.5499141662968644,1.1485682950552433e-06,191202.33264000993,202058.43041436656,True
2188,293.4077634932427,138936.03940558233,0.48791645919672244,28,8,2.4141179993479285,50.85354474303405,0,0,0,0,False
2189,339.79885617254877,148691.36541311623,0.5116845257387909,23,9,1.557009243509719,40.6729851265006,0,0,0,0,False
2190,313.6456815806322,115120.93013343029,0.6061809187899916,16,11,4.033244716372669,52.577866811196806,0.6338601891525342,0.004412850561658092,185463.56988782866,193861.49410065787,True
2191,317.77221099443506,127989.52912824767,0.6562905073939344,26,13,4.1191532702641585,53.526485067935795,0,0,0,0,False
2192,308.4009770197257,125732.85548108946,0.6615329307243898,26,9,3.0264481234049443,49.734780394499474,0,0,0,0,False
2193,341.3223599428842,129942.24174081463,0.6480053862669063,26,12,3.0178290525807876,46.3087550169957,0,0,0,0,False
2194,310.8049063229777,115627.5151409859,0.41924554850386786,28,13,3.4974273839440446,55.21118951606309,0,0,0,0,False
2195,339.56406328446803,110542.97520382723,0.4894700562170412,15,6,2.82550678912271,45.49536441253255,0.5092184655189929,0.00017587764050801152,140973.71007565354,145648.17735193617,True
2196,292.85969817978145,120190.25118522758,0.6193534319520289,28,9,2.664887564878674,51.870174845147076,0,0,0,0,False
2197,302.63697459290563,103329.10269443235,0.47661252730706527,25,7,2.0404366176248523,44.53665952007932,0,0,0,0,False
2198,342.8203037234055,145690.1418885918,0.4417725154398504,29,10,3.89583460368235,55.70382803764189,0,0,0,0,False
2199,327.99243885730414,147390.05243831532,0.3691056065501427,18,9,3.444055146727754,52.94428104490059,0.3869147648871986,0.00010356326868683652,161064.55093489352,168420.2121305342,True
2200,325.1759112453149,123837.61713569662,0.46011781327234313,18,5,3.711585458443058,58.48316080176652,0.4843919755319774,5.500238224144616e-06,171169.31030580605,178460.31148499093,True
2201,320.4468544709604,105291.50313475565,0.30074757496319476,22,9,1.7115694111035653,52.82486755516534,0,0,0,0,False
2202,313.9509313936492,128495.93223882325,0.5570863773817114,22,9,1.8342330225989663,54.12558236314393,0,0,0,0,False
2203,292.965964660438,144323.62943037046,0.4151427172945521,23,5,3.752927702435433,46.80395389070833,0,0,0,0,False
2204,344.7977707416353,127969.27606563574,0.3312588939841879,15,11,2.0519389888339656,41.832385149369024,0.34356086670132097,0.007441394496461534,111351.03174835832,116045.53712491239,True
2205,312.8644310794047,101485.37750634723,0.3537220561653193,29,9,2.759450807824559,56.12727756607217,0,0,0,0,False
2206,329.31214578810904,143817.31357344525,0.6118659524096595,22,7,1.2105747642316014,58.24371854931883,0,0,0,0,False
2207,304.90035203012144,146973.08986296406,0.4890609687917704,27,8,3.7944483227670167,53.96935854626876,0,0,0,0,False
2208,337.1320638493986,136322.4405350534,0.4346456618460908,29,8,3.273297709423171,48.583420636110496,0,0,0,0,False
2209,293.21784105654206,137782.78504100547,0.6353782087453346,16,7,1.8199074611860795,57.80541890050681,0.6674711043578216,0.0003880997100979406,103514.54219326573,114971.43418443443,True
2210,345.5055564698529,145451.76310631188,0.46584427014385393,18,9,2.0220281636146473,40.88281016792512,0.48273143580709116,0.00020547010410255307,111657.53859707854,115420.05076471751,True
2211,295.0689279086319,121625.08107700452,0.6231991997788662,16,5,3.9451850976600458,58.93070178292279,0.6554081173268674,4.269182056232555e-05,181249.3856296329,192487.97639944646,True
2212,332.7262346640496,146788.11615438698,0.3800645075716283,25,13,3.0768572321383214,53.66199702070812,0,0,0,0,False
2213,313.7981970812444,140836.90710095226,0.6846988292317399,15,9,2.819424422376138,44.26611956317411,0.7105400194166004,0.00323681756365903,142252.21689509318,150229.05617592242,True
2214,325.0624579348789,100135.32142761651,0.32148766771633575,26,10,2.082365006141229,49.82660148669767,0,0,0,0,False
2215,299.96688432082544,135987.01359843952,0.6731560719019731,27,11,1.562266067619387,59.772998013050056,0,0,0,0,False
2216,310.62710689679136,126438.94059942916,0.3345169272541755,28,11,3.8408148771499278,53.95497268039483,0,0,0,0,False
2217,290.5893032054698,122368.97933324313,0.43730795928633137,25,12,1.9204258890453474,58.187094106414825,0,0,0,0,False
2218,323.3548267965588,119231.78828569886,0.4978553697947685,16,11,1.8418462642201225,55.25412689576339,0.5221232979476622,0.0063526915802624515,103833.30482349453,111215.48205540613,True
2219,295.82247437099545,126025.56553262673,0.5962873276764142,19,11,3.277990548905163,59.759726149414455,0.6276883394946051,0.000464355609832628,156491.7739798949,167752.57393492362,True
2220,307.88066832820857,139386.02073724873,0.58532053106361,25,8,3.9522681153857233,55.655952037856466,0,0,0,0,False
2221,296.60211842816017,121841.39573050433,0.3227903724448342,20,11,2.0464427854276837,48.18687667057232,0.3370125942517167,0.00012812173517170487,110396.88248794846,123129.37057376883,True
2222,319.65070304432743,141216.48756717777,0.5776709499472314,26,10,3.960509913313169,49.061687754040186,0,0,0,0,False
2223,298.36995187140116,114075.07221686354,0.5628297628933875,27,6,1.584199587410104,55.88239838376789,0,0,0,0,False
2224,310.6603756904079,138182.13168468367,0.306138994964888,18,6,4.198094623435263,58.93594310702879,0,0,0,0,False
2225,299.8422487648267,119183.33348693975,0.3200922328639697,29,6,4.4257268560946,52.249872921390754,0,0,0,0,False
2226,323.9816143313441,105806.8329572066,0.6021235060605334,29,10,4.578180813853263,52.03734660545635,0,0,0,0,False
2227,313.65715190060956,123168.96302539615,0.6340532337713647,15,12,3.0580633220945823,55.77916805177833,0.6634625300236244,0.03009620123131555,149273.79198581353,157528.1307545021,True
2228,345.99058650089137,109051.68360532727,0.5208919400682427,18,9,3.6360183847373477,58.180906130577576,0.5479278313743097,0.00015575296331390263,169162.0127893848,172559.47387329687,True
2229,309.3164957631214,100076.76593820835,0.373588894129087,24,9,3.789307903895014,41.55776522388736,0,0,0,0,False
2230,313.9794454296039,113908.87889840054,0.5731158073381253,29,10,4.073729728165426,43.94135445567523,0,0,0,0,False
2231,329.86124336032424,118045.27544299778,0.3476466686788573,23,8,1.943468235334536,55.764330659168294,0,0,0,0,False
2232,332.4767057100802,102019.87903344314,0.5387974854761712,21,10,3.3864262723757914,57.013296051135214,0,0,0,0,False
2233,328.06597709303674,117354.70009718195,0.6953144643921892,28,11,1.705980603160449,53.77438601780028,0,0,0,0,False
2234,308.58583459237826,115274.60151750194,0.4991291111570264,24,9,3.606802704295494,47.14391106616987,0,0,0,0,False
2235,307.4638526188902,126112.38012166099,0.46931509059008236,15,8,4.152533281563274,56.48416068564067,0.4931154963727472,0.0006119165854878468,187667.57776405886,197793.40575212557,True
2236,346.4673409846004,120037.02106626079,0.6578259600974264,18,10,3.363929835006343,43.83030147372311,0.6826139762577639,0.0005063993128707246,162457.52020986466,165072.23870250976,True
2237,346.90050708928834,104906.10946645118,0.30949384816823483,24,6,3.131758635765876,44.44956074827648,0,0,0,0,False
2238,343.9843762538306,147839.7447938393,0.39485038198781053,20,11,2.5341296430883222,47.8575512173376,0.4119162318242628,0.00014185019612167574,128997.65266808883,133443.990737817,True
2239,311.80707068958634,147934.19211172574,0.44125248929082106,24,8,2.92559514999261,41.288791057773174,0,0,0,0,False
2240,347.9217768603039,130614.02022775574,0.44541802901726885,20,9,2.9661152330044045,52.55697656816838,0.46647408737351237,2.9330674547335407e-05,144731.8252454244,148194.41438978273,True
2241,312.95402884846214,101728.03511370283,0.6043078281114753,20,6,1.7891045486658674,58.73414206325518,0.6355472883488428,6.549144069163529e-06,102163.10043567597,110689.09353899605,True
2242,337.0004625959444,118556.04177710212,0.49809459649472143,27,9,3.1238780436403677,45.500408025769715,0,0,0,0,False
2243,346.6010152447599,137199.26838940562,0.4073381644484365,22,12,1.3594442220717136,41.21620969244022,0,0,0,0,False
2244,335.649813710317,120303.79636869777,0.4206822973103095,19,6,2.4378950649043567,58.549547665554734,0.44305310390683167,6.5834110575857505e-06,124506.43404939516,130252.59060390625,True
2245,346.6406123228827,143649.28472111796,0.6913477217725051,16,5,1.2917302595350675,58.465456041923986,0.7263512930639765,0.00013062241669792784,84223.7950935972,86674.84616541241,True
2246,329.5468180542775,103618.92377729947,0.6470266419706434,16,7,4.991050761688116,50.10083190982404,0.6751150657459091,0.00015928838184182657,221631.03288164927,227211.78473853966,True
2247,310.1501039150279,144267.29283803017,0.41465156812530063,22,9,3.4635557095551635,55.0959801163397,0,0,0,0,False
2248,343.8092506494585,129487.60632416981,0.6024657174730594,25,11,4.421031484469174,40.50920209017788,0,0,0,0,False
2249,314.2681936247672,104114.35631804423,0.41015738409420516,22,5,4.633641124911612,40.84560166455844,0,0,0,0,False
2250,337.3794230345412,106241.4976912182,0.5540284833306426,29,13,2.1794939777779665,45.531825320060655,0,0,0,0,False
2251,299.1404044413918,110693.1833442234,0.6713484371264028,18,12,1.6452455677844582,55.08677267445275,0.7031569374579403,0.005124829305026336,97477.84645358902,107846.80394787552,True
2252,340.7868386914754,105152.19887916029,0.5256847349162649,19,10,1.3029175794301462,57.48477048682441,0.5525933142542514,0.0003608667472915069,84110.08447871967,88390.45848889179,True
2253,345.00304150417264,115359.20999644874,0.6135039293864741,18,5,2.145858709493412,41.0577671130234,0.6352920008974846,1.2411863819977195e-05,117213.8375586851,120293.90069439542,True
2254,327.8700471870411,112703.02178485821,0.4014736125025923,20,5,4.36459161662895,45.92888000947357,0,0,0,0,False
2255,347.25902213094406,109468.34554270245,0.5528275753345395,18,11,3.587237802803875,42.19033230782248,0.5732051795736733,0.0008322949930957904,170228.67646606368,173218.77028134398,True
2256,306.59653740294027,123067.70990276049,0.6887181664183217,27,10,2.8383233747871266,48.47451521902257,0,0,0,0,False
2257,344.0257588874707,103950.75583689443,0.376602653558488,23,8,3.372363624690583,49.003897128955934,0,0,0,0,False
2258,336.63404445938943,127553.52479944947,0.681510975269757,23,12,3.7684516473253007,59.11544890531334,0,0,0,0,False
2259,295.2922475619284,142017.85487890366,0.5108438973358798,21,13,2.4906951925901835,59.49789293635172,0,0,0,0,False
2260,306.6871836347168,126565.49674046636,0.4475378695294479,26,13,3.400892473249069,49.37242319403795,0,0,0,0,False
2261,328.8182742832974,126989.1765812837,0.5386449431211386,18,11,3.3789957959521786,46.73879979229345,0.5607805879560189,0.0008542712130618219,161682.67998217515,167924.8168565103,True
2262,290.1755514836084,127320.54355914376,0.36804522811642576,23,10,3.388215729957463,44.09607045345184,0,0,0,0,False
2263,291.8293969191997,102559.58257538309,0.4154627671387461,19,11,1.3535999181972083,57.46461216963636,0.43711613329601334,0.0005408999544783356,85288.25192823727,98172.80630984249,True
2264,334.3759290905776,117603.1091975304,0.4592177358580567,20,13,2.0845106567138223,53.322000425397896,0.4811573908085863,0.0010297186012753145,112597.0601272259,118338.54207034194,True
2265,296.343093400508,129644.23303874188,0.5514008202519101,27,7,4.547072260333117,55.268811840661165,0,0,0,0,False
2266,349.5476107529133,124734.54605317775,0.37447527479547654,21,5,3.41249964232318,46.306010945860265,0,0,0,0,False
2267,301.75369464463046,114202.42192219374,0.33287682457466683,20,9,2.734173786277724,44.83891200043959,0.3464644359716897,2.10687896507934e-05,135882.73513478885,147742.00888347006,True
2268,323.626241062595,127345.42561846931,0.4853616931064357,17,8,2.096659012747904,49.0999125551279,0.5065767191622484,0.00021764840611931344,113699.67832057766,121100.79167619206,True
2269,319.5440148331059,137398.89188205326,0.6009414713519123,17,6,4.387187049525057,59.18279156591714,0.6322630678820494,3.3699538417525086e-05,197215.9042511747,204690.35292840237,True
2270,318.83685452534826,127627.4716032953,0.49118625821389084,15,7,3.1126979211530585,45.25152431266309,0.5108802211285574,0.0003615166774712952,151609.161976017,159764.21536858598,True
2271,322.67633954302664,103072.68005509513,0.48617745710151805,25,6,2.405168758840733,56.19760972847312,0,0,0,0,False
2272,292.25887895444265,142967.735649394,0.6752119083427236,17,12,3.977465359413734,42.716361364172776,0.6997405560593023,0.0051256200752334835,185602.30856984665,196984.2060963048,True
2273,310.9548664406266,108584.9272495301,0.6361359473249528,26,13,4.28816134842341,42.536488000704466,0,0,0,0,False
2274,293.00327996740447,140983.07917221755,0.3533330280642035,26,13,1.822548182682425,45.75909136000066,0,0,0,0,False
2275,330.8771006021059,147386.60377651377,0.34930440595216217,22,13,3.113763802756581,57.619281153876955,0,0,0,0,False
2276,316.8390451119139,111473.92575240001,0.5361389464821888,17,10,2.3746635682880592,55.965894630081,0.562733139079804,0.0011692085398217731,123507.30840562691,131755.82732621807,True
2277,322.5035451154736,134772.80121501922,0.39224700152106107,16,8,3.5803747071627336,53.2592730627557,0.41120978001411324,0.00024412189083015175,166305.91517634923,174438.334411717,True
2278,335.1578032034503,135144.00668780375,0.565180157063351,18,6,4.96989203939383,42.413473086177405,0.586113835521008,1.1634437245260453e-05,221639.04732108043,226663.5324866869,True
2279,337.77814396015674,124057.65706910877,0.6902908734579524,24,7,4.952811725323043,58.40490116509675,0,0,0,0,False
2280,316.4631763817005,145475.1609829711,0.6158016368596368,26,11,3.460393502128971,53.361610352284856,0,0,0,0,False
2281,319.5089719103568,103949.68583419433,0.5372488931087623,27,12,2.414502861927398,53.29887253404637,0,0,0,0,False
2282,314.25341672391653,108705.62467771818,0.6503562625337667,24,7,4.8815154666784535,42.58178901079902,0,0,0,0,False
2283,340.09767626853363,101451.12505621625,0.63345118635506,29,13,3.293019096397148,52.156284308235314,0,0,0,0,False
2284,329.90209310141825,133950.16757479528,0.5271520124146692,29,13,2.387298195865255,49.140937597448186,0,0,0,0,False
2285,347.5001698252443,124884.22496117401,0.4634617017437246,24,12,2.9442210698141666,49.64226673991979,0,0,0,0,False
2286,322.08990382252074,137083.22709969815,0.39075001036520723,24,5,4.068250943653147,58.077167404012265,0,0,0,0,False
2287,299.74462085256937,143051.36126313766,0.3467752143408051,21,5,4.922825969439726,40.014069931036744,0,0,0,0,False
2288,331.5862539886837,114731.17095601372,0.4541855040502719,22,6,1.5094299067364187,42.2176640587202,0,0,0,0,False
2289,312.17139348627893,130098.4715369893,0.6289317207335303,27,5,4.343248741545537,44.03884026527161,0,0,0,0,False
2290,318.32525603900086,119510.86140645793,0.6254746472221691,25,9,1.5184020566662708,49.67525018151567,0,0,0,0,False
2291,335.1810597404397,139720.75273627928,0.47731202986057797,22,7,1.837786683401512,50.10441645673173,0,0,0,0,False
2292,322.91613550834984,113384.34351692023,0.601493224019148,15,8,2.4289818955342346,56.016862502547355,0.6310150726753267,0.0013768797702781485,125911.2458892284,132825.8338563188,True
2293,327.2502209780492,102959.1140638033,0.6596390966325886,27,13,4.153717169224704,50.156082278272436,0,0,0,0,False
2294,321.7629237599183,106764.54198192229,0.5416834116789684,24,8,1.5005104386402297,49.4584601041762,0,0,0,0,False
2295,308.25374339886463,107579.8771367741,0.30323398885399294,16,5,2.201205816678275,40.444959250352184,0.3144088916864441,2.2263171906083037e-05,116600.46813847804,127623.3961421655,True
2296,346.56696179784774,107973.2833191124,0.4012080323354788,16,7,4.894572492079231,54.38530141053184,0.42101224661039555,8.658562131890319e-05,213963.71681329526,217925.19076740163,True
2297,326.487975947592,125272.36996780796,0.5653774829603209,15,13,3.8799653343213203,45.02672073683329,0.5858743456927198,0.04529062050713447,180771.98312732676,187253.95749520374,True
2298,291.2498593282215,103891.38473267843,0.4532399849872456,18,7,3.135646647800802,53.26111195677929,0.4749375909208633,2.8783607223415706e-05,150908.4511952351,163651.6894486149,True
2299,319.36080673917536,131767.5210992974,0.6292589839150026,18,5,3.3952604936301185,53.011262812861915,0.6583339814595032,9.4700392983131e-06,162040.80264912464,169394.44293418096,True
2300,313.13701055151205,121062.94365255664,0.5602124934010553,24,9,4.79862486252077,44.237377339087196,0,0,0,0,False
2301,298.04534660108794,119659.39155017301,0.5535272163991285,16,6,4.221434034250417,51.68538043131758,0.5787636822406124,6.786375511261788e-05,192055.19878676912,203188.81806643083,True
2302,303.65383687511337,126136.72017121865,0.37192838988170507,18,11,3.355427687311762,49.28405334505407,0.38855034218877826,0.0005357896893576776,158435.71041150554,169745.09962750488,True
2303,300.77382495382716,123089.2171409842,0.3174710102324447,22,12,3.322646044039666,59.09693689304237,0,0,0,0,False
2304,322.7433712751446,122168.44366756605,0.5831179308225898,18,12,1.580707218955918,54.97724207598453,0.6111382287417054,0.004093166518214625,94776.35732976459,101809.35936719508,True
2305,342.7858302446545,114769.36723009923,0.32814306734583387,22,8,3.595528333391772,53.16598229472417,0,0,0,0,False
2306,328.13786374096344,146305.66993949364,0.3607682262365542,16,9,3.173494023394797,40.71146929327705,0.3740083026282772,0.0005305730904347622,152871.93360585772,160247.87820106422,True
2307,317.83776243633565,112158.65322544539,0.30541647249593423,29,9,3.078485754051684,57.6696313818579,0,0,0,0,False
2308,332.1912990420804,127868.87690383209,0.3137349201399136,21,11,1.21636836766889,43.28733996110517,0,0,0,0,False
2309,321.9131567890144,118513.93324666304,0.6735709582562557,22,9,1.4435955346678757,54.397028546912644,0,0,0,0,False
2310,325.15465792095114,117917.17377023505,0.5636231773215148,27,12,4.687222706566823,43.38980457984304,0,0,0,0,False
2311,290.2646036677951,143552.4316002751,0.33798770457003147,28,12,1.8212468664867985,45.86566883329828,0,0,0,0,False
2312,290.4439153609722,105984.26048860118,0.42753491878999467,15,12,4.938900486011694,41.964383103619134,0.4431297933408058,0.01172184631635463,218573.7372326941,231582.3550912257,True
2313,305.15868990887765,107118.40732486671,0.5705583934088432,19,10,3.161760577692934,44.37829695495041,0.592680677467869,0.00019184740619480894,154270.37853205428,164195.38899550095,True
2314,308.1867504795754,103830.38542346998,0.46804540397754135,16,6,1.5612131334354615,51.491482075587555,0.4896141728894795,0.00011573660224201566,93715.20558391024,103730.61197354153,True
2315,344.36629678836067,144723.79077738815,0.6528345498215675,21,5,4.214217394378306,52.77821307068784,0,0,0,0,False
2316,344.27045895427295,129135.08699571237,0.38096854821576587,26,12,1.2334543698182143,53.42082123456883,0,0,0,0,False
2317,325.26180289789374,103443.95263821355,0.36570852328764286,28,6,1.2095101583137462,58.5013583440644,0,0,0,0,False
2318,291.8607355675908,146319.436506763,0.653131152403337,27,13,1.7045739391531165,56.0852077518805,0,0,0,0,False
2319,336.30093916708444,106935.99731061283,0.34794347825089195,15,11,2.0379136821051738,44.813611676836956,0.36177801350393973,0.007984890091422574,110718.29195497053,116788.7006620267,True
2320,303.6629164796296,120595.02931459752,0.4790452740988649,23,10,1.6857533593660887,41.66523340951737,0,0,0,0,False
2321,333.0136831724522,131051.01870063295,0.35563726806802953,21,5,1.9574243698826035,42.99532561634695,0,0,0,0,False
2322,348.9670625864547,106903.61056973196,0.6773069983741038,16,7,3.0200733865879466,50.24610718570356,0.7066369591128476,0.00027335489198799216,148845.82934926738,150940.92946107572,True
2323,332.21549840055667,146079.0987954901,0.611122188553876,15,6,3.4107851365959982,42.49113144830117,0.6336133506234705,0.00020849687048315752,164107.63080836297,169399.6818790889,True
2324,336.4035813547552,129101.4542813937,0.663811797130307,21,13,1.891086178416853,43.7921093012439,0,0,0,0,False
2325,308.85200369779767,112012.18719148074,0.36722260380117566,18,5,2.4977018865486684,51.835759429307124,0.38456274295482257,5.354012543812797e-06,126875.38380896457,137387.60648603266,True
2326,302.66393249529017,138659.85220122922,0.6376795037609427,28,12,4.101870236111773,47.45832660482341,0,0,0,0,False
2327,315.3365389476845,109136.94161764388,0.5177819773762367,23,9,4.223711354208547,53.41807735680099,0,0,0,0,False
2328,317.96869821476895,147361.59578420603,0.4456192391665442,21,8,4.104468395004184,51.96537875342076,0,0,0,0,False
2329,324.6935237898546,139899.23007123746,0.6314960197525538,23,10,2.02881929556809,45.751224307407476,0,0,0,0,False
2330,328.2186003253261,128089.59383125274,0.6922304875379184,21,13,3.737572491346028,59.06530226042065,0,0,0,0,False
2331,340.0804112037518,128854.57631066644,0.45265413291559786,19,6,1.4608776963377614,43.80026252294895,0.4703267270519004,9.957183960817489e-06,90589.54042490984,95375.30082681502,True
2332,327.9354687959316,106582.1296786102,0.5113604746559152,20,12,2.3985335106515295,56.429370692632986,0.537088362479072,0.00048347363487466927,124139.94867018083,130687.99990712258,True
2333,309.7669101326667,107655.6942488973,0.4691301179701879,23,7,1.6530019911525076,47.53895360983357,0,0,0,0,False
2334,342.8708303115387,126397.17249689222,0.5275718678528823,23,5,1.9882962581683312,47.094003701588946,0,0,0,0,False
2335,290.99191241344977,143986.00010277636,0.5013233655471572,23,6,3.3481393135875326,44.7941104454458,0,0,0,0,False
2336,321.6366551626388,146401.37854988032,0.6613683217769337,18,11,1.5322135346708343,48.865820978270264,0.6891800559492814,0.0023193782646753784,93833.24014142308,100653.68286947798,True
2337,291.9881380364327,137936.8738525913,0.4198164674038105,25,13,2.9159764240442723,44.984698072095576,0,0,0,0,False
2338,296.4941884113165,119458.19280498356,0.5041028622622048,27,11,4.786405668684378,41.30236042193114,0,0,0,0,False
2339,313.90646543279644,133163.82303346263,0.3446091583919876,20,13,3.5597310650521967,59.423391801011846,0.3634394691543252,0.00047669757246400485,163866.23495991642,173711.79901661648,True
2340,324.0511721296728,114742.9721867946,0.5914415526490231,21,13,1.805740955581135,50.05241604074885,0,0,0,0,False
2341,301.11080683958784,114474.83011181545,0.34239003942761514,19,6,4.66150606493321,49.37175981499226,0,0,0,0,False
2342,292.40632312521916,101853.2160275924,0.3941865350675113,23,9,2.876091771718267,53.50342244130052,0,0,0,0,False
2343,335.63457947907244,144078.52895704034,0.6496159084977781,24,5,1.428827466674929,57.03047413650876,0,0,0,0,False
2344,304.161589560201,110955.3317362267,0.5169117842597781,25,9,1.5487429471223617,43.05323755460772,0,0,0,0,False
2345,301.8698435608941,116413.02856597354,0.34222748313233337,25,13,1.5386069120187762,57.25744402678637,0,0,0,0,False
2346,304.4909110242279,136795.92804364715,0.47581141994257004,27,7,1.434405519858754,56.636313774871425,0,0,0,0,False
2347,296.4455143437239,148294.05277717664,0.6441766107144881,21,7,4.4991205720385565,53.05884747324603,0,0,0,0,False
2348,344.6442273086328,108680.56579801215,0.5929271612872564,19,11,3.584856671388274,47.68296749882671,0.6175951350216747,0.00041266082960348207,169615.85731324396,172868.98069950793,True
2349,301.48629669218343,148713.9694113754,0.5728271368854779,24,13,2.8344542969362507,41.60529134130278,0,0,0,0,False
2350,307.30489687783165,128174.18856675466,0.4929140447820931,23,13,4.969298721101884,44.176370792003816,0,0,0,0,False
2351,312.0462836985734,115017.79259759064,0.6367949519890947,18,5,2.7978550832589244,53.7570820771194,0.6666115380900942,1.1355223334820615e-05,139957.97709188008,148463.52478275148,True
2352,304.9066092561213,100328.71221893288,0.4815872074942176,23,11,3.1826259856983836,42.057887101889726,0,0,0,0,False
2353,306.2977906645001,110464.05589691285,0.32438418700778143,18,9,1.6112279856173102,54.51618042825561,0.3406424408186366,0.00015457156595173347,94082.17861797498,105282.89375570892,True
2354,301.17298029085583,129351.84801217887,0.3649832943886213,22,13,4.584707596508884,52.974556223791424,0,0,0,0,False
2355,297.6386255320261,120293.93861370992,0.4156802242127121,24,10,3.5778227533300413,48.46562142754147,0,0,0,0,False
2356,318.1857750275221,108041.14347233858,0.3256615487457519,24,11,4.3131294965107685,52.44138033946348,0,0,0,0,False
2357,323.8226558752508,149958.5364442267,0.5847431379916341,28,11,1.8157823440566276,56.73693729689556,0,0,0,0,False
2358,293.8415016128261,143829.80920009653,0.6218560993719571,15,12,3.4577971681420845,47.05119304854676,0.646199548361644,0.02595593494122877,165246.609987964,176655.5466933386,True
2359,293.1675380789342,105381.80811572932,0.6088771037615939,21,8,4.333291110245421,52.78739104513476,0,0,0,0,False
2360,316.2285225297342,124009.6320710987,0.6045914212106307,16,5,4.368993506310719,43.64252198495375,0.6275004788678379,3.566058443919302e-05,199485.5447945204,207462.7073344275,True
2361,322.28738220819264,116730.83008667019,0.568439109956516,17,5,1.8970080661831168,49.70188445371352,0.5932548048093781,2.774494717966706e-05,106841.58595195091,114020.12057609524,True
2362,315.15596369359446,122278.55220459029,0.3010668343695835,15,13,4.167956270443765,58.421038208174835,0.3162623642291445,0.02040589834905279,185067.39818656154,194991.65452596065,True
2363,347.3288252113598,129546.15972958208,0.5136668725407195,23,13,2.4954560388885514,50.144891921088146,0,0,0,0,False
2364,320.9775652379239,108410.54356598697,0.639910959415815,24,8,2.5328450714607165,46.089158865819186,0,0,0,0,False
2365,349.87876666134343,129343.98013581715,0.34111037147196965,21,8,1.9736126319074785,53.81389264199377,0,0,0,0,False
2366,320.66598441027816,103641.42126298852,0.4430127510979121,24,11,1.916767030446102,40.68896270431744,0,0,0,0,False
2367,336.0528284414193,126525.54224716271,0.4261868171129959,25,12,4.75841988071332,44.13733626127318,0,0,0,0,False
2368,308.1098946662778,136006.35027975557,0.5736126974169056,16,5,1.9228084468072542,48.60521323900373,0.5980546913712399,6.214888636124092e-05,107932.85801865194,117377.63818067484,True
2369,327.21603213438846,115003.66194918397,0.5343939761207089,21,7,3.334459416531228,41.11658922171718,0,0,0,0,False
2370,334.3208321616395,104371.6412271405,0.6677289710838614,26,12,2.5628148436542246,49.7132799574914,0,0,0,0,False
2371,349.10618733381654,138682.01126806228,0.4547559680083443,24,8,3.282302664548232,55.775883392924435,0,0,0,0,False
2372,307.00336082701733,108078.30664034841,0.3481908255503807,15,11,3.3388834276268877,47.83935983491202,0.36311193735107233,0.005651614070456546,157690.86103282557,168619.74205164943,True
2373,294.39529162398327,127396.66946449595,0.5366748822927604,17,10,4.108650380850262,53.310264438454766,0.5619914764143944,0.0007253547490585238,187442.3532535669,199229.9252673632,True
2374,314.5941802129647,122029.20127508778,0.6691766670556538,24,5,3.353870724684178,56.19189435333688,0,0,0,0,False
2375,311.12805414410025,143918.1449602243,0.4958605267661248,17,11,3.454268337262749,45.51601167834049,0.5157935936217093,0.0016838874384076823,164212.56696334542,173590.83139421872,True
2376,296.1912520736574,115809.42400115385,0.5194289321407425,27,5,4.227477804222607,48.672770202152044,0,0,0,0,False
2377,346.8904883620895,119525.19843646628,0.3815414044426581,29,6,2.962687926122947,46.13226393858044,0,0,0,0,False
2378,292.55496392295737,118317.23247510278,0.5152017226779136,21,7,2.862838622392702,42.152212959155555,0,0,0,0,False
2379,320.21843900577045,123589.01472311564,0.517986113537019,21,13,4.016878027675113,47.73375151895469,0,0,0,0,False
2380,311.96734200927244,138777.21759284745,0.4326017708448606,23,10,4.834087584281558,45.36919953657044,0,0,0,0,False
2381,317.4393309883319,111272.21861779763,0.31887301078273605,23,8,2.2775374228937046,43.70489480230083,0,0,0,0,False
2382,329.9269618664894,111341.93340628776,0.6015254277998883,25,8,1.71877425929382,50.74275926233749,0,0,0,0,False
2383,348.8201892320771,105543.51879799199,0.5952010016602566,28,8,2.6642242976458763,42.65292546952917,0,0,0,0,False
2384,313.69261961431124,136867.1015391588,0.3185369094476308,21,6,3.7905015685832115,49.638109076972015,0,0,0,0,False
2385,336.8737724651509,107803.06795158367,0.3791325934842127,21,9,4.42443542453933,52.6388569123793,0,0,0,0,False
2386,298.2544080693218,145141.03643107702,0.6072474587228873,20,5,3.0626493095447893,41.76977069452873,0.6292371442640151,1.8073131535161965e-06,151230.60729631447,162033.63884950234,True
2387,336.7159391575728,135756.09519069828,0.6730108031935262,17,7,4.862117984387458,55.206460892295006,0.7052032071854438,7.792683824735515e-05,215999.31367027754,220248.3289494865,True
2388,344.83524151487734,103474.0021063672,0.3085480907963963,22,6,1.5918486714747975,47.409512588528216,0,0,0,0,False
2389,347.78794526418176,136168.44268141262,0.4344923874229344,21,10,1.7620996033938643,56.77431279918211,0,0,0,0,False
2390,345.1963224453186,131608.64363668195,0.5447570838745418,18,8,4.814409064681998,44.57751868183741,0.5660773468466764,5.518262093685548e-05,215190.1210345493,218585.84001506225,True
2391,337.40432149163865,130502.8775870558,0.3723938092571601,22,12,1.850278933656402,43.474920373350145,0,0,0,0,False
2392,347.08043511870625,135334.49642523192,0.4572114845919834,29,10,4.820390109739181,52.7520468049546,0,0,0,0,False
2393,296.3953538043222,131175.8109816685,0.3843998848105519,25,6,3.950265490832133,46.545507706295794,0,0,0,0,False
2394,307.2285304596521,135538.4370692302,0.31041826886261137,23,7,4.804073742168923,50.949826436165516,0,0,0,0,False
2395,327.18842365221417,101994.97316155247,0.44760392051904996,28,11,2.398261375789291,57.79695987734673,0,0,0,0,False
2396,339.76300610840997,122176.64671473719,0.6719915616743685,15,13,1.265093281204783,59.83502285067733,0.6998436999693736,0.13707390704667854,83173.9087842816,86876.14618067566,True
2397,290.6894096853987,128247.35781422298,0.5278622510842038,29,11,3.06726779864756,41.15808628558562,0,0,0,0,False
2398,306.563566525894,107959.10134116127,0.33418585710523024,25,9,2.9636839969924917,40.95196419690157,0,0,0,0,False
2399,315.5868310425955,109356.39826713929,0.33345873385372127,23,10,2.6670476577960636,59.79651221835925,0,0,0,0,False
2400,311.39931575235676,102561.40224962724,0.5302351224256555,18,9,2.3713322371531427,53.87265828414639,0.5555760914592092,0.0002273063477399237,123585.67599380239,132743.9086799693,True
2401,304.22165817810344,113633.22633367652,0.4703713910402241,28,7,3.6763467539965102,52.17099017145529,0,0,0,0,False
2402,317.6392019821945,136205.72078881715,0.5313715934955892,25,13,3.8099143190744336,40.3407682532869,0,0,0,0,False
2403,305.736883182898,115767.7104027255,0.42089067374296574,16,7,4.739966002863581,50.113802878041035,0.4398970269941678,9.328635711692822e-05,209534.08719228182,220213.70474902377,True
2404,329.1772977226735,119414.81937294877,0.6797635796030093,18,10,4.911935065680766,41.54852403379522,0.7039095531088733,0.0003682390432251309,220715.09204284678,226188.97418554776,True
2405,315.31805532999846,119422.20554028092,0.5640201650642573,19,10,2.1232852111866327,46.248259265332216,0.5868705219279756,0.00026627419046574473,115533.8015382225,123870.69368507055,True
2406,335.70177253702656,146851.06776568244,0.362310699117201,23,5,3.087168505345921,49.663969683461495,0,0,0,0,False
2407,346.0832027352362,128847.64464165116,0.5480713439959279,18,10,3.6250218025274012,46.656437960838176,0.5705371243421444,0.00036535018872307435,170871.05366949976,174096.39636798925,True
2408,295.4190876339444,104612.82589863667,0.5687974205259347,27,10,3.0223524590014783,47.875866878146596,0,0,0,0,False
2409,306.38793381348864,135831.85153168277,0.508306287318024,28,13,2.8973947888443115,50.48918515716762,0,0,0,0,False
2410,298.7905791260674,134729.33451886612,0.32088568517200616,26,6,2.9953187723115127,42.89280495059564,0,0,0,0,False
2411,326.7239077884482,125587.34593634677,0.6148584488043427,27,13,3.5978733741142266,46.087881499699144,0,0,0,0,False
2412,318.9866621485468,100259.65451770026,0.6769480690441481,22,5,2.039260796795767,44.64232799232856,0,0,0,0,False
2413,342.0587282335947,127415.64094058344,0.3933755798378279,27,6,2.601360672210374,41.59704880931403,0,0,0,0,False
2414,306.9645478363071,142596.48627863824,0.3686960658383803,27,11,3.731955097601797,45.871714947922804,0,0,0,0,False
2415,312.7377379823697,116260.86348444453,0.3891734591968556,23,7,3.465978948741437,42.095204649474255,0,0,0,0,False
2416,313.2640208746451,130557.89632703317,0.3407853524847512,23,6,1.9181797864895178,42.95174884017479,0,0,0,0,False
2417,339.3048839693821,126249.60084464123,0.3526074612391732,20,10,4.1967565348795715,49.4683600980917,0.36850031135634637,3.65235553632784e-05,188660.63132872237,194184.79766273295,True
2418,297.3926491675409,107333.12895423154,0.366982142101499,27,6,3.3857176033992005,55.09067633155361,0,0,0,0,False
2419,313.0498090111467,137095.16732769547,0.6614667943342671,25,12,4.135128753019967,59.16332570328433,0,0,0,0,False
2420,295.1414075102645,117406.61309394693,0.33070513497564086,18,11,4.2166015229723675,54.078421978095406,0.34711143525437016,0.0003908489969893504,188153.56956333885,201063.17792209357,True
2421,348.33089208823014,146549.6058061929,0.3893327917510585,21,11,3.804536203659291,55.490074534254575,0,0,0,0,False
2422,341.65094719155405,138452.57650684455,0.6630152559155514,21,13,3.7299771236839314,51.73773698096337,0,0,0,0,False
2423,341.1810792697578,116991.82956590198,0.6084494175916006,26,10,3.084626430735489,42.0839658310803,0,0,0,0,False
2424,340.6745698419011,102675.23535986908,0.38871964477612403,21,5,4.206061941239621,50.801874945773875,0,0,0,0,False
2425,292.1297037984299,112229.28012507898,0.5930434599830792,29,10,4.843730039018567,55.33101236974452,0,0,0,0,False
2426,298.0221237147281,142370.20660058636,0.4250541097702538,17,10,2.9012950948245813,42.91552612616776,0.4413507124870004,0.000700152644000109,143421.68934044376,155279.57509775375,True
2427,298.70947069118426,117102.67153979154,0.5147480814190915,23,7,1.2820496589067443,41.97090098358911,0,0,0,0,False
2428,336.02062096715,145117.5513646306,0.6848104832717818,29,12,2.206890780316962,55.18869439935888,0,0,0,0,False
2429,333.60948638143964,136106.66104718772,0.6594598912340528,17,6,4.4651214635975265,43.69616063225365,0.6842411507924239,3.689452264522358e-05,203488.5514294321,208312.80405520264,True
2430,322.90105878360674,133227.07211625652,0.38426605188995766,25,5,3.617946349296589,58.424510192429395,0,0,0,0,False
2431,318.2547196257704,139925.50103711608,0.31456980736125123,26,8,3.7268601895122417,56.76471653320464,0,0,0,0,False
2432,315.3228029422114,105459.27498675042,0.5384242146444578,23,13,2.5697081292672443,45.30637786620569,0,0,0,0,False
2433,327.78886887199354,100955.1281898637,0.4716254710479634,23,7,2.159187569847795,46.43247418853186,0,0,0,0,False
2434,325.5795724414838,128973.29850044381,0.5035426863501882,25,9,2.6124493961405433,45.63519809565738,0,0,0,0,False
2435,348.4620600364992,138559.61186390082,0.5782209600102082,22,7,3.8584804823244507,55.32244893853294,0,0,0,0,False
2436,315.07309770973507,143366.8932600479,0.5382560193840628,23,11,4.7649600904196845,48.50006701828223,0,0,0,0,False
2437,336.5444336761186,142244.22630389512,0.4378865737670177,16,12,3.4473926098991345,43.49185575988813,0.4546188110214625,0.0072499929515180694,163581.56272185512,169062.30825051008,True
2438,315.20122447984227,149853.21201501286,0.34664161249304887,20,10,3.965713262358441,48.31827366635906,0.36190156058817896,3.7385994117438e-05,180361.13640354373,189975.5416286074,True
2439,348.3891171470703,113264.29298000311,0.38791544529813454,16,12,3.3068019154623567,46.98259602017681,0.40411190852886963,0.006483471860120855,157235.42675919487,160947.39921155886,True
2440,321.0781056559102,147053.08827417553,0.5381063756036792,18,6,3.4347756211720446,46.660541340937705,0.5602178377840688,1.5026407459340309e-05,163748.47904756284,171279.64811270416,True
2441,336.9091519166633,125983.10190647814,0.5937059576343884,29,5,4.922297927170987,46.31747603806076,0,0,0,0,False
2442,336.6897557251819,113024.37807745131,0.6126046207786278,20,10,3.8494622847451305,55.475243262635885,0.64237304276727,8.139480801253693e-05,178247.3695643331,182790.16355273998,True
2443,314.7393479427525,128189.83313485823,0.5880454240483441,27,12,2.1960216120353095,48.38403294711197,0,0,0,0,False
2444,295.9823570298129,103884.69339396009,0.4065446704892306,22,7,3.4049058174301585,52.867958305048894,0,0,0,0,False
2445,319.7214470848105,101788.63508778489,0.624719116838059,23,7,2.6569953931208166,56.45567786354933,0,0,0,0,False
2446,325.59978616791335,121103.91603854923,0.3699478125356337,25,5,2.785896758790554,56.81119926161765,0,0,0,0,False
2447,327.84587828738216,130914.10251007279,0.568031118382949,24,5,1.5667880195378179,53.96353593895543,0,0,0,0,False
2448,325.492809652536,124910.3084433777,0.4968398103243093,19,13,1.9929633577734664,53.61998342889632,0.5204875352297945,0.002667756975216748,109513.50650650056,116544.50577756032,True
2449,343.55309813515794,104142.60040736503,0.3910255768942624,20,12,4.174963508227382,54.1445932274927,0.41026447350486284,0.0002133876431738872,187718.2197768672,192270.5540922695,True
2450,309.7410461499923,118018.42683678307,0.6054862225559646,15,11,3.930179137296027,52.98461606989981,0.6330958439200053,0.01012506227640282,181596.52097249532,190622.45998846617,True
2451,342.94467301368184,118904.01471265277,0.3139483100453818,29,13,3.484637495257908,49.922759191134126,0,0,0,0,False
2452,290.06600165311363,108944.32123479615,0.34688807158175883,28,6,2.3957430797807575,40.719598463214176,0,0,0,0,False
2453,335.57936528651885,142505.8843366757,0.5057894109384793,26,12,3.702596897826676,47.78922574306853,0,0,0,0,False
2454,299.1270899110412,100103.56473432791,0.4218356409994342,17,12,4.025164655243621,47.340835140223966,0.43967086064785876,0.0027258470503048536,183932.1291225186,195644.06552361228,True
2455,339.6109103396109,109571.73509115244,0.6608260101452437,16,9,3.3208896528922773,45.83712684575339,0.6868722277445185,0.0011734403142758215,160568.59524670473,164365.08090818542,True
2456,308.9773166200652,127992.34301165273,0.4219374878890721,18,10,3.8377613125701675,40.04743571686946,0.43701888390692234,0.00024339817659094616,178276.4195528206,188424.8857606659,True
2457,344.88565784897736,107404.57905748092,0.5567534488559598,26,11,3.4909181308970094,59.98006202352771,0,0,0,0,False
2458,320.2703459189179,123155.14114404625,0.5235313685248101,18,10,1.357609730669576,59.485034571113374,0.5512999049195926,0.000778124811211449,85933.98797995008,93691.5130128563,True
2459,323.679935027293,103481.18909349917,0.6822222335056782,20,10,4.88490257677269,48.30074341346782,0.7105574173856818,7.396813148727522e-05,218325.94006641116,224714.34303834502,True
2460,314.9649117075616,110210.47262966086,0.5606063025613465,25,11,4.606958359596001,50.64927501682258,0,0,0,0,False
2461,302.26056761480265,124364.20247175018,0.5765322733863627,17,5,2.3702042835504757,57.06807976788634,0.6055786877603434,2.466904015814393e-05,123483.07404451793,133845.74294959888,True
2462,325.2504009638955,119334.70288394002,0.48577217367518166,28,8,4.933680657515834,51.185336897481115,0,0,0,0,False
2463,327.13977882026796,132082.20549665403,0.635115834678208,21,9,3.5508059411436212,44.39214130037717,0,0,0,0,False
2464,300.2083283224657,123958.86393938726,0.614263306528277,16,8,1.813207448984949,47.24329348719747,0.6394648023194388,0.0007855067918288584,104217.14461173856,114692.61976086964,True
2465,300.71951450877833,132170.44427220442,0.6694933672888295,23,9,2.7250774882312205,42.00011195864407,0,0,0,0,False
2466,349.8162254780676,141813.3580939349,0.3883115659995792,20,9,2.8869392604488806,48.37384901252263,0.4053075612085462,2.4818387678890098e-05,141724.96784843766,145180.9223018377,True
2467,307.9652063864146,105572.33031570887,0.6077809666222653,16,5,4.582950231002345,44.06457617779378,0.6310292496647266,3.47239402385808e-05,207382.7006446038,216671.29319914905,True
2468,293.2886750941321,144654.49685483193,0.5782800002490383,29,11,1.641340259088056,50.83814043509852,0,0,0,0,False
2469,335.84869657382814,148669.10371134407,0.5078176363498799,27,5,4.649488146554395,49.92708508112714,0,0,0,0,False
2470,291.9064422091734,110813.15159157533,0.59705774603908,17,11,3.539765906930885,50.26028109327372,0.6232041249368265,0.0021486827784770336,167574.9088488453,179418.15597471112,True
2471,347.8500820837189,129082.96889973224,0.49102262430401244,28,5,2.920930692154295,55.89698783830087,0,0,0,0,False
2472,337.63183859138775,143334.59641059634,0.5709257482773247,23,13,2.5597254118922628,45.20103079231509,0,0,0,0,False
2473,302.3020308828616,149124.47771761415,0.6068515116837603,24,5,2.9643747127090245,41.57579340221468,0,0,0,0,False
2474,319.7459904214114,109171.77945755617,0.48969933504838675,25,13,4.6025136560503945,46.41939633709256,0,0,0,0,False
2475,302.626863379499,140510.0347129433,0.4775526010203186,16,6,4.82382392219719,55.98247161909575,0.5015395717528702,4.993883664885118e-05,212341.10650042718,223182.9951925271,True
2476,336.0350497903953,113197.05352412084,0.35061009483373445,22,7,4.312626767652811,55.51487026885907,0,0,0,0,False
2477,307.61730676840256,137355.54371008038,0.33251567829800543,26,5,3.0408520093719016,56.3618207522699,0,0,0,0,False
2478,290.4074242717854,131557.0784462094,0.611581486507718,22,6,2.348455155607681,42.79015279733582,0,0,0,0,False
2479,298.3250902756247,130014.33423186191,0.30560094444802127,17,10,3.2252076264390235,44.524977718978455,0.31802384709443227,0.00043287892671446893,153356.0874451738,165933.4223446355,True
2480,303.73213712817846,102816.76259329016,0.5503763572915097,22,8,4.727373087345459,43.993713027518176,0,0,0,0,False
2481,329.03356342529327,125096.52212690577,0.4963567262380607,24,10,1.2249221544022382,57.0858090319946,0,0,0,0,False
2482,314.30322401464997,119030.92834059798,0.6840645740134088,23,9,4.417086282867416,41.16391762390227,0,0,0,0,False
2483,292.7192024819858,108956.3890600704,0.45138329339341776,15,12,4.362369659441453,59.27826030413685,0.4748121549850085,0.014202980093260001,194552.87984388534,207084.09357422817,True
2484,318.9460478851469,105793.53969829854,0.6669623176051079,20,5,2.9501773332884556,50.53533388110212,0.6960993090345448,2.3182216688722054e-06,146170.28402732624,153408.17305677518,True
2485,341.424207779068,123110.87963345318,0.320542509574379,29,8,4.044570000517543,53.002479145919494,0,0,0,0,False
2486,298.20373071125243,109029.89619010736,0.5395034853346763,20,6,4.141530780938015,46.3926277361438,0.5615400978634211,2.5155630207240533e-06,189907.31855246326,201084.69428644946,True
2487,322.19883169906336,100169.13821185418,0.6847913950197694,17,12,2.44056755494527,45.402792505848325,0.7111297988023849,0.008254580349929486,128008.46702645971,134622.7460565643,True
2488,306.5177500259048,114528.72234606309,0.6225780781539456,17,5,1.811229264245354,43.157888489630324,0.6458241050681375,3.274623534603539e-05,104580.29261376847,114021.27153367277,True
2489,341.55949447368164,104664.0642900205,0.4252269614318631,21,6,1.6495911559877174,50.14384428522405,0,0,0,0,False
2490,315.98023072249146,140712.8281452711,0.4240032532876643,16,6,3.8615433858853683,45.06171640501457,0.4411346293564774,4.9987787469730144e-05,178351.18106207284,187359.0861024429,True
2491,317.75385385736047,144027.97506522463,0.33860343010570537,23,5,2.956716296026168,50.09455886147351,0,0,0,0,False
2492,331.87048088028746,100924.11390078874,0.6511542025143549,16,5,4.251454500034972,41.73165662319997,0.6745176268807195,4.1386679766214624e-05,195836.96320690188,200994.87370762997,True
2493,295.6119238361933,144435.04962070723,0.4149127680957617,20,6,1.908719387287075,41.89442776063154,0.4304806350033527,3.1861739556002988e-06,106943.72142372803,119233.59661585205,True
2494,332.94929019738305,148099.88437104953,0.5030831951414855,27,12,3.8986503086099535,47.23598327148334,0,0,0,0,False
2495,342.05159296181023,107066.11160673137,0.6578638791089928,20,7,1.4110969175138033,52.18629720750879,0.6876148067563498,2.021527813444408e-05,89052.9761593254,92451.18025407488,True
2496,321.37299711604993,103428.9913025489,0.6924669999128965,15,5,4.941310217862283,59.30065014922506,0.7280482977934613,9.969833565478e-05,218181.7926340937,224919.54818991202,True
2497,290.8887777437276,144357.71334804862,0.3228278048106699,21,8,2.24354951360543,46.46140046579342,0,0,0,0,False
2498,336.08733899986134,107865.75504884125,0.41786592646713616,19,6,2.4737857612939376,42.658083490870226,0.4338328552095959,6.036423198419728e-06,127660.21055422434,133337.5909116903,True
2499,321.20564741999823,118418.18353145849,0.33485346230960217,19,5,3.684386567936529,40.48751967102018,0,0,0,0,False
2500,329.280102122666,139861.22800993413,0.6295792142313754,25,12,3.177287156275643,48.90319631662083,0,0,0,0,False
2501,324.9758582524182,116758.68116813086,0.6829281062829043,21,13,2.095400015528885,59.5068213487246,0,0,0,0,False
2502,332.5374928844166,136708.28899343414,0.49718550190705224,24,10,3.774324593532074,55.75717359594403,0,0,0,0,False
2503,312.7189340599852,106117.6145255369,0.48737056681753854,22,13,4.95687655479661,52.96596860506896,0,0,0,0,False
2504,349.49296014566573,124937.62003110904,0.5582086096184483,24,10,3.36045468920514,45.25685897018356,0,0,0,0,False
2505,308.48947215886704,135318.43055511077,0.63628178517814,21,11,4.731725139937826,40.7239315757588,0,0,0,0,False
2506,315.76076836260455,134259.7219577924,0.3044889698141667,18,9,3.50975942467329,42.759639028186186,0.3163727006078888,7.906262681012924e-05,163933.0393347832,173731.12469582772,True
2507,297.2710243817939,139228.97725357377,0.40880467835668227,22,9,3.199779657383772,59.64898141619963,0,0,0,0,False
2508,315.55475470228873,108244.73418314506,0.5291088183582245,20,5,3.0852783472093295,49.833319645090846,0.5524418739378575,1.488092624467536e-06,150316.44680419276,158802.75716618382,True
2509,304.78286703682164,128321.12774685702,0.3641281064189555,21,7,2.952976080555863,52.71872481469804,0,0,0,0,False
2510,342.79929160518725,140953.9993123911,0.42443549930076774,19,9,4.0078451257386565,57.456738676434554,0.4465456470304762,4.859333784257551e-05,181606.05928763183,186092.9074132834,True
2511,310.59098840601456,147577.18046484335,0.6652523464313009,21,11,1.586933207517351,59.148786321804664,0,0,0,0,False
2512,326.6361539074897,149468.2357119942,0.4076611117590368,16,8,3.534282379615626,47.68596767474211,0.4251720892081872,0.000255447272801889,165713.66824451322,173058.5451419886,True
2513,299.48455971784125,131078.0325501456,0.6909570449129433,20,11,1.242622820208179,55.12165450194647,0.7238239254194853,0.0006164195191900191,82682.43587272633,92903.9744255878,True
2514,291.3864677892196,138059.59311460203,0.5724249727539488,17,13,1.7863600327970781,53.76190248362637,0.5986925061557067,0.01779341235873961,102399.9223587186,114449.54424018256,True
2515,291.9456341055861,130305.57108687988,0.6665501071774177,17,7,4.489099492806353,57.5952474542147,0.6999201251458521,8.306793121716125e-05,201754.23350533738,213250.5971122935,True
2516,331.37489393848773,106302.26303716053,0.6288681259958486,23,10,3.3106151276565816,42.95275128220665,0,0,0,0,False
2517,329.71803819409655,144514.44483400043,0.46941474678944284,28,13,3.4951990784544247,57.68100751501096,0,0,0,0,False
2518,301.01208099962224,139738.5416727782,0.30929020157037157,18,7,2.9544769604678525,54.38023862457798,0.32479704225124006,1.882950374363051e-05,142270.02633584378,154405.23040727008,True
2519,298.39815413127747,120394.54864228249,0.474992735854581,23,13,4.456220607226356,48.77414702325283,0,0,0,0,False
2520,305.3803110701929,128773.79557055008,0.3413974514708561,24,10,2.183550158898317,49.93872562898366,0,0,0,0,False
2521,341.78139457025776,107215.05632195319,0.47776479925614257,16,8,4.297436957676201,59.53661140452072,0.5033547791537584,0.0002718701674846517,192505.42145194844,196872.79888357592,True
2522,296.70606917974175,146060.32428874887,0.6273606898184225,16,7,3.5020630800739845,49.69632210213312,0.6544572121353986,0.0002092793687918114,166486.882265759,177438.66771550526,True
2523,303.3590918081077,138141.87236370068,0.39408002188734914,16,5,2.417967599903056,44.40076492690113,0.40983962788076245,2.9563691630083674e-05,125151.26900149533,136364.6591028683,True
2524,303.5288442440971,116619.03956339437,0.3029748180538804,17,6,3.167120071356,58.914079124563315,0.31951817610556604,1.7844315055674007e-05,149179.58075186994,160964.25586082827,True
2525,312.5414933303664,126629.87832323906,0.6975901799812605,22,10,1.360990336963655,42.843951857796526,0,0,0,0,False
2526,302.43463373970616,132195.34843279325,0.37220298710010524,20,13,4.510584613656563,40.339124385028704,0.38571229173859056,0.0004129597288593463,202135.51905003987,213629.52402350694,True
2527,294.86310396866423,133233.5417468453,0.45884572743010965,20,12,1.536330432023962,52.921372089573,0.4806184234839497,0.000566664939466902,92618.34023853409,104772.61550170276,True
2528,348.408757721529,138949.39762748644,0.34696686595461335,15,6,1.5959780731004798,48.116666321706326,0.36216806462684425,0.00016777919358914616,94310.05662552132,98270.15873982587,True
2529,303.909065133,143747.19114515028,0.6992273953752572,21,8,3.7045248941232547,42.02858507353771,0,0,0,0,False
2530,295.3569385970279,111755.29168750209,0.31092336818722704,28,8,2.0583209362702535,52.065145131930564,0,0,0,0,False
2531,301.2345766839135,135324.24685065096,0.34319807749421877,27,6,4.767062229589219,42.34038235602862,0,0,0,0,False
2532,325.2978362144362,119226.49220537626,0.5633758692472965,29,7,1.7596906993133237,43.233072811876134,0,0,0,0,False
2533,319.54306894010136,107918.43589752557,0.5433486167385064,20,13,3.715335170327462,45.922749010350834,0.5652569106917302,0.0007933151117666048,174281.06235357348,182038.67503120098,True
2534,300.13356438898126,130026.0849420234,0.494204827026773,26,5,1.3158342373281582,43.90026067468385,0,0,0,0,False
2535,332.89397179720083,114019.59619007925,0.48612735969573817,18,12,4.130952671433365,51.61162269968537,0.5084543396341074,0.0014252792204815041,187960.9086334493,193803.39781137486,True
2536,296.5098960944918,136390.59307248757,0.3616015191825137,22,7,2.7881686162195813,55.69976703439204,0,0,0,0,False
2537,322.7296039148102,109816.150283031,0.6771887126573521,18,7,4.265511417674286,42.62289366775278,0.7019111284193911,3.798136034560693e-05,196367.2885689767,202926.90123353113,True
2538,335.89948938485355,107044.6725384864,0.6408935765024408,28,5,1.6520597723875114,47.11235045875359,0,0,0,0,False
2539,313.5868765627577,134886.9666031012,0.3614349106991623,17,13,1.2242191846692323,50.320768035761525,0.3774727072110027,0.011427186631526996,80754.26496769967,90537.44757786089,True
2540,292.14806706463435,109693.55619414094,0.4619329064857427,22,8,3.411264450039705,57.648273925927896,0,0,0,0,False
2541,326.7879859705937,130496.26429745578,0.6938841646246154,20,10,3.3437858832844647,43.54537776951967,0.7197060938192206,0.00010865539390333247,161930.97007532744,167740.4168334905,True
2542,294.95172988888095,129448.36236771752,0.6929122874458274,19,7,4.520557766519556,47.72531352381125,0.7212832027500702,1.6759683728205804e-05,204982.21311958207,215878.96162519514,True
2543,330.6709799620372,116893.16250141294,0.5276010139255369,15,13,2.851622874403507,50.202967282605144,0.5486826142176223,0.05312299273793031,141693.6406623263,147675.76525042366,True
2544,322.7583743027303,137230.5359958256,0.3414484153570161,25,5,1.5562577040347516,59.61176663606314,0,0,0,0,False
2545,336.77000968437477,100127.89934633454,0.5922054537139756,20,10,3.2695792045865213,57.45353807598427,0.6221673761345988,9.08976615194415e-05,156496.74139083535,161129.814898252,True
2546,336.749132665165,120850.43234903103,0.3455065476198198,17,9,4.544424926905303,40.61913033697664,0.35820149262061696,0.00016699737639472583,202804.53514755232,208810.95026848264,True
2547,347.394896556876,110778.69692967804,0.42533405762240206,23,7,3.160194845116087,52.57594419866086,0,0,0,0,False
2548,341.6229803464594,130068.24584176752,0.45079744214391415,21,6,2.774698798496769,50.38535297503566,0,0,0,0,False
2549,316.7617014105891,117285.81607147053,0.5678861755679312,20,5,3.423592710795366,59.88654778823019,0.5980436937573813,1.5970802456121689e-06,161575.47174669828,169671.37281810635,True
2550,346.1621002811238,111862.78384609599,0.4696221835747789,29,6,4.645432450335704,55.70683007038352,0,0,0,0,False
2551,298.3302801956179,135384.97443900906,0.3353136992605962,18,6,1.9186948905919283,44.86696148913484,0.3490044852689514,1.2311979996540674e-05,106231.80087066146,118609.61538894696,True
2552,324.3889455753334,114808.2871026278,0.42743950236310035,26,6,2.7396001292710492,49.919042429861186,0,0,0,0,False
2553,328.3196800059645,102100.96276536745,0.4141766058984493,17,13,1.699291075633696,45.546602502822026,0.43066743917050887,0.011265908906429816,98905.27567250756,105928.61414743366,True
2554,337.9938956795959,125517.71089720831,0.6877549912698521,15,12,1.5436714645813376,47.95255216853726,0.713647065851277,0.059093079196831266,94447.52308924744,98385.34754232803,True
2555,326.01355131761716,124129.32858454098,0.6153481943253029,23,12,2.9783005136717673,41.060516772902986,0,0,0,0,False
2556,310.06393324595257,142269.9335720746,0.32680821858495085,20,12,2.708468223997532,43.92234838669243,0.33986910623520566,0.0002368641969372839,134978.45732512994,145552.17373179537,True
2557,324.7334706173346,101171.1198099884,0.5455655036027199,16,6,1.9646128413241566,59.22994753298726,0.5742975232181132,0.000128452113535606,108223.17777831294,115127.78126036009,True
2558,320.2612431932996,123145.56231192635,0.39491605688501774,19,13,3.917194570188271,57.63652253696592,0.41560177094278367,0.0011640856520226586,177845.18849734883,186336.15076158152,True
2559,327.08674625047604,123303.68611607375,0.5994859282187974,29,5,4.497865344326374,45.301993393739245,0,0,0,0,False
2560,303.16823508855697,137001.6009461044,0.3834729421958096,28,13,3.425485662119554,47.03433978560767,0,0,0,0,False
2561,291.66565781540595,133343.2264128005,0.5326896341023895,24,12,3.198455855910474,47.11011566727876,0,0,0,0,False
2562,298.29738882944315,148441.61725356386,0.4855715021551429,28,8,3.095808965809568,41.741911286228714,0,0,0,0,False
2563,336.2669101887951,126098.36724448352,0.41086764889034466,23,8,1.3387706845051635,53.5293524283153,0,0,0,0,False
2564,324.578771524746,126576.67399433086,0.5076316186403768,27,13,1.274312107495228,52.73460787235525,0,0,0,0,False
2565,342.02803429275275,101492.48715648153,0.586197326700894,17,7,3.6456667341065305,42.299061922785654,0.6077676713999658,7.92259236554746e-05,172678.3408073793,176414.97195169932,True
2566,321.73541398105124,113153.86009357905,0.6741910167553944,23,7,1.982112237198948,45.122320561207424,0,0,0,0,False
2567,349.33259489773206,114025.16062919438,0.4974673942912672,22,11,3.6587815353421345,40.44209543732667,0,0,0,0,False
2568,345.011603895744,122030.37935564315,0.5499886666186041,23,6,1.692363181790822,55.027023886122834,0,0,0,0,False
2569,317.7429632782652,117231.18914582439,0.5976022566643828,25,6,4.073002520494012,44.93578500804604,0,0,0,0,False
2570,333.2938870255708,146229.65856334486,0.3958534735737646,16,11,3.31499363266202,59.99600438060298,0.41737848859584964,0.0030226242401105025,155732.1679102068,162029.8563573662,True
2571,297.72765882154914,107664.53921835872,0.5026260184113458,24,10,2.692772718561187,55.828014634256604,0,0,0,0,False
2572,340.1293633617187,102525.63280117408,0.48263113941931013,20,12,3.2419463935262556,48.75268199470627,0.5035755752012111,0.0003404194467981816,155772.4180385968,160390.2300332029,True
2573,309.61945725583047,116776.0345993733,0.3066818902256228,28,7,4.935290566489818,51.21133673367329,0,0,0,0,False
2574,304.5511690373966,137160.2516508035,0.4881270599382166,20,12,1.9472186674976366,58.30327451478297,0.5136428641583171,0.0005340007199671592,107301.4013776695,117782.9260922526,True
2575,338.4859966819145,128270.54444177926,0.39720000024118096,26,12,4.453415856003011,47.22032891721853,0,0,0,0,False
2576,318.12712442440613,140595.8890492975,0.4236066795092693,24,13,4.595622247078471,45.45508137463033,0,0,0,0,False
2577,333.5559272743707,111222.30837386726,0.5579008341949265,27,12,2.8902251214406762,48.01897535518403,0,0,0,0,False
2578,301.7444718305145,105243.77607827794,0.3332253505217161,28,9,1.4024327453066356,46.07792930365365,0,0,0,0,False
2579,293.1197731450507,147620.7755289778,0.4657573649791766,20,7,1.208904483220474,57.55009391899053,0.4898917714213953,1.2482323147281435e-05,80351.99796367828,92736.50909662458,True
2580,292.6079132468505,143881.4735488117,0.6891476115838426,21,13,2.0250666104926767,42.40464080180349,0,0,0,0,False
2581,349.3121536984454,117853.90038676842,0.6728698436144899,23,10,3.6464745709769506,52.10529512087754,0,0,0,0,False
2582,298.8697343274136,136515.8735725023,0.33624385275117763,19,7,2.93014118517576,41.821627304065736,0.34900361664530255,8.920414203015424e-06,143464.1060365725,155747.82898797144,True
2583,292.50877006905324,144834.73728104372,0.48899577717193377,29,12,1.520902120967265,59.15209877531535,0,0,0,0,False
2584,340.59258289680946,148913.49536573302,0.5777067483700244,22,11,1.8575002571452282,43.985286751511836,0,0,0,0,False
2585,328.9162925044735,115751.21812996762,0.42566323274779666,24,12,4.543368250420566,48.498472102123166,0,0,0,0,False
2586,342.3123970520888,141904.28767786408,0.35381036954404566,21,9,1.626010383607409,45.47470452847971,0,0,0,0,False
2587,336.1141126431078,121723.36246875352,0.5988032091958571,19,10,4.9971673554584495,59.16403939988298,0.6300091867767,0.00013976346506693537,219529.25179360452,224242.5368969337,True
2588,327.74200715446045,100492.55205176338,0.4557397507663198,23,6,2.756404392684491,49.204483482938166,0,0,0,0,False
2589,335.20072144614875,115317.97420368608,0.627300440565722,16,12,4.708199442267851,42.135314804345796,0.6498072672231783,0.008868205424900709,212603.8277374304,217309.3852588246,True
2590,304.7970017946253,139085.7882610412,0.5816459249641242,19,6,4.809100584418079,52.313021403061164,0.6083784926182896,5.680465733521729e-06,213855.7008931091,223784.19184433206,True
2591,292.75077181185844,102880.3722315231,0.4575532405083194,28,9,1.4262147840451764,46.68418678777769,0,0,0,0,False
2592,305.18068921623643,124471.09162737905,0.4086439472549752,21,7,2.4986474143685786,42.10240691689636,0,0,0,0,False
2593,303.332670980402,144944.96325073653,0.4974278620308237,29,13,1.8374872692391833,44.215760531939445,0,0,0,0,False
2594,334.31230349165423,124900.3290368299,0.5464221624918826,25,7,3.4120049583880894,43.53889825228501,0,0,0,0,False
2595,346.3076344487454,113437.49715392663,0.5850013918267891,16,8,1.8400509852233036,48.42446141724752,0.6097549736170311,0.0007217286701348602,104954.34866604506,107955.84767148364,True
2596,321.80254866082856,105181.47560325928,0.40901064784024066,17,13,2.4993859302972705,47.66502390541369,0.4262110885603035,0.008555047834230653,127912.2921808967,136056.54027413845,True
2597,343.10169311550845,118505.56938392091,0.4607294627654904,22,5,1.2763983459187382,51.45292575258502,0,0,0,0,False
2598,322.4675584743853,143061.83331885384,0.5762073409159782,25,11,4.805845977183428,57.78844908076803,0,0,0,0,False
2599,300.219478818739,108597.7037310547,0.4591532177511686,16,13,3.6057303156268974,59.020608891482816,0.48271050070189847,0.016963233638493915,167241.14489911322,178567.05843539222,True
2600,294.7015965116146,103752.28037899578,0.6186714848215642,15,8,3.46455225864037,59.62943885207207,0.6510180326873224,0.0010595452353345796,163495.6070294776,174815.38569477902,True
2601,306.6125272668019,105936.4006467196,0.49325274202528957,29,13,3.81982350999738,54.92145376754986,0,0,0,0,False
2602,298.1736694257245,139457.75517073536,0.6651783917192522,15,11,3.2894027496946805,48.07548078172166,0.6921964683457741,0.013529024436342841,159096.38635834216,169629.69833152412,True
2603,302.747510644111,144538.3846948852,0.657390470613137,29,7,4.244013404519435,54.74827992943179,0,0,0,0,False
2604,317.86978663134204,109684.58610033098,0.5299902491012873,15,8,2.2213848129787523,42.44207383058046,0.5497104198643258,0.0011713777659379328,119358.11007978741,127457.04563793511,True
2605,328.26909401402116,142908.16134665636,0.6490572935977372,27,9,3.3405156048821665,42.31916372079379,0,0,0,0,False
2606,311.1515297308117,141760.20254069782,0.31840935636637596,23,11,2.5044980288518905,46.91166399760075,0,0,0,0,False
2607,290.714660637745,133025.22732095807,0.6588254991339618,18,7,4.2364473960745554,44.94568791574224,0.6843211242012528,3.6761707599458346e-05,194740.71181933474,206442.14382253782,True
2608,328.4628466582582,139679.43998704953,0.5128687821899972,23,10,3.169903029733315,45.97676947652153,0,0,0,0,False
2609,335.25595324098134,142465.76684107637,0.3167169189287235,18,8,2.2123418133031363,58.731554428572785,0.333912310984332,5.504801601833695e-05,115189.28063442443,121645.2246955,True
2610,330.04313505397033,104039.1697613217,0.5788183167475609,18,9,3.3999168389526444,47.92672169810657,0.603096210239949,0.00018611123074576606,162625.44518395475,168456.4243407672,True
2611,306.8072893770268,106927.64786541543,0.46832084196544765,20,11,4.507419778297083,58.486434763600485,0.4929876099463806,0.00011128132553348669,200200.42334076116,210439.78947977268,True
2612,324.4193194400684,149236.1863446498,0.44702320201799245,20,12,4.801384094812951,45.829650700658405,0.46532667641562436,0.00021808410577424413,213065.86851554285,220548.10606140664,True
2613,300.99584738690197,140466.57520594317,0.3564211648300999,24,11,1.5125881221142146,47.50911527748939,0,0,0,0,False
2614,334.53997550695556,106977.72584330362,0.6223277801176179,15,7,2.1913502551892172,45.2329563875635,0.6467007616844572,0.0006912219466113991,118489.41139806857,123338.28052976652,True
2615,342.90308022813997,113967.14533474525,0.534151485436175,15,12,3.3120306650581153,47.26088541362053,0.5555022137833419,0.021794237337629845,159105.95684202612,162957.70843217312,True
2616,300.53558843715666,135612.2835319071,0.6293701297264072,26,13,1.2107728556998765,56.06390287616198,0,0,0,0,False
2617,318.2611732283386,114358.41895218454,0.5527366168932832,19,9,2.305426039248642,58.125283656075666,0.5812405496186734,0.00011212034069302876,120838.65135290139,128770.0646167791,True
2618,314.5335106671917,122048.38250425085,0.48120834523363554,27,6,2.151081250620699,51.677641181525864,0,0,0,0,False
2619,299.3818291229392,113449.66318211234,0.33299851114025025,16,12,3.942508792861699,47.54503641838479,0.3472432957389384,0.004709543760672501,179404.55772377548,191635.92681711397,True
2620,315.9382892342047,109089.63400825432,0.637817164787291,21,11,4.320001089408075,52.94999384689177,0,0,0,0,False
2621,294.2421029329771,146630.80449100916,0.5182185408347618,20,11,2.173974736515751,50.712098682378695,0.5415148829921196,0.0002325939687465985,116612.2083933287,128520.4991588621,True
2622,335.4272124295156,112976.8023330167,0.5691528269000676,19,6,2.3003264151963982,48.06276597848281,0.5931434706600262,1.0250096584362858e-05,121907.92821878979,126874.37195499107,True
2623,344.76265709584266,106297.54401651547,0.53507045400403,25,10,1.9949990241454576,58.67192216186726,0,0,0,0,False
2624,321.23761693166284,116120.03089196057,0.4273396992803932,27,7,3.68069400718582,40.23718989875274,0,0,0,0,False
2625,318.21374923385616,139119.6262602053,0.600478711681711,22,10,4.335634121776108,48.701776355249145,0,0,0,0,False
2626,299.0842450915483,146998.4447327597,0.40506403921551226,19,9,4.569626804215576,42.207416553980245,0.42040362819644445,3.9296402710060236e-05,204546.418289174,216360.14085758378,True
2627,335.2126244913696,107027.68080822926,0.6320543724468157,24,6,4.212272001098986,56.16725977917727,0,0,0,0,False
2628,316.6163979215293,147704.4216665089,0.5984991424314193,28,13,3.626262148667646,48.213664068041105,0,0,0,0,False
2629,291.48652254801607,104457.30142571253,0.40485442831821383,19,8,2.722395139319576,56.2960732376266,0.42556686395371607,2.8022074440360526e-05,134917.05562236303,147918.05375912788,True
2630,322.76740268993007,125633.8437274461,0.5886389507565748,16,8,1.799706069512825,56.70198061384549,0.6179963007805516,0.0007614485819958088,102676.53058988774,109680.35230561157,True
2631,339.50886098395665,146761.34627967744,0.42830666112162297,18,6,2.6410646200964014,57.431839050089685,0.45059532983747524,1.4140308078212433e-05,132085.11009471686,137121.61715125342,True
2632,312.65236876136703,149354.12267050685,0.5572787124052427,27,7,3.9612543789279417,43.135550050508414,0,0,0,0,False
2633,312.8137020888501,109878.46871424715,0.37789162670378973,26,5,2.73255863250356,59.387948698586065,0,0,0,0,False
2634,345.8172507208452,105329.29299919719,0.638018459478559,20,5,2.632913529535923,46.47681250005198,0.6637064593029214,2.2998713062456464e-06,134809.45023384516,137634.3228734013,True
2635,321.9546916148567,115140.74683012704,0.38814154715729837,28,12,4.400151838573655,45.55764962681181,0,0,0,0,False
2636,327.23178709841903,119386.04027602437,0.5548354248499261,18,6,4.782546046696153,44.061451193265874,0.5762534540242518,1.1756914783692024e-05,214234.40304332852,220655.2297575499,True
2637,323.2767973380191,130326.37132630021,0.6482346853602658,15,11,1.8826745931972737,40.69532654912479,0.6701902869852087,0.02053591980563406,107603.94826532491,114203.18209442809,True
2638,343.64175741186955,106490.64546712567,0.30642112366393426,15,8,4.553632545772562,47.57770960822458,0.3197711897737481,0.00033394955767715397,201017.1783347805,206081.2052606312,True
2639,314.6376522487177,116908.6593678871,0.5864386475815988,20,9,2.4471556030167374,57.236556910531895,0.6160229823308087,5.179900868641326e-05,126343.34503960847,134688.17923324095,True
2640,327.5087781920737,126146.84804357516,0.4869081903900525,28,6,2.566141899181301,43.56257477668838,0,0,0,0,False
2641,312.7781792298241,133252.93920311355,0.6518781010181265,27,8,3.8809198751817027,51.058401779829,0,0,0,0,False
2642,314.91818887204755,138793.6343774168,0.39546070000368694,16,6,3.2462080550881502,54.13074102803382,0.4149058976902748,5.3875037890808047e-05,154090.3967536295,163449.96298923471,True
2643,320.29779430818957,127674.98028696311,0.5498422070099505,18,8,4.192538815882651,53.82401957234478,0.5760142072046354,6.485561851059437e-05,190569.55399843078,198176.51924442884,True
2644,347.94681957118667,115869.82774501665,0.3081325029763276,28,11,2.0884646824702324,41.939204204496114,0,0,0,0,False
2645,340.04581465125534,113089.18097385058,0.6779111274380616,24,5,4.237921685727817,52.42676924477953,0,0,0,0,False
2646,301.8345300281187,128058.91157714576,0.6678349115118545,15,8,4.988441828752164,50.610049519975924,0.696997689756393,0.0008301919808634506,221585.28292811717,231546.53535348014,True
2647,314.9500144300804,132478.76811151585,0.40217323072344213,27,9,2.439398966346296,44.45453050868278,0,0,0,0,False
2648,311.8690457809007,148416.5919012606,0.3939274373161728,17,6,2.919941174402352,56.94927317417401,0.41436489103059515,2.612701163838534e-05,141855.24185684678,151719.37617157368,True
2649,339.53578386279446,140544.30920458288,0.4786652327445794,15,12,4.453926338529542,42.45823559388652,0.4961269721085135,0.014685448627009457,201411.78774130697,206143.2582989168,True
2650,340.1713889357964,107396.93554249746,0.5791985831399222,23,10,2.1980179935294677,43.66262849345025,0,0,0,0,False
2651,322.17655010359675,122849.67132417212,0.6553909119606908,28,10,4.812029415461553,49.736760193327854,0,0,0,0,False
2652,319.24790785795295,147185.42245454434,0.5999445184431568,19,12,1.2264133512792057,47.710709688384895,0.6248125113521111,0.002256300670509242,82391.14430338406,89902.88178780097,True
2653,340.854460101436,141849.22948420566,0.64315593720133,22,6,2.9474306309663985,40.66346152271858,0,0,0,0,False
2654,295.3373071550062,130443.41585731381,0.5414653022230852,22,11,1.4238384950410958,52.47334752683384,0,0,0,0,False
2655,318.7353940847887,125443.59778195723,0.6210399788639398,15,11,1.8584699315866877,47.484445327457514,0.6458511641677702,0.019543874628999123,105910.72162467221,113398.13152852864,True
2656,334.5850489521391,143382.22744972323,0.6988821541785464,22,11,4.397124256088452,48.27199621360519,0,0,0,0,False
2657,320.3744715768942,104419.14823557278,0.4787437984544714,17,12,4.6766784721867705,55.14433203357876,0.5022698869186943,0.002842455746007316,207159.41556396554,215141.97916137645,True
2658,339.829066515243,145678.11431751426,0.5913681016394639,16,12,2.188619588985803,42.926249049576924,0.6128585845956087,0.015749906016949335,118488.75667233783,122574.83268834664,True
2659,293.1275143825903,138895.0872799854,0.5668170409381849,28,6,4.79539098888389,56.47793285672935,0,0,0,0,False
2660,311.3736727776917,132866.4688045812,0.4035098507101261,20,10,3.1486502429102554,42.66815446768503,0.4189672730135848,5.350965353618664e-05,152275.17128448698,162152.0164042029,True
2661,324.9670101660411,148958.4813384054,0.46944175930130694,20,12,4.2536879705966415,43.95617269469058,0.48777547439471153,0.0002567536917757023,193609.883485465,200870.9742639032,True
2662,341.11409419185094,140673.43608371564,0.6700828919797437,26,5,2.043531363266307,43.165686970822094,0,0,0,0,False
2663,312.91401169639283,110756.01815611724,0.38337314892184876,20,9,3.8042301161278003,51.14466760421415,0.40117382685296676,1.951914557503222e-05,174640.78847324505,184400.14774536729,True
2664,321.70314242046607,131123.71821172655,0.5711004691501631,19,9,1.2888298774069225,41.21580946941992,0.5916078682300386,0.0001731538225009842,85096.74429628377,92346.6034384437,True
2665,296.56584348786095,146002.0840392256,0.39939965198608723,21,9,2.6818985036429797,52.64507620017751,0,0,0,0,False
2666,349.86697916604646,100371.97842487803,0.3037304503479802,24,6,2.3428590652419032,41.71596996094308,0,0,0,0,False
2667,300.4226486524635,124202.88895962219,0.6099764575731557,23,8,1.5454255852552512,52.95567345362916,0,0,0,0,False
2668,292.03184384248465,115461.04985256982,0.4671511215775601,28,10,2.124114732424777,45.74471838043758,0,0,0,0,False
2669,294.84138652825703,100973.6387503801,0.3977653043780716,22,6,2.5512233002774294,49.51002471717151,0,0,0,0,False
2670,319.3728336970765,114608.94834933037,0.6168634215914743,17,7,4.49109335090812,51.16185753109447,0.644383883574852,7.247249423193234e-05,202693.11800195702,210107.366877402,True
2671,303.9378526696033,145278.65965489205,0.4409645659447492,24,5,1.8360651030300539,54.08738198171996,0,0,0,0,False
2672,324.03098663143624,120638.13680239573,0.6783750790512105,18,6,3.050209766444019,44.193041319410604,0.7040828761314631,2.4059249735951812e-05,150827.1088160486,157167.96009399768,True
2673,321.7131007323241,101011.7209213759,0.65846167152217,28,7,2.6214493328830706,42.42451079304071,0,0,0,0,False
2674,304.98971359162135,134159.9050577458,0.3091098927568883,22,13,3.4517239367578103,51.67247357780995,0,0,0,0,False
2675,325.3902793139211,122865.41156718659,0.3308385247788309,29,11,3.1585374492300744,58.73992669072028,0,0,0,0,False
2676,315.8681578123778,121599.11059643683,0.3549877194543905,26,10,2.6198046145073177,48.55822157415949,0,0,0,0,False
2677,320.7186488210773,125792.2457825621,0.414149265783146,22,8,1.2404213150030166,41.82566581845922,0,0,0,0,False
2678,291.4742973893771,128612.24550564091,0.5430164222206635,26,8,1.6019492368290067,40.259551132952694,0,0,0,0,False
2679,297.6488727553636,120310.01125285683,0.4732962551090824,15,13,4.837295514762183,51.13448186550569,0.4935471030137882,0.03035126656144552,213767.80626356837,225401.55241466715,True
2680,332.7027948858357,114328.14877153754,0.34587948889634323,22,11,2.8068336238590526,51.47794891960807,0,0,0,0,False
2681,307.05574060325324,140658.73405646248,0.35092155306791195,24,9,1.6625651595652478,59.43990152942064,0,0,0,0,False
2682,319.50317225996287,149731.47393953023,0.35719171555203466,15,9,2.780463070173977,55.913330927568175,0.375414820561882,0.0013491254697342069,136479.0794337209,145325.23225779337,True
2683,297.0530602400045,149253.58155290887,0.4652470862451501,27,10,4.219219931809597,46.28310122162937,0,0,0,0,False
2684,337.4676830055582,103844.74616039294,0.37938038983099387,17,13,4.3507084212343115,55.52021938267064,0.39833317572248456,0.005130152088942982,193643.4131374098,199324.30875793286,True
2685,331.8010237372522,108125.61077000175,0.6791767095766544,24,10,2.84629107523795,44.660231548887005,0,0,0,0,False
2686,322.5389482598006,116654.64040027314,0.4139615336485185,16,5,1.2656419248391795,55.68111824648973,0.434863216314997,5.112363354467651e-05,82228.27635487221,90227.33500404617,True
2687,292.0790288937391,143920.77304428758,0.4595380828809409,26,5,2.7517211425203136,49.2465050867356,0,0,0,0,False
2688,329.77951628937865,122670.38013681547,0.46281479952134685,24,12,4.187556941667338,46.346519736634626,0,0,0,0,False
2689,335.8369601944475,130314.83764122636,0.3084546952602946,29,9,4.36698982260184,56.98730754255344,0,0,0,0,False
2690,310.987655650051,109144.76331380349,0.3199418768620553,23,9,2.934265801696365,51.436513804351264,0,0,0,0,False
2691,342.2406243229391,136043.0979632108,0.4569010097995495,27,10,4.561742964393425,52.55358338249461,0,0,0,0,False
2692,334.201981474639,121265.21034069158,0.42062220106762316,15,13,4.596170142091811,52.99070533707521,0.4394445351493093,0.02756310398721901,203753.59447200494,209741.319633201,True
2693,344.9737292824259,108095.73277343348,0.630002735172986,18,5,2.3106932672421188,47.470429116394655,0.6559405250341463,1.2691397172051389e-05,122699.83274813837,125714.27477299217,True
2694,307.4804932365833,114096.9471034863,0.5269808278084471,21,13,4.432807951153612,59.1311408167671,0,0,0,0,False
2695,300.08829593545596,111045.11797942541,0.37427665640316965,29,12,4.992455296323631,57.90330725822086,0,0,0,0,False
2696,330.4404767109772,120979.48782958588,0.3264281113091701,20,5,2.3571759522740567,59.903212103840104,0,0,0,0,False
2697,307.387357338316,134958.68266300217,0.5015211967433717,20,13,1.4473669169904035,50.04121823017765,0.5237629088981836,0.0014974977727943027,89878.2301179712,99827.63814937958,True
2698,301.1338080256713,143702.62337208647,0.5098769686051788,23,12,4.527295742621637,45.61622143679604,0,0,0,0,False
2699,325.0767736243346,143042.75366211,0.6193880627543777,19,8,3.657229649248799,44.77631415812567,0.6434290890840942,3.764535177608672e-05,172967.39440574998,179418.48357063436,True
2700,339.9814225818028,128256.60651142389,0.5931745664405643,26,9,1.8366025980859912,43.814754431268966,0,0,0,0,False
2701,291.3449235697855,129589.7367543169,0.5935576658005881,24,9,1.606735645373281,40.60257888080288,0,0,0,0,False
2702,316.13337617054367,135085.22353718244,0.4165299924297762,15,9,2.105275109280644,58.271104036735125,0.4384771822429293,0.0020265343873230655,112452.26342168172,121489.70398893196,True
2703,322.432444218842,101627.9716930295,0.5316188427982012,17,8,2.7140900631817915,56.051510242797605,0.5580994566601147,0.00020600495788328097,135882.19718494927,143238.2359393355,True
2704,308.1419882556853,131370.99762348787,0.4123998347241829,22,5,1.825727569816241,58.213458750003966,0,0,0,0,False
2705,328.6428725661455,128804.1064720168,0.5266107947129788,20,9,3.8274019834297723,53.97504980534293,0.5518539487449742,2.9342687167754825e-05,176906.56827132727,183249.9218679457,True
2706,299.4752412138937,125992.285968006,0.6634786253534661,20,12,1.6777355003814198,45.017901628745136,0.6891407091844651,0.0009513116953032245,99592.91463239159,109933.24664897901,True
2707,295.1925291531029,125493.27900532464,0.5909074380485149,28,11,1.7530511024714033,54.022474851551664,0,0,0,0,False
2708,294.1015090377228,105858.3481185345,0.35752145746247904,17,5,3.8759819900704446,59.86813978758213,0.3771955302001085,8.604197560541723e-06,175379.05027738982,188275.7659423773,True
2709,305.49615204610615,149173.69035809443,0.6910341118364045,17,13,4.491967203379793,57.205477194200384,0.7247002124985807,0.010881717534054,202093.87011919383,211377.1935335005,True
2710,294.17721082543767,100183.29367151509,0.5911548601820793,18,12,1.417931957079174,57.95433331655636,0.6211148075280252,0.004562707301476586,88582.7035673198,100120.69877526423,True
2711,323.8346346577404,106237.35296560074,0.6949106213062237,29,9,1.340568355647819,57.13662151298583,0,0,0,0,False
2712,298.4362657382489,110499.07619539724,0.6315951907768103,27,12,4.813605289678022,57.35737072783036,0,0,0,0,False
2713,347.90499285532775,121378.5718811113,0.6803974240353063,15,13,2.4461045293731116,50.62202475957614,0.7063089742281486,0.08658178439170841,127628.6949750646,129875.74850816025,True
2714,301.3514411330881,140770.433672141,0.49933385191387275,27,12,1.534019862972404,51.79838659165821,0,0,0,0,False
2715,301.1587369345931,137796.79112632552,0.3238735985118545,26,9,2.3844353784313057,53.34521650877914,0,0,0,0,False
2716,295.4609967772737,141236.9186185905,0.4085468881767899,25,7,1.7357647878744946,44.68377236732226,0,0,0,0,False
2717,326.79977856129807,130560.41249068928,0.5903622469057523,29,9,3.9927432052538565,41.864641275571884,0,0,0,0,False
2718,323.1496119480123,115139.78400996205,0.34388500258376287,29,6,1.907294266747536,58.11854797207343,0,0,0,0,False
2719,297.6941727361776,105885.69167536445,0.6027302263156771,16,5,2.822635343001601,56.630299319271685,0.6327123919329036,5.20522136410035e-05,140291.0951516257,151228.54225744426,True
2720,293.5510486710349,134985.48228279292,0.5568850166199135,26,5,3.482308442133581,48.882895041413796,0,0,0,0,False
2721,290.32236603378396,131910.2255391356,0.48312645637520046,21,12,4.497223041899933,46.18415458646806,0,0,0,0,False
2722,319.0894146062927,125958.18806229827,0.315726722810289,24,8,3.190258254080963,57.781718322938275,0,0,0,0,False
2723,307.39284630077145,146280.529284091,0.6990818856410821,21,10,2.26250166266749,45.31656885594546,0,0,0,0,False
2724,346.0006335175597,100347.6823324921,0.44397224771865584,28,9,4.721831548369281,47.44035558423765,0,0,0,0,False
2725,305.5660247846688,147521.3364204053,0.4092137653390603,16,6,1.4059627697260837,44.914037247384165,0.4257304241955836,9.914495067037211e-05,88169.13975847354,98940.0559271008,True
2726,343.9263003810286,131233.29049427848,0.5545373180270348,25,12,2.1029160777304123,59.077284691179756,0,0,0,0,False
2727,317.6481243674242,106838.19575884342,0.38110256043668006,26,6,2.2551009973203326,46.00294908590763,0,0,0,0,False
2728,296.85154028745796,130166.77005214585,0.5610355193608341,27,5,2.942794252146289,48.82244540849747,0,0,0,0,False
2729,340.9642166112791,148036.50647982804,0.6313767649516894,15,13,3.0270992018971157,52.50202823522544,0.6572622053408168,0.06525618428636189,148609.92594257527,152303.57804944407,True
2730,341.67451911359683,139849.94097842922,0.5489755846301432,26,9,4.85100535142812,53.79419297736342,0,0,0,0,False
2731,337.07117030413116,120377.06665894513,0.508472385939261,21,6,4.418439425441103,42.39584284761283,0,0,0,0,False
2732,300.66019884372565,109561.68373814924,0.35016129086560716,24,6,2.3024468227598334,47.96764668957871,0,0,0,0,False
2733,347.3452829891602,112096.79339983454,0.4645721415551035,21,9,4.970492470085866,46.62573602158123,0,0,0,0,False
2734,331.25145378596545,147408.80590808543,0.6877921811065705,17,11,4.952992308059348,43.66730320337107,0.7134223322998284,0.0019014616660856713,221859.072241107,226947.9044844879,True
2735,340.11566260554,136278.79557559587,0.5575330017333365,29,10,3.6017896318676907,46.73299244230783,0,0,0,0,False
2736,326.2001085089096,110018.39980547929,0.482395450620088,28,11,3.6324219712533354,56.07956875889069,0,0,0,0,False
2737,333.43475506621604,111977.91009284297,0.5290397633359005,15,10,3.6435426524100176,47.38633101894231,0.5510000695686329,0.003970988849734549,171252.16441529326,176765.72869800974,True
2738,319.0838520205939,121887.06407363208,0.49996218533169656,15,8,2.19905848031631,55.716154515506815,0.524799449438416,0.0011243326714136055,116847.08506607378,124923.5137589287,True
2739,322.8032637445373,133919.91391956786,0.6850487775076249,18,10,3.183569512939409,59.281071505945896,0.7202579598885138,0.0005931117852418921,153605.5417172571,160139.994889846,True
2740,297.03731099578886,121006.20733953679,0.6133321625754666,19,5,4.672428258520251,45.62659671030488,0.6376411145497187,3.020497375820789e-06,210448.8915827861,221415.24623036364,True
2741,338.1768963066711,109733.7336224346,0.3894658805927103,27,12,4.524459144216458,40.62662478376103,0,0,0,0,False
2742,317.3961744368005,108693.5910921586,0.6888251143342962,19,10,3.303516475556025,49.95030024979066,0.7184114529532549,0.0002496320726888902,159438.14903451916,166826.47441895763,True
2743,339.6002090983338,132678.28022645408,0.3756576978856029,15,11,3.7807614555764033,50.678418722868145,0.3926973318481063,0.005643786120306983,173744.41248987382,179073.79084312363,True
2744,292.33469051729475,103850.72032553935,0.40056104895368305,24,10,3.811362443580058,44.34117871462065,0,0,0,0,False
2745,323.9001960888416,141829.05901721414,0.43045234027138163,18,10,4.4527950900032796,51.650525729512445,0.450475616602599,0.00022552212426409427,198919.41026814928,206589.8090645292,True
2746,305.67039558388177,124635.00729204691,0.3989011363625999,24,13,2.4002283786162186,46.153875670906835,0,0,0,0,False
2747,343.2250178785284,149186.60692569264,0.3336406413180065,19,12,3.868235889702918,49.33027222907087,0.3486651592992675,0.0004205276154866055,176423.86988706203,181382.53491902686,True
2748,301.81394246879546,116384.18626783154,0.31254586035324283,16,10,4.616640038287169,44.601915212706594,0.32524653405640985,0.0007546412520435942,203996.5490637044,215981.0906819147,True
2749,295.88419428267275,103381.5100918262,0.44152146174721046,27,12,2.02327939446001,53.400639754738215,0,0,0,0,False
2750,319.62309175238556,124308.42259756677,0.6810121138872597,25,9,3.5092400581131056,48.96695116165512,0,0,0,0,False
2751,315.63017221268296,132073.70588541945,0.6788392362199471,26,10,1.4836932627911663,45.360363486596775,0,0,0,0,False
2752,324.5329623692934,100699.25504988157,0.6095602344721969,26,6,4.13979531665314,54.31686009187733,0,0,0,0,False
2753,299.5409617155152,115872.43238759186,0.3876302254944149,21,12,2.5352892336621826,52.6979408817632,0,0,0,0,False
2754,335.33890996580703,138671.96235397196,0.41431034050540916,17,10,4.105772908126006,50.95395946534817,0.4333492194659869,0.0005202465561520057,186135.6873252253,191968.3722168006,True
2755,329.1310142426532,148682.51748095796,0.5770160777283138,26,10,4.827876659405994,55.21483781134859,0,0,0,0,False
2756,320.72647725437815,139535.62821271826,0.3765505894153374,17,9,2.8635542192597683,53.86004749457445,0.3950169275096774,0.00027750191168060285,140002.14220723492,148525.1928952713,True
2757,294.5321100340875,132259.39533350748,0.3931872153048996,22,5,1.401504555260875,54.71090534946686,0,0,0,0,False
2758,302.83935144746005,113993.57040781641,0.37722859906732137,15,10,4.026423921504941,53.60491843416234,0.39553018636948345,0.002407474949280805,182196.93075523237,193604.88043105838,True
2759,314.081317269729,106955.08578638347,0.6370475760651865,24,6,3.071593543066874,59.12704477447502,0,0,0,0,False
2760,298.4864388838834,116291.12245827213,0.3582001159777951,22,13,4.517005341284373,45.189385494726906,0,0,0,0,False
2761,323.24780969698134,112070.23629577908,0.6731142885891966,16,11,3.14735550814893,54.31305395546448,0.704463402857491,0.006502143674175356,152953.18451038023,159462.37363565713,True
2762,290.8729111425171,121031.04303583983,0.5967351632398469,18,12,1.2464765220991592,50.485602800802845,0.6228673017877647,0.004953800508417702,82905.89434841434,94906.26811957646,True
2763,329.09460169240526,136801.90579214098,0.49978505853132127,26,9,1.3834727676504903,46.62329230706598,0,0,0,0,False
2764,333.5800617126779,131282.2068731749,0.6946490362746928,25,6,1.471323850914434,59.80573343906896,0,0,0,0,False
2765,345.8767197383878,133069.9153885325,0.34088765487281475,22,12,2.629905487213887,50.725071408524485,0,0,0,0,False
2766,349.52660472673637,139255.4941204612,0.6733639316779731,26,12,1.6202087106157372,58.649307720393786,0,0,0,0,False
2767,346.84409491415227,115617.36886188143,0.34131012601688365,19,7,2.3266017489888204,49.57812461672201,0.35675984148292456,1.1213698940414659e-05,120620.54141339545,124896.0004502931,True
2768,334.62793814481745,115978.65051494924,0.6761482400453548,21,7,3.474579031510122,50.7066780395677,0,0,0,0,False
2769,333.4710505244915,115298.25493011491,0.5583125721303168,23,12,4.826953598430721,47.94356443721331,0,0,0,0,False
2770,308.3491578131055,121935.03157724568,0.5118387570154469,15,11,4.202031291417063,46.10639798931845,0.5323985704447596,0.007533083531837779,191878.0810408673,201613.19579055885,True
2771,294.6795995058614,131066.05462800847,0.3063242613654597,16,12,4.47896920914133,45.554436828774875,0.3189323618726896,0.0038544899061824164,198688.65005498935,211827.23327938747,True
2772,338.7558037169409,100468.10130206448,0.6402170024316245,23,10,1.6881413139775299,46.568853399656774,0,0,0,0,False
2773,325.0398655474247,126944.68770319264,0.35222351588986217,25,9,3.9528745124849882,58.43277319016553,0,0,0,0,False
2774,312.28597853528925,145419.61905403537,0.3392207931847905,28,11,3.6459117767065736,53.21926377319161,0,0,0,0,False
2775,298.1330290995954,149655.58934989374,0.3100288900020366,27,7,2.1263125978331683,56.716450427761174,0,0,0,0,False
2776,328.79724029040887,123192.28844208759,0.45737398126802953,17,13,1.4870048735328378,40.058839579760544,0.4731440233250526,0.01390713029094066,91906.42160720968,98590.9435965348,True
2777,340.9136288100202,111518.99338312574,0.4134999651185918,20,13,4.25299733454782,52.26691814342069,0.4330177492816953,0.0005046049289497271,191254.72137073727,196132.36885901133,True
2778,333.3999681687693,135263.4285003708,0.39686056475492704,18,7,3.7002654209520403,58.13632295110042,0.41789184880862607,2.1532964917264783e-05,169947.4319628647,176221.18497619822,True
2779,299.60362710333567,131840.67494913618,0.5716665371357716,25,11,3.8822915045625717,56.232274628568916,0,0,0,0,False
2780,317.0588742752958,114891.12962997891,0.35166269291274255,25,11,1.9676878715346577,46.513314650915525,0,0,0,0,False
2781,340.01977316623174,104105.29537797763,0.6217206656152368,23,13,3.7667489746435017,54.00881308824931,0,0,0,0,False
2782,318.5163759153137,120082.35517755347,0.3666323528759583,29,13,1.2732758799738622,53.37270115012305,0,0,0,0,False
2783,307.29504313500814,103658.31828021916,0.5043201208880884,17,7,3.1857104755748797,53.92636898672449,0.5285630918481996,7.416447939434421e-05,153185.27482108545,163140.52818749336,True
2784,329.7862614097158,118539.70583027798,0.4649727803092061,15,13,4.091943649405147,56.407144489706425,0.4868272341023171,0.034296042062033225,185446.17136654467,191929.9522693301,True
2785,302.03222674786133,128654.6614557658,0.44911969827678744,28,13,4.4899998054494334,40.41958959325118,0,0,0,0,False
2786,324.3060690966453,131969.14587162397,0.4233167616071939,28,6,2.197211450959727,51.66796955719195,0,0,0,0,False
2787,298.8632256191903,134422.51694508953,0.4420161674523323,18,6,3.6756288885968234,44.348436849549216,0.45952951815238385,1.0733467691451785e-05,171890.85098318712,183518.20431907024,True
2788,303.4698739677864,129603.70059499801,0.5239681479275398,25,13,4.981465925455942,47.86058240129556,0,0,0,0,False
2789,297.67694940203785,138880.59271003288,0.4590508675736567,26,12,1.9332701660559843,50.67007264265205,0,0,0,0,False
2790,342.9834812268567,128210.45302354715,0.6099040657936998,15,12,4.7707940116966165,53.887992774357656,0.637765575745633,0.019191770919879603,212430.78146604696,215891.97058820177,True
2791,338.7036477962793,130620.625980582,0.6280877351660732,25,10,1.3165659872809812,52.429298918165266,0,0,0,0,False
2792,335.29157541281745,122324.63733613951,0.5963899317709516,25,13,3.814591755883839,58.54399716577596,0,0,0,0,False
2793,318.39976444223146,117470.77984591221,0.31012232661927763,20,5,4.451084508006004,43.253308060938174,0,0,0,0,False
2794,319.3051466327775,145634.78959499806,0.6363667744178502,18,8,2.7276449309179176,49.970565985433794,0.6639709303159421,0.00011780571424851661,137861.63139017386,145186.9214473594,True
2795,290.622196850501,108324.98208349082,0.4119703776864214,17,8,2.1501018202192035,45.51503271241259,0.42881927504447487,0.00016768361855599287,115401.28727676472,128482.19731221891,True
2796,311.1733502789624,111096.86015448956,0.34810048477965594,26,10,1.431481152274218,58.24883513815251,0,0,0,0,False
2797,342.8023047301386,109798.00409555793,0.5486478693922741,26,12,4.511606311392176,57.049724927133475,0,0,0,0,False
2798,348.0792817603104,134455.97450317154,0.3942790553869784,15,6,1.2382323178532721,47.41673799059325,0.41115427996442605,0.00023214046131774275,81726.1763245579,85454.6937085671,True
2799,334.2539984137497,141863.61035020987,0.6410241800272405,15,8,1.8396386346159175,42.69936719314127,0.6645519775436592,0.0018584695785204572,105760.91647075162,110561.4896888517,True
2800,313.53835807821036,110142.8842309977,0.44653422163433787,22,11,2.881055077492684,47.56842245865979,0,0,0,0,False
2801,306.5481883992803,143576.2079188283,0.3755960152757335,21,13,4.05467764981392,56.18415915790071,0,0,0,0,False
2802,307.6885727813629,112612.53752201566,0.6903754786658511,26,5,2.8140752655264354,45.16826560005537,0,0,0,0,False
2803,319.23030165752215,126689.45499122741,0.567805897394134,18,13,3.776548411348995,52.897694473407796,0.5940671572888062,0.004273237279556486,175628.2877906433,183314.60739916944,True
2804,300.22684682521725,138332.353245105,0.5685963916474005,20,9,2.041487665782761,56.039757877135656,0.5967387164861584,5.727103886359843e-05,111502.7992072136,122221.70049979682,True
2805,306.67651078623584,135305.06956538933,0.6234364914673725,26,7,4.546669777304814,44.033606605229224,0,0,0,0,False
2806,304.87019805364514,111130.19258508398,0.4828773712205348,21,5,2.3888653549965984,51.387919705312996,0,0,0,0,False
2807,294.97296307325814,105048.92129567491,0.3192147112941791,17,9,1.5767577672574702,56.37367101240982,0.3357917219894259,0.00034489598534758457,92628.21785406298,105642.3902286881,True
2808,308.8495570017943,133055.60642488804,0.5134896491067329,21,7,3.8941530516909344,46.81088710200984,0,0,0,0,False
2809,310.66792970934387,108353.05793069347,0.6141270761271016,17,13,2.933436007135068,42.328183298298875,0.6361547743901872,0.0130999506575753,146397.5718553843,155218.61659880937,True
2810,323.42271588220547,144630.88164337573,0.6003049160507149,15,7,1.3082875747574845,58.95787780064672,0.63142067198682,0.0010174715538730382,84518.74587390937,91357.0653553133,True
2811,334.6874184440102,112695.36168535912,0.4317859160289995,19,12,2.2401461727176564,56.052073407236094,0.4536303152089195,0.000903490815590143,117727.13450370908,123574.9737727128,True
2812,347.2361082464749,107289.70377084473,0.6373177051536709,20,8,2.908550992740082,41.883036997300515,0.6603269157888576,2.1376221988700788e-05,145661.50129518946,148236.40232451208,True
2813,308.45856692216967,117961.95328244896,0.5968349356881548,19,7,2.9711331148744002,45.17754648424344,0.6203090816346792,1.9289292546514484e-05,147283.62485861446,156550.17138414292,True
2814,315.99232181695226,129001.240619209,0.6766608492925117,28,9,3.0870736454438323,47.583906670043994,0,0,0,0,False
2815,298.54270867392285,136247.72514289487,0.6283020132320831,17,11,4.875506863736949,51.29924438312821,0.6562813925715938,0.0017221601846520405,216958.39596866042,227625.1021902043,True
2816,297.0188595244776,139741.97948823197,0.3658742474032764,17,9,4.916160186305174,54.56244075991887,0.38410044669733767,0.00017160880653955526,214027.5544571608,226416.61975304582,True
2817,317.5896237091989,125336.52713567016,0.5990450774901013,15,8,2.535872148604411,59.22030509133181,0.6302314840368861,0.0013296736751415613,129427.8227685113,137231.47211836252,True
2818,307.27210096749656,139051.73296464665,0.4242502445849709,26,5,1.875365251467644,59.82817660044487,0,0,0,0,False
2819,321.4893463216257,132887.71920459863,0.5346832992346068,22,10,4.896906985191255,45.78791509841939,0,0,0,0,False
2820,298.1514411520912,132118.11434443592,0.6313229408106631,16,11,3.2203687148482363,48.58647375046466,0.6577063203425714,0.005690891433921061,156262.58735095264,166970.1843391891,True
2821,337.97011354306755,146696.70838730002,0.36416987755278085,25,5,3.128957064643133,52.74343000053261,0,0,0,0,False
2822,342.27722507552926,125108.3090568192,0.3299053598810415,15,7,1.3853629465552335,40.80660705845023,0.3421088681804954,0.0003722255507947227,87100.07740713513,92246.08394404064,True
2823,337.8039657213448,108906.88258135201,0.48376087046471733,16,10,3.5367377991772395,58.2192630366049,0.5089709518487713,0.0016427383600366267,165136.99902009888,170158.54415364296,True
2824,312.3253501898724,109364.87136536426,0.6785775003466795,27,10,1.903110336507734,46.414354233834445,0,0,0,0,False
2825,332.61108917341664,103970.98911493416,0.6435366775628694,15,11,2.8294181795214124,57.83741222326883,0.6752773752268619,0.014972432552817832,140624.2309050712,145711.8978997619,True
2826,296.90334529449507,148002.27484743157,0.3183510336953864,16,11,3.228335128452289,48.451421444365714,0.33237117675426653,0.0023212224874621114,153118.05832979133,165830.9707805521,True
2827,306.09604941226917,103987.92769887215,0.5340519752265469,21,8,3.481771842745278,45.89357981849366,0,0,0,0,False
2828,301.6048658151964,142774.29607137496,0.4115086148619195,18,8,2.216519388562273,46.382532033831616,0.4286780668022809,7.308325744914843e-05,117734.71052993214,129118.04998226045,True
2829,328.3898319109498,138263.95645004604,0.5520007649340017,20,6,3.601272081382983,52.165967416533746,0.5774306936894518,3.0065606965049924e-06,169153.46852049782,175400.26149197546,True
2830,301.5927475177858,130647.44481924076,0.6548300410380227,17,11,3.9727603236382105,41.49582745678401,0.6780968615369677,0.0021723946772911978,185511.13982705266,195559.63104760041,True
2831,333.03294229741795,131789.832233991,0.4226804675059806,26,9,3.036928381094262,56.77757316448416,0,0,0,0,False
2832,314.814856725194,132642.41084054674,0.6242233961593411,16,12,2.8003107034384316,56.997417472627234,0.6546537870521736,0.01436491562406762,139562.95861797302,147684.07890275543,True
2833,305.4092816418631,101693.00297989685,0.5743235932202966,25,6,3.7058507011730155,41.790642934052784,0,0,0,0,False
2834,311.5090514261416,144199.45410289333,0.586782892556081,23,8,4.7180157665225675,46.172969489035694,0,0,0,0,False
2835,337.29837051090055,103064.58202595763,0.6046410571183192,19,11,4.045511853817057,56.61603331608387,0.6346835467046495,0.0003875941662911551,185189.32559065186,189668.98747770887,True
2836,305.28761910969786,127269.11839414865,0.5024986293048644,25,9,1.7719754832200634,44.67157530848397,0,0,0,0,False
2837,331.66200336836135,118095.60844616103,0.5757506986142727,24,7,3.84250204552732,53.35562082108474,0,0,0,0,False
2838,346.38774757016574,148575.3925125009,0.6992900173122494,19,7,3.5305809343071424,52.14123948581266,0.7306544565941793,2.1982244075806574e-05,167547.35399234036,169996.5714548646,True
2839,305.07315504330535,122669.52375740418,0.5859474794252217,28,8,2.0683846032873183,48.690943911236936,0,0,0,0,False
2840,345.0601822183621,116574.28000883784,0.35250480050350924,26,10,3.8902870712034687,44.99598453330194,0,0,0,0,False
2841,314.3812230564009,136778.97203596745,0.36742457786661675,15,11,2.011094294122659,41.40425822258989,0.38083182640022856,0.008567386470747118,110295.12946966957,119906.7216738614,True
2842,296.24022548711764,134558.0164113444,0.687572671850464,18,13,2.359701965192298,52.7315495680433,0.7184468801439561,0.008704660482239878,124145.30965190216,134875.76495787757,True
2843,319.96319850056113,110747.64446439756,0.47312072768824787,18,9,1.8854112175462583,52.42214127954517,0.49531132365394864,0.00022951085159601066,105523.97144782892,113603.44849550941,True
2844,346.70009477473764,144487.09425595897,0.3603112022508425,17,5,3.2390156380549513,50.51081842294817,0.3768892471459191,9.708848717315485e-06,153855.64710554338,158033.67544869904,True
2845,322.32699018331243,124036.49891882553,0.5840057770883869,21,8,4.012362260425287,50.495406642947785,0,0,0,0,False
2846,305.42987562168054,102000.29403377528,0.34648572499754865,29,5,2.2612428273819978,46.968333659389344,0,0,0,0,False
2847,324.83473047415595,118147.51130597947,0.30043011472635056,20,7,2.109801878602339,47.43559731494774,0,0,0,0,False
2848,335.37542193496677,100897.02987005877,0.579651775094926,26,10,4.892530482521937,40.00967181114359,0,0,0,0,False
2849,316.11148719595934,103514.41792929069,0.36199735451253623,24,10,1.401299830589272,48.64062688874479,0,0,0,0,False
2850,336.57133104639,112910.34769951917,0.5997126086056899,19,7,3.2743950647814337,55.599587121338274,0.6289923589536557,1.8546842692820833e-05,157002.77655126125,161629.37933929428,True
2851,323.8608248379222,124398.24190991107,0.6444328009724336,26,10,3.7733417895037666,47.817200186760424,0,0,0,0,False
2852,328.2221278572251,142612.89223027034,0.37645706029219983,16,7,3.6101545566241526,46.84218572089851,0.39241897428500877,0.00010136356656195756,168154.31543159636,175422.36461084936,True
2853,311.1129852680292,133192.1990928486,0.46220133393897805,28,6,3.43345886995787,51.319379508533984,0,0,0,0,False
2854,304.7532726059203,123631.50016011318,0.6359845401098908,24,10,4.074879593578686,40.12696370222739,0,0,0,0,False
2855,331.73929022679926,101862.4061900725,0.35651803054533626,24,11,2.8736904518203024,56.92913737803844,0,0,0,0,False
2856,321.34074227655145,142186.3356345256,0.5234990989534056,15,6,4.411752985479148,40.212246140105655,0.5419749463941528,0.0001326149792869669,200851.57152979128,208411.35949947004,True
2857,300.9383880408991,109525.14199336314,0.5758437438973965,21,13,3.1633800155359078,51.01636010802677,0,0,0,0,False
2858,333.27092011156174,135992.12897625298,0.5842421093978678,29,5,4.2792383306841435,52.568666716588936,0,0,0,0,False
2859,320.35853414958547,140441.38045435952,0.5841354383735045,17,12,4.191035973061485,40.00249361188451,0.6042948610979326,0.003956765445078782,193346.8776926256,200747.69419781852,True
2860,332.1036185645517,135692.729427485,0.32955682973650346,15,5,1.959923639283919,51.50041540064683,0.3451084045787715,6.262112129595038e-05,107004.76806061367,113914.02076857166,True
2861,306.9285824965589,137441.3575331828,0.35231636824809837,17,10,1.3257833033925315,44.87453946182742,0.36662535465817137,0.0009387698391115474,84794.19904757109,95705.11544391657,True
2862,340.6825148490447,125599.00383774353,0.4661060380884034,22,5,4.698720770570907,44.00548432882613,0,0,0,0,False
2863,336.19011613528625,144540.7441607445,0.6328973135179643,15,7,3.9212363056701625,58.67998214296689,0.6653847567377988,0.00044316168011520127,180483.78311452118,185015.92101229395,True
2864,342.1760740672224,129073.11208346786,0.41504220563038774,28,11,1.76509372392752,58.5795736194607,0,0,0,0,False
2865,345.47892010958986,120498.08629217267,0.39930598248275734,20,11,3.2336580592254993,45.55037389426864,0.4156869628474003,0.0001177747314101712,154923.5223716725,159081.03062627226,True
2866,304.1570993583182,125176.9458179477,0.3376482969935898,15,5,1.276905423711719,54.77338429336696,0.3546211042614967,8.47536603805759e-05,82128.24859901621,93581.09484677178,True
2867,346.7968733791597,125547.14456399949,0.45158234631532457,27,5,3.2949864883587257,52.54867488709162,0,0,0,0,False
2868,300.7832642730997,141157.5859023311,0.5231066109502694,18,7,1.7023778627841712,43.34431623000961,0.5430657475094424,5.5185017520689104e-05,100001.7794672075,110864.45911711553,True
2869,314.1506835336704,115394.47862004318,0.3130172715818169,22,10,1.6504987213481068,56.033395827890786,0,0,0,0,False
2870,315.13432639651097,143087.81745718967,0.32412503137760973,22,13,4.512522678490338,58.52760390097758,0,0,0,0,False
2871,319.2793286401774,105741.4126099985,0.4162951370868611,28,5,2.537619413638971,57.84140574728529,0,0,0,0,False
2872,330.7743408961099,137623.10228649958,0.5805413885823677,17,7,4.234798609145839,42.37282069078996,0.6019635868173489,6.834929006721593e-05,194508.61303622727,200198.26210558767,True
2873,319.87025006061,137415.30882769718,0.34011267716856364,26,6,1.6462712484494793,56.11609986452588,0,0,0,0,False
2874,292.3152177424714,120409.87369308021,0.444981463903786,16,7,4.224831817578248,55.37179208834875,0.4671972931706727,0.00011163335738463487,190155.60960466514,202785.45308631533,True
2875,330.96435242260594,113627.57722372896,0.506996424002845,22,13,2.8479509262394753,57.507747439299266,0,0,0,0,False
2876,348.9485271632358,117431.25871898764,0.3199129496641272,28,13,3.0215386952384744,57.97392961473734,0,0,0,0,False
2877,295.7448847901358,136928.14118560342,0.45032600592645206,16,7,3.2067714703661645,51.63923957491725,0.47120238161619804,0.0001415009682620206,153703.58842989124,165770.7021186379,True
2878,322.340789484034,128504.88430089704,0.49120144158074597,26,10,1.439903036653915,52.01456728259253,0,0,0,0,False
2879,341.71356102149775,104634.56528621598,0.42503096442948024,22,6,3.8655884979896875,41.89665363048332,0,0,0,0,False
2880,342.3599090161983,146138.81317448858,0.6466728167830124,20,9,2.3007800165539294,47.76521573836263,0.6733887674507124,6.216530922600984e-05,122376.03516438064,125764.19007500511,True
2881,301.7895405673766,130769.14715102194,0.6069644727909713,17,13,3.758928422866121,43.33942757297047,0.6293987654808361,0.010394187903174026,176896.08492964983,187155.05286993316,True
2882,315.4447421740711,124624.57081424783,0.4196402807135156,18,9,4.562567660247867,51.547314316879884,0.43916151601987796,9.492328209581123e-05,202765.31665442677,211892.63293112823,True
2883,335.1141098864511,118931.50783677935,0.5971841899931899,18,7,1.5171246937323861,44.96890813852599,0.6205557129655519,7.613694343166401e-05,93376.32264482394,98250.39169087847,True
2884,338.8588945171381,105671.19357688398,0.4300899657000924,26,6,2.8198806398026814,53.90175865829832,0,0,0,0,False
2885,346.63799760694695,130031.96996595744,0.6570129877428484,25,8,3.685363800110501,47.37214494421309,0,0,0,0,False
2886,295.6945477507027,125474.29284188167,0.32600707214128266,19,9,2.400987819511316,50.7661283954684,0.34117108354401093,5.193673449034102e-05,122989.2589144567,135842.07111709664,True
2887,290.04554431144646,113307.46385564437,0.43389379081070145,28,5,2.2302773631577324,53.340778854435385,0,0,0,0,False
2888,338.97563555496873,137217.82306154314,0.6945361079342715,25,5,3.661980492562037,50.274695362254135,0,0,0,0,False
2889,297.1659826091039,119688.6189183304,0.4976943864698047,20,7,3.153486679128589,41.80975379072026,0.5160692302463293,6.154096841545775e-06,153670.6194614345,165235.14480457225,True
2890,322.15592640035453,138606.00831597805,0.3990847596076941,15,9,2.6705740822532347,41.91772569448223,0.41404850072529487,0.0015501320611595278,134770.31507173597,142910.57059909243,True
2891,328.2404812316085,102920.06343999057,0.6425979547440737,18,8,2.163698456692825,58.77187902900177,0.6755961632602197,0.0001527161470175228,116058.51370110326,121891.94180705374,True
2892,332.92149528943105,136735.04340179433,0.5822976304094938,23,9,3.6649379265215725,54.03724774646705,0,0,0,0,False
2893,306.1241557001029,136907.65238115398,0.5666060460269133,27,6,3.3874678190720617,51.07044096653847,0,0,0,0,False
2894,348.88977436482816,146684.14053747276,0.5305871472646113,27,7,4.507784306436283,46.1917521105308,0,0,0,0,False
2895,320.3972592252987,111655.39292902123,0.47651356105015613,19,5,4.746542559842168,52.99301993857299,0.4991182396879002,2.07134820565184e-06,210097.55664461173,218084.28963845343,True
2896,293.4583673280852,140745.80902509615,0.5659341714309847,18,10,4.94414140111435,56.63479293179745,0.5942584058510458,0.00029321726783830977,217763.61065106644,229539.8941441796,True
2897,337.7085994989361,110447.20538854817,0.5642368212243645,22,5,2.1769797268812123,55.17610686912468,0,0,0,0,False
2898,349.93187975318256,141850.89223516884,0.3528860562025217,17,10,4.4572947726650485,58.94579508493753,0.3719828249329503,0.00040739150576132345,196370.60982027216,200028.706515192,True
2899,323.72934695112417,132568.77868029775,0.6258114727528197,23,11,1.3193418363087352,51.93259076956417,0,0,0,0,False
2900,326.9780554684036,111832.78865457358,0.5854309207902391,17,9,4.125966007171516,54.27223952516557,0.6133519422659466,0.000363158450460328,188393.30727429473,194712.0730108274,True
2901,296.0401570646319,138571.74668631254,0.5210674934559226,19,5,1.9564855083328867,47.9373001965346,0.5431565049832009,4.5907513157459004e-06,108923.32744579195,120535.01749139215,True
2902,327.0738284994036,105680.03688205841,0.36617077103851253,17,8,4.34085556693761,57.263446237422336,0.38536562220252846,8.56470622821676e-05,192730.40225856478,200264.76365114033,True
2903,292.91846933055893,112826.65258028763,0.4536799119095979,16,10,1.317318488611615,56.33671443210521,0.4765587894005137,0.003099061170497096,84318.18932841333,96805.21628626206,True
2904,343.16478557733274,119710.91404499499,0.5617105009873891,23,11,4.910376400744113,46.33113920996026,0,0,0,0,False
2905,326.7006659040676,113952.71940653272,0.35546553256656876,28,12,2.428165743406804,40.401939863993626,0,0,0,0,False
2906,298.9759553688855,121716.46899360215,0.6900458915188881,15,13,2.427976028845028,57.86450087136487,0.7201149240833286,0.08993509163701516,126132.67509935281,136417.4580650566,True
2907,319.860564705535,106617.4667869009,0.6580236070074221,22,7,3.558935745303242,46.052544511816464,0,0,0,0,False
2908,293.8538843234226,103495.00240310718,0.6633012159461062,27,6,4.749485754530211,56.32630814673119,0,0,0,0,False
2909,312.5194466692875,106864.68897364609,0.6129133576350356,27,7,3.90602013366403,43.090080507403556,0,0,0,0,False
2910,303.2839073789026,111669.29858265353,0.6603819327777141,21,13,1.867563691945457,56.815679869028095,0,0,0,0,False
2911,340.7483861965859,107362.0293311981,0.33809511892354366,24,6,1.3622657461183663,54.324125674229414,0,0,0,0,False
2912,322.05748759118245,146110.10192831774,0.5812331634837644,20,6,4.370759969746646,51.81307193731246,0.6076895263091225,2.7328563062993874e-06,197807.68313730773,204956.11241252624,True
2913,307.4497984386365,139652.14329147333,0.32071531591022534,29,9,4.180051105796622,50.50561443679415,0,0,0,0,False
2914,342.6146630957818,125560.72146987189,0.5953061584047232,16,12,3.419122906635332,44.44338607732529,0.6179056219773332,0.011019401241237837,164008.54449472632,167596.32906143018,True
2915,302.35228985814155,134238.27564448424,0.625403883386797,17,13,3.470817771969048,49.95657345081142,0.6520700098240563,0.011778968397319437,165288.6282090647,175374.19517618726,True
2916,292.74745139577607,145247.95025871566,0.6899066990536827,25,10,3.19207152404155,58.40893941097079,0,0,0,0,False
2917,300.0513753857675,148381.98586014952,0.6071592731382106,23,8,1.9303867860673432,48.330261197058086,0,0,0,0,False
2918,305.33992661701353,122568.89076657237,0.5285206516401026,16,5,1.2692420328240583,43.23708425660097,0.5486153321904751,6.998790351518727e-05,84009.50468736266,94128.73726411909,True
2919,336.3268850209242,132375.78884709533,0.6450349150809701,25,11,2.9535124205434187,41.00992845059926,0,0,0,0,False
2920,348.65151543664535,133133.7427579605,0.6437060714817355,28,7,2.2257413005696254,51.55760814832144,0,0,0,0,False
2921,328.86823114465653,130599.42257332368,0.6819708580728149,19,5,2.219380251026629,50.60130450747038,0.7117082731480618,6.937597405312686e-06,119175.65960752302,124701.60611770255,True
2922,305.684637654212,134692.14663757844,0.5794277577515987,20,12,4.901717595743093,53.303177940615306,0.6065770974612901,0.0003022275220827845,217039.27776016746,226843.53994150626,True
2923,347.7037816304951,122009.12737426598,0.6420724913512998,20,9,3.3912089238248857,45.427679628017565,0.6672704375436079,4.252651181655241e-05,163134.73140149878,165608.63919442912,True
2924,298.56583983318455,123816.21785672991,0.47787529500960324,20,5,1.6570416168748971,44.582380703323985,0.49679958583323836,1.9781849908948335e-06,97919.38412609277,109382.23474011356,True
2925,349.4023799305397,145192.62232003463,0.4553193851456551,18,10,4.355552299014353,43.11594711904954,0.4727908031674971,0.00024212438549873504,197313.09260004942,200448.231344999,True
2926,324.61396739425146,143262.7602251485,0.5917858814637766,29,7,1.8926350259828408,49.53452486562813,0,0,0,0,False
2927,333.4497696618476,101740.3083975737,0.4175507142274862,20,9,1.7842969665612172,47.87976779594383,0.4355419614675143,3.926640537115743e-05,101823.27320688228,107960.59987409865,True
2928,341.3467384911906,112375.16845421944,0.4788071107957258,20,8,2.3065555216235154,52.224938805430234,0.5011641627112009,1.7741050916677607e-05,120996.57975482068,125426.71970171767,True
2929,331.68585726516073,109221.26932202748,0.4639916791903247,24,8,3.2366947395054204,56.967848635480046,0,0,0,0,False
2930,325.1899338758266,121291.58225303589,0.5297266923912742,19,8,4.444880725130189,48.320549683315065,0.5523334678684018,2.5528430534556784e-05,200634.39162322384,207533.21090856052,True
2931,309.70973828770684,123469.92082204315,0.6658107490349243,26,9,1.6597183551504748,53.43093991714345,0,0,0,0,False
2932,332.0852547301939,146140.83451750214,0.3500023171151599,20,10,2.113320678090484,59.69464501358341,0.36922490672993097,6.4577487517923e-05,111916.30612858328,118702.1229932317,True
2933,345.0745971718623,117139.69252150964,0.525589890362001,22,6,3.614288820931672,57.50825879426569,0,0,0,0,False
2934,319.06779939852277,114863.88175763853,0.44786052781103447,25,11,4.903803728288345,53.09182982487667,0,0,0,0,False
2935,307.49388895559423,129193.56590437639,0.39269607376539717,18,11,1.849054369903998,46.86394698417253,0.40927599598853176,0.0008871016308172685,104068.86066157442,114637.12149965246,True
2936,296.0773330759225,128526.43305753122,0.40677443138547825,16,7,2.559166072510769,45.67340037704641,0.4234865794956542,0.00014552123109339701,130310.44579057473,142584.50005910356,True
2937,308.31139394135664,115438.44965768122,0.40268619015292473,23,5,3.7196810473378203,45.466731321780316,0,0,0,0,False
2938,295.3253869610381,116784.17187095238,0.5800120850931539,17,7,2.098158296070447,56.879557612042376,0.6091093514699896,0.00013099576037117283,113555.25651343777,124974.02290278365,True
2939,343.23825109118036,137977.0727373105,0.6924958213259657,16,13,4.522303371243658,47.52434208429929,0.7197566688684898,0.023830130677204128,205112.55944818867,208129.7891190623,True
2940,314.10874254436277,107999.84369549977,0.3146675624643028,27,12,2.0718431409544147,43.18889029804677,0,0,0,0,False
2941,346.926803687069,145096.22073589606,0.6067879141056487,29,6,3.7568759971916688,45.57575656110266,0,0,0,0,False
2942,331.99443239915536,137845.44175162533,0.6845872016041449,20,10,2.9460920293239736,53.85807207097736,0.7164285955712878,0.00012432939286123495,145636.50251420308,150631.86790982852,True
2943,314.3348032171985,113826.71318874601,0.6386186422821437,21,13,4.482358924977284,54.60438316374375,0,0,0,0,False
2944,348.0134511430161,110270.40304330064,0.3937626997937568,15,8,4.134305230736631,58.15734881661075,0.4146236055940982,0.0004962251103254843,185587.28507600093,189339.56919241472,True
2945,307.21513542777205,138819.89255610196,0.5289090301670507,20,5,4.160731213972663,42.45166376150926,0.5486477686531939,1.1398910935214903e-06,191199.2706436585,201015.22462605723,True
2946,295.78146631733796,112166.97301563225,0.30995647853762476,17,10,3.879609941981111,51.517763960512184,0.32462091872882887,0.000386306779983027,176038.21390228573,188986.42770587723,True
2947,338.5183370565193,142976.62208225467,0.5553566025084564,18,11,1.9301551407228121,53.1064600215343,0.5813323367936093,0.001447148013745967,107644.61655270017,112154.79033206949,True
2948,328.60177868592666,148315.23419872968,0.6033854416630977,29,8,4.9095881811114745,49.11449434265265,0,0,0,0,False
2949,340.833890759014,110501.29019727268,0.4072052395826417,26,13,3.1894897426904656,52.90843597454929,0,0,0,0,False
2950,347.37340347795214,104241.09451476479,0.43085988659148816,21,6,2.7845279607630578,50.594579890338174,0,0,0,0,False
2951,316.51265246209414,146295.910960842,0.523210226396659,23,8,2.90373547624708,49.664264666696226,0,0,0,0,False
2952,321.40105804336883,111177.10776816029,0.5109370615475066,19,10,2.403712171830878,48.04979382359699,0.5326770688498864,0.00020908325883277115,125307.84003603006,132936.4383726899,True
2953,299.10019357384874,115824.08952799308,0.5906911034831992,21,12,4.564584046931447,48.110907212119386,0,0,0,0,False
2954,291.0261183759946,127209.79422080981,0.41133316576854123,24,8,3.514003139905264,45.47957634197398,0,0,0,0,False
2955,318.24364116550254,129966.31101697272,0.6516767950168704,29,6,2.421446230134416,42.84864826231819,0,0,0,0,False
2956,345.46819458126816,113535.60172879291,0.6708821619183415,20,5,4.707931121164043,43.48616475395688,0.6959307823424811,1.5613631453881624e-06,212651.17186317657,215377.9334364861,True
2957,320.49680292719177,112800.10285234735,0.3928781870697701,21,12,1.3883454942528484,56.450132275808485,0,0,0,0,False
2958,331.4835270549123,101034.26076321978,0.3011732381598601,26,7,4.041924709279818,47.74659959071846,0,0,0,0,False
2959,343.08269384507264,138917.70852765892,0.4571071553644095,15,12,2.6609745994264573,56.0468140197606,0.479103625287428,0.021293545563010795,133290.43539724054,137535.5759519057,True
2960,299.7591044660067,119591.46706691041,0.6365522958153973,29,7,4.708988709716327,55.04062804799524,0,0,0,0,False
2961,340.7294448130997,145057.25528857223,0.5064342614165424,23,11,4.980961256693819,54.336913401868,0,0,0,0,False
2962,295.9950502104399,112853.11434033969,0.56261725341785,29,12,3.54770241466297,50.02539032111485,0,0,0,0,False
2963,291.0101600041131,119505.64493449863,0.3965159785262809,25,9,3.803666839524844,54.08255647799192,0,0,0,0,False
2964,342.07187162775244,120783.68483623289,0.5076936265154589,23,6,3.6162812208396113,56.50918812794548,0,0,0,0,False
2965,305.78475685588194,126694.99216355686,0.5795048430033893,23,12,1.3732845801708724,40.80292758687631,0,0,0,0,False
2966,307.09267683800243,148016.87827768552,0.487304258984834,17,9,1.4323747593004281,53.94525213017602,0.5107786863970828,0.0006540979815835939,88916.43626983164,98995.13157237943,True
2967,293.0727351419359,134789.7991812227,0.3483565569822896,21,7,2.3468498337101966,59.44287685918532,0,0,0,0,False
2968,334.0623810866477,120549.44605573406,0.43119749430562615,25,6,4.830236934705474,55.05761680515839,0,0,0,0,False
2969,316.0963232695357,124018.53267643224,0.4511688514156744,16,12,3.366328461159762,58.227486613745114,0.4744839370576579,0.007856155444945953,158564.79777752046,167404.76774064684,True
2970,333.5342261927524,148920.72760160075,0.3215271219263521,15,5,1.8207747090727315,54.500979915752595,0.33764965278466086,6.442657128604497e-05,101603.25462553857,108320.6238214315,True
2971,346.9977776642653,148649.71883300273,0.4632368599228322,24,8,2.578936501159278,52.70805846255197,0,0,0,0,False
2972,339.6276955416957,145446.48349221112,0.6613238342446844,25,12,2.999327856991603,44.24294644229078,0,0,0,0,False
2973,295.028437507379,118630.72683688323,0.531486274478444,26,11,3.7359189472030803,56.50129226961053,0,0,0,0,False
2974,314.8392853048884,106577.36250497661,0.5409451952564144,25,6,3.092174823367542,46.68201560180239,0,0,0,0,False
2975,294.1254926392528,110289.6556721683,0.38465183132692743,25,11,2.7412041943395584,47.19537303761747,0,0,0,0,False
2976,329.1664593147914,142343.9192378574,0.6740920887430149,25,12,3.630510274250847,53.00759107730725,0,0,0,0,False
2977,348.18033475149997,136340.72976710103,0.3750853044027241,28,7,2.200785113779429,40.676646164735885,0,0,0,0,False
2978,311.4609785521667,103963.74444620531,0.43088124611684914,24,7,2.0701389200315092,52.702414931774136,0,0,0,0,False
2979,295.9187439154829,108833.65109823359,0.49360387094696323,18,7,4.712224325145552,54.89676568143477,0.5178268552951327,2.2751096746267904e-05,208713.84540256165,220509.77097483096,True
2980,320.3344358525221,124136.46721916289,0.3933008630812367,28,7,3.6865057717285286,41.767657861642476,0,0,0,0,False
2981,319.4369515637822,149440.99075156066,0.5942252551257031,22,5,3.252538348639817,56.82288414182037,0,0,0,0,False
2982,338.7841804031566,110975.61421592574,0.5819042913623808,24,13,1.7876384090203703,58.5860158789372,0,0,0,0,False
2983,338.1586518559372,106755.33532961413,0.6565616004789664,23,6,4.751021376570982,44.04571357234601,0,0,0,0,False
2984,329.01558644615307,121866.85155097804,0.56429039123295,27,9,3.9548895907961095,43.66873574164163,0,0,0,0,False
2985,327.98206654598266,120747.37181685057,0.40276209635646565,28,7,3.4374128243759747,59.776062220907406,0,0,0,0,False
2986,306.6501690158174,106882.74101189755,0.39798378574729276,16,11,1.9319435435602337,53.06751151574861,0.4169294948279623,0.0044670440138778345,106528.49281629412,117204.02884474135,True
2987,315.03595482580135,134684.3410967064,0.5312961061568433,26,6,2.9350944553559577,57.16479705487737,0,0,0,0,False
2988,298.9450739556999,141740.25684937203,0.6438182494330098,21,9,3.263575293768464,42.9792670425946,0,0,0,0,False
2989,345.9662813282148,128449.61214181551,0.6147808563262929,19,6,2.6353051663838523,55.43428300675452,0.6446239008313157,1.0734946236650855e-05,133637.13571731938,136560.4757943973,True
2990,292.0683161121804,120793.28523935816,0.47297027912682443,27,7,2.1878709613038807,58.0471480342451,0,0,0,0,False
2991,328.3108407223067,122721.05391093946,0.6342287785601868,20,13,4.860157388710019,49.93210826878632,0.6617000160845001,0.0007726613441351598,216720.45372316102,222568.2177844972,True
2992,333.5019731745972,103360.37269886084,0.45862560522849666,16,11,1.9919730964553253,54.067205578951764,0.4806514472673231,0.005327391114205178,109140.0137465057,115034.78075807661,True
2993,318.97701832041946,148743.309159567,0.6047467153503197,19,10,3.1872804423416135,46.99854738890491,0.6294881263358404,0.00020915642439197363,155091.1710507316,162622.42683647826,True
2994,344.65453638166514,141512.85640409758,0.3785368313327987,19,8,2.705053334103209,47.206974501565625,0.3947148757969466,2.5243800877880177e-05,135120.75963115523,139548.08912800887,True
2995,318.0372963290322,121330.44273896153,0.4610643646943023,28,9,3.2542366200360133,40.144230544835004,0,0,0,0,False
2996,318.5417120818299,107922.84284359531,0.37625351479398866,16,9,1.768038453260337,45.88757069370422,0.3918371199527004,0.0008625477111558114,101051.65280059511,109934.02273622177,True
2997,345.4022584316492,119616.43656273316,0.4216887046879246,16,8,2.76052758953709,56.49371437425219,0.44326426238110234,0.0003335885263962312,136466.1801838255,140513.37504645577,True
2998,305.45385922875755,113090.83190605445,0.30446994324571797,20,12,2.435737457171631,50.25039914397957,0.3185234476462948,0.00023895809222327863,124022.20198182341,135487.73146334314,True
2999,299.61559092662736,127014.01476901199,0.6422216752717055,28,6,3.838630873275414,52.589372822901105,0,0,0,0,False
3000,326.0916102002465,113168.43546487021,0.5590452170253619,16,6,3.6850935023547784,57.77179628771727,0.5876603597424414,7.883629694428134e-05,171391.55781833205,177997.33267227578,True
3001,291.18975885133784,130922.60736041926,0.30014950650585853,17,7,4.4452396647012185,45.13198832761627,0.3125516045687069,2.8843550707422015e-05,197408.7343192281,211126.71825467417,True
3002,315.09957496465,100113.11265491229,0.5748875904728492,27,5,3.7701319490706897,40.06604644466235,0,0,0,0,False
3003,328.4147546595213,135829.0661382277,0.46562782939454056,16,12,2.827063256315327,57.1925252972677,0.48911553437342414,0.009392480951943085,139266.8040122509,145982.8139730111,True
3004,349.5994198255704,138877.28651144193,0.5019058338169256,23,11,2.959586263502771,56.68531777019324,0,0,0,0,False
3005,318.28617536945274,143625.13252734928,0.5900614328509957,21,10,1.7852057366390022,44.73344075003579,0,0,0,0,False
3006,328.24925355066415,134539.5207686869,0.6203576366683649,27,13,3.031474458610141,40.309183891071704,0,0,0,0,False
3007,327.5762835561845,129491.5858959517,0.5291467088598868,19,10,2.078025613106287,47.520609101796914,0.5513321383106364,0.0002471204435353856,113501.01276144132,120002.80175082895,True
3008,303.74484388116286,107419.63634034323,0.30873089702026824,18,11,1.603365680886856,40.54833645263381,0.3201031433000963,0.0007000772440440399,94872.15302689011,106576.33474277443,True
3009,345.1784504448808,135017.88680560625,0.5977382575022081,26,12,1.8931595536725914,53.40503351024722,0,0,0,0,False
3010,302.6003567009653,101131.58334953529,0.6276204719039423,25,11,2.721769446416593,41.25869700234572,0,0,0,0,False
3011,339.0501411865844,125161.02239148368,0.5762865605711516,27,12,1.9141400418555659,54.26157337625182,0,0,0,0,False
3012,319.1913593969016,104158.04202650173,0.427769911345113,27,8,2.3091453246530564,59.32914146407377,0,0,0,0,False
3013,324.4804481027488,118984.94226313871,0.4402453121103293,19,9,2.3033054914931554,56.65796967996894,0.4627811744598915,8.064047430579503e-05,120033.0993353627,127555.6791923696,True
3014,347.5854984039822,148934.45550284316,0.5831909318818566,19,9,3.4445610164796285,45.56994880465338,0.606388051035542,8.199309520308028e-05,164674.47567273097,167454.2577594463,True
3015,346.58163170447096,142319.9855919579,0.5444705459816251,17,8,4.006723930841746,49.12418175091098,0.5680442354883857,0.00014882505126118608,184508.32123109285,187666.50018746112,True
3016,300.45734023808274,124544.95697233603,0.5753304885090353,26,9,4.842526007975272,40.3002679732414,0,0,0,0,False
3017,299.2166149799695,136949.1286330797,0.47183599776483476,28,13,4.090378472451653,47.70481713614891,0,0,0,0,False
3018,318.1000823181394,136227.18243100055,0.3164984426104563,29,10,3.453116840374162,57.31672396801915,0,0,0,0,False
3019,345.44459666405476,120554.12930895483,0.5786515307267734,29,13,3.9629207577785825,59.898791362928314,0,0,0,0,False
3020,294.69040512515403,112252.05878408643,0.32534063021791676,15,12,1.3515787706712485,47.43123189656782,0.3385390816035251,0.020794417460224066,85303.76420345213,98312.81806692867,True
3021,298.31286597615644,114692.77975572544,0.44233605032054624,17,12,4.994794629949978,49.545416620648915,0.46189935452382214,0.002411809336944574,219329.95200139118,231046.4001151199,True
3022,308.3739050242209,116440.69244938588,0.3388618407211987,16,10,4.945513111092264,49.891881460823285,0.35427312480342765,0.0007887976693304077,215465.0812140094,226236.425088494,True
3023,329.9553295475604,142817.81690675038,0.3777165939027198,16,12,2.4849894912886135,42.59127849612926,0.3919278286419263,0.007699494531725137,127634.94131602452,134598.67777177156,True
3024,329.8126345509157,128427.10656026853,0.5501704999211621,19,9,4.422603536590875,48.43597385774941,0.5736236989294712,6.056002463272327e-05,200027.1538200743,206043.3944915463,True
3025,310.2107685825815,133967.04030645388,0.4555102453004324,25,13,3.4207589915833134,51.22568574820018,0,0,0,0,False
3026,297.4483513914726,140753.1810300638,0.63089332587026,29,8,3.914368589003626,45.03009093699097,0,0,0,0,False
3027,332.638374597204,122530.9114141602,0.5888993033203271,28,10,1.7727839103492902,49.8832568983871,0,0,0,0,False
3028,322.12596850026296,137340.4050796296,0.6885619752970168,19,6,4.472179535334468,46.34119963804539,0.7159269369342418,7.844669320744346e-06,203427.88104367096,210034.73446392,True
3029,342.70708335252493,109282.05921472986,0.6227218454597472,15,8,4.833007500147768,41.03492281096288,0.644762712935466,0.0007577395059664264,217426.87398978454,220862.7611063908,True
3030,319.0022517473442,123962.42170936606,0.5240046270154408,20,7,4.56586332514473,41.85069590490562,0.543283770803442,4.787353274396247e-06,206263.17992271946,214205.58995929107,True
3031,347.05916315757077,141936.39347464073,0.42666909705281575,18,9,2.1421675457123595,46.0495344745831,0.44428848715914004,0.00017752916503048795,115193.01451580273,118909.65660888574,True
3032,301.73255367433825,128284.621015923,0.6940292177279671,17,11,3.5239037609017414,46.21692404898438,0.7214011387698311,0.002684251729946015,168223.47797465208,178067.67620692548,True
3033,309.55196238273567,135588.74827662125,0.687028644197851,20,9,1.9634518401924042,46.91359512001277,0.7146872404824812,7.93382532832692e-05,110101.7535705545,118751.3823426397,True
3034,306.49554912447553,123758.58462084823,0.30145093620154856,22,9,3.707481652028899,57.38697223652046,0,0,0,0,False
3035,302.995263270985,124573.71274121392,0.361714535872514,23,7,3.9285564515196345,51.12473455746047,0,0,0,0,False
3036,344.2060641294216,102798.81120055812,0.4700429279007948,18,7,4.492777681669693,40.35757526897484,0.48685022045553616,2.147887692308192e-05,203106.9694972407,207076.66674334754,True
3037,298.29006934081906,116978.74770481045,0.41617089654950035,21,6,1.541889728939594,46.501010885637996,0,0,0,0,False
3038,304.9464470592659,105627.3194091806,0.6864255863533105,25,5,2.1141544625560034,50.009536852974385,0,0,0,0,False
3039,309.2434233874504,147546.7229186748,0.581946336408535,17,8,1.6301987814530452,50.634078271367486,0.6077741621738623,0.0003514723114891876,96982.8423372447,106205.51352593846,True
3040,332.79502077493646,130422.91299522047,0.5902702466923809,25,7,4.436182736500898,51.44147422872418,0,0,0,0,False
3041,339.57543636258873,100930.05126117167,0.4380995902074428,22,9,2.688814927564745,58.757736095602496,0,0,0,0,False
3042,293.38400664218665,149746.72365375684,0.43428225577455615,15,13,3.0681220415918196,53.51173125709864,0.45334765089617535,0.03928960226164426,148217.15277999788,160735.33004038653,True
3043,306.04746493030865,124229.73727066975,0.492749369695638,21,10,2.226125786751222,54.1209070490984,0,0,0,0,False
3044,323.6866504286469,136456.3368779236,0.6572228472921943,25,6,3.406455231206735,44.11656087257293,0,0,0,0,False
3045,330.08597356705155,138616.5306136524,0.39260989727446133,26,6,4.811123956448674,52.98191816646779,0,0,0,0,False
3046,291.3714850661119,147127.48106114933,0.37518642909134353,26,13,2.3337215670621254,44.99915960856359,0,0,0,0,False
3047,338.85114325342744,143636.59170029426,0.38275577477527345,27,5,1.9851338228560886,53.27939802382463,0,0,0,0,False
3048,298.99561390516016,132101.1992550366,0.5573414349453251,16,13,4.22910631792586,52.863592454676365,0.5824622720898562,0.018899440696777882,192183.39595174865,203145.28678490943,True
3049,326.3592559611677,143589.5593858401,0.40719655495970847,26,5,4.260459029023876,57.76389839418569,0,0,0,0,False
3050,298.9852103659584,142429.8977262288,0.43128143434436605,16,11,1.9014140052079713,44.361757154225955,0.44821042897963626,0.004934182488243874,106575.30974799558,118246.27879961788,True
3051,305.0556374263341,100530.13435683757,0.6239402922457588,19,8,4.706091505334855,41.31563474668824,0.6462020652171483,2.9735944703789364e-05,212650.23605131678,222313.4111174967,True
3052,318.0138396573877,113806.37454290586,0.6639938532904381,24,13,2.0031484792433156,49.34707491599985,0,0,0,0,False
3053,318.92256944184436,134664.54524868022,0.687457663751915,29,8,3.9904009616467526,46.94665914772278,0,0,0,0,False
3054,335.01506753943596,147319.6289332269,0.5417889966068858,28,12,3.9020808387441157,52.48799613084587,0,0,0,0,False
3055,348.6936146622511,102714.9848625813,0.6692325214624468,20,13,2.2838001989180365,44.32922302937398,0.694653265372493,0.0016702891353502002,122236.97572886538,124408.52106061323,True
3056,326.5303881436586,128001.46057791548,0.6885223423752505,28,5,3.5184132360948306,46.11809274809683,0,0,0,0,False
3057,348.03898213324493,127740.48255488412,0.5649802930146431,27,5,4.686376757402317,55.49319369831755,0,0,0,0,False
3058,327.43806586379594,116420.57377312824,0.4797338657132322,16,13,2.4316408567395484,51.718222275321345,0.5007897557396572,0.024112851688801923,125655.27957755828,132449.92281309376,True
3059,335.67671470489205,115544.36353349232,0.4239531933956866,20,5,1.5879197141889798,50.15564407603617,0.4431111225472711,1.7831526380469378e-06,94490.41109128,100207.18732912053,True
3060,291.2865056670922,121619.183326418,0.6176500777093186,23,5,4.630563604774379,50.09798402480016,0,0,0,0,False
3061,324.9991351646682,116845.9703904316,0.4369688613017011,29,7,1.7553727540425088,48.46186506815746,0,0,0,0,False
3062,330.9072756284067,117877.43157579181,0.6842513985733055,26,9,1.8018041955829105,44.929218063305036,0,0,0,0,False
3063,319.8360648450083,127573.6873414458,0.4063920184291273,15,8,1.7973153700924571,59.80156431068053,0.4284903430640915,0.0009853086098828886,101067.31224299494,109560.35226331663,True
3064,330.4795774715167,102183.72567402488,0.6704865433125149,15,9,2.002537203845455,59.00582706710332,0.7046718301495359,0.004408791275677769,110227.81181521852,115553.06369067615,True
3065,300.1101142932725,129932.12830559336,0.6391143986882222,26,12,2.5665510983968742,58.83766277614275,0,0,0,0,False
3066,335.5238508720799,140922.3413234832,0.32129475113617423,23,8,2.5847395341792985,59.04774346756213,0,0,0,0,False
3067,340.33134578251554,122310.17090708867,0.5215799951940667,29,5,2.311254827674091,47.3142963306834,0,0,0,0,False
3068,348.34245237784745,118645.6420818558,0.5748591026788297,25,5,3.751695547231492,47.13807482843941,0,0,0,0,False
3069,291.2970532027392,123682.81739293732,0.5682141778042831,17,11,1.936120503687739,45.37817641740083,0.5906487171409256,0.0032658953671738118,108724.2870064588,120804.76787272411,True
3070,295.08732901639655,122139.29761639511,0.5801075441266434,15,5,2.723089170806653,54.87632774486786,0.608135583040208,0.0001118855125896879,136720.05597298028,148171.8979325119,True
3071,308.0694894408513,112145.73037529748,0.5388238770221375,23,13,4.518613221099808,56.56084233296295,0,0,0,0,False
3072,342.6484224372856,104461.71846086215,0.39791920753951016,19,12,4.394316431133307,41.015329191334175,0.412549112495209,0.0004581422152498938,198204.95809703198,202865.2764988883,True
3073,318.71764783565686,114120.97797682995,0.6801668999027609,18,6,4.812887049422483,40.887354548365835,0.7039399275467327,1.597082609272716e-05,217154.45125117616,224354.2537401032,True
3074,310.35136563761364,125024.59949984007,0.6569452376230389,27,8,2.907367090401938,57.099451789664,0,0,0,0,False
3075,309.15707222700723,102786.33007255975,0.6863073300451654,23,13,3.9238810059975826,49.48653471623256,0,0,0,0,False
3076,308.7730085660105,132500.7378983486,0.6534788366384937,18,7,1.2233260153887324,40.28876861594884,0.6760756156221569,0.00010318078671487377,83031.31904429164,91956.50960365974,True
3077,346.6577623025155,136762.0563091675,0.3498110114102049,16,5,3.9699786555605296,44.852647712427306,0.36405421389163717,1.7818626773154714e-05,181156.1625783541,185406.96197565703,True
3078,327.6631883996299,149537.35837340457,0.6945989217396976,25,13,1.8094900116285881,52.03517067164514,0,0,0,0,False
3079,323.4814580256286,118587.97894645669,0.5808459475660395,27,11,4.01638584725652,40.06227476539103,0,0,0,0,False
3080,349.9895393446345,132666.13052802265,0.34857421185322474,19,9,3.2629533436515397,51.85817529627893,0.365091027216177,4.480284734837056e-05,154353.89521166062,158025.26900484972,True
3081,301.1662442729433,110053.1961928902,0.4771581965947843,22,9,3.1841907651187342,55.79972070182783,0,0,0,0,False
3082,301.8963007660242,111985.89614545288,0.6000931905540566,16,7,2.9506577302135186,47.62608611049127,0.6250050977319757,0.00022581177557568231,146210.01573753383,156496.7851794095,True
3083,342.9381614019008,126322.57673578404,0.5658432651292488,17,12,3.4924606786943224,49.76729991057347,0.5903936763082762,0.004533203853880413,165653.08791148575,169340.43110606517,True
3084,308.0213717317831,101634.98083343923,0.6517284476660677,17,9,4.032253097663906,46.919736672892256,0.6781191747223969,0.0004252323104549887,186753.29226295123,195818.18129479265,True
3085,349.6676730146836,135902.40935897228,0.5219222734996354,23,8,4.635263308817259,42.7934743354179,0,0,0,0,False
3086,341.24694361407956,108069.74920899684,0.3822720384881346,28,9,1.8963409271008758,59.263039677130514,0,0,0,0,False
3087,298.9069017719191,149528.7549591501,0.5217747371519241,24,6,3.586761591784758,49.101967637339904,0,0,0,0,False
3088,295.7116999106767,109117.78460997522,0.5096936351603052,15,6,3.0915005180792097,59.84215995017462,0.5369957432216598,0.00018010528452795896,148955.39000225955,160697.9194177649,True
3089,294.17364766360413,149278.14432472427,0.3640154229307123,27,8,1.5683061226675876,42.650649868882894,0,0,0,0,False
3090,335.3881202664829,124996.5836548045,0.6251813783547446,20,13,3.2027778720960667,42.72395832332975,0.6482313758980961,0.001098988874051079,156428.33130447363,161113.93906152443,True
3091,345.04976308318646,112304.22583496802,0.6366347848751652,22,7,2.6303631774137717,55.86791037665971,0,0,0,0,False
3092,348.82702793275,103290.05803215748,0.6601989109739815,15,12,4.994613480365746,43.708294691724504,0.6842533397956496,0.02021787346463243,223229.9667475301,225414.95701194453,True
3093,326.43174794689753,111629.79418854667,0.5206799680515731,24,13,4.57863580608839,43.65715230559091,0,0,0,0,False
3094,345.847067920464,127061.17775935771,0.6215307707926077,24,11,2.5748705728865398,52.21000903756103,0,0,0,0,False
3095,329.38169000859375,108215.73741864823,0.40004097973093755,25,9,2.5892840823871195,44.79726037438448,0,0,0,0,False
3096,330.64157277678214,106408.60760881253,0.48526754247682446,26,9,3.346629020535497,45.34511443812478,0,0,0,0,False
3097,302.40958274160863,104319.37981527735,0.580252305735742,20,8,2.0937364004139383,57.76603249819187,0.6098425409053784,2.609901911278367e-05,113299.23002781068,123621.75653550698,True
3098,325.9482078663967,130341.60708560864,0.31127306392495774,27,11,4.783138035035148,52.003284854820286,0,0,0,0,False
3099,322.1007508121171,108398.59588128584,0.6175269997033721,20,10,3.506642661211199,57.818001381594996,0.6488385373983017,9.050908241999497e-05,165312.81465083326,172285.51757092262,True
3100,337.17546013688,127892.76576567258,0.6206389702334221,20,6,3.045878124325607,56.383142882982376,0.65128689344235,4.274608350078601e-06,148632.24488377568,153050.06776090636,True
3101,349.7352073983091,140603.99687694793,0.3532433310267963,16,5,2.509721519857491,48.24721381547148,0.3687533850973722,2.547910569387316e-05,127568.48197454569,131253.44387882703,True
3102,331.3101760212944,106778.08397909482,0.4426518361963256,25,9,1.995781383572759,45.84848897306584,0,0,0,0,False
3103,315.6784571298445,141559.4946476962,0.475712302118933,26,6,4.698148031940301,50.9960414526939,0,0,0,0,False
3104,311.98433582464105,118298.05109565338,0.6533882289714701,28,13,4.771999592413418,53.06024465346165,0,0,0,0,False
3105,337.53000185807065,104340.50119768955,0.6624765375210188,22,5,1.3547499945411803,41.09255380253803,0,0,0,0,False
3106,324.71178798227317,106692.73993836936,0.5510173114340984,28,7,4.479496913157992,59.403473419702564,0,0,0,0,False
3107,304.1161310161085,125409.23819601221,0.3591024655582754,22,6,3.0558092079515395,51.19960114804013,0,0,0,0,False
3108,314.4287695444339,110185.08034827476,0.3247401853579907,16,8,4.626489365719963,43.3538145825315,0.3375514078384401,0.00015443341847991743,204853.72306543667,214736.86254452632,True
3109,296.5808650212514,149970.24417757016,0.6526702052371154,24,6,4.42805357395406,48.91191424807148,0,0,0,0,False
3110,340.39042336038847,116327.57346435041,0.6208918462234387,17,5,2.8549350702278415,52.83768718430579,0.6495232031427869,2.3977495783763725e-05,142096.0346973525,145958.08596661713,True
3111,347.36503334051673,119136.0783584437,0.6459739044055353,23,7,3.0225097470786846,45.14250495625158,0,0,0,0,False
3112,348.6818967534749,111154.37289538933,0.5857863673362141,16,12,4.03604648809025,57.7376600637081,0.6151310890369539,0.009517639722259885,184495.96757078049,187084.53509005206,True
3113,331.2850545818749,111455.85461455584,0.6283682890058235,25,13,4.960086235043754,44.16922562444672,0,0,0,0,False
3114,291.69499345020733,145915.95590615575,0.43633526308006443,16,8,1.5702126367195115,56.542602489567685,0.4586153180638557,0.0005258132623967186,93376.24800363925,106151.00497565845,True
3115,333.8436283784531,110841.30817096785,0.32768105573073353,23,5,4.780859757828397,56.08378498771637,0,0,0,0,False
3116,349.23962403774084,111907.5282035284,0.5144933515608682,24,8,1.554582127403739,47.53393708714985,0,0,0,0,False
3117,311.5644178397836,117501.76691168034,0.545009231749774,26,10,3.4317433910209854,51.28856210337918,0,0,0,0,False
3118,296.981049237383,107780.76999973664,0.6003990938537331,29,10,4.705507303232078,40.36343595323158,0,0,0,0,False
3119,339.590854811077,129187.10055355229,0.6112137569025107,26,5,4.915213251503036,45.0653498297226,0,0,0,0,False
3120,327.4490790603582,132712.8604264062,0.5801642675261898,23,6,4.711491162841453,47.24444550693883,0,0,0,0,False
3121,320.1910523804174,139872.66526154985,0.6895017486394023,21,10,1.9585376878055154,54.88011888539572,0,0,0,0,False
3122,325.1180767656842,148186.05441344567,0.5070403844422874,23,8,3.733098573233854,41.04336101708759,0,0,0,0,False
3123,342.7434480394418,105999.7785818759,0.41475597661581887,29,9,4.846592002375421,56.20538013887236,0,0,0,0,False
3124,309.098589712115,130083.22053018992,0.5229303964137235,21,12,3.7962982299162666,46.17723592650596,0,0,0,0,False
3125,300.49374090699104,137505.8758642351,0.6895662849137896,18,5,4.249433221839617,50.31779348507256,0.719419672682285,9.353983325507886e-06,194418.58833228628,204480.13277116558,True
3126,324.46090665372355,130153.52968421417,0.6495083485047405,20,10,2.7824170735930913,48.93708366498251,0.6770115641312933,0.00011827410575557591,140091.97177591478,146505.20306722188,True
3127,292.3868850675329,149753.29234998982,0.5100578133519977,21,12,1.3642735607336838,45.43390491095291,0,0,0,0,False
3128,329.82209248950244,101417.18374813194,0.564094865496211,19,5,2.844621713472609,44.226191618317614,0.5859294499771429,3.871686787518805e-06,142486.30409617355,148423.58488915776,True
3129,328.63000316705615,132350.30119222874,0.33429083686663613,25,11,2.5724375276882387,46.838130062883515,0,0,0,0,False
3130,296.7693225696362,134318.87396146316,0.30251733537793446,21,10,4.499370576957162,47.61144439790692,0,0,0,0,False
3131,305.1064744070184,127931.48816925162,0.42797308442851834,16,11,1.9553351399119467,55.606958510156616,0.4492559795995841,0.004911737601494257,107392.80856398838,118132.15501158917,True
3132,338.103465545108,118085.5377244984,0.6141822818959313,24,6,2.209057162587313,58.67594552538361,0,0,0,0,False
3133,331.3766249516559,126506.8462322265,0.5331602848625134,24,13,3.70998950077312,46.25628653399107,0,0,0,0,False
3134,337.71551801442365,126404.52935182827,0.35784616305395217,25,10,4.9890899014531245,59.59403351072261,0,0,0,0,False
3135,306.2945018760804,117278.75172141824,0.4901932528545656,23,8,4.5130207110151215,50.694302194619105,0,0,0,0,False
3136,345.65803541802035,135760.92895310614,0.4775136275558097,21,13,3.059794962036471,46.61925791835624,0,0,0,0,False
3137,328.7346915253752,121313.61658759993,0.39352637494319276,19,13,2.1149736535628763,54.495420574312725,0.41293032803682805,0.0018573913878147015,112981.97541674055,120065.63011682841,True
3138,318.58237655462193,102049.6349173277,0.40037472134935204,15,6,2.5086463025252552,53.41107501499856,0.4197662984097628,0.00014987960686263155,127465.62337380685,136198.82668658165,True
3139,336.90768758400503,146888.3120870989,0.61360875111559,23,6,4.993745181010392,58.29937830063915,0,0,0,0,False
3140,346.72504530763695,119885.21292870607,0.4263696674657828,23,9,4.762060160221659,50.60773967489938,0,0,0,0,False
3141,326.65275263802715,102843.78277726776,0.6934073487981092,15,9,4.361534291150462,40.118662409123445,0.717042710090329,0.002178486050030101,200516.9689000876,206347.4038740273,True
3142,306.139021581484,148766.37579982352,0.6464184976597824,29,8,3.687116815465476,54.616492124906415,0,0,0,0,False
3143,295.5027382379827,116807.79592710015,0.6942263002691221,24,5,4.777460515012747,54.9308244477079,0,0,0,0,False
3144,323.7994742726235,131326.43248162992,0.38197347629392575,24,7,2.661969215366981,58.50984649031352,0,0,0,0,False
3145,310.81671071607434,120629.3619365734,0.6606765431242909,22,12,4.469335850366941,49.05366432170895,0,0,0,0,False
3146,328.75538773990354,105123.06939538424,0.6304579136927388,23,12,3.815835394883206,51.60029608799509,0,0,0,0,False
3147,349.4493504904047,128870.03831806274,0.5329986004075945,16,10,3.212111257093171,45.54317285151927,0.5542947369009161,0.0019790443539898944,155644.1352690613,158352.10693877126,True
3148,321.3836902205532,124766.353935578,0.3156391257891326,18,9,1.4896741420338016,55.069547785838864,0.3316509520839602,0.00015765651091396388,89573.67395271538,98378.31318575284,True
3149,316.81271659330463,147989.70422193257,0.5472695285286904,25,6,4.341852237005392,52.04813899804071,0,0,0,0,False
3150,343.95797703732813,125259.18065550341,0.4004068073452834,27,8,3.9274318492731286,40.791375677980106,0,0,0,0,False
3151,318.19614357658276,129756.96954986826,0.45684867932207557,20,8,1.5585331563917164,55.667818310137875,0.4797429760138194,2.266281417612128e-05,93174.38128710022,101637.85513110105,True
3152,349.4458682547595,141270.47789548963,0.4289852866028655,20,8,4.868487433578599,46.55601299631675,0.446903740137622,7.936793315769821e-06,215079.5036562564,218358.00978426303,True
3153,316.7402175506417,131612.5056163807,0.6858080894511128,26,8,3.5078299400250454,41.26598851728655,0,0,0,0,False
3154,319.5610490582906,106212.2700384413,0.33661311635559893,19,11,2.4163521460415853,49.10467546802555,0.35169841988195577,0.0002709603782384586,123871.24623146758,132839.14924936008,True
3155,311.00424909179014,126465.81730458466,0.6263817214988461,20,12,3.7676206004266266,58.68630069486993,0.6585755222590454,0.00043740516128168384,174804.6680036127,183534.10341670827,True
3156,333.8324652713211,127071.21987622713,0.6825995887721665,29,5,1.3183997739370623,44.68865328511914,0,0,0,0,False
3157,314.9888421899869,134053.08648017226,0.5965546876199683,29,12,2.063439385161396,49.30976921260571,0,0,0,0,False
3158,301.96156175844015,116717.09298034439,0.5046293739192972,19,12,2.892177057774166,47.15577953457573,0.5256790824191758,0.0008902908161295698,143352.96065352723,154139.75438917262,True
3159,329.33844420393575,131902.98266789832,0.3370126322723736,21,8,1.8475572043064412,44.9623813621649,0,0,0,0,False
3160,318.7663254401389,138588.91113443358,0.44128870627586075,26,12,2.4045234574481595,57.904168714999145,0,0,0,0,False
3161,323.1718850424017,144342.67358373525,0.3276378383015154,24,12,2.8108194386171914,47.97183725575465,0,0,0,0,False
3162,308.1043126499742,123026.8148883762,0.5953675359669757,17,12,4.546152385162923,40.62001447081905,0.6162114645914062,0.003775963024494005,206566.4381610126,215889.8637221855,True
3163,339.3953516644293,142302.55130097293,0.6697882537817438,24,8,3.249220538498216,56.53082372567712,0,0,0,0,False
3164,328.49738366643226,142872.03540171788,0.6165489392709923,16,6,4.104865284901047,59.491235391756845,0.6487687649760767,8.401399676560718e-05,186951.39413535397,192865.8156835129,True
3165,314.2979638140773,115198.42928647647,0.5529627938824258,17,13,1.841110657395088,42.44566879378132,0.5729052790129513,0.01611113620283154,105413.8019752467,113966.94774824112,True
3166,309.901628681613,103594.53620261326,0.6417505992767555,24,11,2.148119431004677,50.38830149850238,0,0,0,0,False
3167,299.30591970177255,126884.97460840178,0.34713733295742644,28,7,2.792305453781003,49.180121893476546,0,0,0,0,False
3168,299.067651356928,134542.9464407998,0.5600191801891832,20,8,2.750761626123392,43.1969155503012,0.5811779127129711,1.8406408384638585e-05,139111.2695851576,150040.8029729598,True
3169,295.28582515738117,134395.39641693895,0.6452372559288093,18,10,3.3574312117554914,53.18551636894155,0.6750458239526178,0.0005032576080563748,160717.15895892459,171803.07609096923,True
3170,342.6975465037466,128787.56134324709,0.6821148812514471,29,8,2.78346544605588,57.567861637892086,0,0,0,0,False
3171,316.70649222555664,102071.44812845332,0.6322916264674676,29,12,4.901167811422139,50.531491923785374,0,0,0,0,False
3172,313.20736884290113,144808.7756665954,0.6612122734753787,23,7,1.3559733637231846,56.94153058557451,0,0,0,0,False
3173,310.28307124165883,136086.12335635247,0.5150510362074814,19,6,1.4778731656329123,53.07964845022171,0.5393605750382122,1.2550101310906597e-05,90817.223383833,100233.37002176244,True
3174,335.7887278922615,119083.94479948933,0.6306426268833937,18,10,3.160914750501997,49.50439980182601,0.6577426650870193,0.00051010611354125,153919.36953338032,158519.95936517982,True
3175,329.6063438740604,131424.99595927243,0.49871072025976926,22,7,1.7576382872000393,53.61104718807486,0,0,0,0,False
3176,314.13200394014325,113558.1303632873,0.6369127746903364,26,13,4.920380824707389,54.22924998853336,0,0,0,0,False
3177,347.4886443453941,125845.57137090276,0.45628750271939067,16,9,3.0109050559499435,44.55291516036934,0.47437959937692736,0.0007510102360647598,147586.3323434812,151057.5343618785,True
3178,336.6103677414521,107968.1635909823,0.3159944356377683,29,9,3.859897400605873,58.821704865442825,0,0,0,0,False
3179,304.4992701685736,140020.36623620059,0.5404916643134032,25,11,2.2558417987313555,47.36079778906838,0,0,0,0,False
3180,340.82984766313035,104670.8746503155,0.4483134121413367,24,5,3.1063779834823553,44.43329323914067,0,0,0,0,False
3181,306.3314535832437,101333.92085483824,0.3154481856767555,24,9,2.8223576484281585,53.211291615875744,0,0,0,0,False
3182,331.62104840670577,140279.72466534434,0.5364859049294425,16,7,2.890747132024859,54.79279122676748,0.5625580288605933,0.00019884892774069815,142554.89042846658,148343.63339681175,True
3183,332.8078884387677,111769.29802670988,0.34469780284433693,25,11,4.409998179842133,57.31156057234985,0,0,0,0,False
3184,341.1339817076684,142682.59655589215,0.515373303356151,24,5,4.360560647550502,56.1709851668363,0,0,0,0,False
3185,335.40438108531316,113658.4870215042,0.4891941783787722,21,11,1.3977745141172053,59.71093414978141,0,0,0,0,False
3186,296.30117604717054,146507.81138492757,0.6013681551062515,29,12,2.9748506857850643,48.45516233847693,0,0,0,0,False
3187,309.28696466276483,115602.4061535582,0.3474149471196927,15,8,1.2477416935799577,49.70402400120567,0.3631231932044031,0.0009685722343531243,81541.74158295733,92111.3420998652,True
3188,294.7302866084877,144122.7110080732,0.3437823609344529,28,9,3.3589217038025163,58.59446266943327,0,0,0,0,False
3189,294.6658309652859,111876.80036194698,0.5396630332390415,20,5,1.8602856351505777,56.259377252493,0.5666295138900767,2.3492102572798963e-06,104673.37080350064,116405.12844970226,True
3190,333.04850110693616,104525.33631030704,0.528850592354313,25,5,4.839004855004909,50.9038388478296,0,0,0,0,False
3191,323.08078895514655,123453.81416848161,0.6085369955506182,17,13,4.158022955266112,54.532399696034986,0.6371420203366598,0.0097094260317039,189736.19440325088,196583.5759858054,True
3192,297.55162084341856,144593.17977270557,0.3267220093254318,18,7,4.099672417158858,57.84659580806802,0.34415181041168613,1.5572468478977477e-05,183210.2493949559,195771.8943312839,True
3193,306.2737152426221,105284.58240571241,0.3999855914094074,15,10,1.93766115515302,42.2773589014063,0.4150068738066577,0.004384747304195342,107833.76107840479,118549.74935099027,True
3194,304.72071725315635,134855.06114410242,0.5116047960142968,15,6,4.103037788026416,42.886386309086504,0.5309460380186879,0.00013717324226057348,188783.66952919145,199092.3631074924,True
3195,343.4105810661137,119544.55028739973,0.6645845582469319,24,6,4.137973034672811,42.00751118752618,0,0,0,0,False
3196,299.24465433378043,116093.29665027028,0.5094533095562416,19,9,4.156901315911227,54.026810699490014,0.533969857691308,5.863197627077343e-05,188772.32585770235,199963.24853789262,True
3197,294.3839113494251,110159.41035124929,0.43990997470757826,16,13,1.5255328440653753,48.23384458001564,0.45768548823403093,0.029005397506056792,92506.13062839009,104838.76049045585,True
3198,344.06175958578206,107716.09351252591,0.5296439993836872,16,9,2.729282016241621,49.29469970633238,0.5526802311514606,0.001009743832834481,137292.1635541293,140972.19850085658,True
3199,299.77204207303896,115670.82061960442,0.33688185446495755,15,10,4.393589651636292,46.60445152726308,0.35110632957465987,0.0019402382499938118,196025.40401003003,208169.94222788457,True
3200,290.05260453386404,102866.38420131845,0.5602532181059234,21,5,1.4888048845832589,55.89344574854429,0,0,0,0,False
3201,323.12472330885316,131595.46674110624,0.4795553540307018,20,12,3.7500830594411614,49.999209652309084,0.500935191326639,0.0002985328225064331,174191.6548613009,181708.8955263523,True
3202,340.8593687771998,102646.05873813007,0.42206401498319424,28,5,3.8230162120783397,40.889548677398935,0,0,0,0,False
3203,314.6772885271515,144888.72288808087,0.5479342771760931,19,9,3.824318278916431,58.88069310482585,0.576603162004758,7.075131772390972e-05,176193.15668684486,184730.97199667027,True
3204,296.34916403836183,124662.1810070254,0.5622026950945515,19,9,2.8663119683954914,57.54387610871791,0.5908435320450288,9.471982157472997e-05,141492.7915030523,152848.27420630652,True
3205,314.7897676968607,145939.87068272027,0.3976040694957898,28,7,1.727106726731138,51.063107054846014,0,0,0,0,False
3206,297.9435279368371,131114.90840434362,0.350353988183311,24,13,3.566339627193763,43.184158312071624,0,0,0,0,False
3207,347.5265970782175,115908.96287126705,0.3111472001247457,27,12,4.87399340669319,59.27035067098589,0,0,0,0,False
3208,341.90058744486976,105425.62626197847,0.5139957468367218,29,5,4.181057358119486,54.83685881635574,0,0,0,0,False
3209,290.8220611395364,119302.07763821208,0.3437444274495885,21,7,4.41668500130475,42.312610354505374,0,0,0,0,False
3210,301.0984086052924,142059.51438547968,0.6784453242242794,19,5,3.1367740590085074,47.28353474147014,0.7060277341405392,5.053923274939102e-06,153602.10248160118,163618.1918874854,True
3211,293.7382767045387,127750.23636729603,0.5104479199257462,19,8,1.4492188855284025,45.93500293363321,0.5311801577090652,6.0035855409429065e-05,90343.58539807094,102369.10608649916,True
3212,307.15784758483585,123010.18882687348,0.3131197606911994,18,9,3.728034095708723,53.17911351793601,0.328442057443186,7.981104984057782e-05,170362.04721506403,181498.46964346585,True
3213,331.46012506639374,142089.54138637145,0.5295437338470659,17,10,1.9948467506380008,56.25457962703214,0.5559750127789174,0.001321666417578516,109534.50299684156,115388.29597874703,True
3214,343.1175554015938,117711.96831682874,0.32740827469632217,27,8,4.077670518658514,48.026709208442256,0,0,0,0,False
3215,309.234120858506,110722.15655795144,0.5493236993387813,23,5,2.638280921969939,47.14889740318888,0,0,0,0,False
3216,337.83799524619013,144311.64893457634,0.5350027318088038,20,5,3.556438623876189,54.37720884012617,0.5608261144690303,1.3802841123920048e-06,166996.0717117449,171727.9955992666,True
3217,298.48222412232377,127290.73510522183,0.6685522561626039,16,8,1.5429397176083781,52.820472251478805,0.6990649029960795,0.001070258640748539,93899.38197018798,104379.84887422962,True
3218,291.00562293958075,127304.95510390075,0.6387771574307106,20,9,4.787298728192226,40.914806326754636,0.6612810988786795,2.9893534221181655e-05,215885.4059945589,227637.9756135062,True
3219,345.2613710122368,110031.82309149035,0.6381531790818924,26,9,2.61806676332995,43.96332517584943,0,0,0,0,False
3220,332.33614603738465,132015.655774552,0.6411108624017903,16,12,3.4506592271827206,55.08018488200085,0.671285480256,0.012406432901381577,163848.67373335254,168989.32573114336,True
3221,323.34761083380664,124876.12639378592,0.4422077170808553,23,11,2.753623872020176,53.02552396832817,0,0,0,0,False
3222,327.8776411212832,148029.04600776205,0.30765742120115785,21,6,1.3864765965028947,51.73015696568749,0,0,0,0,False
3223,294.0297719620003,109772.30009921262,0.4708192578270314,25,8,2.459561609960166,49.77896850111786,0,0,0,0,False
3224,295.85841061669055,122074.4852840952,0.4867546916478883,22,12,2.4868583618353526,47.190347593837096,0,0,0,0,False
3225,301.2207583957467,129550.59129849514,0.4199688861887739,23,6,4.079223670998971,56.307335595806904,0,0,0,0,False
3226,328.445136083086,132738.54774526597,0.5943294354056583,21,5,4.924165513918002,41.940333660254545,0,0,0,0,False
3227,299.7392168058534,139132.98290478106,0.6128773908635934,23,9,1.5469618205845936,44.023515258415166,0,0,0,0,False
3228,303.8776907253603,115596.65505737283,0.3626693771366195,24,6,2.5191905600973037,41.65149037921804,0,0,0,0,False
3229,290.1645683586195,131401.93223417373,0.6976478323046491,20,10,1.6821396118138716,48.549456803470505,0.726693988554784,0.00021120697199790512,99524.55787825667,111125.06923021452,True
3230,341.8084223759844,125359.37230389363,0.4738225662317522,27,12,3.8603418718764475,58.08804977020654,0,0,0,0,False
3231,314.72775224059404,110992.08621728695,0.5606995113910124,20,11,2.8963854159439464,46.58734608777289,0.5836043686380556,0.0002032820820133508,144060.42645775192,152511.3875944202,True
3232,329.4993581811148,108754.53719907904,0.3135182779944365,27,13,4.457458067043668,40.84080914338883,0,0,0,0,False
3233,317.4279030002387,113110.72594042076,0.3375880383694042,20,10,1.510233311032556,58.26001999803923,0.3556965888898298,7.714430800898028e-05,90247.40883629936,99564.24150222495,True
3234,293.38203454969835,103742.91336991945,0.5449272354566166,16,5,1.2709560069906256,43.41113325332353,0.5656735753871124,7.357065276240723e-05,84139.95924901144,96028.76080303703,True
3235,341.3660147208568,138257.2996327335,0.5283092134905193,17,9,1.6284059159186905,58.60263342476085,0.5558755588233963,0.0006944930395427475,95911.81276075172,100076.57161375011,True
3236,334.93420991861734,125853.13686137645,0.3823285127872845,23,11,1.2074555013647297,48.077254701699715,0,0,0,0,False
3237,301.1181415577304,113042.96668101936,0.6434153404091951,23,7,2.8247889239897175,56.391918931983085,0,0,0,0,False
3238,306.363205007053,119795.74949130755,0.46419493159420766,24,12,4.327385653946853,54.33579320198321,0,0,0,0,False
3239,300.6768897739226,128118.49026270551,0.6329945303895648,18,10,4.116451729281241,50.39622105287722,0.6607005379814495,0.00040105483899777753,189124.3058506267,199436.67561132112,True
3240,314.4181715509591,145956.9253837497,0.6109951359847473,17,12,4.7234029332714424,55.054065584294094,0.640274603724004,0.0038715566545755664,210444.46729726787,218694.61072790658,True
3241,290.5809699344709,130133.90415491155,0.3698614462187822,21,9,1.7288912607016116,41.87125025549079,0,0,0,0,False
3242,321.66933591695255,124493.88573519136,0.6421145521907526,25,11,2.7821203039337616,45.67085091405928,0,0,0,0,False
3243,303.499090834172,128811.24223899003,0.5059131912616907,18,11,4.17094649750712,41.614001121271784,0.5244503559505612,0.0006459244901388368,191452.89237650565,201984.79535058545,True
3244,290.0076645804205,106940.01635457383,0.6963908217681826,22,13,3.526398530775774,46.651596725101044,0,0,0,0,False
3245,344.7061613695023,139091.17934037733,0.39706211826345866,24,7,4.089476379500637,47.12357281113298,0,0,0,0,False
3246,318.8206771317301,112324.60446791582,0.6070808075141529,25,9,4.496362127743281,40.82096918887039,0,0,0,0,False
3247,345.16946341290077,111297.14178034553,0.513257056760824,28,11,3.9156474547956925,53.43761636028365,0,0,0,0,False
3248,336.1812443565843,145978.97737903724,0.6308384129157014,27,11,2.70913307378168,55.001467448270745,0,0,0,0,False
3249,317.14040643068614,119285.77961323637,0.3110349731444858,18,6,3.8554878129253964,40.20496894763397,0,0,0,0,False
3250,338.6690525893278,135005.76298106177,0.6465038342481182,17,9,2.4944243063882823,58.779289588824696,0.6796570106599362,0.0006795455040097385,128208.52327988799,132251.75961732684,True
3251,348.19882984349846,138137.11226618965,0.31284839029153394,25,6,2.0097184304126645,57.20832786478623,0,0,0,0,False
3252,309.8001736514339,102776.14690805649,0.44836330658778223,19,10,3.4291547786132544,44.22861552463175,0.4660545041920604,0.00012914270008886208,162927.5628275722,172792.881007155,True
3253,341.7456882993027,148858.44584699342,0.38178452114798017,20,8,3.082589579444966,43.75339085129427,0.3968528984408115,1.007582270274527e-05,149412.56347586866,154326.65803511738,True
3254,349.68755639546725,129825.67167050092,0.6170082749589751,27,13,1.4099898113605858,42.67992785735227,0,0,0,0,False
3255,314.9992827203114,107488.94296391809,0.4924642389462717,22,10,2.2224916603998732,53.75027876763977,0,0,0,0,False
3256,334.523708698188,145014.48212879203,0.5376426127259715,27,6,3.7313533203292533,43.59063607024282,0,0,0,0,False
3257,293.91947834795633,146443.17423906634,0.43355502308695953,18,11,4.7204831111393535,51.63338678081639,0.45369286805352904,0.00048716053176714165,208739.93543348942,221186.78282875768,True
3258,338.2464078409717,124383.75320870354,0.6011127057805961,29,8,4.278188711373574,58.71903611705086,0,0,0,0,False
3259,324.0828500679378,133742.57171134072,0.35195159640837514,20,5,4.876167990531999,52.13626960655031,0,0,0,0,False
3260,348.39773730753217,114236.67910652883,0.3871230751895251,18,12,3.363539329316011,55.8909420957425,0.4067739685903399,0.0012846297286372719,157970.751699702,161692.61916088956,True
3261,297.9895196414373,136197.33445050832,0.6998248854442418,29,9,4.123532065659894,56.93256994444815,0,0,0,0,False
3262,320.12930517760606,113619.7948024032,0.6440625908590568,17,12,2.8769057545012977,42.60523412648808,0.6674686425105395,0.006408619056951629,144425.90495820384,151569.64371738545,True
3263,333.03105424053075,105732.92508387857,0.5692691843560787,16,8,1.35087844068004,43.37118242751614,0.5908015458155788,0.0008478803188105679,87220.07638012632,92588.83574491958,True
3264,339.35985668759537,106899.93092339874,0.5556708929271209,21,6,3.5861182316697198,52.38146372527705,0,0,0,0,False
3265,327.1197775714843,142107.51586028363,0.38958840169438735,20,5,2.181135112668336,44.31912965422273,0,0,0,0,False
3266,347.2217347917717,124181.47011397255,0.46979347737550103,21,5,4.215315168370164,49.43845144940511,0,0,0,0,False
3267,301.4455645874764,132398.00114274182,0.36873370207347944,26,10,1.5378383023684212,55.15400832403443,0,0,0,0,False
3268,298.2113056453511,105469.44172458866,0.6961019669544977,23,13,1.480323219865761,54.85139023828128,0,0,0,0,False
3269,336.4163997390482,107598.7406701489,0.330789901223528,26,9,3.901188597218275,43.80782091070709,0,0,0,0,False
3270,347.26665146093734,130966.71807875726,0.5679826100069894,29,9,2.2202968229360414,40.493236641121854,0,0,0,0,False
3271,335.2763441240134,113182.09743901981,0.5998244125866853,23,5,1.5744041953999914,55.64093551919642,0,0,0,0,False
3272,329.1499403413407,117866.91667993485,0.32181710305263245,20,7,1.3110096544134553,52.459106428871145,0.33732260903381883,6.963509007636076e-06,83403.82935172973,90863.92453199955,True
3273,321.47533508608836,126009.80347212464,0.30792879569513426,17,13,4.442830500542883,48.721456698026,0.3215177381327234,0.0039213151314013124,196830.18067263195,205666.97154437104,True
3274,336.3122354385843,126782.77192341877,0.6540044476662491,24,11,3.6906761941074793,46.74108816355144,0,0,0,0,False
3275,312.25475246582766,104295.60224552186,0.6515168082604935,19,9,4.801947298317483,57.324370359519094,0.6840603961859799,7.239104353255087e-05,213202.3192889036,221608.76727283685,True
3276,299.19949591915565,139041.68611104006,0.6868987761602485,19,7,2.278990433348601,56.2500884287896,0.7203264509804277,3.258548197952805e-05,120747.91224075221,131034.07570580771,True
3277,339.1357096389211,102807.05827279527,0.44077985582815044,16,6,2.5930584084012844,50.198179225746834,0.4606530665788834,7.335322619595059e-05,131360.97060419645,136387.6664179116,True
3278,293.45231526639583,122950.66793356922,0.33678173448461374,26,7,4.459949752454602,56.770550527154654,0,0,0,0,False
3279,312.46980054796893,117512.24496760339,0.5789913155248285,16,12,4.830563150885537,44.019230596293845,0.6009275038114932,0.007796692650988578,216303.24358490494,225017.7191384935,True
3280,348.74891997824267,119810.24801132391,0.683361875237221,19,7,1.3418566906582399,57.128597949740666,0.7171828108874148,5.2792076312578244e-05,86157.42244077587,88273.27035544469,True
3281,315.0623121680181,137109.39528289472,0.5335927774787728,17,8,3.439005706040618,47.01815204970118,0.5557048070472762,0.0001644675219822666,163806.72301755304,172345.91122661877,True
3282,326.12899674048697,107844.54426500181,0.32975248429500637,22,11,2.997222160890547,51.463879458235716,0,0,0,0,False
3283,324.5617033478693,107610.3251649546,0.5676651148562266,27,10,3.0150026440599844,41.975431828374525,0,0,0,0,False
3284,300.2954592319166,117950.99102699757,0.6162856260776326,29,8,4.392930260401924,44.47910277789606,0,0,0,0,False
3285,313.72734186863295,115933.59348221336,0.3643677069278817,18,10,4.802722417786953,45.10274119684,0.37924715316727475,0.00017073035222764496,211757.11036613063,221499.30573543173,True
3286,319.5793780677809,130605.10553206153,0.3104877116503325,27,11,3.2664002755946804,40.08961064686915,0,0,0,0,False
3287,321.5036735007759,145183.74424025798,0.5489378987594266,18,13,2.64733660237275,44.429625062192855,0.5701230937452364,0.005422735751607568,135040.82303799214,142441.03524706955,True
3288,291.4347999250949,139823.52356960403,0.475054144325877,28,13,1.7439826472272784,50.848934745124446,0,0,0,0,False
3289,310.71967580787543,139590.93514995475,0.38513844898595045,22,9,3.7124819673398832,47.541205640426526,0,0,0,0,False
3290,324.5009254392127,135661.08098010055,0.35418250009362784,18,9,1.485413202889566,57.345991289946454,0.37280954558254065,0.00018500449969598647,89579.0385883148,97617.14750779106,True
3291,300.47875731066375,147567.6986989748,0.5258126329912525,23,11,4.889379188469703,48.08229370757641,0,0,0,0,False
3292,304.8841666118048,128731.85052227645,0.4243895659667327,17,13,4.3805632249981405,41.840202238832106,0.44005186253799367,0.005715302152681106,197993.26504827914,208778.73847564773,True
3293,338.62969381428456,108960.28999673357,0.31430624689525294,16,9,2.5303008971045973,53.91338465947344,0.32988309255444576,0.0005497239451712653,127133.54883042965,133023.09462474138,True
3294,329.23864694438396,128863.27443215609,0.40773319834459915,24,7,4.019032754218337,40.99040919569313,0,0,0,0,False
3295,322.97678046036594,119829.97160364558,0.5190871682151551,18,8,3.043426775250304,55.23736038612835,0.5446109761837666,8.007416211316566e-05,147933.12403356185,155263.92308711453,True
3296,342.88997231494807,119745.40999069918,0.6372675510821387,18,13,3.4310624854535545,55.552050841512596,0.6678808254655775,0.005531275073371384,163023.5851589538,166375.70488067766,True
3297,339.2582512094474,119702.55355613191,0.33781893159212667,21,12,2.6169948724914676,51.263442348235245,0,0,0,0,False
3298,315.2290842896416,121230.5390281229,0.3705541711387503,17,7,1.5889609740991786,54.584445999838024,0.38901121035867253,8.316794090121802e-05,93699.36582438163,103163.79197008979,True
3299,293.7170803627504,134740.78354858843,0.37010964333486857,16,11,3.380205088709233,50.430790947446056,0.3869590840207359,0.002690680687262311,159140.5909069261,172010.37162551345,True
3300,291.68948062745005,133072.66147209704,0.5050310033504757,24,13,3.543003369537044,58.15355357456677,0,0,0,0,False
3301,309.4478115686426,100746.18732032886,0.4552641638813024,22,11,2.4570295540902505,55.626222738205,0,0,0,0,False
3302,332.44005181810707,100868.17421991854,0.4876446270681545,17,5,1.8452186704313374,51.32723730362494,0.5099708622572362,2.2293818432690287e-05,104266.10278210446,110178.42474850171,True
3303,343.5221277887659,138596.90063242987,0.43216513058413175,22,8,4.873219207499174,40.79760873325827,0,0,0,0,False
3304,337.10043268754634,101716.27921963537,0.48833962434860817,15,7,4.907928802399,47.945819807593814,0.509149923784756,0.00024579778105360034,217199.10456328356,222307.7133568588,True
3305,327.9499212156174,115458.12906446263,0.6725888761362905,26,6,4.866854049434995,42.90994899675626,0,0,0,0,False
3306,343.3197044865325,105950.20369212818,0.6447438945467351,26,5,3.44960509038438,47.63347603298489,0,0,0,0,False
3307,326.2826585507291,104011.60929502164,0.6343558489449324,22,6,3.847492686301372,43.2448293013456,0,0,0,0,False
3308,298.4646093517704,115570.24388880932,0.5581187873701035,16,13,1.330515807583446,58.082012647780985,0.5844953712602717,0.04585618191936006,85249.66563542486,96289.9873045256,True
3309,293.27299120635735,125285.68349908495,0.6862059925373728,19,6,3.046412395119311,55.53706660527051,0.7191613938017987,1.139625927839823e-05,149106.6701854906,160303.78551983935,True
3310,332.5638125041203,114371.27257783255,0.4153061557806205,17,7,1.8904285147245714,59.61409891152011,0.4378300826406199,8.800128170541927e-05,104528.01383163675,110837.3729636268,True
3311,326.00609639738514,107451.66588029337,0.3728997818949665,20,5,2.342071552101836,58.60964903087165,0,0,0,0,False
3312,346.399480001139,120527.46924702408,0.6482895701236876,25,12,2.527989926884799,43.12479806767558,0,0,0,0,False
3313,308.62373402096466,131153.668990768,0.5212891710313134,28,11,1.6725313257325056,49.557994897556085,0,0,0,0,False
3314,308.8827724760108,148103.99287997396,0.6936957149919922,23,12,4.023164901751698,41.87368695723705,0,0,0,0,False
3315,336.29137111367424,113319.58433111904,0.4187297948178016,18,8,1.9769664166667105,41.94975189758201,0.43444871168964877,8.044554622891391e-05,109482.06933729115,115120.49576277674,True
3316,349.2791450332533,100281.48036105557,0.606702558916121,21,8,4.795692925367138,57.987817523963,0,0,0,0,False
3317,313.16649003198927,147674.21830683696,0.460591625822318,20,8,1.4826258761306612,54.487761517267465,0.48314569046622363,2.3595759375551146e-05,90535.46458974695,99793.34976523061,True
3318,316.1672924688263,140373.53845554037,0.3404009094060049,16,11,2.079755543238647,49.0893737926657,0.35549894768199264,0.0034512176550739256,111711.9731902079,121209.46577188653,True
3319,337.8125998366439,101526.46777833407,0.6813820800370551,16,10,3.8641857017438888,59.66983051322458,0.716570099670061,0.0024688221191653805,178513.03020865956,182544.3676365817,True
3320,348.5734588945546,131430.7209240393,0.5786047954136797,29,12,2.680233299578079,52.44511775849194,0,0,0,0,False
3321,297.5374517794776,146837.0178521938,0.3631039129480675,29,12,4.317422266964584,56.44394015024592,0,0,0,0,False
3322,306.81881502392804,125640.83690198559,0.33791751813275483,26,13,2.7413360799948383,51.0505705246811,0,0,0,0,False
3323,342.3802680322257,107857.31312176898,0.37872822910767645,25,9,2.7666446420249065,47.763203630657586,0,0,0,0,False
3324,339.6421942127306,115211.68298998306,0.31613060885305977,23,11,3.3373352838220516,50.37326370366805,0,0,0,0,False
3325,318.3491336289774,147076.77006802682,0.4330059003004097,19,10,2.5819411918593764,52.58776441056347,0.4535250395655554,0.00015944666367789372,130582.0595321621,139154.76851878618,True
3326,349.61306617048615,134208.26493612936,0.38618874631015193,16,8,1.8700496387046952,51.15874110129367,0.40409951649614245,0.0003914991566731346,104355.6875669559,107862.8834860737,True
3327,298.1038555116955,135647.48896672632,0.6523101214385735,21,6,1.9443625424437951,54.917439735598705,0,0,0,0,False
3328,345.0872930252756,108856.51118906742,0.40697700173106865,29,12,3.8358976393509883,40.18138859594905,0,0,0,0,False
3329,322.16465449461435,131362.2180006015,0.6457728041128646,27,6,3.603065499218963,40.36531796721924,0,0,0,0,False
3330,321.92240750620203,105787.10397771903,0.32982624349741585,22,5,2.059588397885939,58.229643827306035,0,0,0,0,False
3331,347.172466214474,100200.50532044299,0.5557961258337802,15,7,2.136581865740609,56.53652321226761,0.5835954397466067,0.0006092712542484489,114857.92927007095,117865.23957109818,True
3332,315.9294409142615,103630.14943692574,0.6618323843452794,20,6,2.692107055081639,51.65885787104361,0.691426911357972,5.221961497163565e-06,136452.88279245907,144207.10069671174,True
3333,312.16092375875155,125764.65496389341,0.6856090111872326,24,8,3.455574730618511,45.62951597119475,0,0,0,0,False
3334,334.7292193069765,100066.75108315302,0.3829024142975603,25,13,2.642145189885956,52.27046345489741,0,0,0,0,False
3335,319.28492076167475,136968.12392052737,0.5627416569074322,16,5,3.19283682405721,57.96931491398644,0.591632751019883,4.233686134706769e-05,153384.90000313593,161094.81601964598,True
3336,305.40468060072817,122821.89912989101,0.6631396690455155,15,11,2.544687273678483,58.47134695223663,0.696016245601785,0.017251086898139124,130179.29591912456,139612.08465062393,True
3337,320.0461325960479,105140.24673321366,0.41582307114785433,16,8,4.878891320201478,52.40176892206856,0.43551026964439515,0.00020129164680925701,214056.91175384,222455.48854104747,True
3338,328.08792750724143,114774.66633647522,0.335259981487379,17,8,2.097448065196523,51.10225924506302,0.3509343476469222,0.00013393307796047969,112083.39930805641,119638.14401599304,True
3339,303.9771456525368,147355.77547702173,0.4346069694398311,17,6,2.4889453799908035,44.05398213684799,0.4517285682716764,3.216948404364143e-05,128225.14452255252,139093.86493129883,True
3340,325.6158143722179,103025.03163881077,0.3813867892685328,26,10,3.239825875816468,57.07544032480782,0,0,0,0,False
3341,315.8922189924142,121117.80736838118,0.6557923353114655,17,12,3.817734617016038,49.85361777544614,0.6838549536976787,0.005170878166706521,178327.76003041663,186114.27343745998,True
3342,307.02638988235833,140788.50082482744,0.6817450961416943,15,12,1.4946000285508758,51.240647519635985,0.7092230905815019,0.05981577180651296,92323.72788691297,101389.6524297784,True
3343,312.9650591062218,115810.98266844831,0.48772137508935764,26,9,2.497266042995137,44.30699709185886,0,0,0,0,False
3344,292.1775295740899,134262.3001332468,0.3700181654181086,18,12,1.5990942758797067,49.427008850484405,0.38654301088609744,0.0020294569388021317,94517.25570714031,107623.51925913875,True
3345,347.68053681278354,101561.36052742353,0.6087275734311377,17,10,4.272206643888716,56.11081759716565,0.6386463105810193,0.000838486438358133,193637.75287239868,196291.59687719875,True
3346,343.94278652283805,100198.73165135337,0.3813194073863776,16,11,3.678793252719708,56.2780430393566,0.40076534497471905,0.002638977198330217,169234.40199037569,173778.1392208649,True
3347,326.37697460525595,110086.34241701983,0.40474332316887857,22,13,1.281231566586169,55.96369670200208,0,0,0,0,False
3348,335.59173113467136,138702.68701124506,0.31704566120397415,23,11,4.208762964142309,57.30088761774531,0,0,0,0,False
3349,340.51037384458544,137602.08067260453,0.46626488641530384,17,8,2.6430155204096697,57.67612648327318,0.49047062028075294,0.0001764360306081279,132509.0282624368,137157.10197548202,True
3350,294.552813461982,104848.55773661015,0.45616639770410794,23,5,4.773420737824273,54.543405245055034,0,0,0,0,False
3351,294.2552203720852,103901.56785073593,0.35594592056786234,27,6,1.8185855348739237,53.56011646458434,0,0,0,0,False
3352,292.77199055378037,100088.81171974339,0.57873684625468,25,11,2.6838533772564803,53.471217090520035,0,0,0,0,False
3353,324.21144596493457,133372.96691359213,0.40946264387872267,19,12,1.3908138401183843,49.95290855170833,0.4278793242655631,0.0011411795275579008,87205.5661197483,94947.69007117364,True
3354,312.1035124305237,100474.42651288724,0.49143380136521225,18,8,2.6083198401662724,57.40723932813627,0.5167161740841425,8.504907001260359e-05,131510.6664658422,140772.13765955748,True
3355,318.15601385514526,138025.83241464666,0.3142126906641324,15,6,3.3551325325442365,52.95681950450741,0.3295178306538073,8.888583353868342e-05,156976.53155379702,166321.51922590623,True
3356,346.5516006218817,135968.18390832236,0.5959573383539657,27,8,2.5459201294554097,42.30280501023836,0,0,0,0,False
3357,329.69363270313784,105668.98502855387,0.5199510624766228,25,5,2.2502244948564485,49.790007321938546,0,0,0,0,False
3358,307.8218244092953,118122.87549069416,0.3380609192532478,23,9,2.5871463197478404,54.03076286542487,0,0,0,0,False
3359,304.922279742119,134916.97146887402,0.4383974932457671,21,10,2.515512363681245,50.54429397733668,0,0,0,0,False
3360,315.5384542951381,107497.41087675255,0.6893404712423707,16,10,2.46476543256541,47.6193487978137,0.7173663094663036,0.003721092423703003,128652.30614593899,136334.5451729691,True
3361,307.0297762830491,148461.79209829977,0.6202574960041543,22,13,4.339534582449441,59.23486746137333,0,0,0,0,False
3362,333.632461251355,131675.65790718142,0.636982322135933,24,11,4.930490480526908,56.61088255388153,0,0,0,0,False
3363,290.83257778480817,145847.81985054468,0.6205574088759555,23,13,4.476406660398102,52.978603799926354,0,0,0,0,False
3364,328.5523472968388,125539.30941808032,0.4926959390015021,21,6,3.609236429451059,47.01436984162679,0,0,0,0,False
3365,313.6648250483303,139027.46055545035,0.48639220992227006,28,5,2.5478433356771717,58.05049348049356,0,0,0,0,False
3366,319.69905115760434,119966.93251222603,0.45203811236914915,23,13,1.3451108773666713,46.81479751549144,0,0,0,0,False
3367,331.9177826295606,137637.36886859967,0.5127173911000839,18,10,3.6930977960491145,52.153603381033214,0.5364697815314765,0.0003325403364399511,172132.87803075433,177995.18398183497,True
3368,326.5850089079372,131828.27094424484,0.6925700507467125,18,8,2.7987309432589855,41.43796001515755,0.7170566186439216,0.0001289931260231323,141888.43237007488,147734.32806042538,True
3369,303.07640531585406,130662.41175520235,0.6643307735527265,29,5,3.6113131760735184,45.705327741412326,0,0,0,0,False
3370,328.05828553819015,117997.35310930217,0.40995410757962314,23,10,2.650712871611738,40.561715729647894,0,0,0,0,False
3371,340.6410333382023,110060.2791984787,0.6607558662079652,21,13,1.6611510406093193,43.89246183206241,0,0,0,0,False
3372,347.61375637384975,123620.13061505952,0.6654300699074975,25,8,3.3583363496809806,46.9755152052319,0,0,0,0,False
3373,339.4054625299372,122613.8561666815,0.600969068669092,27,8,1.902142583399624,55.41836354444275,0,0,0,0,False
3374,335.8238025257243,141681.76489162343,0.4980599743932095,19,7,1.4542524589588348,45.35572682655062,0.5180675062927473,2.59480830612168e-05,90505.42383603811,95774.45644903101,True
3375,349.6531255059931,125611.90365707486,0.30651334213809256,17,13,3.004471588935992,44.28929280605199,0.3187084777565803,0.005235634719831856,145392.1443898038,149388.61898368632,True
3376,327.82416778915285,139008.2525723761,0.6280498543227632,22,5,3.8425536715288553,56.9830489828003,0,0,0,0,False
3377,293.7768511001632,126478.02975377021,0.6842039603204556,15,5,1.5775890365107972,53.22632068076099,0.7156342073731594,0.00023342056723842,95186.12237264225,106312.5067913337,True
3378,312.749800595938,105110.88697196273,0.6221581102526513,19,5,3.582385089920245,59.317351698179266,0.6545563565979499,4.0400682073122765e-06,167882.94358480602,176353.2553410638,True
3379,300.97919263698844,149025.86994016066,0.505267621178182,29,5,4.525661919220366,51.907690712242555,0,0,0,0,False
3380,295.72272415495115,143313.25063131616,0.6729105736298008,15,8,1.6537612452528034,48.46818465165458,0.7009150189884045,0.002255660826145502,98410.81159711104,109285.78555318304,True
3381,317.29024441424946,137112.29868792574,0.5329112867881637,20,5,2.371021880980491,43.7327923614636,0.5534113603964996,1.7996908323580848e-06,124773.29650393421,132948.25975741466,True
3382,290.1400918734573,116192.89963865557,0.3632845657286773,29,9,1.6313656111552894,58.23522051772542,0,0,0,0,False
3383,300.3312411352888,105432.81038745015,0.6448441016068149,22,9,1.9889290678672973,59.19510857917665,0,0,0,0,False
3384,311.6505500282575,148562.69043972495,0.367482845567077,20,5,2.3950429944957126,49.531621220053694,0,0,0,0,False
3385,324.156645369621,127462.33906995719,0.558404127793303,20,9,3.2090418767748456,58.64563969334627,0.5874466577996709,3.792818673830038e-05,153843.80744999662,160774.68985970147,True
3386,316.5497414159436,136741.78731865904,0.6383512461856506,18,9,4.495379448032296,56.52459827826221,0.6698389685992515,0.0001687763366422096,201995.3509002137,209769.47830096414,True
3387,303.09373115513887,107071.32681069284,0.4327817628862989,19,11,4.677452702634234,54.91425066085015,0.45424047308157567,0.00021857657407827047,206520.42018572157,217551.13881643701,True
3388,290.20990405998776,113945.52900205008,0.48573050425826525,23,6,2.0901955102916894,42.99639245966007,0,0,0,0,False
3389,348.79890069362,132936.81502513884,0.5376802360087811,15,13,4.703939061219418,41.263593433421846,0.5558274467208989,0.0359634861000956,211698.47161710175,214486.28029621716,True
3390,308.99002362809625,148947.11184516238,0.4078043494631377,18,9,2.0817589479880296,56.02740546525737,0.4285451340351391,0.00017546135774344817,111753.774080002,121995.51660132268,True
3391,340.8853279127684,137989.1679290147,0.650115646157524,18,11,3.0349301314204675,52.371994877068744,0.6796097131037262,0.0012579917437330172,148963.7124934022,152598.03755253777,True
3392,307.806559462592,121693.36590150419,0.5529324903723168,24,13,4.292563135376328,50.77135989206292,0,0,0,0,False
3393,303.92186341654264,122460.41612845828,0.35946673038373955,20,12,1.3827913853111233,51.5993821892095,0.37636155956537726,0.00042957528187519085,86388.83171235649,97736.67074464446,True
3394,306.0356368012199,146871.5127496556,0.5531962458882498,17,8,2.460578739947597,54.96629523236001,0.5800898774094416,0.00023613107192358427,126892.22052723299,136779.68861877377,True
3395,295.8496347274846,133124.5260403565,0.44866290228111066,28,12,2.645918667512044,53.2002231463754,0,0,0,0,False
3396,345.83064016980205,149088.4857323293,0.6073947240961157,28,8,3.2906361034514955,55.561698843099705,0,0,0,0,False
3397,349.18259306302775,136468.48890901482,0.5663913841107843,23,9,1.7478270972596972,44.246822599640765,0,0,0,0,False
3398,321.716664752042,118973.48346773078,0.5191681960139117,25,7,3.2440793042530744,51.56853836576839,0,0,0,0,False
3399,316.17256328510666,110903.39396021854,0.3530042876984178,18,5,4.688236530018945,55.45169179241071,0,0,0,0,False
3400,342.3313158140726,122558.76726901918,0.45868480446522913,21,5,3.7881384170129957,57.65343714634258,0,0,0,0,False
3401,324.5844315179653,146707.68023407177,0.6016727784399731,18,5,1.9125767469673574,42.64490142118056,0.6239429381671187,1.312916848879928e-05,108303.83663655033,114921.8587846943,True
3402,310.8529970025993,132815.92522846346,0.5858497911767724,29,7,3.9819622802609986,42.16728651479472,0,0,0,0,False
3403,300.88757149169834,124605.77157082553,0.5245856558278813,29,6,3.4303365564298556,47.64247521495473,0,0,0,0,False
3404,344.42000471565086,146779.66213620425,0.3899419763773682,25,10,3.267584196731171,42.34467164702902,0,0,0,0,False
3405,294.96545770969874,105376.48998272301,0.6533342367274092,19,11,2.4903047908036955,59.85601911808507,0.68744195357938,0.0006893965232447123,127956.14137914595,139063.1034720399,True
3406,316.6565612920486,129238.84386057024,0.5951928943302021,29,9,3.9937327482298475,57.57112619878376,0,0,0,0,False
3407,343.826897688456,139572.5893932111,0.3571129427157165,24,9,2.775501487135804,58.325157425850676,0,0,0,0,False
3408,306.6305937257413,118942.6449295832,0.5317162971900165,16,12,3.7163493963357945,51.83892842037743,0.5557213661059616,0.00887599027690712,173244.81500141116,183150.0132989546,True
3409,325.7990664533901,128607.5214182741,0.46407966139442824,21,9,2.424662132788069,57.47155026056633,0,0,0,0,False
3410,307.4110632226354,109500.02957946963,0.4984603202537288,26,8,4.598093954501472,44.75076341340121,0,0,0,0,False
3411,308.0252312802382,122241.54067779168,0.522554853279881,23,5,2.830797971202688,52.498175093013074,0,0,0,0,False
3412,309.5628724669007,131098.51551459453,0.4753166386816108,29,10,1.5659379131253046,47.88630121689146,0,0,0,0,False
3413,347.0023155080565,144679.33443894793,0.306780585327273,25,7,1.8690798546901104,42.306840226688514,0,0,0,0,False
3414,342.88241206994104,109958.83753420948,0.34774383618148247,29,5,3.5524351618849703,53.533274330288016,0,0,0,0,False
3415,341.0784831941514,115794.39391295436,0.45876511686174304,21,6,2.053220050977274,45.92728460772341,0,0,0,0,False
3416,326.55011302472275,133784.7449977217,0.6063859951241278,21,13,4.45961670236868,57.87981151530204,0,0,0,0,False
3417,297.1201092766509,126992.75301640716,0.3368354752166973,27,12,2.3362130674104997,56.04289856477963,0,0,0,0,False
3418,306.9515632019003,114144.95622994709,0.4662364807711186,21,13,4.053349342635262,54.0951826431635,0,0,0,0,False
3419,337.75800592647266,136635.160101852,0.5845909172018184,23,12,2.0806973202639494,48.38109405043617,0,0,0,0,False
3420,332.74687765897704,129269.23876225115,0.649355546896428,27,5,1.6661280550340134,48.19025494115226,0,0,0,0,False
3421,308.7823288518381,143802.92904678424,0.3158590442434607,21,8,3.7015291124768774,43.24004461568777,0,0,0,0,False
3422,318.6454663575384,121852.64576767062,0.4214310186551315,26,7,4.010357990098506,53.47469932632796,0,0,0,0,False
3423,323.1195890434792,118996.32958549028,0.4672496114678849,24,5,2.3436472365264063,49.17506870914734,0,0,0,0,False
3424,303.2944158577891,107327.13672896239,0.6760364362216151,27,12,1.8134409714199913,57.7037111649733,0,0,0,0,False
3425,328.7095918510283,143181.80563065698,0.5948304274346581,22,5,2.83294935650002,42.76851898688139,0,0,0,0,False
3426,344.34700067601614,105195.66465000335,0.5466412539534489,16,13,2.246040561809431,58.96302385567495,0.5736637354254968,0.031115791654716236,118555.63215828392,122100.37408718513,True
3427,342.22909471028254,113392.39560990376,0.44520241975543884,20,5,2.7958077601681053,52.22812731319299,0.4661152969351979,1.2685014023494172e-06,138557.30443042665,143019.53946439698,True
3428,314.48369826784,102338.94089156069,0.43614676983397,28,5,3.154471894788882,54.73936829784137,0,0,0,0,False
3429,344.3763589255426,140633.3274363091,0.5226357808998218,15,13,4.6190493164332,48.24376117854612,0.543415816584414,0.03552538252610792,207012.0737255869,210663.48814409814,True
3430,332.39642756177614,134416.37958867248,0.3575116721108103,28,5,2.6982082779812275,48.68133728034306,0,0,0,0,False
3431,299.00850530790746,131389.6677742907,0.49318864065213586,29,7,4.674833451353342,54.98524553456257,0,0,0,0,False
3432,329.84947014371386,148082.35592173348,0.4618469231102419,29,13,1.5641518646830546,52.29421156424203,0,0,0,0,False
3433,297.92316501027415,119834.60607888555,0.6113043298834195,24,11,1.572569787268636,43.493112576003206,0,0,0,0,False
3434,292.49282008423603,120489.6215093843,0.6073447860357314,23,9,3.38434575637167,54.650992585492055,0,0,0,0,False
3435,295.0626040792362,103215.65017103906,0.5974144929258076,18,13,4.614720577019793,49.758239333928955,0.623230478166985,0.003798879311896435,207357.59065355652,218717.2882100584,True
3436,297.8074675851944,148248.89186809564,0.4314415243800508,16,7,2.3937762889931795,55.34846763528486,0.45301871417962053,0.00017044407574126584,123386.90932408106,135248.9708327533,True
3437,340.6361408844371,145289.2341634496,0.39636884309322656,20,10,2.2412920030124406,47.956468892864756,0.4135360125353169,6.963620943064857e-05,118313.72404434325,123335.93096007174,True
3438,337.44546822284815,146271.51575765613,0.35720553444630676,21,10,2.7014071693303547,44.27706368870004,0,0,0,0,False
3439,317.99786532958154,128399.11903309231,0.3291936235065954,27,5,3.3010742522178953,52.11808337254729,0,0,0,0,False
3440,311.4361624133661,149011.80011392204,0.34873957334574246,18,9,1.7346879429457727,53.93342083752252,0.3659519191538361,0.0001614039702471125,98827.39059985893,109042.27944113125,True
3441,292.13832094952994,136438.1606972926,0.37207666479233775,29,12,4.038918556824225,57.74911793620316,0,0,0,0,False
3442,326.8182637215756,105367.82625656248,0.5059603961433521,15,13,1.3007152054929219,51.5126824976244,0.5252937078182405,0.08396635983530225,84433.3005538691,91176.25004886012,True
3443,340.1958299625888,138837.28843362196,0.49412057969504913,27,5,1.7707522215338463,56.681720519792634,0,0,0,0,False
3444,297.85070206530816,109233.63353261094,0.6936057256365518,24,9,3.4612455873359123,47.50664395577335,0,0,0,0,False
3445,345.7448314602843,137042.33099188015,0.5756401291623172,19,8,1.7247134939225095,55.98751630544403,0.6040676464345367,6.799421866406059e-05,99930.26755995906,103085.20516933857,True
3446,300.81693130419063,145703.72406731264,0.30689129818122896,22,5,4.1145694314728525,59.156935241119925,0,0,0,0,False
3447,296.87510563234906,118543.17618162622,0.45309044445349933,22,13,4.5797667108038835,47.91684640618374,0,0,0,0,False
3448,320.3703957239477,120287.67434600447,0.473227489169202,19,12,2.0768527481596024,43.634623682135754,0.49152625049335436,0.001046772604560351,113453.76320326742,121456.77840528065,True
3449,319.1128696676404,116071.43154211367,0.5888039490725718,24,11,1.5552209049487404,40.609930716555894,0,0,0,0,False
3450,324.6493068191296,145344.3003638195,0.32192570925379355,26,8,2.592303515570777,55.60168354921601,0,0,0,0,False
3451,316.1847756876069,126186.73684238378,0.43588052271433986,24,5,1.3247237801333513,54.71933944295852,0,0,0,0,False
3452,300.18485908037246,127427.93694927887,0.6488150873352765,18,9,1.2252983095660097,51.44583747882223,0.6777451716940591,0.0005347388445065389,82222.73390680704,92534.53437612976,True
3453,302.7622428423567,146908.93463327855,0.5060073640745877,22,11,4.5671804239128875,45.437366609286904,0,0,0,0,False
3454,347.8849003262694,108421.73034831876,0.6978541790050254,18,13,2.022607148945057,56.21495979527445,0.7312240587490004,0.010385197295967789,111350.72729495782,113549.74567702465,True
3455,313.7717295525754,104873.27837932581,0.659525310203861,19,13,1.6458014598144723,46.78891765708923,0.685940277392369,0.0048296539584038655,98230.08920128425,106337.65910952017,True
3456,302.9161092509402,117622.5271728047,0.5241630260082156,17,6,1.5475918689114825,44.4477028637245,0.5446876107329394,5.999886600314266e-05,94183.08735943223,104709.38523773152,True
3457,333.7314961209977,107126.37334247326,0.37141443366367205,20,13,1.3920431566095433,40.794164323819814,0.3850340483721685,0.0009704058149755888,87700.0113749446,94063.00139303965,True
3458,349.1474368418334,121095.04420396322,0.6947227011759164,20,8,3.0534750250504494,49.34919785718733,0.7241668641678427,2.425332343238799e-05,150284.05397795045,152265.86863147654,True
3459,316.8665780880436,131870.92479707414,0.46275242895096624,17,12,4.269524305506684,58.78568726026949,0.48712930785035025,0.002966764150236879,191424.1166152432,200073.0987914995,True
3460,293.24205734738035,145495.532701205,0.6980327130711358,23,8,3.7511022318668887,58.01158293567389,0,0,0,0,False
3461,315.731272982315,129530.57325709694,0.692007454635733,17,8,3.8005542729661093,41.38785497296841,0.7164427850635083,0.00021776095318790553,179313.8033926164,186941.7722074257,True
3462,300.5105493040491,139338.6282625328,0.36300515159842206,15,5,1.6985467145555666,44.486483599545465,0.3776254091943587,7.539531506502091e-05,98520.97392245664,110377.7522738205,True
3463,327.6485030700694,137373.06969725864,0.48873944162455485,23,7,2.0775228514983692,50.18535279538169,0,0,0,0,False
3464,348.35963435242076,110403.96067122085,0.5635569445387685,21,7,1.5444612149218273,58.71302790130994,0,0,0,0,False
3465,320.28305093922006,133011.8275798378,0.6872788620595218,25,9,2.4533646294392386,45.56056037659644,0,0,0,0,False
3466,303.2299977101103,100524.3861782684,0.5265358030946801,19,13,1.9038282636669455,51.29457345600491,0.5503309038458851,0.0029857934067587092,106684.2290897995,117156.26880254407,True
3467,327.1874184970468,107626.73337902632,0.3222357015229478,26,13,4.10361463025553,55.28884398667096,0,0,0,0,False
3468,295.1733276938181,114392.70388412222,0.3944828086456692,15,12,4.308669970439677,58.62363251958803,0.41493065735976026,0.012185023206940123,191827.23644760976,204324.4968223618,True
3469,315.7771340146297,133298.02691836012,0.6074981904899333,25,6,3.0360077924909943,54.05205623771949,0,0,0,0,False
3470,302.6936639333715,117453.68880457208,0.4550468705852756,26,9,4.599757377838749,45.139928726667804,0,0,0,0,False
3471,347.42991952417736,139282.71527605935,0.3073269462051373,17,13,2.1041634453440006,45.7984666045025,0.31992486275673393,0.006728826203482861,112556.3556963867,116942.10086687311,True
3472,318.4599650140779,103204.18537655224,0.43867429125759505,16,12,3.623581379356687,43.50214550792399,0.45544957572317,0.0069781636672034955,170070.83102308787,178587.23025509843,True
3473,297.27784134676256,107473.46460405992,0.5227743748983296,16,7,2.2906822448201645,43.27869341632969,0.5426842447721071,0.0002225220773940839,121777.09532061675,133188.5241823502,True
3474,317.5360450516313,125714.53240005879,0.36933562538890297,16,9,3.888476227577831,59.93919713065748,0.38961808167582507,0.0004830183433072245,176014.17236081293,185112.04121853306,True
3475,348.65689066924034,122523.1702358567,0.5370131653398647,28,8,1.6977804228916944,51.956416471539896,0,0,0,0,False
3476,347.4059969301649,131680.11962134205,0.41065247674406824,16,12,2.5291870437783865,43.09769403354378,0.42620365345658034,0.008465635082678431,129568.49019421774,133314.7732401019,True
3477,345.929996105281,109399.81379407822,0.44011689126755305,23,11,2.1819600077645913,42.25781250869606,0,0,0,0,False
3478,331.8654812691496,131868.0559597196,0.48721141547111524,16,10,2.5991850782370793,41.93418989607126,0.5052099833381394,0.00205992634683713,133054.17518427112,139054.84872708164,True
3479,310.99378533115197,141485.68645137455,0.5452210568731379,19,11,2.6478021485947227,45.09529591947931,0.5667988970866253,0.0004724407745063254,134942.948802082,144072.94144737162,True
3480,326.03248683897016,136335.74183155602,0.32716861009238163,29,12,4.7582123177436735,44.64565069410032,0,0,0,0,False
3481,324.4011601951371,144709.14571858433,0.3464735032457022,18,10,2.590881414208933,52.78081267062808,0.3631920246654812,0.0002694884740882155,129880.26544021192,137980.53273565628,True
3482,309.43765514789834,132410.80436553582,0.44587858605387926,27,11,3.852032396069162,59.031733319889426,0,0,0,0,False
3483,342.14619125168247,117003.39813880285,0.42238644798913677,24,13,1.8672114953640504,55.67783333158469,0,0,0,0,False
3484,297.24905305760564,136661.31176746933,0.4858804378323621,26,7,3.53756556650424,54.805292675841656,0,0,0,0,False
3485,347.47365813305464,133661.22348811926,0.5317728362169564,23,9,3.127991226171648,43.84570481111059,0,0,0,0,False
3486,338.2601175765939,146594.98934758455,0.4972622215603422,26,11,1.899313952511107,59.28828203670935,0,0,0,0,False
3487,324.9029319409025,136381.4678756712,0.6499603753784877,23,9,4.431293518871822,59.791893032852045,0,0,0,0,False
3488,320.93457712353415,149143.76938565058,0.40569899423694333,22,7,1.9756628414608828,57.52357143070974,0,0,0,0,False
3489,311.361523094029,108542.4496190792,0.5203091079246784,17,6,2.9730380618982357,40.53338113027025,0.5388377852384475,3.5601462777021186e-05,147382.21407515122,156585.8914457956,True
3490,348.6061130429381,111438.20681379248,0.5760255412894241,19,5,1.6047005077837924,52.614728995543715,0.6026861580299554,6.571852463164208e-06,95835.2506674716,98479.39171526262,True
3491,314.15907877649175,113454.79541198857,0.4593314567134822,20,11,1.860998768962659,47.64866400594276,0.47887642158493393,0.00021808864203597028,104994.41575577384,114095.6933681013,True
3492,348.7746534937901,136146.79041861795,0.4602186733273673,21,6,1.9526924255106706,50.08764100812325,0,0,0,0,False
3493,315.5258904803934,109833.63249177182,0.36347779438329125,15,10,4.2360087385509315,58.03269613368767,0.38269595652734756,0.002226596401161278,188763.52886192172,198226.5115798666,True
3494,299.5889390728796,142095.15306459798,0.5664740166265734,18,12,1.7224046116312406,44.41942483979695,0.588344479426003,0.0035405809830436267,100891.73345196035,111706.08497535328,True
3495,291.32921000691016,104499.62465694954,0.6299120351724659,17,9,2.811850711317455,57.75801097348345,0.661722352860818,0.0005794565510329235,139904.43308646893,151678.04785395326,True
3496,347.44348376546185,124416.22721875715,0.3689533950047871,23,6,2.205594806906654,52.336740021113826,0,0,0,0,False
3497,328.374489129677,114056.79569044712,0.6780035120272415,17,12,3.5130513333480593,58.65212269150973,0.7122304852216168,0.005985778303586882,165776.20720877472,171417.62024477278,True
3498,319.02077715523274,132140.46182507792,0.6549558247470262,15,12,3.931051051619338,41.12049616608508,0.6772106234139722,0.0247714278834721,184040.59628163168,191305.44296730636,True
3499,305.1131266882778,132121.03615526235,0.5599275411757056,20,9,3.527671569864907,46.21573490366984,0.5826209203543183,3.352195806192482e-05,167452.0415269892,177440.54488174527,True
3500,328.0150084248246,113882.89467189935,0.3668577848537614,16,9,3.6903945951583506,55.32418060866591,0.3853815750732838,0.0004956224906307608,169577.87945309235,176947.6809282632,True
3501,335.5580580255926,103797.66270984063,0.4400596093962864,18,7,3.5082063508878836,56.17910012938901,0.4623894191502628,2.5533111967709113e-05,163887.3169982574,169539.24479013387,True
3502,324.0969953217792,106084.28881541769,0.6989925398973041,22,8,1.4228181175647112,46.446339362739266,0,0,0,0,False
3503,341.1772428015492,131711.12583162956,0.41801462406110185,29,9,1.4092634906118375,55.911020812304145,0,0,0,0,False
3504,329.44534519483966,117695.69417325204,0.3347712015449711,23,5,3.3707182720765845,57.531977968053795,0,0,0,0,False
3505,297.5058237542484,135069.3903149601,0.36295853084202,25,8,1.9787839305841093,48.554357716374106,0,0,0,0,False
3506,312.18623481586593,118001.65624097065,0.30547207257098774,26,7,2.9774750831138466,57.85658046427456,0,0,0,0,False
3507,301.5434147563732,115045.29110154214,0.47917445758654154,20,9,1.2050718048130329,59.60272103358537,0.5048747983475272,6.579538849619066e-05,80133.65912383719,91141.68532053132,True
3508,294.2997980569175,107508.45265037492,0.4417584647832125,26,10,4.557906627801359,51.49517652746355,0,0,0,0,False
3509,333.47912654982906,143282.2501904579,0.6486469828304011,24,6,2.2334633962261417,44.84091552319186,0,0,0,0,False
3510,292.8169846432401,137743.9074805251,0.6859509057729364,17,5,2.6099961438043726,53.905098349627096,0.7178814791004613,3.134425800002236e-05,133231.3958930767,144495.34693437736,True
3511,307.6617263292844,148060.3185920438,0.48343801291836114,21,9,2.132573403405094,57.05799423879576,0,0,0,0,False
3512,307.374978489867,146123.44803574317,0.3390424372030242,27,11,4.509888420637936,42.17508074305788,0,0,0,0,False
3513,320.2455403916463,132683.00868166302,0.6919314116525148,23,5,3.600173455890631,41.32742677690023,0,0,0,0,False
3514,328.9401182729208,104433.5866961593,0.6933294808498335,28,10,3.393892422190361,44.14367181436035,0,0,0,0,False
3515,318.449545455735,104363.57171027003,0.41382266286367064,25,13,3.165247954918261,51.253431951857294,0,0,0,0,False
3516,324.17758771670714,112447.02189457994,0.5564274142295882,28,12,3.1762846471917565,59.37955029251221,0,0,0,0,False
3517,306.3438532759821,100458.50202232705,0.5946352150832008,27,7,4.13718955625611,44.88451660688636,0,0,0,0,False
3518,340.4175463959067,138761.32012936258,0.3520976368198583,25,8,2.339873912750134,56.4685346764102,0,0,0,0,False
3519,301.9411346885069,120093.35683783336,0.5089001953899778,27,11,1.676433253563108,46.90228521502905,0,0,0,0,False
3520,335.0986763597031,135847.5866234843,0.693028744937042,28,8,4.2810940703058895,42.10439686666715,0,0,0,0,False
3521,314.7539157414638,132698.04785949076,0.6352685533497169,21,8,2.519982685064054,52.160754584920284,0,0,0,0,False
3522,310.2206697816815,146151.26418900263,0.6889942051337861,22,6,4.4222252785596385,46.27479783965073,0,0,0,0,False
3523,305.8531864361536,114428.54051869457,0.4298138867084822,27,10,3.8136474605763224,44.92197215680402,0,0,0,0,False
3524,322.9739888023529,121208.18058250452,0.38738953532323717,24,11,1.368909121009841,57.026443836470015,0,0,0,0,False
3525,308.3921854824303,116939.1543625993,0.5282397231936281,27,13,3.887261000638504,56.33123562027974,0,0,0,0,False
3526,331.84307696774374,112544.69406836848,0.3181144877933569,17,5,2.1688595364903587,57.4830205981011,0.33499746303510325,1.1386767924495344e-05,113780.6584904195,120813.15589041034,True
3527,347.07116544008363,112903.30948045656,0.6194458990182938,27,10,4.919897379493092,51.08351632840228,0,0,0,0,False
3528,313.6347529920113,100543.201535166,0.6954288896620152,21,9,4.887871628326911,50.81491400321926,0,0,0,0,False
3529,296.5284408290797,115486.59157748407,0.5662534374982063,16,8,3.488506994492721,50.77524592966722,0.5915243164407392,0.0004016627781737866,165350.6448589176,176649.68937260896,True
3530,302.95188474126195,113573.33988379974,0.45559854354680995,20,8,4.1623902031816575,53.73553218249838,0.4776047384296765,1.0006936715306933e-05,188323.41384998642,199240.82863976853,True
3531,310.3607827641976,134130.40504433843,0.5280268158216688,24,12,3.426265912118268,51.43219480933683,0,0,0,0,False
3532,338.80224292600656,107443.6395171052,0.6065430180660981,24,12,1.7610418983443958,46.40126003194676,0,0,0,0,False
3533,304.83009207640754,138061.6841824139,0.6805817087382786,16,6,3.1447986649343926,47.445112079225396,0.7083337198808881,0.00012101208009334939,153886.46646130737,163312.84384353913,True
3534,304.35872533166537,138927.02959263377,0.5507266859628679,22,8,1.3265695723570663,42.63983919776598,0,0,0,0,False
3535,333.66222364819976,141165.93049526965,0.32521625758184625,25,6,3.45949777475896,49.57238350689946,0,0,0,0,False
3536,303.9528255111147,111609.71322738862,0.6026289478098525,22,7,3.257461170199912,44.206111817478885,0,0,0,0,False
3537,322.2265953006264,123183.18628625375,0.4763678539456866,27,7,2.9987567781999807,47.45192808945616,0,0,0,0,False
3538,302.55370281994544,106859.38411558536,0.4080090609665185,15,9,1.6378234124610929,56.34908944810775,0.4287747506523113,0.002324996325925751,95628.91706938186,106894.2081625562,True
3539,316.79989863587696,133036.9471626982,0.397534333841595,15,8,2.5642551312122333,43.45700661776734,0.41304535051027125,0.0007094988533912025,130661.9353891011,139695.0171634818,True
3540,297.5666899319217,109079.11000412118,0.6626158838716527,28,11,1.9673587886597468,50.90960710840295,0,0,0,0,False
3541,299.0469275465792,136618.68344184788,0.6619988983109187,26,8,2.9758769592822722,55.72332456509209,0,0,0,0,False
3542,348.51714800375817,130515.63177696167,0.6284213434918402,21,12,1.3635631969147182,46.75113850696762,0,0,0,0,False
3543,296.20712274127555,124325.90115297971,0.5685069126992636,15,8,1.738314879602236,57.95051731112884,0.5975722113587668,0.0016497264107880108,100207.39930077909,111551.4695906161,True
3544,311.6068282285532,145500.95237598184,0.503030965235755,20,9,3.3676913253289475,43.10992559451199,0.5221830614466658,2.98822735633902e-05,161457.21842095623,170716.43639894316,True
3545,343.66792085995587,148483.22059781398,0.5737141242404156,15,11,4.386172677698139,52.43781969485413,0.5997863991478052,0.008519419490089887,198193.84946344743,201714.66584546756,True
3546,339.49891481506967,125394.76775962333,0.4850681587811829,15,12,3.566879711961402,56.07330823408141,0.5085258002685352,0.018292302422116255,166599.53196486377,171314.15300790287,True
3547,325.3641741543188,120939.94007696732,0.504224707094094,21,12,1.253101952398834,52.34788612241121,0,0,0,0,False
3548,309.69530265805696,149989.04205130984,0.41019291709026695,23,8,4.415844757073094,51.78133253916535,0,0,0,0,False
3549,305.9481946679811,120225.96234406353,0.3971611736843681,17,10,1.4955934449553392,46.50885885663466,0.4137790329016352,0.0010321623933839121,91223.76735859048,102011.03094885846,True
3550,312.5319856578841,113500.81249094626,0.6681145754093902,16,8,3.9323358333864444,53.638098836490286,0.6991316989998889,0.0004646059014039592,181984.35915216865,190260.33567385093,True
3551,296.0336531693344,115242.22052631246,0.4341643727651797,22,6,4.524128539946964,54.45706020412912,0,0,0,0,False
3552,293.6534142701426,123598.51055508533,0.32785059721394794,24,6,1.2192792203438712,44.40614621564942,0,0,0,0,False
3553,293.4844718012909,125213.48238614268,0.5884607820403602,28,8,3.8673852547839163,54.73145292528045,0,0,0,0,False
3554,317.48948495946433,140765.33080335887,0.3568796154992184,15,8,4.408558198318587,43.71739127047304,0.37099619235241915,0.0004057463380224344,197486.1863523206,206659.20042400228,True
3555,325.774749673209,138363.8333749812,0.6274467290277088,29,10,3.106004873471287,50.58209149486835,0,0,0,0,False
3556,339.3795309057309,106786.19472453753,0.3718221210001778,16,11,1.8800452066284168,58.144218840416684,0.39139005790701203,0.00421847668466157,103899.91466124143,109297.84850768255,True
3557,314.9265492994617,107353.55198715898,0.3089836663437727,16,11,1.748115916455121,49.253581939206036,0.32279563818738766,0.00342038504049018,99342.43239435887,109251.30252886238,True
3558,330.9937613516096,126031.2792772285,0.6824336375744814,22,11,1.2643113766853977,55.457838385821496,0,0,0,0,False
3559,338.3189284384286,129041.35415888474,0.6911105104231756,19,13,4.926232328866897,43.00476458995281,0.7164440686410718,0.0019188354824344065,221020.50629136444,224892.70199519972,True
3560,338.32450205002556,112118.20138405434,0.5248889412403905,21,7,4.925449424074526,53.78382035668083,0,0,0,0,False
3561,335.74636897854407,121683.99453424747,0.34215759126011336,19,11,1.5866062534613106,41.355010293067025,0.35496564766734134,0.0003596041026031947,94517.27271797914,100717.96129294674,True
3562,310.79447911424705,140394.1620102686,0.4523330003213134,18,13,4.846020102148917,45.13313251948159,0.4704517231954522,0.002526609503372397,214933.1251231875,224613.01824447716,True
3563,302.2174365811339,119348.10348813828,0.3740071704499975,28,13,2.4694397189265453,53.80306603036075,0,0,0,0,False
3564,327.6830342579047,111129.8829158147,0.662507556301493,25,11,4.0177947129997795,46.430028440756146,0,0,0,0,False
3565,326.93761644949046,144560.96639209433,0.6949685820984317,16,12,1.7231358522781017,59.824214580908816,0.7296381417240871,0.02625370853924547,99977.37453556496,105773.63267262187,True
3566,318.9104636389163,148727.5396818576,0.5322113585173461,25,6,1.6122060303882675,43.386335880935576,0,0,0,0,False
3567,343.5657337187087,104642.6435502586,0.32693345601193563,17,12,2.793896326119089,47.20011786479181,0.34091145062431927,0.002665765145837439,137669.75979061352,142613.52589586022,True
3568,312.22926793779766,105874.69759802638,0.43104616787385364,26,9,1.8989444880255424,42.969220054699676,0,0,0,0,False
3569,308.3201641454503,110266.57790198228,0.36731468684421975,25,9,4.013979185483568,59.01647292709739,0,0,0,0,False
3570,322.90591813963573,129250.70022272541,0.5929893389553476,22,7,2.948039849283614,59.72853970348972,0,0,0,0,False
3571,341.16267669932,149969.54312042045,0.6048702332688928,16,13,4.08873262308564,41.5045316164261,0.6258571600916383,0.021400021283397824,189471.34650485395,193256.42185492173,True
3572,306.02169002353685,117832.45925542,0.693523765715452,17,12,4.733468548585493,44.12752091846819,0.7195250606285956,0.004532134166412911,213622.24005202667,222795.23911844802,True
3573,343.88833260596175,120533.40750304848,0.3567006789084276,18,11,3.20730635279659,49.49557505221832,0.37275400620451765,0.0005292806606908756,152796.96064491133,157496.1756684779,True
3574,303.08589924540064,116477.30538822197,0.6667659855725867,28,6,3.1860706488067603,59.23715787659889,0,0,0,0,False
3575,305.75467376179165,147413.29380648173,0.6480893844137938,17,11,4.011827075781435,54.615113900365785,0.6787777510181474,0.0021781301953007807,184623.74297699,194071.35155768602,True
3576,346.0260762945348,127008.49116610724,0.37268814794715666,22,5,2.0614569325881456,52.51891019671808,0,0,0,0,False
3577,344.99483533590563,143307.5138025289,0.6563640908965268,16,7,1.822091174194299,41.544739725200756,0.6797714090159409,0.00038959653313793785,105279.36801682157,108153.90644871467,True
3578,328.12228213607483,121274.99627034728,0.5218639443272296,17,6,2.033576025135822,48.767352426570504,0.5443794485946402,4.988473924155785e-05,111682.20578009685,118133.39778125523,True
3579,328.97369142896076,130250.9285375107,0.6296155622394022,28,7,3.6963747246491625,53.9109659083279,0,0,0,0,False
3580,332.0658248724057,111797.04181020764,0.6545657391937194,23,7,4.567739182048346,42.47092270794391,0,0,0,0,False
3581,336.0575461905569,135165.16761448482,0.6000753076096625,15,12,4.549072168373889,45.842443302614456,0.6232518382513818,0.019381308035115317,205729.2596147896,210423.51805004064,True
3582,291.42630091360707,114706.75537288166,0.5400424932077736,15,5,1.5981187537551618,58.12145306154133,0.5679496413564175,0.00014885201056990453,94914.30699405714,107143.12180381562,True
3583,348.5900602910535,106813.5425502685,0.5416433745047823,23,6,3.7655915014779113,57.37598331364468,0,0,0,0,False
3584,349.3039621150798,102463.78066609915,0.5151644845357997,24,12,3.413455820286277,57.983709124986795,0,0,0,0,False
3585,330.43368567100265,129839.08170064617,0.5708388208270989,19,7,1.904659194404769,52.601220642260586,0.5972693023247849,2.7192562161087744e-05,106845.08393498584,112654.70007075914,True
3586,344.0890368812505,127533.44605010413,0.3323243788743372,23,9,1.8864842685856877,46.98570772438928,0,0,0,0,False
3587,297.6562619280616,136357.49115906033,0.5320543300316162,25,12,4.631169281254723,49.51787149842605,0,0,0,0,False
3588,314.692591200804,125650.7247317986,0.45131616924979895,20,5,1.2505680846852583,42.900904800045915,0.46856628349258295,2.173585774588329e-06,82908.50416014627,91962.50074053585,True
3589,340.3640664097269,133766.99839831804,0.5681158554781166,26,13,1.7588256184296245,44.63454937465101,0,0,0,0,False
3590,315.75024279683896,118872.92018478052,0.5375363991910207,20,13,2.8425609086256522,59.3469203182752,0.5658971171914621,0.0010181133627397989,140194.0500033882,148615.330860471,True
3591,302.51725043355594,101706.20436496606,0.43978369128629324,18,5,2.252205479276266,43.951579515521615,0.4570537473997628,7.112270903465627e-06,119584.61843945213,130653.97271111236,True
3592,311.2974605572191,122604.1589070778,0.4752704580226715,22,8,1.5813932393690417,49.3934134792073,0,0,0,0,False
3593,315.5625872037305,109470.78408085307,0.5905700859185428,15,9,4.961169644634369,57.63021721952434,0.6204785035798663,0.0015857927123565907,218448.90686831885,226623.72707097518,True
3594,302.50130364412945,139696.82311151573,0.32227744826604077,26,10,2.0666558074929577,52.906618076982625,0,0,0,0,False
3595,291.1383928297004,145903.83227830738,0.3763325277168309,18,13,1.7089204403281895,59.904486616733834,0.396738809476355,0.004558567333589058,97605.34104683505,110835.40465825066,True
3596,336.6692692500164,130787.43980842695,0.5192336141414092,23,10,1.9698500339818272,48.85733408620959,0,0,0,0,False
3597,308.93514268622357,112362.87074949867,0.459498032220479,26,13,2.6160292722384346,58.637593665870085,0,0,0,0,False
3598,308.2238452357075,114535.81458936882,0.6782067279019488,20,13,1.481881803775138,46.24650788901547,0.7050532131127171,0.002476412570492919,92245.47453574139,101147.80731926157,True
3599,330.5131852699633,106569.79757717614,0.43854839726490835,24,5,4.194838056783262,40.27239766424413,0,0,0,0,False
3600,327.90987441609144,114515.51446439131,0.5268251734618838,15,6,4.058703688685462,44.29786889346891,0.5473690407556333,0.00014488232050288613,187073.91816452242,193529.93110520387,True
3601,326.22652445451115,103344.74649248306,0.3262188879233452,20,5,2.506389934527328,40.83513671971799,0,0,0,0,False
3602,295.5119774621884,107989.17077502573,0.47605252310118806,28,9,1.9940592625160127,55.7132960670958,0,0,0,0,False
3603,315.2746841097344,138243.74048193317,0.34988803176885136,21,12,4.300664045647106,46.719972922850104,0,0,0,0,False
3604,303.55770465888713,124773.7953204363,0.543837528742589,17,8,3.148110923963953,58.59153771816061,0.5721591621358174,0.0001883127196175298,151503.74449693036,161837.48734990045,True
3605,330.3966582987367,112999.55765613685,0.3957187232850334,15,8,2.1587292218372065,46.334282831886895,0.41222477488445003,0.0008064346171279792,115468.10949737596,122252.8897407287,True
3606,322.0071589061836,132906.81863531342,0.39748966703782257,18,5,2.0791634905664402,54.58321265658814,0.4172020893497587,6.888123191683704e-06,111711.94193584927,119893.21610075294,True
3607,330.1246938800181,120830.52859020323,0.5374187910127219,28,12,2.828627601443787,57.673952552368846,0,0,0,0,False
3608,297.9718015331132,134216.8333756652,0.3458274887067464,18,10,2.330432106011995,43.51317026035618,0.3594700116690512,0.0002826643457979884,121498.20245469094,133862.36749870697,True
3609,320.0296494056754,104479.6928189311,0.43996694471041403,28,9,1.9841857883844258,44.102750258267946,0,0,0,0,False
3610,340.6128773316704,121808.91784157901,0.34300412475714626,17,13,2.378162125753999,44.97590627931478,0.3567375114338222,0.007076031382246992,123039.78707530495,128394.0162755492,True
3611,327.2974975582207,109422.23521643085,0.5419166025203157,21,11,3.6046665015193025,54.18395693408651,0,0,0,0,False
3612,343.8645264013784,118339.81686845794,0.5278393542627295,24,11,3.8690545308567135,55.00639428436884,0,0,0,0,False
3613,330.85708142188093,128719.10801123196,0.3707760144922271,26,9,4.146007784329415,57.41426284305081,0,0,0,0,False
3614,308.40996313564824,119498.39774600466,0.3977312595190957,23,6,4.128717851018031,50.089726703301494,0,0,0,0,False
3615,326.3477048728132,101252.13367248833,0.410767694009363,20,5,2.743113212430483,43.73810198408676,0,0,0,0,False
3616,337.253377323535,111407.92714222058,0.5380438916311421,15,7,4.005998042930457,48.62794260840312,0.5611115371252607,0.00033430104817053756,184499.62415085855,189314.9118612816,True
3617,330.72485576433377,100051.32664380629,0.5251683733396558,29,12,2.888544986188321,55.87143639338727,0,0,0,0,False
3618,343.0136093624992,135730.50688461078,0.4325432734228861,19,11,3.8084646614095394,51.35224258664309,0.45253359006418603,0.00025957956529206063,175492.36798471937,179890.4424848802,True
3619,307.41528136436733,121075.1197455616,0.5144300531515962,25,10,4.4829447328660965,58.93916844270181,0,0,0,0,False
3620,342.2142264155633,126928.26912791927,0.40832052618670667,20,13,4.242497358704534,40.18529658464923,0.4229918563007474,0.0004860011900933566,192947.37739673202,197619.17679900728,True
3621,314.54652742188773,133006.67905169333,0.4404743015753669,16,12,1.8810143475886865,58.61950489045924,0.463223463011875,0.011756215504099235,104502.57199417782,113655.27822637807,True
3622,309.41669318903877,121658.35863183883,0.4819090531027921,23,12,2.511164838619079,54.93209362147929,0,0,0,0,False
3623,305.65366502198515,107567.18768638943,0.4210894275984415,28,12,4.665092759959103,40.166285264818235,0,0,0,0,False
3624,322.4093107342952,123895.91447926755,0.449604432504517,16,8,3.003580257455864,59.365784244938084,0.47372570054972696,0.00034071140166320806,145212.97923029197,153027.5152772533,True
3625,349.4340295081149,122063.54506018685,0.6783069113683303,23,7,1.691527387619832,48.47898807517096,0,0,0,0,False
3626,315.0096074293672,145940.99193427083,0.5636865129825901,26,13,3.9675433322092424,40.03175365425651,0,0,0,0,False
3627,338.15371260964025,100885.51961773576,0.39561985037491076,20,9,2.684577277571103,54.2353701861813,0.4151131043261123,2.7449246097205695e-05,133698.13502646235,139162.78498867658,True
3628,300.5864204696009,132337.5864381115,0.6083027777072219,26,8,2.1028635747357387,48.827934860997864,0,0,0,0,False
3629,303.6175174899007,109677.15408207926,0.4472381564177479,27,13,3.9085816951225363,43.039062152918895,0,0,0,0,False
3630,321.5874420862801,114161.79260524218,0.4612947184559829,25,11,4.4043309333120275,41.97691803313713,0,0,0,0,False
3631,318.2753951633131,121466.92023159696,0.5445897337337156,29,11,4.020641270575567,46.79241229942501,0,0,0,0,False
3632,349.0422455883034,144555.25277671544,0.42984652521471484,24,5,3.5611357689073415,46.564378048107564,0,0,0,0,False
3633,345.32641583982286,115835.12261974743,0.6384600666844258,18,6,4.217962356951514,56.727876799288296,0.6700789441586117,1.6974653097070044e-05,191761.7169383549,194686.57198727026,True
3634,290.88532265173154,144280.99974290055,0.6859046307577332,16,13,3.642771983141249,52.31921325871384,0.7155506979080507,0.02886354863058258,171638.0999077355,183183.78330026643,True
3635,342.84384216679484,119765.3670793991,0.35066122521735454,24,10,2.8556683347326413,59.81746367237523,0,0,0,0,False
3636,294.89602482593034,139263.1780363636,0.5176819575443098,25,6,3.661383706945985,45.68993845226457,0,0,0,0,False
3637,340.623514372523,138957.2885257488,0.6634234560945508,21,13,4.0044565660787335,58.76086169824726,0,0,0,0,False
3638,293.47827730491827,126938.46095701016,0.594694253492124,23,6,4.166893657030676,57.432940993663685,0,0,0,0,False
3639,309.85212697968797,115783.76282012319,0.3450091534950511,23,5,1.8188839531780299,40.473824050753194,0,0,0,0,False
3640,337.20744427199895,104127.11217978483,0.3179120290148849,18,10,4.552690532548788,44.2197727122698,0.3307289965508815,0.00015244735390508582,201860.0671126437,207968.0330773255,True
3641,345.78377021302407,135173.7341112452,0.41743500159737845,15,12,3.9190754758651556,59.7936515363701,0.43937487321207397,0.01411700551461281,177903.6798741564,181906.7163304747,True
3642,308.04370475270844,136938.91634919238,0.40407839884894337,18,5,4.867547095501528,53.11584703746448,0.423531804480943,3.671781422971138e-06,213289.0612194075,223700.95746437556,True
3643,292.24387430109414,135392.09321262228,0.592716690240547,16,10,4.294740807955897,59.99263282139722,0.6240054716118679,0.0018214350274637448,193612.29495735688,205437.25622577706,True
3644,334.7373547259983,142576.10795338004,0.3237847211663567,24,11,4.863244839210678,48.49017329429556,0,0,0,0,False
3645,328.3004481910741,121213.46696457977,0.6081618382651193,17,6,1.6932984500889363,52.763906345362535,0.6362255003014974,7.563728909521726e-05,99230.57636612005,105211.89337762813,True
3646,313.10886818796683,112291.98849834726,0.485651879655697,17,11,3.397877622518288,57.24189961738922,0.510502986028146,0.0017017729171996884,160250.90966449148,169381.06766716953,True
3647,340.92500396511,116184.78607454959,0.6799778603119798,24,6,3.274906163648465,40.10732812063088,0,0,0,0,False
3648,345.12418915528605,147793.64875953438,0.507350800989295,24,6,4.232380169767394,51.94532273850064,0,0,0,0,False
3649,293.93449113684875,132489.99871495366,0.5476044425058582,15,5,2.1406674069683556,43.17457604231017,0.5683236219783034,0.00011667205062292212,116406.47592728159,128193.58578039301,True
3650,331.2948260008494,116245.14507345254,0.5249786724581132,15,5,3.9400639604527576,43.00905709264945,0.5448415191940661,6.950448123545053e-05,182885.56619834487,188779.7398136445,True
3651,294.7871275241547,115664.85895902595,0.4664603167845955,20,11,2.194379498507159,48.3989162554053,0.48661116244688546,0.0001970952668841283,117208.11014016338,129327.2459547975,True
3652,340.45964119259315,126813.0646082418,0.4922666707648497,23,6,3.1089667332266666,45.59218661528147,0,0,0,0,False
3653,315.6637263442244,147801.3097201416,0.46115661371259137,27,6,2.4718767283818424,57.74678319279096,0,0,0,0,False
3654,296.16215897164045,139608.35648314317,0.3047434985621815,17,6,4.6609073416424724,57.31414035377592,0.3209030182928297,1.3140228235005895e-05,203001.03354648585,215925.75399521054,True
3655,338.98914971127806,142588.4705173721,0.3333139246476745,20,6,4.072265609564288,59.459088330746184,0,0,0,0,False
3656,337.4562806136759,140057.98740043282,0.3263307554027965,15,5,3.1639614894181918,51.99125287491662,0.34189312045362974,4.444139560293893e-05,150412.96429972784,156424.45894783293,True
3657,332.00505851780184,110644.80042299611,0.4589358046277497,15,7,3.013081827989775,51.61423596409871,0.4801599542871516,0.0003446102090371008,146724.88921005977,152871.02267174804,True
3658,294.06896116727916,142559.23717757768,0.6310570484280382,22,8,3.2163960460657712,46.96162100495743,0,0,0,0,False
3659,330.8100100091847,123674.19088384064,0.32886941442592416,28,8,3.333573629040952,41.41349663992628,0,0,0,0,False
3660,303.78985849640594,110965.67988452721,0.6183621983710406,25,10,4.980060152099874,52.11513376951801,0,0,0,0,False
3661,334.5463870738423,128628.9043327033,0.5101042587823734,17,7,3.3448255846247577,56.53375474411952,0.5358450717513742,7.301553587140764e-05,158677.09210025572,164111.4863132406,True
3662,328.6798153914009,116219.73425113152,0.37338058211657815,27,7,4.050142187414445,44.515694313972084,0,0,0,0,False
3663,348.8071636420274,128993.34298442336,0.5993209807656132,19,5,3.782484516561415,59.555913618972966,0.6307845805630146,3.635944816034997e-06,175003.7218373732,177504.34706043827,True
3664,335.35800142706,118155.22472045955,0.6621221536256717,18,5,4.678785902591994,53.81987865745703,0.6930248229945255,8.102600869304187e-06,209448.36972827508,213976.39801726752,True
3665,339.0248293764101,130483.18182049223,0.4970332105167665,21,10,1.7795598484846824,52.44895325435854,0,0,0,0,False
3666,301.99461992431577,148557.2720246943,0.31937741467656566,20,7,1.6136481319310878,44.81112461691739,0.332435595453246,5.764005203369111e-06,94977.76211138329,106883.36107939381,True
3667,337.1612843526996,117528.45744247791,0.3855999903193853,20,10,4.378206900834117,48.34965888824737,0.4024755886428348,3.903470042011237e-05,196056.15258171697,201747.36288444098,True
3668,327.4149544575837,130183.3829078402,0.6025208623708583,19,7,4.818042205773292,58.056539071615354,0.633289132094978,1.313033085979503e-05,213231.82079946855,219395.5470859298,True
3669,332.0227012301406,105751.95378375288,0.3177297695328663,20,6,3.1336945028147905,57.50214641098197,0,0,0,0,False
3670,317.07834979064575,113760.10850398184,0.38405512754809934,15,10,2.2798116343700796,44.33648237770129,0.39926820733572527,0.003738577785286208,119993.83845677582,129065.8948741927,True
3671,343.62814817553544,122121.83528609168,0.3051219116566829,25,8,3.210363307356655,48.51776954995815,0,0,0,0,False
3672,304.71174220574153,110657.10715640755,0.40168319390595075,19,8,4.8704945536421,50.628878602334034,0.42008034819617457,1.6696872430487785e-05,213849.56054966847,224808.9336077086,True
3673,344.51160644088236,132208.4551207203,0.6737962599705278,20,9,1.6895871600595527,54.78467698147203,0.7057632225992447,9.140699919608911e-05,99144.42447082807,102042.86244641966,True
3674,291.8836231283856,139420.4426701936,0.5785334675991729,15,7,1.563012540608821,41.17761870124961,0.5992396038195619,0.0007777657572861218,95330.40715044105,107261.0518950634,True
3675,321.03159458385625,149417.19947700686,0.5196601977278736,16,8,1.6293843198861089,48.17196860562084,0.5417780772781848,0.0006497002853864787,96842.86252082248,104482.01453622384,True
3676,295.7916712140085,110204.65099343995,0.5544608958530683,29,11,3.8547357867076766,40.965686499636185,0,0,0,0,False
3677,325.124933206887,122299.30869232994,0.43225748104865414,18,7,4.282574762373778,55.463269326973546,0.45392705308640385,2.0953217799879393e-05,192049.25838041873,199509.56289695232,True
3678,290.0266218864963,104005.54380951101,0.37471140182105117,24,7,4.7756551921076,44.223845643989094,0,0,0,0,False
3679,341.8817601965742,120987.45667208123,0.6018235988150533,16,7,4.670519367667473,50.524595707529514,0.6283902401947766,0.0001521745539288068,209305.08910372475,212998.43564791267,True
3680,347.62402157801716,130658.34028862072,0.5469635851909258,25,12,2.580356849964194,50.234319352546144,0,0,0,0,False
3681,290.98316332636966,122779.0095295638,0.39218080507331265,29,12,3.1269955264319127,43.603182446535754,0,0,0,0,False
3682,312.3533155282359,133928.27173885083,0.5569917662155632,29,7,1.2565370535445124,54.712480863429995,0,0,0,0,False
3683,303.8328842672343,134087.69675358824,0.4510490301702048,24,6,2.5218374257828566,58.01775629497075,0,0,0,0,False
3684,349.3604518626994,131208.32547901513,0.5242791845054634,28,13,2.4322927415535633,40.971525823553385,0,0,0,0,False
3685,349.2166059723645,134149.61419505515,0.46869012186028114,28,12,4.6008895837439745,43.32250966033419,0,0,0,0,False
3686,310.32780524936817,123874.1508596164,0.4469397389025719,25,7,1.5044538229453819,46.70245745235184,0,0,0,0,False
3687,314.2050167663534,123131.12037935985,0.3317421658948851,24,8,1.9535388945976364,53.9189286680501,0,0,0,0,False
3688,322.0372407778959,130982.18914191719,0.39506197919114355,18,5,4.37723589967723,46.925886347016956,0.41179639506173116,3.8005289925453194e-06,196446.09613069668,204632.3908703988,True
3689,301.86746495232103,140302.74325755352,0.36597161116264343,27,11,4.534142459507128,43.64780715723909,0,0,0,0,False
3690,322.707950283731,113127.89636867911,0.4866224060816294,27,12,4.138925403239395,40.86495507421219,0,0,0,0,False
3691,296.28943557010393,124433.83699602327,0.36651055734325844,26,7,3.1800938881966427,56.1202815726583,0,0,0,0,False
3692,315.509728670292,117943.60877800654,0.40784683513298214,24,5,2.1415462077114764,53.15992426441303,0,0,0,0,False
3693,296.42227438811847,122794.29917791771,0.3635458286097269,25,5,4.1734656697324395,54.98142470066165,0,0,0,0,False
3694,348.26832502312374,121359.21623302276,0.39110414892971285,29,10,3.352150439881516,48.79643022321659,0,0,0,0,False
3695,343.26005245556127,130176.92968813136,0.5742245785224795,25,7,3.2619015631160373,52.50436577385783,0,0,0,0,False
3696,300.5676512024407,126209.03427326476,0.6690868405803752,26,9,2.859463040515801,44.90219152241396,0,0,0,0,False
3697,349.8374672756823,149948.73854341573,0.6744261075588227,27,7,3.477720568535962,50.74839555620267,0,0,0,0,False
3698,316.38850768933924,107152.23610773709,0.40093008128254864,24,7,4.438472892183605,56.52372931431091,0,0,0,0,False
3699,312.7574061563047,115567.58234891231,0.6623971985369375,28,12,2.658393771779311,48.3118682028189,0,0,0,0,False
3700,308.4460235712973,101117.27749334637,0.6419538620112789,19,8,3.8336977111825234,59.1185423049276,0.6751331077004307,3.9689033648071795e-05,177258.61808478265,186321.688684547,True
3701,325.10449929624326,118374.31796921843,0.609399711739719,23,9,4.390307299977842,48.032435701666,0,0,0,0,False
3702,307.95588343472343,132704.48451559473,0.6137359273116247,22,6,1.9800905077398219,55.02382306647636,0,0,0,0,False
3703,310.7439851567,148887.2468548984,0.3916571193079613,22,7,2.8696955426102995,47.488227955849105,0,0,0,0,False
3704,345.7318190271359,136897.08879296662,0.5245294573821753,28,9,1.4975943502579279,55.68672336343613,0,0,0,0,False
3705,301.62327992379574,133736.2918160213,0.6281888652584885,21,11,2.3076094302979024,43.57921152170096,0,0,0,0,False
3706,336.8252499784981,121540.51876034368,0.6042132585656859,20,10,3.2794001349481796,53.80947315633015,0.6326921797977214,9.232008309258661e-05,157484.967632162,162042.88129835174,True
3707,297.7772597197245,100994.03027748349,0.6502470695849741,27,7,4.798334994389888,53.15447956910451,0,0,0,0,False
3708,314.43896280675835,118603.53545311447,0.6351547499884744,22,10,3.3684613572950663,47.33172466305014,0,0,0,0,False
3709,329.73862193771856,102061.48363164683,0.5625403728304754,15,12,3.960143935771832,50.72921611863234,0.5867537636520846,0.020203905136828043,182716.13679842217,188680.6584760234,True
3710,334.34851948478945,117780.7580572126,0.5429241510925544,18,5,4.786975059977996,51.266338547020325,0.5675185107719287,5.604135356281782e-06,212814.90725597943,218101.74777528516,True
3711,321.1559931333743,119213.07757380855,0.445745469308084,22,7,2.4802527095835885,59.91875703008793,0,0,0,0,False
3712,334.07976431641686,140732.40877299657,0.45670776422221154,18,7,3.38071325615266,52.045100326485134,0.478036295815885,2.7299987250735373e-05,160074.7522674291,165878.3714829907,True
3713,329.43379220066356,100665.3411475472,0.6319976438157657,20,6,4.319591068488801,40.81654696928221,0.6542406588574872,3.032414082809322e-06,198403.72942212518,204061.214081824,True
3714,311.35582896598794,147086.65815853706,0.47071139932478956,25,6,2.6936703863289706,48.16408941563735,0,0,0,0,False
3715,306.76688793859597,114483.76808362166,0.6247217654147926,15,13,4.307965174195547,56.33507281766295,0.6531474933694723,0.04795592436990471,195098.6995778566,204494.833520759,True
3716,332.1143953379248,103777.32870184435,0.6786460413941253,29,10,2.3729764122444337,51.7602498018116,0,0,0,0,False
3717,326.41555882032975,146375.73907700778,0.6185210439132456,27,13,2.3325717361290246,56.38464362462515,0,0,0,0,False
3718,295.65170951586254,128891.7365997619,0.6610213223628421,21,13,2.5143753276710137,40.098944461767566,0,0,0,0,False
3719,332.2223299186431,127585.32563764282,0.44437321847703654,29,12,3.1782049485136064,56.41706028500731,0,0,0,0,False
3720,330.50580397389865,123664.06839670597,0.6181889047396838,26,12,1.5539962786208077,59.16837530241941,0,0,0,0,False
3721,296.5204425295656,137921.60220146045,0.5001254575502905,19,12,2.9115580138532993,47.278877579258825,0.5210605475845214,0.0008745703314179369,144007.9189634972,155664.17783222164,True
3722,304.315407114766,111894.34757065885,0.5000515946316006,21,9,2.2819546585462547,50.880665121575994,0,0,0,0,False
3723,292.53411791343524,108164.58918528554,0.4722945971835391,29,8,2.0704034660113746,42.96590012905758,0,0,0,0,False
3724,305.4843316054943,147873.101824427,0.38323601474824054,21,9,3.1107924728275185,43.76506400864656,0,0,0,0,False
3725,292.1842007672095,129334.75040889755,0.42027668452988753,28,10,2.044994750741334,58.50591455568987,0,0,0,0,False
3726,341.15503932958586,143460.47835361472,0.5688231993523727,23,6,2.0383215261744656,48.81822523437178,0,0,0,0,False
3727,291.75586598027013,138802.29940254494,0.43555439301738635,23,12,1.9987268847371649,55.83438800349255,0,0,0,0,False
3728,336.4292890066074,125960.70517015572,0.6686905020247937,23,8,1.370026326615673,59.541342631945945,0,0,0,0,False
3729,347.2496167570059,110789.39571015179,0.6178142979415137,18,8,2.894612569262752,44.74576990297706,0.6417812151335147,0.00010492224644906226,144638.74421365894,147308.78805148066,True
3730,303.60026250117096,114213.92944540086,0.3049561364900015,26,9,2.40929652794504,51.696783352934155,0,0,0,0,False
3731,327.36229748753686,111884.93690127386,0.5716924094109133,16,8,3.248144333234852,58.53248048216976,0.6012757457391402,0.0004435523850824368,155397.30583879334,161726.8310967369,True
3732,345.1040528210991,136471.14412223353,0.46691666317172126,19,11,3.590959157782968,40.231575421242006,0.48355733837014947,0.00029288058695916105,169741.9314464276,173569.03093874606,True
3733,323.882750629087,105597.0290942759,0.6998582658472234,17,7,1.826871642668301,55.64596838485752,0.7334470454860549,0.0002084674267345854,104194.28751913659,110478.92916040157,True
3734,294.22048854300414,136817.92505043116,0.630624796740147,24,6,3.7173570551645643,40.46495360063304,0,0,0,0,False
3735,343.90490225131725,137533.6000145576,0.493719959712263,21,9,4.078497288879322,53.21231128640589,0,0,0,0,False
3736,343.7103923668062,140869.70795958876,0.37253138920500917,25,5,2.7654502517746447,43.46627351855816,0,0,0,0,False
3737,293.02720480313485,127561.11098260856,0.517284179531729,18,12,2.9673041464144605,55.532563056783815,0.5427716765847149,0.0020670455059653126,145093.12095082417,157198.6578657328,True
3738,311.73097425927443,140428.57543463257,0.4331811879005666,18,8,2.8315533678057005,49.36715207143946,0.45239930074001733,6.53379554333382e-05,140105.30598932816,149750.7634177103,True
3739,296.8123848612123,130145.3994764172,0.4902455459689198,21,7,1.7261850438236108,55.9060954776085,0,0,0,0,False
3740,348.6136969286279,141697.66936878423,0.3499779695879752,28,6,4.740105439541503,49.4316518902766,0,0,0,0,False
3741,320.5951837905194,105032.91928252185,0.5410059661674037,23,12,2.994557859611709,44.27509172506697,0,0,0,0,False
3742,338.67832737155317,104095.28749641687,0.6053129051662732,27,11,1.53142857744513,54.86974398605189,0,0,0,0,False
3743,327.9234021776824,117262.86413283803,0.5075567741228334,26,10,4.828355910808527,55.86319448420758,0,0,0,0,False
3744,320.5486885207332,125809.02319126447,0.314768122585843,26,7,2.2220637894936006,48.5889471679258,0,0,0,0,False
3745,335.2283031724016,123048.40853469515,0.604396605543799,28,8,3.644532155688567,51.38305735925377,0,0,0,0,False
3746,328.4003014950949,142914.68720771832,0.44811882355640653,25,13,1.6676953221162143,55.58937907011073,0,0,0,0,False
3747,294.4856809958166,124216.24675440208,0.5319946209695909,25,11,4.819626470351683,58.27523056768766,0,0,0,0,False
3748,297.8779355749114,139171.16817125183,0.6724056579929414,18,8,4.728106930864904,56.46099949294984,0.7053393662272661,7.776541256026931e-05,210805.24627491843,221364.98506650393,True
3749,307.4306144239743,141425.0499330287,0.6097484239053874,26,5,2.527302041341228,55.2770553410253,0,0,0,0,False
3750,315.37381045244933,128720.72377193994,0.5434094970411645,28,13,3.9217096856126945,58.49609010876374,0,0,0,0,False
3751,327.03912885069536,102159.11303350689,0.6779270162256578,28,5,2.5032812306042334,53.740659034713715,0,0,0,0,False
3752,309.63150862539277,119143.6709002646,0.6854417406693365,25,5,1.5082975936831504,54.26702567053381,0,0,0,0,False
3753,338.2150936706036,128544.63729352698,0.5634955882474706,24,8,1.9739467706264666,49.78547526416094,0,0,0,0,False
3754,329.7958721718419,115424.6192634284,0.5164723464879072,18,6,3.8952748708477483,48.28541190055371,0.5385476819219736,1.2814250853937913e-05,180242.64478052617,186441.26522306487,True
3755,304.98396189933476,129451.50312003474,0.4798665983699768,15,11,4.307610887700538,53.93974995901181,0.5027091037591735,0.0068726465016964436,193929.29542663106,204384.24195255374,True
3756,349.94410852432384,118738.97068605067,0.5200134783348338,25,9,4.470962735925354,58.7403823965056,0,0,0,0,False
3757,306.8573996163419,134579.79365136474,0.4782587986285538,27,12,4.936758824609589,50.91637887972029,0,0,0,0,False
3758,344.57350271908587,113892.04948022678,0.51369125169648,16,11,2.048713134469682,46.692756976067216,0.534654623923332,0.0060456387864585405,112403.38568414385,116074.21674331528,True
3759,309.51271649710753,126795.39229821027,0.4366021663646593,15,12,3.6272342683927397,54.687090675515094,0.4573752248421147,0.015759741222444914,168416.3127874752,178399.97411620265,True
3760,347.41005033816964,109964.99928816977,0.6285595858008401,18,11,4.9381894446237995,46.52131923402368,0.6538764579816666,0.0007479021372173291,220264.08238171844,222856.36518094118,True
3761,313.01758778922425,108145.88830911851,0.49822632851259285,15,12,1.6482770498485737,54.39038693047575,0.5207994593182794,0.033400370075149975,96854.77596731944,105920.12367848573,True
3762,321.77813189673935,143219.4019121961,0.40117141357879604,17,7,2.3016620889418844,58.003526413504574,0.422361772270254,7.191269871435186e-05,119437.80889986965,127639.11124604651,True
3763,318.7022045372529,146843.43510574137,0.5701739969807701,25,8,4.94035054121426,40.931258198188765,0,0,0,0,False
3764,313.42730907878496,119922.59149138276,0.5689652960962361,28,13,2.475669473921829,44.07037482662344,0,0,0,0,False
3765,302.31565804902084,110484.40094966695,0.3553115709231828,17,8,3.700939486873888,52.06872996853687,0.3721978007110045,9.310971426159885e-05,170290.86833439866,181920.1351223647,True
3766,330.26717176071736,120663.13940444763,0.6257151094154603,18,7,3.3443042703682675,42.86381576005807,0.6489001523586169,4.190038417523866e-05,161677.51219144452,167228.96498700837,True
3767,327.54679447764556,110926.1827761885,0.5904450654090414,22,6,1.3659800914318698,54.411520486378606,0,0,0,0,False
3768,321.0927990492175,141035.63807555306,0.4629783066265732,24,9,2.6450251112727634,51.975235836705124,0,0,0,0,False
3769,294.0173639218055,142515.15620110216,0.6616105813696886,21,10,1.828112571011674,44.32749711339367,0,0,0,0,False
3770,301.2135087517992,122988.44387336264,0.340368460844704,19,5,3.500457747739957,58.90780722038548,0,0,0,0,False
3771,344.90302214299095,132575.81971658158,0.30423734755353515,26,13,1.523317255992144,46.475169052974756,0,0,0,0,False
3772,318.7903531337412,101925.68989650646,0.4136154733291369,28,5,2.721354292530317,54.99339973515693,0,0,0,0,False
3773,340.94128957116493,143954.61051139122,0.654739935746825,27,10,4.7542009280274575,50.84076074947767,0,0,0,0,False
3774,330.5704187225227,148347.99423106827,0.6655469111923272,18,12,4.047358264976593,58.16494545214583,0.6991086545914146,0.002263180419392748,185413.90913070983,190742.8702931205,True
3775,346.9816415063102,130725.73372473162,0.5171135425921876,27,5,2.5157705477201535,45.85633688812421,0,0,0,0,False
3776,339.23215270988237,149637.25375664682,0.4946592166584708,15,13,2.9788532442616606,54.17304035687672,0.5163000518818244,0.04743190868810426,145522.74417017592,150221.39261363068,True
3777,319.7975310861349,112557.97593695307,0.4195261575528833,15,12,2.4776647790319224,54.3044106882151,0.43915938436686747,0.020001530740594062,126448.99378834805,134863.32513025726,True
3778,308.668988388238,126452.05763095123,0.34283979689004845,24,11,1.4905433234020236,44.730529438276,0,0,0,0,False
3779,330.60001491618874,102759.17088327132,0.32921118851800807,29,11,4.555567570731285,50.682133256412314,0,0,0,0,False
3780,312.01136687173016,146809.6887329546,0.5091281054148223,27,8,2.3836847873883515,44.80541119274773,0,0,0,0,False
3781,297.58347377305347,129786.6158495701,0.44510443965995855,25,8,4.109987771427535,47.32551019832603,0,0,0,0,False
3782,344.229203384039,100260.79666465808,0.52208569435563,19,6,2.885165390694073,40.74050214034466,0.5407728382921696,7.231482545115522e-06,144110.54552343563,147790.89898207763,True
3783,304.2044734281284,126041.28880690101,0.4209972745223254,28,10,1.8303594516739685,43.2012430095693,0,0,0,0,False
3784,314.3961085434214,110760.01964170086,0.5972227363386007,20,6,3.9592766392857612,48.863816548916404,0.6227255698962351,3.0755789661106458e-06,183299.8431198885,191616.18027842086,True
3785,342.97118735336363,130793.65904842809,0.3799431801558627,24,10,1.6038513611582512,59.585189870332755,0,0,0,0,False
3786,320.2373637079428,123079.8906984795,0.5775463163724692,16,5,2.748188865650275,58.40387055664027,0.6073534605707364,4.984833480465061e-05,137165.45524985634,144644.67652478663,True
3787,322.79220603356487,141137.38855978212,0.6241121260684588,16,8,4.200037910149746,40.64196361964138,0.645991187945476,0.00038200538284834237,193914.84805997348,200715.2219648115,True
3788,305.75802634257576,143325.2553253831,0.49148421588586855,25,8,2.6628124955414485,48.59280507455151,0,0,0,0,False
3789,316.75531553397195,143002.97051624738,0.6589666165625973,23,8,2.8123987867003137,56.723746770894905,0,0,0,0,False
3790,290.1898109313367,114367.83741591286,0.665611314404025,28,11,3.2999814682323683,49.901770831739526,0,0,0,0,False
3791,343.1792024682314,130850.12279391833,0.6703268760124123,15,7,2.5985660855044133,40.40997179027506,0.6934903635240156,0.000670212757903097,134452.42402814623,137577.27830390199,True
3792,300.54216507965486,129466.17409417522,0.36179738431321495,25,11,3.8286573234264987,42.870081091958454,0,0,0,0,False
3793,335.97593590650933,111998.15181644812,0.4942719618330352,16,10,2.5136106876406705,40.55379842887362,0.5118853672922179,0.002150762156434788,130119.48137069064,135380.41533682562,True
3794,301.36824068563106,108113.25347239476,0.5440046640057343,27,5,4.913169406604196,56.8660630438643,0,0,0,0,False
3795,296.8551852501118,127614.47667805103,0.42279573676355636,21,10,1.6909134625734088,42.543607668069605,0,0,0,0,False
3796,290.68173508458506,141756.12963460377,0.34337429474262676,24,12,3.984746690599775,57.451711369782885,0,0,0,0,False
3797,306.0105512164328,108867.486431496,0.5592117554959197,28,7,3.565836692373191,46.52908069881561,0,0,0,0,False
3798,328.0207595714765,143248.0666421405,0.32164352111294947,27,9,1.6241806122515545,56.652150242638406,0,0,0,0,False
3799,291.71230632315496,131746.51631948526,0.5788960369863648,22,5,2.3668223814666853,53.387936818266645,0,0,0,0,False
3800,316.2665794713993,126051.70810642734,0.31918057429659236,20,11,2.5425729086908926,42.53251069271448,0.3315378561700551,0.00010669663399723036,129004.37617741624,138622.52066096404,True
3801,323.958291395567,141786.85669917555,0.6740514108384952,18,9,2.870084688731615,50.43749025863759,0.7033730893635831,0.0002770590986285893,143252.2563601337,149633.29716924255,True
3802,318.0637173021037,123744.60773515656,0.46904395701375745,19,13,3.9353841838299415,47.17016806793157,0.4887108097136613,0.0014069744012265508,181331.59420561668,189739.86076932208,True
3803,328.90261588775695,149866.73938374087,0.5115732662137509,16,10,3.7713024524900547,42.73276322224916,0.5307856121973215,0.0016214702088655165,176537.23496546462,182904.1655754614,True
3804,325.64341770957077,130634.17497575135,0.4374145386069472,29,5,2.2526646872757796,40.7831145870253,0,0,0,0,False
3805,308.52923835135766,114467.13500356568,0.6605280586289541,26,10,2.651641489806247,51.17178454857658,0,0,0,0,False
3806,333.18510060034674,114753.20981980895,0.524768284800414,25,10,4.213271862008312,41.805298466321126,0,0,0,0,False
3807,311.5237575765644,120954.56752026039,0.6907950901226494,29,9,2.0996038677592948,48.54394744725965,0,0,0,0,False
3808,320.06269344576214,148234.0207918106,0.380625926647587,23,10,3.0256569756035097,49.39775212002798,0,0,0,0,False
3809,327.2665913896346,118160.088042265,0.5185455328497997,22,11,4.866117071050568,52.6583441650594,0,0,0,0,False
3810,339.03747809456763,115301.32640175588,0.3877711718220433,15,11,1.499030062829131,52.040176189029154,0.40556049668152755,0.011280401119773778,90806.84129768019,96161.19991578182,True
3811,333.11133391419975,139618.378073423,0.46250301612032485,26,12,2.7436280220797835,47.29278367778589,0,0,0,0,False
3812,338.5922537905582,123931.75356402817,0.4749012486781573,20,7,1.3330285923742227,50.579306446683134,0.49636027066575805,1.1783612298055657e-05,85480.66084739813,90407.35108951513,True
3813,318.1407955494467,116889.33335300432,0.3017465237276256,24,7,2.9689021561937237,49.76817412530343,0,0,0,0,False
3814,290.5274047241658,143031.5359909185,0.37963657251692995,27,10,1.6576904369360776,53.44138476976545,0,0,0,0,False
3815,291.63453287432,128742.65125872342,0.4114091315131618,21,5,2.4928860497327276,53.98686779201357,0,0,0,0,False
3816,337.35661763103656,137324.01104058194,0.6915914460934885,23,13,3.9331200305663376,51.722999914861546,0,0,0,0,False
3817,336.37609532305385,140476.89351938045,0.6294939369251307,23,9,4.323081223497546,50.44740916897862,0,0,0,0,False
3818,340.713632556389,121040.0418680624,0.6089289367999955,28,12,1.4383944692981605,43.881689611427,0,0,0,0,False
3819,298.0764979403193,107695.05915024715,0.6424512964350849,24,8,2.9390890560297454,48.14229259505318,0,0,0,0,False
3820,298.80388678279655,100615.78670247635,0.5697626228342394,17,13,3.466595402793182,45.72611400317034,0.5921526163253242,0.010246599164849731,165362.52880816752,176284.71000240248,True
3821,336.41239503282696,143718.10545382867,0.3091369513254632,28,10,1.491667554805677,49.33640819496108,0,0,0,0,False
3822,308.7433365374944,114614.24674295135,0.3953912918736831,18,7,3.9983205927405905,47.10569401487863,0.4122043048682329,1.9415757513813754e-05,182577.91862224558,192931.43887972005,True
3823,292.44200153530215,102693.47717948262,0.6179770524402755,21,12,2.562270681732355,56.22963130437404,0,0,0,0,False
3824,304.9751051055869,117893.07961077506,0.6020376493387425,19,9,1.3811389239708538,44.54381422379769,0.6253439330704769,0.00018336901482655566,88386.66678873707,98176.54615056266,True
3825,316.7316447609976,116747.04384975809,0.6916781354499469,24,8,3.3061175205104982,56.56630933012633,0,0,0,0,False
3826,308.43314846358413,139194.97995038415,0.6321508799100203,25,13,2.1554693003198127,52.771740150588315,0,0,0,0,False
3827,298.7822302363599,101844.57193572428,0.507920582582624,15,9,4.040924741431924,51.8460526099306,0.5312690644598206,0.0015420417247455854,184888.68515219912,196158.59321128615,True
3828,328.9063938494574,110794.39979947821,0.3403100466472012,28,7,1.5277767378054348,59.85054104311097,0,0,0,0,False
3829,292.682794644488,116209.8438053919,0.5292568869040069,24,9,2.7788213587140307,48.05659968312932,0,0,0,0,False
3830,313.3062822470763,120207.35769850413,0.3757189920073304,19,13,2.5316755486377382,40.28667684479806,0.38929072764814987,0.001486899923495428,129595.2516882905,139330.8612125315,True
3831,299.4178314472241,102212.22146234517,0.5688811638788062,21,13,4.954705891914261,47.03103607740751,0,0,0,0,False
3832,302.59799130324717,147157.36323060523,0.4658003415375528,15,13,1.536879900395624,45.41399540105874,0.48191303321685974,0.06745563434046446,93362.00221757113,104254.43032378273,True
3833,322.23836241738434,107746.88351151076,0.4313876440914736,29,7,4.751488680346184,40.03940270803961,0,0,0,0,False
3834,323.9963337980019,105311.95024914753,0.6556057138910042,26,11,3.113055997481341,43.81736161851597,0,0,0,0,False
3835,295.818357902348,124976.36405924831,0.6647734105168019,20,12,4.211030019053485,45.65171673838091,0.6908769974975665,0.00041555167218400887,193705.64707003869,204603.4849960548,True
3836,343.12503333518305,130548.4123302346,0.516584969672854,28,10,4.837577559835026,56.403157443791855,0,0,0,0,False
3837,342.30159905024897,112638.25408885907,0.6707603306766818,15,8,4.121713408107716,44.43678645639725,0.6963226050831547,0.0009880132632538335,190641.2259429215,193923.7436885633,True
3838,331.0388076658587,122938.38177187003,0.5547565465596183,29,7,3.0004505029006134,49.65691110675166,0,0,0,0,False
3839,319.94499617715735,146728.28317330874,0.30282607561589625,23,5,4.943140605896953,50.722759437926,0,0,0,0,False
3840,337.22010991951146,138394.95228816092,0.4940773605144734,15,13,4.444064578250946,42.957449941961286,0.5115567394523346,0.03402094283425934,201182.19076333122,206225.3072522756,True
3841,340.2130005068944,144089.4778872389,0.5675641477005628,19,10,2.6682000427229826,48.03871905927036,0.5914729480933135,0.00022386419283216747,135488.52300856,139637.90484638806,True
3842,304.67855502132556,128933.02851923731,0.545852222720664,21,9,4.355496800610647,50.63972297195225,0,0,0,0,False
3843,332.05446709310866,108711.30708123153,0.41246992556474393,18,9,2.1850281917284238,53.49419472341198,0.43243797724670696,0.0001709751159858384,115819.24176522027,122227.88888918987,True
3844,339.2456237612656,100708.01269971312,0.30470740066888613,19,12,4.914085925087936,55.54058290431634,0.3203240021562995,0.0003144690890177751,212433.70779858858,218280.5945576328,True
3845,290.35583345628567,116647.52820200013,0.6230108117433788,27,8,3.689471331818023,41.3673984261754,0,0,0,0,False
3846,322.8732218089365,136172.00287417113,0.4354812719320118,28,10,3.225778449256329,48.94570342388345,0,0,0,0,False
3847,293.5603742757904,110529.13662364511,0.6224692406298877,23,6,4.677908479612343,40.07400723442775,0,0,0,0,False
3848,292.42645839608485,123315.37967926725,0.38604238908237914,17,12,4.052077164041339,44.252785791145186,0.4013523925433929,0.002421803713247623,184879.94036396648,197844.08190891152,True
3849,327.2890384142418,126486.81862872776,0.40183527148160564,22,8,2.799675437820959,58.02519941379401,0,0,0,0,False
3850,331.61125174171787,144748.96509866414,0.5275088750883568,27,13,3.642301057637747,48.98280664014972,0,0,0,0,False
3851,302.93365707985157,146961.40209645737,0.6311320293029117,18,7,4.531294105367842,47.84883322761751,0.6573260337571383,3.260942236195955e-05,204935.12226188206,214900.1285169788,True
3852,324.917683382764,102259.90056329189,0.6345370858841923,18,13,3.1905719436804683,58.95253215393232,0.6669763768445909,0.005907732227749263,153662.49407172823,160086.89327700555,True
3853,313.754898829603,132366.24865806126,0.506886246551054,18,9,4.693836003979354,41.98988134338761,0.5256496364741113,0.00011459653369929016,210751.92725712457,219643.48664646051,True
3854,327.7678726151912,127452.27321468372,0.36184055781137014,29,10,3.561523119362497,53.70135175274254,0,0,0,0,False
3855,309.91096542307866,143845.5290043451,0.41676666689939756,17,7,3.8756595966615706,49.62868313475552,0.4354114849396443,4.8352562707836247e-05,178003.13421108053,188038.97760983842,True
3856,324.4419728082782,148733.03220912995,0.5095711105876182,28,6,4.15755051938085,57.559001177912705,0,0,0,0,False
3857,332.0267775295751,132346.1193923054,0.6096281454517765,29,7,1.2029299312314978,45.63668450316004,0,0,0,0,False
3858,293.836616261314,118686.78321097036,0.32904279185563146,19,13,4.766587656336774,52.91275939759129,0.3449826742307014,0.0007897255500643999,208182.84250756007,221304.09340187913,True
3859,337.14889380170484,103453.3378985853,0.41036454103020736,17,11,3.9318527392333884,41.192361756186344,0.4254617562118814,0.0011796590753860828,181376.83570606314,186917.28073355934,True
3860,311.62644347661814,109589.24533759178,0.4895565330858218,19,6,3.0488293377792877,44.572968709721636,0.5088995522872966,6.373260612351548e-06,149332.40843762952,158665.8603517295,True
3861,318.9351848339411,131316.76559298314,0.3866762934366736,27,8,4.337632212577051,42.379523566701806,0,0,0,0,False
3862,343.4964042424763,135101.44503016997,0.3461915865746219,18,5,4.603301896850848,43.394441796044774,0,0,0,0,False
3863,310.6366100572803,130290.56091136928,0.5374832145877259,16,5,3.948054479940952,46.37187814884781,0.5594285232961772,3.212205343800974e-05,182743.34217145378,191974.45320217128,True
3864,297.19832543218524,120566.7311671801,0.47418866794032144,15,10,4.391247277761038,53.56638002438535,0.4968028365218431,0.002961788326727384,196972.09223348848,208678.20916772517,True
3865,325.44530993197856,116989.73138520928,0.5958396398415869,23,12,3.8321990286180645,58.84803161185135,0,0,0,0,False
3866,329.7318597919341,126310.6004637297,0.5092259895413677,25,5,2.0946859371561555,42.22936285180875,0,0,0,0,False
3867,293.26296740026,107310.97157071346,0.5027027026541697,22,9,2.899726179176863,41.98761905822627,0,0,0,0,False
3868,329.42654569050404,146560.16658223176,0.5574319204828011,29,13,4.911414591495151,53.85460164591091,0,0,0,0,False
3869,327.6174204513615,138270.43991124493,0.3462981982018535,28,9,3.6089869617815955,42.705048613200596,0,0,0,0,False
3870,324.0775539385328,134656.91289187592,0.5986499246089547,23,12,2.3575572657325976,40.42489686606809,0,0,0,0,False
3871,307.130203086521,103159.23202604704,0.6600009806605136,18,6,3.35978570461321,40.89853414736283,0.6831573172814702,2.0741354729510377e-05,162762.563992015,171919.26811589126,True
3872,323.92942727165786,127858.99708076094,0.4495035958727408,22,8,1.5151575031547557,45.38106603354144,0,0,0,0,False
3873,301.58477893932275,126077.91950301432,0.6817720946944328,27,9,3.3498851669234195,57.47918985840449,0,0,0,0,False
3874,347.34864105459,112312.8595679729,0.679660186814048,15,9,4.30317827650549,48.65116191463673,0.7080270560847753,0.002179386159947123,196666.7100597279,199032.82590933453,True
3875,342.66373584812004,122694.38854210197,0.5368936910562512,25,9,3.3078101613634114,41.53368284469738,0,0,0,0,False
3876,295.41082765673286,109617.6561503532,0.6539156767054173,15,13,3.6936620934721702,49.450277540710466,0.6794164008286474,0.05785791063621937,173843.4907862303,184850.4006373427,True
3877,313.0006021065743,120170.82985311963,0.6117481201491255,15,12,2.983428654323574,49.13094866012405,0.6367027504099819,0.028834696098882878,147313.3650709043,155776.5615044166,True
3878,330.88740560874754,134679.5592968911,0.37685715565108724,26,13,2.8350066251520505,59.41109311879189,0,0,0,0,False
3879,313.9323426467083,107817.25907762998,0.5691031379600993,16,7,1.8038356924019472,53.14894244355314,0.5957349459545475,0.00031764857105004863,103074.12106840074,111617.71540045661,True
3880,297.23267617232744,119480.3136868551,0.3669250130107297,16,8,1.271675329609996,52.722949488887394,0.38454047515363743,0.00046526272969907913,82331.95287896853,94681.67523269805,True
3881,319.6851756541927,121148.53070526256,0.4617162982797862,19,6,4.435014063052849,52.61836896064434,0.4835105596562851,4.422043711728494e-06,198566.52620919995,206753.1634652547,True
3882,337.8854396915841,112276.61909732441,0.5473086263490223,24,5,3.557064593162326,51.66968338398921,0,0,0,0,False
3883,322.9548887376619,131727.93245216235,0.4060255272393737,21,11,4.005841800342176,42.547651998011666,0,0,0,0,False
3884,326.2399407808323,134495.1047122942,0.555082229423165,24,11,4.613554521773558,46.231620317358285,0,0,0,0,False
3885,341.58481583162836,132289.4241911375,0.6453993007501003,18,10,3.7818337180168955,55.570727100626826,0.6766187430445764,0.0004539429569452949,175972.5531684417,179513.27654339542,True
3886,324.11925339474396,110192.51040808715,0.6635278219286853,28,9,3.240855449530377,56.28844498457491,0,0,0,0,False
3887,347.0302156033435,132857.10905268518,0.5351334871243092,16,11,4.150260376905143,51.00017095161675,0.5591098421354876,0.0036214329609965514,189365.6529656065,192495.2868125961,True
3888,324.1969642609655,140457.394585412,0.6327225710301796,18,8,3.1520832825840914,55.06426634157229,0.6631208761828297,0.00010398560180640648,152798.60492613082,159344.5542293568,True
3889,300.39145536828835,138448.92711227483,0.5683920443507404,22,6,3.2447722677881057,52.470067210189725,0,0,0,0,False
3890,310.4471840258726,103929.07972550718,0.6630543346355287,29,9,2.454181624429819,52.399895841812416,0,0,0,0,False
3891,291.3383324260665,110007.98368996964,0.4804875417004548,20,13,4.201733668341366,46.86423583311239,0.5004937880903969,0.0006066531612149637,191326.58124793496,203891.1320921747,True
3892,320.519026427853,140533.69759592405,0.35151685582724873,15,12,1.4167721219705216,51.995704365897076,0.3671413107483957,0.02256793320655059,87527.24923711989,96236.58438913048,True
3893,334.66663324635687,149641.3345474908,0.5644567370253772,24,11,2.750326984733262,51.34154618790712,0,0,0,0,False
3894,325.46649960046955,118071.7802480915,0.3858380291641527,26,8,4.0989670364892214,54.467552270633824,0,0,0,0,False
3895,331.34955931537866,145529.73375071085,0.5411425642421013,17,11,4.304394176383762,54.11409966310754,0.5670120814047845,0.0015883211377157823,194528.0197466482,200336.76256750763,True
3896,291.3577276547839,144471.38266806415,0.6827625339321481,15,5,3.34706155376536,50.121200874705494,0.7122299916868737,0.0001269023836483179,160997.56175861822,172491.35333174776,True
3897,321.6111508360039,116068.97634530894,0.5828802881618299,19,13,2.001670824464087,55.019708009952204,0.61094600415854,0.003410434415318611,110230.08491405468,117451.73011953838,True
3898,307.3533173193357,120014.17536684107,0.35488561253434336,20,11,3.392010894197811,55.19291066916993,0.3728156377289738,0.00010031460226740256,158627.9966549583,169462.10071793245,True
3899,347.5055529909126,128954.41568507228,0.3242170975349848,24,6,3.8458538053057296,42.20100421382103,0,0,0,0,False
3900,307.6746817465915,136699.28606041617,0.550608749504065,20,12,3.6241533639900343,42.18678276844769,0.5709277733340624,0.0003625853537746311,171577.70266106667,181205.50466178148,True
3901,306.11597293980185,127692.93655676028,0.6805352493560206,22,9,4.694958434266005,45.21874288433988,0,0,0,0,False
3902,326.85468912290514,117045.84256345994,0.49949825722704144,19,8,2.264968376037171,45.9839815831448,0.5198471718054214,4.181646717607562e-05,120343.07960013859,127125.64248017049,True
3903,316.5673619022433,101949.09796639085,0.6917912292959543,25,9,4.168582292025429,57.56301760976355,0,0,0,0,False
3904,291.8065801864645,120366.88574464883,0.6037745601739919,25,12,4.012766513276348,53.26850785884167,0,0,0,0,False
3905,328.84655621523575,131450.51547557878,0.4615292177073505,29,12,4.23041383169178,50.4762265941832,0,0,0,0,False
3906,301.37726340268273,114105.48163705268,0.5668802926329537,21,12,2.5249573246840225,40.08453217589368,0,0,0,0,False
3907,330.20210132220524,138972.77274856294,0.4389111107568202,28,12,2.7180875912246396,57.63216525664928,0,0,0,0,False
3908,318.04745147905896,116667.43821568339,0.3901927556461451,19,8,2.4700953955435967,43.2496217609313,0.4053866003170442,2.7672970614843895e-05,127152.17971374957,136027.22826131238,True
3909,335.1324514143743,146537.02589138184,0.6286345689151112,25,6,2.2343596882068866,45.19644073100937,0,0,0,0,False
3910,311.0987138314787,114815.34272981316,0.47095048298612624,17,5,2.8752055754724806,58.383310090498,0.4957035441264334,1.5578660573647047e-05,140907.90285443907,150445.9867468974,True
3911,323.8429583868706,114404.2674248056,0.6291792816528639,16,9,3.32938690852205,43.871365221010414,0.6530076989560769,0.0010790257124880143,160993.63531981106,167601.74335143782,True
3912,335.0771741450226,142350.52282506783,0.4403750005224918,27,5,2.9794043289658667,45.66148363771701,0,0,0,0,False
3913,290.0776791657269,104396.77931317317,0.6414791458972302,28,8,1.7696815735081177,49.86232688399917,0,0,0,0,False
3914,328.2892336107791,101149.43186282423,0.42240800714529897,28,8,2.5864601748213145,42.45489213163287,0,0,0,0,False
3915,330.38582741905225,110587.72757098073,0.5181400711521281,21,6,1.5245384060472205,45.20636174587442,0,0,0,0,False
3916,306.5821213018039,103782.95558949781,0.6604488308750673,28,9,4.539071083354401,49.21970968082769,0,0,0,0,False
3917,325.1719278894679,140569.48161077095,0.5820671338826181,16,10,2.8087673050182262,57.85134192583314,0.6116557197521614,0.002588005854635422,139488.4370704789,146126.8455849272,True
3918,331.81682508637664,149493.35137579942,0.5013683802243888,26,12,2.334604455851277,52.90198173342311,0,0,0,0,False
3919,297.7447040692449,145023.84794871285,0.5784177355202617,19,11,2.188784832613982,58.205283802449486,0.6081287907087765,0.000629270059554815,116721.40897756992,127775.38378309381,True
3920,322.85187188638076,135370.73162692992,0.3652507974800704,18,6,3.009265769670092,57.40300904210504,0.3844534850134848,1.0341636780567837e-05,144646.98392873481,152890.5482649787,True
3921,335.3008959722383,100826.74481766163,0.561346217175498,22,8,1.9620119304938028,41.98299799567337,0,0,0,0,False
3922,309.12436542968084,121459.34395248955,0.6200373077215175,24,6,3.172554434006079,57.10914076951575,0,0,0,0,False
3923,348.4439922580989,107378.32284844591,0.3356308951110035,27,9,3.2142062292516966,47.16038975722285,0,0,0,0,False
3924,347.8202573494688,144148.40742791927,0.4283908063353167,17,9,4.143235850533456,57.82341261992934,0.4508315124547596,0.00024271112726904982,186511.3000781927,190092.39015240682,True
3925,318.0825489334308,138304.5101527989,0.4302901509604788,24,6,1.3210013179985802,54.250166985438284,0,0,0,0,False
3926,290.54878089126845,123421.43638058584,0.6416527552538258,21,7,3.6290860108127143,46.94296407159965,0,0,0,0,False
3927,338.42761295356127,117398.88403103524,0.5033249182381274,24,9,3.9380860284477617,53.023452988979116,0,0,0,0,False
3928,335.6625503680962,114565.30066331654,0.40758019563922665,28,11,3.850961673372357,50.07990154800578,0,0,0,0,False
3929,312.45211360462656,106681.14307383067,0.5769394403360206,27,13,4.6888414042309146,53.678987068534255,0,0,0,0,False
3930,298.03438074847634,103500.37665900298,0.6430566612427022,29,11,2.104520349287458,46.02577058196519,0,0,0,0,False
3931,349.9042688853813,146018.66293799644,0.4351443890379321,18,12,4.761284943660905,57.52528118748572,0.4577440644405808,0.0011093118572164757,209095.84644555338,212267.9144866562,True
3932,322.4459209511169,141809.6044622944,0.5443868190938876,22,7,1.632897166274343,44.697743970781346,0,0,0,0,False
3933,343.60241593555895,130670.35886276033,0.3017731291760009,20,8,4.861652547348439,41.625683212415986,0,0,0,0,False
3934,346.6786420569453,106718.17806767642,0.675639894080074,24,7,3.419820454915981,47.70245702436173,0,0,0,0,False
3935,308.0560984156079,117461.52138775132,0.5767254385435129,25,10,1.9105232648481512,50.89244567109481,0,0,0,0,False
3936,291.11602985129093,143294.9108255498,0.3734972065642792,16,13,3.141193718395206,58.45321682937568,0.39270221743378425,0.014618032658544547,149382.73654514295,162631.4657573995,True
3937,346.8132796051431,122390.58249935394,0.5037901892679738,22,12,2.7568046897493614,57.913624181947085,0,0,0,0,False
3938,323.3745810731621,109033.17999141228,0.6271566104693822,19,12,4.62981968393409,48.78229629244886,0.6537011330325793,0.0007950270304291975,208369.97647969922,215072.63399733262,True
3939,297.11475952666154,149224.68555933633,0.3303396749915852,17,8,3.6711269598618044,55.07357243446089,0.347061100067607,8.657763416542886e-05,168315.4541526798,180919.36853112822,True
3940,300.8555755462589,133441.2269907275,0.6537301016738334,25,8,3.420094792547715,41.423160728825,0,0,0,0,False
3941,298.0018677846517,126382.86747319608,0.6233351161423135,23,8,3.0649841348701177,58.772151982790405,0,0,0,0,False
3942,330.2892768519029,148993.96709123973,0.6601562869434227,23,8,3.635635483467782,48.41794678908857,0,0,0,0,False
3943,316.42532654615377,133517.08138192218,0.5160783271572887,17,12,4.810684602187286,47.62201305692287,0.5376961813800709,0.0030100424236977753,214078.1367603851,222491.1309066802,True
3944,336.0029123491462,112772.99930883045,0.5469000485582606,26,6,4.155674903828145,45.62215934784009,0,0,0,0,False
3945,330.7412182919188,145082.19369623042,0.4804687852226507,17,10,1.6368368867424912,59.84536504731796,0.5062749264699702,0.0013356357944643818,95811.55113656471,102055.87837680198,True
3946,304.81948393444947,146102.44846940832,0.5491175295556345,18,10,1.877391577213965,46.05891485458159,0.571311529966034,0.0006309770722658669,106370.76585045143,116461.7325574232,True
3947,318.22929129461534,108304.3653571887,0.3957960206284634,25,9,1.3970927791894356,43.289541148711216,0,0,0,0,False
3948,327.0244510051934,123232.66367694622,0.30487186512002185,27,8,4.921350022075534,42.86469096029002,0,0,0,0,False
3949,290.0991267875952,137453.68522425301,0.544704903591742,21,7,3.7207499467909866,44.94083754355489,0,0,0,0,False
3950,322.51262094052237,141083.76607530937,0.41822644906941014,20,6,4.242202037988159,46.42433953409575,0,0,0,0,False
3951,309.723599909872,136681.87794497126,0.6648571615078848,26,7,1.2000028265255578,57.24976194963182,0,0,0,0,False
3952,335.6019977800166,104827.74556577459,0.6706065450651639,21,13,4.348445819737901,58.352580071251516,0,0,0,0,False
3953,347.7418950953436,138102.80745507905,0.39446173672935764,25,11,3.4184170973376844,49.4645262269009,0,0,0,0,False
3954,311.3330558017055,135274.8888679122,0.37412604971291397,19,12,1.82862001863616,54.415373596530074,0.39265082506356797,0.0008568112356346125,102423.56156648905,112495.79011304975,True
3955,299.51346403706765,136912.58454046468,0.39011268331620796,19,9,2.057943765539492,42.48355403893299,0.4050226046283671,7.086988491949746e-05,112128.90745563828,123969.37375643196,True
3956,291.74878724404977,103041.86133191251,0.46230497676237875,21,12,1.487654911957344,55.33889243289271,0,0,0,0,False
3957,345.560052467149,142788.4041518299,0.3646355546096153,28,11,2.0943878847184467,57.89705843598328,0,0,0,0,False
3958,302.2736143953775,107266.3215365767,0.535477529438073,17,13,2.8993243048267403,42.275270050508624,0.5549435417048796,0.010843343589835665,144552.11680627477,155113.73567259416,True
3959,331.95512730249936,149713.2843123568,0.3902968116832323,27,12,4.874957283311357,53.46315225029184,0,0,0,0,False
3960,323.531097440864,129749.5907168729,0.3744940578668925,21,6,4.289131074594527,57.61290013409855,0,0,0,0,False
3961,318.17039048432616,109107.4409432173,0.5506517879612502,28,8,1.6798260022735243,46.12623176431687,0,0,0,0,False
3962,345.3573660981135,118477.9679783624,0.3442580317826172,15,12,4.094602631383887,50.73395873658311,0.35971725815287875,0.010716359304497682,184587.87379420013,189105.85651768267,True
3963,305.0619233629141,125072.16402255,0.6328741048531252,17,9,4.668977514697955,49.09397927150654,0.6598310143004656,0.000356436975457504,209804.59594010012,219430.6913257972,True
3964,301.8242416688602,114131.38852325336,0.43719465821559295,27,11,1.8152537852053847,51.7479700629326,0,0,0,0,False
3965,305.332465157606,148391.16358668785,0.6651178717904677,24,8,4.057399307066285,56.71241701998113,0,0,0,0,False
3966,302.70295605431147,107435.80467680619,0.46638785127400284,25,7,4.304686502545222,46.76309641646033,0,0,0,0,False
3967,322.9301079534986,106645.21325446745,0.3594033707867673,18,13,4.437903585993046,55.53013933502169,0.3775625036822434,0.0021040742114851047,196427.55802516302,204695.46626814562,True
3968,295.80059496818893,149845.70402020993,0.3129509108463162,16,9,1.9214462299129544,46.494692888654924,0.32623444269452234,0.0006460597986739201,105924.70738947169,118844.22183287508,True
3969,348.31220952019476,120515.04748627785,0.3586982154792379,24,10,2.6250621890057277,47.59897097673252,0,0,0,0,False
3970,299.3346917877109,108318.61016379071,0.5923789502202959,17,12,1.6073722468941798,45.18583815933994,0.615347274744442,0.00898722443746635,96686.91059397318,107407.22355210975,True
3971,325.6316276942382,104337.22257250943,0.31023464185688426,25,5,4.646939218230344,47.97282572186614,0,0,0,0,False
3972,311.6223983856835,142838.377065935,0.417125134482471,27,10,3.740617258853951,57.26931973339731,0,0,0,0,False
3973,300.34627787271114,116014.69666962833,0.4411312064952661,24,7,4.9331154378344815,45.24115533239433,0,0,0,0,False
3974,318.63228187726475,114907.00094407146,0.39174739527909874,21,12,2.623890484124588,47.07403255015528,0,0,0,0,False
3975,326.31337007400657,121787.19916057942,0.5149760093298171,25,8,1.4538260449400644,59.39330567715853,0,0,0,0,False
3976,344.71867174204357,118779.40925457937,0.3934624443195445,27,10,1.3273907167285715,50.539516904264005,0,0,0,0,False
3977,315.63510943126414,144292.6256402048,0.3558230350026031,29,7,2.500628490746481,59.744832074585716,0,0,0,0,False
3978,343.48591259828,133485.69206906814,0.5998698610402373,18,6,2.3778170957338993,51.412860681244226,0.626851671003785,2.483393562757904e-05,124563.45666215099,127987.63117896803,True
3979,316.8543304896965,110590.3979011,0.4168667916715016,15,13,4.888877518984283,46.31362460633884,0.4331487174978947,0.025740063627542272,215680.9010444413,224587.75153893488,True
3980,340.38717938853836,112030.88939838059,0.5176429889211368,21,5,1.7139059193549326,45.05976102019868,0,0,0,0,False
3981,337.0115273065878,133628.62350931088,0.5949871568775686,18,8,3.9551657690277624,55.274344178906105,0.6238791480707412,7.684855110468835e-05,182025.03041507708,186597.64524425066,True
3982,301.6954419599211,106264.74598029592,0.4614129390011349,26,5,4.769673460854779,58.87806485180256,0,0,0,0,False
3983,333.6684211413481,121153.58144715909,0.31196379359724496,29,8,2.0654193839357817,46.46524632760972,0,0,0,0,False
3984,329.3951931212492,116282.58036203774,0.6491564677497081,28,8,2.5778628297938235,53.38913314830067,0,0,0,0,False
3985,345.6707522961736,118561.17932100473,0.6957486453070478,20,5,1.5502843050306443,50.7377577280329,0.726097914243742,4.3892911692044256e-06,94430.58368984357,97018.58738326839,True
3986,290.60043522111323,127638.43957503756,0.4906403021121811,18,10,2.4361859873702523,52.92623253151365,0.513804688039548,0.00044408633026544835,125759.7279119042,138382.5155010852,True
3987,346.09344651481507,146354.23600631967,0.3628104426941451,15,10,1.2179730631553802,49.15618866319675,0.37879708646455124,0.005191808296759205,80624.05618901274,84894.49410392702,True
3988,339.8074589972425,106414.76836163578,0.5922540231798059,24,11,3.1437799873832803,42.248023839289665,0,0,0,0,False
3989,341.7426668234753,127048.16592420053,0.3287137586997681,21,13,2.224381294236644,47.99393104912939,0,0,0,0,False
3990,341.89056004286607,142327.9815040026,0.6755633418745806,26,13,1.3186560928506732,47.00424320204463,0,0,0,0,False
3991,309.9319690221505,142678.24238615032,0.6030063955801286,29,5,2.0051342638441487,54.70299691520246,0,0,0,0,False
3992,328.34403388673564,112727.13085194053,0.5586758580920379,15,13,1.9896949494500027,58.841633175891936,0.5838956247778481,0.07548147134786276,109306.8595068234,115520.27965837282,True
3993,308.80572218903234,105100.07169574115,0.5127620200593089,25,11,3.3201058842630475,42.37069848220762,0,0,0,0,False
3994,315.8140108679284,135923.64022002745,0.39150364080257266,20,11,4.03725351876565,47.39618405091029,0.4082661200540485,9.583403184972483e-05,183887.28184496646,193120.79380805575,True
3995,336.1585698277076,140221.68464263037,0.6266316730855992,24,13,3.0183243076393413,55.628895109330834,0,0,0,0,False
3996,349.8507402322938,118895.32288025785,0.4920830379341544,23,12,4.852044975425001,40.754067929614756,0,0,0,0,False
3997,336.7394661472566,144419.2251957148,0.539744294415471,18,10,2.0443513676948664,40.30508527800632,0.5587707260577955,0.0005666727143036175,113087.8109102827,117970.79945853468,True
3998,331.6446629378936,116537.91328138634,0.5538833072590117,19,11,3.6201361157008556,42.416296246046585,0.5744268314368572,0.0003666630698968408,171423.0917264994,177104.6340326154,True
3999,292.56780005368034,147904.41077399979,0.39701525164224993,26,9,4.1796229344235085,56.14103872766219,0,0,0,0,False
4000,328.128670742089,137182.6474926395,0.3847433202888123,23,9,2.518506202928758,41.19948310595798,0,0,0,0,False
4001,309.9909098852766,107587.78045746671,0.5745808125763128,19,6,3.0637974565072037,59.1438997819664,0.6046556829533688,8.495849059309503e-06,148588.74032849903,157741.07748960127,True
4002,329.2918217808442,102377.21741447973,0.6165827881575403,27,10,2.1692856046403146,43.042830668823136,0,0,0,0,False
4003,304.6218539413529,113831.85556726965,0.39849016362441575,27,5,1.8572539606273557,48.65544808168145,0,0,0,0,False
4004,295.45150695724993,104967.86819848216,0.5652601722541503,27,13,4.503061450118945,53.24993077243715,0,0,0,0,False
4005,321.1867159414609,137478.85192602186,0.371109000894022,23,6,4.14054131254505,53.241708526990294,0,0,0,0,False
4006,324.6822711648692,125773.19552518248,0.6828699751595678,26,5,2.727095590341846,43.02889055135163,0,0,0,0,False
4007,313.53031282263487,135549.14623674113,0.4988744378519492,24,11,2.865371400234989,58.11069904821838,0,0,0,0,False
4008,312.1430399466393,144386.47851227864,0.4276044971671686,28,11,3.841023604531192,51.52675552201575,0,0,0,0,False
4009,324.2289774126038,104591.3752750537,0.416401847528848,25,10,1.2967471574480198,43.797491296366765,0,0,0,0,False
4010,311.7492401234933,117635.07935861887,0.635004631307193,28,12,4.398837563340125,41.7031146022705,0,0,0,0,False
4011,348.48152557991955,149036.12659800157,0.37157940267698547,16,9,3.0926977932828117,41.00444763141737,0.3852926294703128,0.0005621006500936029,150024.42540773758,153813.95135838198,True
4012,348.5327837318778,141414.70025895245,0.4203896941320702,24,5,3.229332325799316,53.645900513214016,0,0,0,0,False
4013,291.73701863148983,108802.08081254472,0.601148445282579,26,9,1.4924147875949656,40.31371033780185,0,0,0,0,False
4014,322.2573715817982,128475.17717494158,0.6663073998926032,16,5,4.743742120170588,44.67350980284567,0.6918966058258283,4.013972151567874e-05,213714.99271201188,220405.5654359448,True
4015,340.48025953095765,113737.37884846187,0.5503143560882517,16,5,2.9095024764582718,48.709700083604766,0.5739121325206348,4.2598503635770195e-05,144176.51533892643,148371.2142723691,True
4016,322.07932951338955,112650.66896317039,0.656466042895574,15,8,3.9180602951863808,43.29916455169124,0.6808793502233605,0.0009984279509429091,183169.61928534438,189935.53680332,True
4017,326.2401101231478,142523.89810208647,0.5110637647389507,21,7,3.9291707194424257,58.463359414310695,0,0,0,0,False
4018,293.4149966806,138323.3379782359,0.3996505045303945,23,10,2.383150651841791,40.5181228456497,0,0,0,0,False
4019,318.87027264418293,140909.13547588646,0.34824186140622476,16,11,1.3994883044502513,57.874108185770154,0.36651587767922567,0.004635281163425584,86390.36320364366,95398.67582347628,True
4020,336.11731922699613,104650.76346230792,0.40533249866901633,15,7,4.622516035763626,56.1078403055067,0.4259856394171382,0.00020843861468679566,203830.8978329919,209589.51844842275,True
4021,327.0478445460538,103093.36564438466,0.36019301847648527,25,8,1.5056398042568468,50.16523027363764,0,0,0,0,False
4022,300.44613978399383,140401.14955554972,0.36925905872081805,20,9,2.1357777951962893,58.5121628600144,0.389053160856452,3.0314574737966967e-05,113057.63494265432,124893.15993369753,True
4023,308.55440992633794,148547.09327051783,0.30306544468081076,24,13,4.753204800146968,59.272120075838046,0,0,0,0,False
4024,323.6427583054958,148194.31936474153,0.3204582583246062,19,7,2.7753073363312684,42.337245658265935,0.3328070542572219,8.813235755339128e-06,137522.82540250602,145910.04023988472,True
4025,329.7639077070253,131084.47466331953,0.4953773828920628,24,6,3.762649549834941,59.56412515447826,0,0,0,0,False
4026,310.761481954759,127221.53397370392,0.33119953530423646,28,7,4.723222563317708,42.898502946052176,0,0,0,0,False
4027,299.97701468910145,130274.60412225193,0.36899690778306315,18,5,4.563799374624065,52.63108980324001,0.38669608354071044,3.4292843158135026e-06,201704.15926691482,213609.3571872335,True
4028,334.51032358616044,133157.785806746,0.3588347833590101,29,11,4.284681641044935,48.906106079079294,0,0,0,0,False
4029,336.35783676635765,110535.34060926767,0.47591263449247334,27,13,1.5943000792505282,40.972837054991125,0,0,0,0,False
4030,307.34329320016496,111573.36237645049,0.5438764881123569,29,10,2.710213884185994,45.25266320707974,0,0,0,0,False
4031,303.1082648994406,119568.85125061442,0.39642036821564197,16,12,1.4561839076453664,41.64521029986552,0.41081614979160064,0.011550022634171141,90186.69944405789,101423.12449426095,True
4032,295.75795059261543,103033.98035913632,0.6392318477649239,23,5,1.3727942510205908,49.84035252250082,0,0,0,0,False
4033,312.0734114434813,133681.6636790287,0.6867851292511429,26,5,3.519570025511552,53.16329054554507,0,0,0,0,False
4034,291.2676827213248,112756.91293374772,0.40459040308586,16,6,4.261241725435206,55.997468526988854,0.4251740309834662,4.467972039884634e-05,190741.31318048452,203776.42512620302,True
4035,348.78122958206416,138849.2977022475,0.35510188359919403,19,12,4.477164124522141,47.562495988549756,0.3704417397447443,0.0003993982005826834,199242.7549423016,203085.51050841936,True
4036,293.3443240465589,126768.1389817733,0.534955755766071,23,9,1.7498204025704318,55.39493146405522,0,0,0,0,False
4037,321.2317647658704,149436.30471655133,0.4393762927410628,17,6,2.2545220509107766,48.30455734312655,0.45841272563477226,3.581124777403241e-05,119181.80905648196,127239.22078397094,True
4038,337.23913764894496,102277.09366280749,0.6432862588575915,28,6,4.047808618310538,53.89086419882202,0,0,0,0,False
4039,306.5868623843892,117346.77280721041,0.440565173400333,15,12,3.8978340147056274,41.581966270434805,0.4563483552165311,0.014778961627827499,180511.21525875444,190929.44109392012,True
4040,315.831834557597,107825.89643782936,0.38537740646778157,20,9,3.5786970148202784,50.242769681205104,0.402935224329985,2.0637490136241173e-05,166612.8408733516,175885.30766489505,True
4041,342.11148937281985,116342.53695671703,0.573005649681109,23,6,3.5713154041745163,41.47138221160507,0,0,0,0,False
4042,343.5320502418703,141325.8523378493,0.3837911491441273,27,13,3.285633128580111,43.205788391912535,0,0,0,0,False
4043,319.3341544695317,110336.4855433926,0.6809220394246609,22,6,4.259266102875416,59.57026625053468,0,0,0,0,False
4044,307.7106231991891,124508.96296721813,0.6855529370761673,15,6,4.779733280790592,53.2822706760658,0.7170740115374183,0.00019505356859334829,213432.69834447443,222391.92191523238,True
4045,347.8132092773707,139498.4627196119,0.6851607483905613,16,6,2.1860089635067634,50.30670662187563,0.7148313863178847,0.00017116765877283116,117984.2364553515,120244.72987798268,True
4046,327.0597436431979,123887.27747170944,0.42873125813067164,19,11,3.956026200684552,58.870413808572756,0.45161631798335194,0.00025262195909234956,179550.11884153678,186709.72466755382,True
4047,344.6883459327801,147267.88509029566,0.35086577965579147,28,12,1.7397820436053801,57.171863013224794,0,0,0,0,False
4048,319.96624856989513,137811.90915194427,0.31437324589403365,26,10,4.038400278862874,40.00735600267362,0,0,0,0,False
4049,328.9972490553196,117327.29937937987,0.5183554995839134,15,13,1.505060390605941,55.56450716414897,0.5400243292760925,0.08051374713001877,91656.82261471554,97969.45697409437,True
4050,317.56620317083065,116701.88209224417,0.4738938108020795,19,12,4.710666162742839,57.70697963280117,0.49845776765662503,0.0005512856074809584,207824.29704448185,216296.70856401214,True
4051,304.4227868576044,116547.47316016915,0.3706869295552604,26,12,4.509379109285368,56.883914604534574,0,0,0,0,False
4052,307.06726589362205,121897.54388962113,0.3432359829814562,28,8,4.420636662715641,55.38448197060924,0,0,0,0,False
4053,310.44855443174896,137243.9732819399,0.5876929789855818,18,11,2.8618733000090324,54.90819267781533,0.6160174753387068,0.001140455807011486,141865.14395300313,150871.9354466497,True
4054,320.4187570008923,102321.17958706715,0.5017501961312482,24,11,3.7193140092051404,52.674866267836734,0,0,0,0,False
4055,291.4108549392048,136830.78461150956,0.5022098848492313,24,13,4.0985117875759745,55.57642562090905,0,0,0,0,False
4056,324.9342183183874,122682.35589879453,0.46778593060492224,28,9,4.637046123232655,53.77960717812965,0,0,0,0,False
4057,314.0390995789466,123203.3185223315,0.5809878452423836,28,10,2.3880770006990284,45.770618341398375,0,0,0,0,False
4058,332.4893709398559,129324.58484159608,0.6650193906033478,16,10,1.7990865123204423,41.66958360573389,0.6886262219559217,0.004505232185377133,104441.85454846764,109426.09614096662,True
4059,314.23505497165536,135236.6189677636,0.3709721310009144,28,10,1.8736077652557306,50.366928760250154,0,0,0,0,False
4060,315.40413760120185,132498.13950563245,0.31491755463345616,29,12,2.2935635348319847,41.37848604137649,0,0,0,0,False
4061,314.65371685670954,135780.2676144461,0.4504349008830828,22,11,4.716749971621549,49.591504440280666,0,0,0,0,False
4062,299.890639708789,107248.36352478107,0.6182426214887377,27,10,1.3951704593060745,50.687400084597414,0,0,0,0,False
4063,323.7452051579776,101190.29762928133,0.4177521883981422,15,6,2.9666670063473948,49.87392327903346,0.4365304239599212,0.00013810479257161717,144795.85744349213,152568.84888366825,True
4064,326.82988829778225,101754.88390426028,0.3927908459168247,27,5,1.6208912657358843,40.1289989396293,0,0,0,0,False
4065,291.0448748455228,146714.31494172898,0.4751674430538452,23,9,3.489724007464143,45.90523659872867,0,0,0,0,False
4066,298.58317169100155,142027.31443816752,0.3042637614766302,27,12,4.935410179454826,55.669477195760294,0,0,0,0,False
4067,300.36315940995274,103522.10930569752,0.44162314815413684,29,9,3.538836850096237,59.965054982506885,0,0,0,0,False
4068,344.3536019451975,130454.17063944561,0.6871537967794482,22,5,3.030830558992464,41.95651484235114,0,0,0,0,False
4069,295.5902049887234,128201.10528491478,0.43186131104775777,27,6,2.675340198366258,56.785350093651786,0,0,0,0,False
4070,331.3313500526675,143603.46614262112,0.40667079893585045,28,11,1.594518870860165,45.073390087652285,0,0,0,0,False
4071,303.86433910650754,105400.99990531281,0.34101502678529727,15,8,1.4350050458539194,48.20159573338254,0.3559670356931511,0.0008680024058279825,88402.92863792174,99878.23622128583,True
4072,307.85793495516424,121638.53532071505,0.5623978033523371,15,5,1.2187263555125079,54.39357138788133,0.5893992544537717,0.00018950109242491848,81440.22566035652,90991.80138859252,True
4073,335.98964711077235,144164.86205404546,0.4350804474090646,25,7,3.175388990079102,40.08244270197956,0,0,0,0,False
4074,334.4347189862792,100397.6111668631,0.33495578341675475,24,10,3.637302303984682,58.25876971795836,0,0,0,0,False
4075,341.70571828461686,139031.84914979112,0.44516401885891277,27,10,3.2235568608859744,42.82717425227093,0,0,0,0,False
4076,310.6130177120243,145569.60912529202,0.3825945800892992,23,6,1.2045463150197815,48.38806481569959,0,0,0,0,False
4077,297.2061092918813,132617.73281482825,0.6641261823622148,24,6,2.491415865611574,56.85008534768242,0,0,0,0,False
4078,290.4483916971978,123355.42534138335,0.6455278611835381,24,11,1.880620773280477,43.86545607984424,0,0,0,0,False
4079,319.05333423750307,106829.58221591749,0.3544099685388113,20,10,3.770987143975465,49.314759340941755,0.37032725488908386,4.014116361571021e-05,173258.86926687026,182196.60556297214,True
4080,290.1132295262018,117755.9319712627,0.5947266549613108,15,7,1.3557386361523296,51.02346891587533,0.621248592264613,0.000937621873584395,86884.1608418687,99011.82220788796,True
4081,320.0943866884067,124713.86875275118,0.40160701695557477,15,6,1.5206290634294077,48.42063064517621,0.4191551384339403,0.0002095404891119183,92010.1592191806,100481.77289422257,True
4082,340.93555801360907,136621.49243413907,0.3835289008958952,23,5,3.0773430151381085,43.674840253847286,0,0,0,0,False
4083,297.9191913790426,109444.61719680195,0.32209384615261255,19,11,2.6588442631158404,47.12651055436328,0.33595652069390447,0.00023774116702355132,132710.68127271015,145243.4394605142,True
4084,317.6333891292042,136368.22676925352,0.6222237172991754,19,5,3.5993261045294913,58.990495386505884,0.6544371424632017,4.022318010995807e-06,168556.51449692625,176234.03618003274,True
4085,307.75001201796584,118621.42419224928,0.46541032856199666,15,11,3.22909777251847,56.80726049130759,0.48877030842509483,0.008437315579883491,153949.49942912132,164051.20785061008,True
4086,294.411939913516,135429.16362865324,0.5960282797887884,26,11,1.708008574197989,48.31586596760134,0,0,0,0,False
4087,313.346670928052,139210.44366137832,0.4037854531958508,24,10,3.316774028079923,56.754967798082646,0,0,0,0,False
4088,304.47341221263497,100235.96298494269,0.39982154737225206,23,13,2.0365413602132936,51.89947179895256,0,0,0,0,False
4089,300.9839426610441,104178.86375956654,0.5478166605263828,19,13,2.712531967883511,49.90518583472088,0.571816513920103,0.002386651467099782,136741.63963959352,147448.21605786067,True
4090,329.10895073081224,117970.23136219467,0.4746463492417924,21,12,1.8941573474949358,43.43383892350232,0,0,0,0,False
4091,305.0050844459699,131974.6582016425,0.5752392604648827,22,6,1.8708183197935515,45.087106088851996,0,0,0,0,False
4092,299.3947331896653,134513.39794249556,0.31377657541826987,19,12,3.2647973805027073,41.0385659738497,0.32548004159956584,0.0004388786633669463,155431.30252327016,167784.28874050564,True
4093,317.26595633138413,122883.43141582565,0.6382774736072472,19,7,1.4939083375066595,41.642249635986644,0.6611796568666005,3.8045160818056055e-05,92965.89156126282,100604.25159792593,True
4094,313.5758314156637,140083.60173947515,0.4425920631594141,16,12,4.351462177279837,56.275198181601596,0.46476816969840745,0.00618147988765709,194568.42110112277,203864.94297021712,True
4095,333.8115674895384,131440.7505011126,0.35902041372104976,15,13,3.9973714769165634,41.11517498218223,0.3714166900512703,0.02527186149148707,182962.47361762766,189384.12838309346,True
4096,293.7918841945399,129951.75404577216,0.6018564473406416,17,13,3.5406924217961286,55.06309616685265,0.6304001696750932,0.011040908095649803,166896.1151084305,178429.75210114729,True
4097,326.0459210983624,144178.36579178783,0.387449018897091,19,5,3.7796920074751075,49.593137407695835,0,0,0,0,False
4098,334.4638208628088,147245.76914965088,0.3682867726241609,24,6,3.821894250040481,50.035078376781975,0,0,0,0,False
4099,319.73210803663056,106792.57761931405,0.5845591155079708,20,7,3.8056309171434375,50.049084639430816,0.610198823750136,6.754013787847472e-06,177316.91823635358,184831.56179531463,True
4100,323.182725014137,131395.65142991947,0.5561298718839529,17,7,2.5973815977607075,57.646233503381055,0.5845439810107534,0.00010313258997791167,131595.67417991275,138698.2531960666,True
4101,298.6955071688773,108987.78285076335,0.673227439984083,20,9,3.1327142549194793,56.90562882464769,0.7064703493295758,5.1175035205558606e-05,152030.98417822862,162463.93045687603,True
4102,299.6456578537307,135937.60361519357,0.5910438306925725,19,12,2.0174018430059917,43.416930014528056,0.6133168192423472,0.001493686017265122,112065.90699738247,122742.04998463033,True
4103,290.5028144976446,115025.68426520065,0.6996462481981217,24,7,3.625344966148808,59.287168533764685,0,0,0,0,False
4104,337.039258863397,137522.49456715529,0.5979213864771873,19,8,4.745313760044093,45.8758274606966,0.6218114040401586,2.8165382317105375e-05,212956.6945063881,217497.64655722593,True
4105,301.2715326456919,149104.26804690348,0.344118042200575,15,11,4.944978969615018,52.28186820102163,0.3603817269858332,0.0040982944047838,215079.6710308705,226941.63071950845,True
4106,297.14522495454577,117647.88295689302,0.5899636142807932,21,11,3.336868402786509,49.139096518840375,0,0,0,0,False
4107,317.6755434025366,146669.4825380017,0.30659592115028605,16,12,1.4705084257433143,49.164913131072424,0.32005672186099093,0.008359165842354155,89292.63082082225,98763.48876264163,True
4108,315.97062937568114,116827.8986830656,0.6984516695028488,22,11,3.2558579765293203,43.516570670292296,0,0,0,0,False
4109,300.2368443151203,143439.41284030315,0.36214199279414333,17,13,4.217772576190423,40.32999287441674,0.3751425774628551,0.0048697511204095646,191217.69694471257,203119.43982232397,True
4110,293.8713926211644,121282.57876097204,0.38047601751945115,26,7,4.9168689476267415,43.4318236015197,0,0,0,0,False
4111,337.0238649868502,147277.51672589174,0.5216323663713591,29,11,4.247818485343225,55.37577650879108,0,0,0,0,False
4112,348.10313107999565,126671.69354135817,0.49553676950267694,17,11,2.1618012330902268,48.16308639233543,0.5166323364149182,0.00247072249940221,116274.2784007121,119422.78453093501,True
4113,316.9019859684159,114570.41245530057,0.42708444777272425,24,5,2.2733786602202124,57.172500189485376,0,0,0,0,False
4114,300.02466578817854,116586.97644006333,0.4998455607052854,26,9,3.5972918743013365,55.80765201922763,0,0,0,0,False
4115,316.0174543797902,148162.53341204685,0.5094078924175247,28,7,1.4885903372637874,51.03974491081456,0,0,0,0,False
4116,328.95371531178404,126851.35741799456,0.5566637566667958,18,10,1.8651365290827828,48.44119929168366,0.5803444371170414,0.0006552082532070178,105725.61079620209,111852.53923353321,True
4117,291.789581846974,136232.2748803795,0.41905040707530766,29,9,2.4236671101253955,53.038375524271004,0,0,0,0,False
4118,326.8151477988068,113863.27151719682,0.4312050531240915,29,13,3.422180654180501,45.97336778657683,0,0,0,0,False
4119,296.88196433896974,144521.7125869129,0.6832481022090691,28,6,1.7782112246232267,40.73755123722647,0,0,0,0,False
4120,336.5152071069747,120574.41127742236,0.617903536015052,17,12,3.8922153712769854,43.50533852890391,0.641014417160424,0.004605381257384385,181903.95334657258,186433.18820989583,True
4121,313.96046352331695,113562.9013777873,0.6252967203713667,16,12,2.7552526137558377,49.195074592123355,0.6514232197580324,0.014390565059728239,138934.78958656828,147179.76884682517,True
4122,327.58985079117974,138347.0207623555,0.6291192847368346,24,9,2.3158262282966926,52.351524506402896,0,0,0,0,False
4123,299.21077310318117,134830.1338020784,0.38684065704325493,18,13,3.631937659885555,50.11103499943803,0.4042916883931784,0.0026798908311478193,168594.59966478436,180507.46750902082,True
4124,314.5706567062817,111680.49146139021,0.5326089545320128,15,11,3.0904744535484094,50.50259404467039,0.5559371499539685,0.01036863089528681,150452.18613318386,159079.82177751054,True
4125,320.20571809930965,129693.29559752777,0.4518956529490834,23,9,3.705346525280782,54.20647663693768,0,0,0,0,False
4126,305.57899824533126,108993.93231667663,0.6527859444611859,21,11,4.793770961105744,52.22087652627182,0,0,0,0,False
4127,304.6348577923735,111323.28419219566,0.5140639118186754,28,13,1.8122790395668424,55.16814729688429,0,0,0,0,False
4128,326.2990832823126,149696.6150000536,0.4437189860944818,23,5,2.757819643572218,53.72235336791746,0,0,0,0,False
4129,340.1766358492528,131032.19341487286,0.6955393077991413,26,8,4.067339470529038,51.398113611802174,0,0,0,0,False
4130,344.8058828377006,103391.00738237599,0.6408032236828799,22,12,4.273652808308429,54.00765013255095,0,0,0,0,False
4131,291.99883494902133,110393.2876287745,0.5974851915948968,26,6,2.1898298604644975,57.910551481807616,0,0,0,0,False
4132,310.524719461656,112622.82278800273,0.44968220100306633,20,11,4.084093918528208,59.03837816198737,0.4736791822854082,0.00011567408002588212,184461.91356979928,194214.9461666155,True
4133,298.40211837907395,117296.52978848926,0.5653505430312666,27,5,3.8366319135600273,53.2365623626709,0,0,0,0,False
4134,349.2064116467437,114030.02626025537,0.6013573561898768,21,8,4.692039820130771,56.910720425202975,0,0,0,0,False
4135,292.24948408820023,120996.34339288052,0.5161392555657243,29,10,2.3380562892612007,46.459950126732714,0,0,0,0,False
4136,324.3254550589338,147928.6675103712,0.654678290904323,20,7,1.3317739914634823,42.51332133892377,0.6786102591081362,1.9643511494414167e-05,86903.51837270048,93303.73143854484,True
4137,326.90954054986884,127841.49313603992,0.6532659034387631,28,9,1.8785446284110425,52.54463832279491,0,0,0,0,False
4138,309.93415111024456,128196.9144765916,0.5649514669735578,20,11,2.61579909427532,40.24196278849147,0.5847612271126079,0.0002199897352349192,134511.01366444543,143701.3418608161,True
4139,332.9902358082082,136552.95931873954,0.6745654348578974,28,8,3.370542555617342,58.942309860044574,0,0,0,0,False
4140,319.80851702366516,112516.0520895825,0.32143624332974524,15,5,1.710799770004995,55.307051203897934,0.3378048605892889,6.703802718941007e-05,97567.16073381904,106595.55116275913,True
4141,332.37963675173836,110230.23188309565,0.33828886333864205,22,7,3.462077238793367,57.7788611898393,0,0,0,0,False
4142,339.7810503365172,117121.57859606933,0.43205086108372537,24,9,4.283754615787474,45.07040640129809,0,0,0,0,False
4143,327.6364900559441,111524.67366551328,0.3702762113417628,15,11,4.968066577347185,51.427775952634846,0.38739983352754015,0.004438846010708922,216633.02044863044,224042.44063029997,True
4144,321.4505917179965,117368.95920360844,0.47796384510256906,16,11,2.087117591209862,46.62918586652388,0.49757201132643625,0.0053657557855480275,113555.26801251681,121355.52565218836,True
4145,327.3531454002285,105536.13983693148,0.511899277179433,18,13,1.789774571415641,55.183535189601834,0.536746590287382,0.00676068257179103,102030.00914651743,108670.09073646515,True
4146,306.3459372944528,142170.4181001354,0.5589198877655737,19,6,2.736344006568192,41.18556298586658,0.5790254782418645,8.344558864505597e-06,138828.31139212774,148618.78987064149,True
4147,337.1188467014462,138129.22230487547,0.33499315832695353,27,6,3.885716350552081,58.89193813079452,0,0,0,0,False
4148,335.43685665300825,138623.10445901103,0.30554718269240494,21,8,3.7722275663286933,44.70226101738191,0,0,0,0,False
4149,301.5557339237852,108655.42194352018,0.6049144956479837,21,6,4.931855047992077,56.11230097183322,0,0,0,0,False
4150,310.1281089095986,142661.4800186608,0.41371255099569243,24,6,4.610596361242017,55.623487635831665,0,0,0,0,False
4151,315.4257455887766,128943.01529963489,0.5604955604496684,24,11,4.501964354431817,41.74864449454604,0,0,0,0,False
4152,295.3861367867451,135405.84475286436,0.6762139095059445,27,7,3.2149728355927376,50.347715590447656,0,0,0,0,False
4153,304.08404649287866,141186.37492894626,0.5624076576068022,29,12,3.553602896470344,47.587495030383806,0,0,0,0,False
4154,317.3425237604286,135488.7362702484,0.646801279720186,15,9,1.484944230485663,53.65747026735783,0.6767338754835712,0.005165002586387196,91620.17907753924,99219.24998479546,True
4155,327.3714123531342,109922.53790322816,0.6674031561678974,22,7,2.639436842231099,44.18697145428361,0,0,0,0,False
4156,300.09357398343917,100870.29344691594,0.4438648034228557,23,10,3.204090743594998,45.2474283349141,0,0,0,0,False
4157,292.57527578951505,102728.01226528107,0.6127742433747692,23,10,2.802964331301288,56.607298654911794,0,0,0,0,False
4158,322.7810188603742,140129.348655974,0.5468334962272168,15,13,2.575635446434429,44.92636265793125,0.5660440828414957,0.05981640200635034,132340.91529366968,139532.0613407901,True
4159,302.7432704852823,139300.27525069326,0.4544211677770845,19,9,4.441537269387108,56.990870634367944,0.47777128730321117,4.810442749580686e-05,197882.6659958943,208840.39662511265,True
4160,301.04029108448634,126069.71158655458,0.6132710102346135,23,13,1.7161186567784568,43.87309367830946,0,0,0,0,False
4161,344.0594006503655,118594.99711327082,0.5385886323497253,16,5,4.604288323905251,52.88760628596434,0.5638089763938391,2.925130143851452e-05,205731.739645537,209368.76735350606,True
4162,337.42072554986936,126339.42606065501,0.5673593184183074,19,5,1.681094282859817,45.45005284555705,0.5899335567132031,5.902561753157897e-06,99268.05615058495,103895.78780000958,True
4163,327.95757568164873,109546.22044933378,0.3831814112629349,27,13,4.227023582590655,53.31573000630403,0,0,0,0,False
4164,329.8303365536159,148211.8937185683,0.30579510719770575,28,9,4.683148346788056,49.08383543496589,0,0,0,0,False
4165,310.3933777328588,125320.50761262495,0.3282191612341301,15,5,2.3300206113652053,50.28284020203025,0.3433283023065387,5.5054907503917586e-05,120504.85622306104,131020.86774589233,True
4166,344.53708160501674,106594.10948978573,0.4960764163128927,25,12,3.2792346107923356,43.29488467559413,0,0,0,0,False
4167,305.9708536934987,106511.58012464516,0.6670679014499602,21,11,2.2321363768174294,52.796038138941476,0,0,0,0,False
4168,297.8976418269002,107890.58986766811,0.46885469588341416,19,12,1.8955655331085106,58.91170819066509,0.49368120270515276,0.0011509079139051229,105219.17054360277,116853.96490555497,True
4169,305.60260192868105,135597.21721787684,0.5631789428324855,19,11,1.4402226559763724,59.30724760201525,0.592750686727618,0.0008402307484305186,89159.04644326057,99068.11175526684,True
4170,330.1529508440709,120164.046091455,0.4271958516918214,25,11,1.376810593297825,47.8934343324796,0,0,0,0,False
4171,340.4400203526803,125300.66719372263,0.47267228432269526,18,11,4.568742888761308,42.01418897405944,0.4902657360433573,0.0005479711933306823,205638.88037909454,210250.22556302993,True
4172,310.56559936351294,100676.14202647087,0.41615795776551107,29,7,2.746965152462268,46.336222755466295,0,0,0,0,False
4173,346.8737320549475,119321.72081475478,0.44719074351247357,19,6,2.1122836540994694,46.63594226241408,0.4658455520302069,7.617100959609046e-06,114219.54579437933,117850.83925610041,True
4174,324.71641815115623,114828.89478281487,0.34945860641531007,17,12,2.8542928923541577,59.866388144226306,0.36855456407985,0.0029101676457182063,138524.08273664129,146558.5564347491,True
4175,316.4726299693501,126709.127887635,0.6535522944769652,25,12,4.002170657039019,44.16405161671498,0,0,0,0,False
4176,296.4140069714758,105309.66515799015,0.3783772761574964,26,10,1.3432139343833793,42.738019761860194,0,0,0,0,False
4177,343.37949621767706,133754.67537076643,0.3255481647480874,15,13,4.776913097556809,53.42439933830565,0.3405489794199581,0.019915175910709158,208392.32403458876,213375.72493569265,True
4178,309.60042519306955,106360.8226345128,0.34894823016221055,17,12,1.729337519414264,58.388666017096426,0.3674582594536528,0.004092948859282038,98225.17712244812,108739.58350257158,True
4179,339.5439564909817,112422.49175229762,0.3900360886829894,27,11,1.2996048870840347,50.941151700832854,0,0,0,0,False
4180,325.5140191687715,126224.60222270637,0.424200928540468,27,13,2.903920026981524,50.41369686100403,0,0,0,0,False
4181,335.4948143620243,134751.8898897824,0.6701831350940434,22,8,2.380537991127613,45.51141816624516,0,0,0,0,False
4182,317.68669307038675,107546.08531461323,0.4170316634295701,23,12,2.793257880488137,49.35821842632813,0,0,0,0,False
4183,323.64825185200397,141525.62238696657,0.5134141410122115,28,7,3.7872673973811306,52.61145395613357,0,0,0,0,False
4184,296.38222716589655,113361.752792076,0.6394912438504439,27,10,1.616975549153111,56.23821816068522,0,0,0,0,False
4185,347.45155171215777,109497.05945631323,0.574742027864694,22,8,4.352693317832458,53.83056005194048,0,0,0,0,False
4186,322.4170599027068,137489.9609363214,0.48215564063494115,23,12,4.2098942708225655,40.3268019751299,0,0,0,0,False
4187,303.72542749271787,125152.4345077439,0.3062161188958561,15,12,4.788243062579843,46.85329359968215,0.3190068237745288,0.008232036796817487,209649.99349712094,221374.46703181326,True
4188,298.4584150850401,137826.80136145395,0.5300139539037956,15,13,1.7818922121150067,41.17286600467957,0.5465087747718123,0.07354089559352395,103225.11186542062,114396.96681346603,True
4189,334.1868733831123,138288.60390887823,0.47342696590114064,22,8,2.9019976325684027,40.17039701284934,0,0,0,0,False
4190,340.0093852653906,146233.88237393595,0.35738124648399827,24,5,1.8457864551598595,45.58802515451949,0,0,0,0,False
4191,319.2380238456275,146475.27308878337,0.46354897961220615,23,11,2.894982751970868,44.281024707416854,0,0,0,0,False
4192,343.0750204543669,110565.27872303985,0.4447013845954877,16,9,1.4967413889948973,59.81140041846146,0.4687181618311398,0.0012699350759985603,90487.22047854104,94813.47591774717,True
4193,310.29956062914624,122834.64717218831,0.5936168952397882,26,7,1.4549812705651606,54.436781118570174,0,0,0,0,False
4194,307.1732985842729,136509.0527819217,0.5638110345077847,17,11,3.6776204523259706,40.1789765936871,0.5834945922677621,0.0018774000866609076,174012.52469781332,183647.05952763945,True
4195,305.3873402619408,128829.18121417855,0.3995206423579596,28,8,2.9905261193713066,48.14605982096305,0,0,0,0,False
4196,316.20265823006594,121427.99662190014,0.3293306832650981,28,12,3.544845241183168,56.8721285941231,0,0,0,0,False
4197,293.99117587457545,138661.069427791,0.5156391248881074,19,10,4.748444238643764,47.63048238438885,0.5373660349211618,0.00011701679998791613,211774.8896909862,223733.4725631274,True
4198,292.39648887116994,116144.03032812462,0.6056392236401636,18,12,4.474332336443831,45.60576740845769,0.6295887789381397,0.0017532192635870405,203036.77187013451,214754.7547690449,True
4199,345.8978954878647,117017.82006234494,0.6219472636470715,24,12,4.997882112577613,49.6123030070009,0,0,0,0,False
4200,311.24704792600903,148269.96620229958,0.5885027399799627,15,13,1.7811723226302774,45.696412867415475,0.6085153254082256,0.08642812374757836,103101.9338030766,111947.7108057018,True
4201,309.2142649922146,101299.73165191477,0.4558985372075293,19,8,2.9049543777138185,53.83432602583196,0.47795952316917173,3.0838402006161777e-05,142442.28509489127,152365.80805566764,True
4202,326.7472515644616,119750.75407274363,0.6218033222845176,25,6,2.074562104047037,55.733096311527554,0,0,0,0,False
4203,328.0980921187222,127431.4648280845,0.5699303577065606,22,8,2.7042654036387113,42.04882243972918,0,0,0,0,False
4204,335.22000477331005,124833.51849905221,0.36205738156219147,19,11,3.6981319729698425,48.66547381135896,0.3780663524046646,0.00021269598384793907,170842.03096117234,177011.62653050816,True
4205,347.6014791475294,115178.39465708268,0.46411884571934403,21,8,1.9152109648750366,50.794775619023774,0,0,0,0,False
4206,294.42995247874586,140843.51322137,0.6927923853442477,19,7,4.3586755710145475,54.29697751272775,0.7252479585254243,1.7710731735450903e-05,197731.40495279088,208717.73485726988,True
4207,313.5981820030138,144155.78180521072,0.49923395438674134,17,10,3.5954106614289527,56.94446429878272,0.5246319694188544,0.000747617440556047,167646.99296570002,176619.96466756394,True
4208,303.1892993861045,114974.66324215346,0.4422780297617287,22,6,2.318375539158599,46.081281213447376,0,0,0,0,False
4209,339.0588798843621,123712.7220679986,0.372475765227518,24,12,1.773598674313393,56.51554115478888,0,0,0,0,False
4210,336.65273036628395,134061.7020842746,0.6038791453398463,25,6,2.5472539233072697,58.37748478259473,0,0,0,0,False
4211,315.85191845696966,149157.15939642084,0.62525892627574,22,10,2.768707485620423,55.802133730476214,0,0,0,0,False
4212,302.2814053929154,141583.34639596066,0.6346277362415373,23,7,4.346794737999914,40.90707745537889,0,0,0,0,False
4213,298.52040684577736,135465.00411022283,0.5763847181178907,29,13,1.6967158295094742,57.932889078797146,0,0,0,0,False
4214,303.892784614991,120928.7447572526,0.5647510530555186,24,10,2.1204413953606647,52.29955275122748,0,0,0,0,False
4215,302.29004396868964,135600.02465227863,0.6918675243728045,16,6,3.171131265845146,53.329203848701866,0.7236757436461387,0.00012643117775751147,154050.25280996537,163829.24542859543,True
4216,329.4005606755213,128403.875172484,0.378716476254644,25,6,2.0093486726071834,49.48218922979756,0,0,0,0,False
4217,293.2857957894989,122193.69001967937,0.6611400040694051,17,7,2.0861238491751393,45.67811708662415,0.6871431691160503,0.00015824763845275353,114701.23292182066,126003.6541957824,True
4218,304.7445937913363,141434.42039570914,0.31219230853663643,29,8,4.975750769285074,57.545296399085046,0,0,0,0,False
4219,296.9528181714781,114185.35376526014,0.5766382459489288,19,8,4.72896094636978,41.05290574449314,0.5972453123095188,2.648434146627623e-05,213090.53281276967,224257.73875771006,True
4220,310.8276391613967,115511.96659186353,0.4200337683658858,24,13,3.5555799232784775,57.714329447581065,0,0,0,0,False
4221,346.7878710647159,114656.9978834559,0.4370928426726648,26,7,3.7540745635451627,48.99062500370184,0,0,0,0,False
4222,329.48861950757646,134894.34071023302,0.6954888321544456,16,9,4.328355613077317,53.697446866176584,0.7276330910398262,0.00100614783800266,196740.3053614895,202106.7917334587,True
4223,329.5735517646724,138192.34409784808,0.5420919039350361,21,5,2.439712310583297,59.72240312143012,0,0,0,0,False
4224,313.8849514057558,149563.0817322298,0.5125196602544562,21,8,3.7975208376395884,41.85550924841262,0,0,0,0,False
4225,328.7862843785496,145745.598862944,0.4811166182948256,26,8,2.0253697942419233,40.457856838576404,0,0,0,0,False
4226,344.1131339686823,133906.50610654644,0.5072292873222656,29,7,2.932764306193172,52.1292035761707,0,0,0,0,False
4227,338.0440685547145,145618.19491335758,0.5576901422206613,22,13,1.4225792007712688,54.56910818634826,0,0,0,0,False
4228,344.4465944542546,143853.3659301677,0.3527831467680498,27,12,1.9968364776720926,41.10632214671573,0,0,0,0,False
4229,307.1131552314154,132803.83063323837,0.6878868893442485,17,13,4.6558754512728235,55.9885092371495,0.720690323262756,0.010425343331766585,208348.9144551831,217392.06953379535,True
4230,305.72902199390575,147098.97675437713,0.679733399037758,22,10,4.672571614723228,50.66487041641017,0,0,0,0,False
4231,313.5529279663626,113773.2939488128,0.3604554868556977,26,8,2.2676845517588085,45.157941529242144,0,0,0,0,False
4232,312.27800271904096,115854.12430358314,0.40433407086369394,20,8,3.2704891152691564,45.327766265441944,0.42082739465743657,1.033342529243803e-05,156371.44850144067,166100.6445373199,True
4233,344.62838337981856,139368.43414666015,0.5310414016095235,28,13,1.3614304499447956,53.66440235829731,0,0,0,0,False
4234,312.6908297410376,108893.62342061824,0.35676724848377367,24,10,3.32398153954664,42.128364313799395,0,0,0,0,False
4235,342.44993605265205,148528.93258086155,0.48075273938634977,19,7,4.38954278775454,40.293733958814435,0.49788403934867437,9.974035779652363e-06,199452.83420498384,203664.44682863372,True
4236,294.9342629398544,102350.36305140196,0.5050904087451864,23,13,1.2783840089450456,48.21650646015135,0,0,0,0,False
4237,330.62354235376836,136842.00492825633,0.33639642591978525,22,13,2.192822633795288,45.99208416565199,0,0,0,0,False
4238,319.52910870581496,148798.90340396282,0.5610982600237098,16,12,2.340118016896154,59.96345590294507,0.5902016364379754,0.014240538886027072,121959.67198737938,129635.62045682108,True
4239,327.88576505319554,114060.26020748501,0.4024835303191945,15,8,3.677530226323178,49.87782029761672,0.42060497799374674,0.0005515092959129922,170524.170414736,177694.47732567068,True
4240,329.979390123252,112347.73198761909,0.6620466891603708,27,12,3.8906670747069905,53.03377487945909,0,0,0,0,False
4241,316.48971938128,113547.09392661098,0.5526863659220331,20,5,3.3055033726400236,52.217735736752914,0.5781809275739342,1.5231060219795286e-06,158278.39354646677,166489.39236446176,True
4242,325.9252476331534,138316.84348798395,0.4551879163411998,19,7,4.673725208601469,46.72639298975291,0.47418874634317204,8.957342882276948e-06,208332.02787292685,215515.2846592184,True
4243,291.72027852359247,145161.34341334846,0.34168968366679886,18,11,4.474920195409306,53.804852130458734,0.3585206608108986,0.00038606893280275213,197741.01634547557,211102.3445221619,True
4244,309.87855391917725,140068.829220396,0.30317960764371155,27,11,4.150784465821183,40.52609348478167,0,0,0,0,False
4245,329.1867947608142,122999.05529597367,0.32002857262389217,24,12,1.278125241567172,57.70884408074997,0,0,0,0,False
4246,306.906990188114,106388.53514045881,0.3967743164924028,18,11,1.4587600518203656,53.196993423734504,0.41587806069563615,0.0010686691701478177,89314.54394608278,99957.40135246694,True
4247,319.4804589916421,138489.01107479766,0.3265042685304804,22,8,1.6060958379595167,49.06971882097311,0,0,0,0,False
4248,307.1851844238018,102120.96725501203,0.5107992687696226,17,12,2.275519641214079,52.25792250976836,0.5342755690419834,0.005595372612117723,120115.90038035778,130049.99147161128,True
4249,341.27230691964587,147640.59623818257,0.4163983900931616,16,6,3.4402272623007812,49.69125463711786,0.435052165419557,5.437781979900031e-05,162091.7119475177,166885.41420170877,True
4250,297.9674991486594,110435.68481299441,0.40711473831691064,24,7,2.958170807694132,42.1707254069826,0,0,0,0,False
4251,344.12744012025695,139778.53869544974,0.6549694840325971,26,13,4.055641786633467,48.74208806962482,0,0,0,0,False
4252,332.7407301914586,148511.01165195124,0.3449175964920989,28,13,3.473084286593525,43.57376560794148,0,0,0,0,False
4253,329.5176665375735,107230.42616123761,0.5538251282173134,17,6,4.768260577159453,44.41000058006992,0.5753830412563397,2.661190613629312e-05,213623.77478645992,219667.64348705992,True
4254,319.9861587893017,142886.90736337344,0.6672530771562087,18,13,3.2497946296641063,53.22986926571648,0.6977237586382151,0.006204155796981725,156863.58584976653,163932.27521480137,True
4255,307.9963182736031,149308.4400144074,0.5706564601270638,19,6,2.315318150051179,51.35115021094258,0.5964238045515284,1.0337795301861317e-05,122093.30093821383,131573.81358202122,True
4256,305.7935747970556,148977.10359656962,0.45615487760568707,23,12,2.2419717880290584,50.210096797746935,0,0,0,0,False
4257,299.6254628575261,147374.52626251505,0.44923739990885947,22,12,3.3773724127514884,53.69053008357844,0,0,0,0,False
4258,313.8777106144214,132002.4031673859,0.5898985232927638,27,9,1.465322747770987,47.55110143777489,0,0,0,0,False
4259,306.6972009686463,105558.187855938,0.6149960254423056,28,11,4.434027738934847,55.92199362803137,0,0,0,0,False
4260,313.24016562668453,101249.20571179781,0.5704581650894336,28,10,3.3989067511112925,54.58907273777758,0,0,0,0,False
4261,293.43380268946373,113259.01366636355,0.30235156191929163,22,7,4.964453402500098,57.72315414039643,0,0,0,0,False
4262,329.68299831847037,101988.95334251718,0.35271154399653515,17,11,4.238587043702747,59.928797018007714,0.37210497052870445,0.0009573073815844292,188323.3427555365,195503.39111880708,True
4263,349.68822632221173,106153.91342278206,0.4396144192463768,23,11,1.6357077055323772,50.32460187772284,0,0,0,0,False
4264,318.90071673197644,147222.8940724209,0.5837106895672142,23,12,3.2176792553106557,46.10071754180579,0,0,0,0,False
4265,348.15150757861613,127888.2769060684,0.647274046036374,17,10,1.4042710673685133,40.221718434360064,0.6695655388553701,0.0023140106413384503,89775.15486613904,92137.29790424729,True
4266,330.5550234625554,117384.98333627041,0.5989985114091689,18,13,2.6286394104571134,56.50509971923037,0.6284311129332033,0.006380564082364645,133170.15503533577,138821.5264664935,True
4267,331.67134665535207,120820.01821565541,0.46878276014507925,27,5,3.0320500117518234,47.09973080350301,0,0,0,0,False
4268,337.33747039925487,130773.05209106355,0.47596379817678547,29,8,4.38455176396609,56.589189496671885,0,0,0,0,False
4269,302.7693371338869,140347.58076297306,0.6645415914057019,26,13,3.260121320493484,59.53075446028848,0,0,0,0,False
4270,334.1418337632596,133827.66259185385,0.44779903913045227,27,8,4.240957172435625,51.2483647453589,0,0,0,0,False
4271,290.9668774270753,141929.5579259717,0.48021957391979275,19,11,4.0831478203318,56.674646174042415,0.5046309096608934,0.0002815343144165486,185249.35787326773,197878.4502260508,True
4272,297.70726452761744,147441.22254821268,0.3548545107064283,25,9,3.3102263991983376,51.42381653604767,0,0,0,0,False
4273,322.88782290961797,100428.42162498807,0.5908615813617184,20,10,3.7928084913251245,51.44980317166377,0.6174977276940379,7.740957827353328e-05,176664.13374645764,183632.3055623156,True
4274,295.9499085937274,105095.86711930993,0.48296858580151303,20,6,4.257159869027081,47.51730829569687,0.5033891488642955,2.1146226274839824e-06,193280.16736993907,205122.66347358742,True
4275,304.4277878017576,142480.14480596696,0.6336966194621372,24,5,2.629492906039614,57.230317087331414,0,0,0,0,False
4276,297.29045369753936,106720.27483299219,0.47255454617414044,27,10,1.4597098918050437,56.32188296355761,0,0,0,0,False
4277,338.13258938496114,112982.84403731131,0.594136341415915,27,5,4.597569509836835,50.81842531573058,0,0,0,0,False
4278,306.41585244210836,106174.6572241701,0.42116042879819193,28,11,2.4633367828989803,42.78401092250995,0,0,0,0,False
4279,327.28341881745666,121941.88566273585,0.5294953422556458,16,5,4.165491760596519,47.41392640497194,0.5516512118481716,3.0259857170214666e-05,190498.31770382993,197047.7988283442,True
4280,313.8161898030124,126973.69398800338,0.48436262117420686,27,12,2.959241796440703,41.44765956652006,0,0,0,0,False
4281,344.13588422138196,148876.4320918868,0.4352568466580621,15,9,3.069465731235549,41.75378566405352,0.4514167811128013,0.001556920600507493,149888.52756274506,154065.76673440673,True
4282,325.9347789855913,143372.1315204596,0.532318136769397,19,13,2.458324740718761,50.69180246886898,0.5560791462151647,0.0024893899330112493,127171.34583226596,133932.5156899351,True
4283,340.5417004916526,147466.45206133794,0.4744992730072731,26,13,1.2131355655956375,48.35850548161025,0,0,0,0,False
4284,304.51442819072986,135475.16493263195,0.31083221377644443,28,9,3.7998351593106143,50.64496785056649,0,0,0,0,False
4285,311.3180552953409,135894.47984004742,0.3358076819993141,17,9,2.856045494717126,54.77876291900736,0.3526870118046001,0.0002420217149566733,139061.52053784265,149380.36074085676,True
4286,299.64868347317537,112640.85691145019,0.4643046481877432,26,9,2.8273202554128876,49.29890672637984,0,0,0,0,False
4287,312.8046369778869,127921.81188433204,0.5824110548582004,20,6,2.379453113845564,47.15928593091435,0.6064289991682398,4.561854082903195e-06,125020.0946601332,133665.30968637424,True
4288,343.6882436620835,109884.69445444987,0.5211968851096083,27,8,2.020804418368174,52.88240838448148,0,0,0,0,False
4289,298.7418280629846,127785.68675953745,0.4881951455215927,17,6,2.5002315297384676,53.93199374016788,0.5117325370369212,3.902474512244036e-05,127961.32971825215,139348.59273012058,True
4290,292.6388010870388,146160.91363955414,0.4343717272580117,16,13,2.413411190184444,43.14451732127961,0.4503109220657784,0.020960870590651094,125561.56884731114,138189.83950366263,True
4291,315.68338265358466,107735.9475916868,0.36219065813882234,19,10,4.32994759611111,40.5904249990014,0.37545536102971316,8.108295290501788e-05,195280.11398973982,204715.76640628092,True
4292,326.3927396984694,120877.38724123599,0.6317691464884787,23,10,4.7742283404863635,43.681455609397496,0,0,0,0,False
4293,323.45379075736275,121924.06608139076,0.4205499116753878,29,12,2.2349846957458053,43.05108687602748,0,0,0,0,False
4294,324.3578192087423,123291.97870446363,0.5148438796397392,27,8,1.4760652171924953,56.79953451108997,0,0,0,0,False
4295,333.194347687417,106045.46149346765,0.5189556107004057,17,13,2.870954617479847,46.496428836493735,0.539839589926637,0.010548859036180584,142794.5962649301,148401.0894587904,True
4296,292.8846655486013,148321.52507755795,0.34559458913816893,16,11,3.9622563751558397,53.305829010058396,0.3623531137493687,0.002196095263569023,179379.39168994888,192535.74896391714,True
4297,324.11047278949684,101762.06019366419,0.5897576855457916,28,6,1.203055964994054,44.23598454616335,0,0,0,0,False
4298,290.5054627720933,111717.51700282421,0.5229867855856152,29,13,1.5853424117139734,45.039867072881805,0,0,0,0,False
4299,332.4445478223188,128636.96620390749,0.5774302746196597,15,7,1.999157934722608,59.7539339027288,0.6079235418542163,0.0006895810615000898,109613.83340993054,115058.66494222544,True
4300,326.5550502294278,132896.7397852375,0.5494290103011523,25,10,1.9511755269836684,40.82464611136889,0,0,0,0,False
4301,292.20525354106644,123905.1248317702,0.50487575474507,19,9,4.9509428242740015,43.07437347887341,0.5240748743829406,4.8122309157907124e-05,220017.821984148,232306.3691062544,True
4302,343.0974497330053,140500.9963362203,0.6462567161370771,26,9,1.832760260598529,52.69288412944741,0,0,0,0,False
4303,341.3502520672205,148960.4890637911,0.5183196700044232,21,10,2.162925560107449,56.46662989887686,0,0,0,0,False
4304,300.0568135661365,145892.73014916535,0.36715943636266474,15,5,4.783986045360668,51.23206870464405,0.3842837358316219,3.774168945632167e-05,209925.2280996126,221830.08482994218,True
4305,293.8949114171025,106223.00440560761,0.4886251110272605,29,12,2.9113914781775296,51.84023703597792,0,0,0,0,False
4306,348.36986049893187,142794.68865163147,0.5720089672627633,23,7,3.4244153946700386,46.93838746667132,0,0,0,0,False
4307,296.6822852234946,137384.06749293848,0.6270817265166893,17,10,4.021171890054679,54.55147977500356,0.6569058635736714,0.000920755479057457,184831.5201690428,195795.5804719659,True
4308,328.49075154964066,146091.1148848698,0.6561045192668463,16,6,3.6482666552624785,41.0311738786186,0.6792144808197498,9.768627825542615e-05,173487.37848296628,179185.4525454779,True
4309,314.7625183750265,127095.76680459385,0.42537759966495337,21,10,3.3731758783325834,43.361713709341615,0,0,0,0,False
4310,314.84978380026166,146513.33682737747,0.5970006810343177,27,7,2.2516281818187602,49.135681425742185,0,0,0,0,False
4311,300.00168974284725,131708.0305080078,0.344182508634863,28,5,4.582530873541713,51.45922108148858,0,0,0,0,False
4312,299.71984014265576,100221.87908026358,0.6249749049150979,29,8,4.607985660141875,49.31925788057952,0,0,0,0,False
4313,312.93336234940716,107638.97709526651,0.321006303734193,15,11,3.9125811875304572,55.74353971421926,0.3372571518539317,0.004597772419071209,176735.70587204138,186891.9124823927,True
4314,325.78714927471293,130740.71346395461,0.4748479669446457,17,6,4.381392853101271,59.81556130565467,0.5004334591522757,2.411399140661259e-05,195464.55058675964,202574.230042866,True
4315,310.92181120660945,124143.05028936047,0.37399326977738423,23,10,4.046534444492555,40.917382745714846,0,0,0,0,False
4316,312.39992713696984,107728.4629519855,0.68378358518045,15,8,1.4791595958573058,43.43738967051622,0.709120134871666,0.0025086672029383883,92404.15437414547,100611.1699768526,True
4317,291.0760232009045,106073.09664909165,0.5862536813661257,17,7,4.548495960057856,58.96451680528585,0.6167681845880771,6.77737494875519e-05,203025.7008416794,215063.17521933696,True
4318,304.7288239568982,134026.72011580627,0.5825162826391366,18,9,2.4710140578187216,57.115033106734835,0.6118471148805633,0.0002556176941546,127208.60458435348,137152.2901056171,True
4319,300.63043401459163,147959.00991486284,0.640435630998641,24,9,3.3654256393056325,46.20494577104496,0,0,0,0,False
4320,311.59008770124564,113286.02904700377,0.5580450237281787,28,6,1.6737025590276475,49.189527238172595,0,0,0,0,False
4321,296.0963025904462,121388.97469449336,0.6892561893526786,20,6,3.5205149555470987,55.8111966032201,0.7225124796113074,4.475778238888608e-06,166547.16653176126,177297.12507707332,True
4322,346.134938058313,116398.74930119098,0.3997017278911159,15,10,4.246866089822414,46.07061094613883,0.41619642493668324,0.0024411378143174883,191915.2228418213,195955.05143212108,True
4323,317.58091001811124,117305.43183711587,0.6090474925773361,28,7,4.4135780371160545,51.23885172637266,0,0,0,0,False
4324,293.3345339203796,148355.2185007867,0.5299126862835477,17,10,3.1654747300044375,48.539563138381475,0.5525966630305483,0.0008862636677827032,153461.3233254728,165441.28087889007,True
4325,323.7157701342353,121759.14487969903,0.37528255740731886,20,5,2.350177278722753,58.0657486153907,0,0,0,0,False
4326,320.8833720600679,124286.72091471673,0.3450522696826181,15,7,1.8556596694102425,42.05292119333035,0.3581898868357835,0.00032967643928051706,104311.23004006264,113001.12559907936,True
4327,304.3720506158757,144259.42658269996,0.4599839548147092,23,7,2.1664172570118456,58.334493804803145,0,0,0,0,False
4328,316.2848923665245,112922.44886912743,0.360827550721488,25,10,2.0809765755102982,50.12416620050016,0,0,0,0,False
4329,311.1990899331447,149613.07852041256,0.3632500071951663,19,9,3.9073998317643737,53.7079484916178,0.38106246047885595,4.0610705056332124e-05,177632.05560926837,187792.73511497484,True
4330,328.1825228248859,103110.28224134697,0.3712055146947536,15,11,3.881735255114717,48.95266221665629,0.38746296843626854,0.005432532063293466,177626.78914484126,184937.49278094323,True
4331,343.7310074449943,119896.67497005068,0.4930525486708893,17,12,1.6746071486790004,51.7935423416383,0.5155137709345722,0.00664848517493019,98009.77037809862,101943.69629288389,True
4332,332.6653350553781,104851.65252745428,0.3144955205803074,22,6,3.0121508944879354,41.692421476248704,0,0,0,0,False
4333,293.6291620283341,108495.11042234651,0.5143153597668512,27,9,3.743102482430646,47.67519429607068,0,0,0,0,False
4334,349.6404478404873,149588.6782772563,0.49690010763920894,28,13,3.6956384824266193,52.938106931358746,0,0,0,0,False
4335,345.7103531834597,149992.36470979432,0.36513840765050765,21,9,2.2940646618053453,40.042449996074716,0,0,0,0,False
4336,336.3400800365927,122342.43260872415,0.5188159334681672,22,10,4.8531448554133645,41.41885610400155,0,0,0,0,False
4337,311.9561234351876,126591.52064889175,0.4221940531882705,26,13,3.1281310153108306,47.600477937472334,0,0,0,0,False
4338,335.61363536435306,130835.66778320452,0.6747084157647669,19,7,2.3458940163597486,40.70425354348234,0.698203453283459,2.8819694787732328e-05,124994.40691748909,129402.05131061895,True
4339,313.73763566789484,111807.89715902282,0.6950566290607988,28,8,2.573078143384465,57.18053506558181,0,0,0,0,False
4340,294.1097688112483,126827.86979590802,0.43602957811835275,17,11,4.326470382679715,40.45180403415574,0.45170720964781896,0.0011698943091619208,196435.75495817311,208831.25282240758,True
4341,299.33668012843265,113241.2323157649,0.6225036284901213,25,12,2.325822466263679,56.409664516907384,0,0,0,0,False
4342,321.1891047973869,116155.63740499676,0.5683166868301648,28,7,2.4482084354467344,55.12856987269551,0,0,0,0,False
4343,317.0308755007595,139508.67173278236,0.5040716749095421,22,5,4.883926525552149,41.639700591615494,0,0,0,0,False
4344,324.4052126867717,147252.62048597384,0.6952527306342002,20,6,2.8677688531143075,50.238176650569464,0.7252717473694525,5.387151505043207e-06,143279.87760289139,149485.0878447755,True
4345,345.93322407464274,126421.67250813973,0.5823853095277347,19,5,1.565461417614848,47.404402404369925,0.6065334894837784,6.613810386825662e-06,94885.18662072219,97961.10350189253,True
4346,304.54350336169983,139144.15640563512,0.42074755181300516,18,7,3.456266545132028,42.60240817936355,0.43679404998528837,2.3366600919672972e-05,163813.4194406767,174675.33923382318,True
4347,335.0118739450852,140292.07456556443,0.5106925755237661,18,6,3.647542060774305,50.779261892905936,0.5337219805824244,1.345014972124336e-05,170659.90916219982,176004.87087207616,True
4348,327.7568380749801,141531.56285442726,0.5425575125572973,20,9,2.5537338692851788,42.11981006426015,0.5625858321795703,4.20257763436148e-05,131808.17447131744,138201.73737019947,True
4349,301.31190938534536,104564.4150432861,0.6932713003098101,27,12,2.272348211517043,44.13464377883502,0,0,0,0,False
4350,306.1748294443573,147101.5701078707,0.40292324984079864,27,10,3.484378793838993,43.96765939464969,0,0,0,0,False
4351,329.94025139000684,116222.39468319502,0.6757260177836186,26,8,1.74524202086196,59.37433835581643,0,0,0,0,False
4352,303.33177862827955,136536.91451573026,0.3115872108718001,25,6,4.685441031452568,58.17153578233598,0,0,0,0,False
4353,302.3384726295633,135128.0369766874,0.4777344928710662,19,12,3.5929454818228663,42.57068495811657,0.4957403806330206,0.00068307903381521,169578.56813268454,180452.69150008235,True
4354,303.1863249531662,147766.2946944735,0.6792225486893222,19,9,1.541114395094038,40.95582524269016,0.7030009124337308,0.00020889862140769551,94920.72363203668,104600.1775323727,True
4355,302.36983120550167,134372.1384308204,0.6174892615666376,23,5,3.5229526761083143,51.80454383965525,0,0,0,0,False
4356,323.5805127070329,129719.02679806872,0.31857033519059685,23,12,4.40224135635135,43.04682837901971,0,0,0,0,False
4357,323.7817570139733,145809.09638236897,0.5430405158817933,17,6,2.580920621934422,46.01777969148244,0.5650150327871689,4.341536529394288e-05,132338.00503358958,139395.60494787738,True
4358,302.21226928631296,114303.83720674168,0.5732575321128509,20,9,4.515511461561697,55.43982729815264,0.6012905328279821,2.8287736660033597e-05,202364.72670281876,212750.85019460163,True
4359,312.6603904695116,139543.82862933722,0.5872703975915131,28,11,2.9418293652537324,51.48504651581345,0,0,0,0,False
4360,342.34931428539437,132303.46623164034,0.4546052928697781,25,6,3.8745999314986177,58.315189149547095,0,0,0,0,False
4361,343.8785626776409,132825.00101286446,0.6375228147842396,19,7,4.626902414158161,46.28956442651942,0.6630573771356174,1.4339423603276525e-05,208835.61838585846,212001.90543551507,True
4362,345.2558050178801,102341.94538586256,0.482440152154306,21,13,1.34233005912819,53.45032218357875,0,0,0,0,False
4363,342.636210559431,101514.54102173857,0.6873443808992701,21,13,2.863955664683894,49.248157452082964,0,0,0,0,False
4364,339.42510104428635,147216.68991679567,0.4643801904374224,29,8,2.8258676077606184,53.519933362997634,0,0,0,0,False
4365,302.09821703912235,116516.97779374005,0.6150781915908119,19,10,2.65442910517024,58.41240704811921,0.6466074493608742,0.0002618827720298153,133962.64793892548,144155.54487419734,True
4366,334.7659337881146,133593.39438255105,0.41249160790846934,26,10,3.5726299786216043,59.55027509517532,0,0,0,0,False
4367,304.0040465572632,105962.52309014653,0.3543649155155372,15,13,2.6344633269314057,50.25563243490892,0.3690386826569139,0.034073117124312824,131883.3226351171,143246.00683863758,True
4368,342.85179308025675,114340.72619835449,0.5149462551774994,20,12,2.742360982188777,53.622984490042064,0.5394918421927908,0.00043410748391859485,137091.65010058088,141064.9539311738,True
4369,348.2125898355532,146332.66865143937,0.5839570634634113,28,11,2.0710332679095202,41.371359846257356,0,0,0,0,False
4370,319.84705557361605,105509.72460669448,0.6051089842811939,23,7,2.845494400521434,40.196590216855846,0,0,0,0,False
4371,322.45985804949964,101226.74270472612,0.6693566426358757,27,10,3.23112217770999,45.02189653731721,0,0,0,0,False
4372,349.9576792649483,120688.06810977278,0.34599110567863206,25,7,2.7367568570569913,53.92128640548921,0,0,0,0,False
4373,301.5611854889056,107673.72280490841,0.3759941389893716,18,11,2.6222840108643615,42.551961636859815,0.39040043420690135,0.0006468101541618203,132644.48114517677,144255.2567282579,True
4374,292.282498464956,148773.29256633105,0.41890174362207466,20,8,4.823561544513556,45.537545707618975,0.4360297839964898,7.729752791112263e-06,213459.91246151747,226239.19655172096,True
4375,307.2370403592339,140586.06897893082,0.517156155061807,15,10,1.8021607886212387,59.342728362188254,0.5442230345919473,0.006891684960794179,102115.28245520509,112009.95557191024,True
4376,301.88111322067897,126232.08443538068,0.46495132746434437,24,5,3.9394465476037723,46.96663132365373,0,0,0,0,False
4377,319.3464341702721,109277.42716224262,0.4728083428204791,29,8,3.9462527966771557,56.021989907698824,0,0,0,0,False
4378,305.0395775375429,110673.99540392759,0.4466442637020712,15,11,2.627524397425426,57.021933519850634,0.46915739988543026,0.00939388963116711,131839.97516789602,142481.2296912735,True
4379,312.9714893368493,111673.34962835844,0.3388938894541956,25,5,3.725691742221626,51.41689262552411,0,0,0,0,False
4380,316.7836981528252,118764.92836299748,0.32020743420142933,17,5,4.093839810384792,56.28471142693493,0.3368233102136362,7.144819922782744e-06,183145.5243889575,192676.62787176276,True
4381,317.38324894638464,123769.99905917679,0.6060213531033845,25,9,2.6659970815417333,47.39404030597407,0,0,0,0,False
4382,328.0418975456093,123384.82546377191,0.6765808735666086,28,9,3.2970650509410717,53.053778511822216,0,0,0,0,False
4383,332.595685511801,118037.77626083606,0.4053874263403816,15,7,4.898889097454336,50.598867597264174,0.42392286920709943,0.00019610807360706184,214958.46769495765,221314.31528673225,True
4384,332.12019269807445,105493.91262834429,0.33462041335660386,17,5,4.273069519390812,44.894595751063555,0.3482935214923974,7.06652203617129e-06,191905.64515467314,198776.1898113752,True
4385,348.3497836795483,112711.19355005625,0.66974827835869,17,6,3.651836399670164,43.52324545365369,0.6947672766114652,4.52323619794131e-05,173293.9420765454,175522.20717086,True
4386,342.2617562747661,137695.87731044865,0.45497492307452025,28,11,4.632591767187551,44.08021168699911,0,0,0,0,False
4387,332.24214528547895,115032.99425580172,0.42211734997838696,24,12,3.396893843068921,42.98929039577729,0,0,0,0,False
4388,306.4681102876876,102534.91438036918,0.5273365517326101,27,5,4.3738071360492015,49.60093708282334,0,0,0,0,False
4389,306.6618463074035,129397.4427156301,0.6336180675001194,18,9,4.9032461347296366,52.970404840653806,0.6628416017767798,0.00015221612354064922,217681.54642892387,227056.95440977588,True
4390,310.96495106472275,128227.2752944191,0.6543627489268502,26,12,1.4671682779914792,55.59229893886571,0,0,0,0,False
4391,291.5230262745744,129407.89541706907,0.42702734580390095,27,10,3.922642696611107,45.21128404260752,0,0,0,0,False
4392,344.17692145864794,146653.484084102,0.6342534733558692,15,6,2.4083511632007326,55.160616210371856,0.664763008063409,0.00031089142639007927,125424.993702598,128566.24360124186,True
4393,311.56057674063635,134369.05026454007,0.3160751761502996,25,10,1.714927438309781,42.43906042765673,0,0,0,0,False
4394,308.0823819321062,116339.27499506847,0.3514251504928991,22,11,2.737840275950168,43.77179685635778,0,0,0,0,False
4395,315.7079607043703,133275.29690171042,0.5254327968912136,18,8,4.653291409409723,44.2866064647066,0.5459253810955184,5.415382580583012e-05,209046.6633941081,217522.5803242343,True
4396,312.3774121208245,136307.84388019057,0.6190163198330942,17,10,4.136632067578818,43.93372483498539,0.6425437885055556,0.0008604957984919844,190920.80159864767,199445.97480204733,True
4397,338.965789635343,105332.81239120767,0.30507205572431845,22,5,3.063221956388759,51.10762851598444,0,0,0,0,False
4398,345.61195693165513,123364.0933337379,0.4537465240431785,22,10,2.907735447887311,40.52035063137833,0,0,0,0,False
4399,312.11619585767164,134184.84758830597,0.44358021667878955,19,9,3.8112302038006716,52.008997360710694,0.46432595544134475,5.275498550366683e-05,175637.16347488647,185162.05028710654,True
4400,299.92800998939646,100214.8304446647,0.5809466290592951,21,12,4.169966853735287,59.573170702378036,0,0,0,0,False
4401,336.78865346653663,127546.90635346159,0.5639772497481892,19,11,4.725292887037335,54.417162231790364,0.591053948209912,0.0003030599305231162,210164.62263134474,214930.8659676403,True
4402,304.6043574893156,140993.06683554506,0.5281017464841865,23,7,3.528527869964914,44.638217999414486,0,0,0,0,False
4403,309.0511198365301,132522.9096925269,0.6552735456633008,21,8,1.4706144648965447,43.84324097916288,0,0,0,0,False
4404,302.9470396941628,127606.69629300977,0.6926781222335562,27,7,1.8312713745089046,57.27702964536972,0,0,0,0,False
4405,310.0117919305487,147482.24822217075,0.6890662875875357,28,11,4.2850548732754445,49.15430184382858,0,0,0,0,False
4406,300.319642652857,137120.39362638994,0.3535352874738231,29,10,3.877882582223746,40.18944498410355,0,0,0,0,False
4407,296.7138156825737,130333.04310753035,0.5981570666406271,27,10,1.3469803814750323,57.00773523867905,0,0,0,0,False
4408,307.53314588148504,125420.12058598302,0.43682742511661066,29,5,1.8169775990111265,56.57106717910783,0,0,0,0,False
4409,341.8713426832351,104928.35012998639,0.6894241288034273,20,6,3.5381072798961135,49.71972598534732,0.7189016223379489,4.370342987772116e-06,168168.66321382823,171446.21740903633,True
4410,298.83446247673714,131938.94302327977,0.6810548177679467,17,5,4.008966019058661,54.79165371052177,0.7133321093132714,2.1896353573902543e-05,184680.38647339257,195049.14365852068,True
4411,331.36394207248384,146344.98113546777,0.5969592919068873,18,10,3.27731973007653,40.14997615407602,0.6177193275734781,0.0004433713593352714,159388.21885930284,164891.7854183052,True
4412,339.8442542758177,147169.57317657542,0.39321789720386136,16,12,1.2837322497786832,57.24655588360213,0.4130716542501081,0.012702736217338055,82619.91380828789,87802.19926103644,True
4413,301.05221093413223,103439.51298038391,0.6743101632940006,17,10,4.829684842961435,47.758141940970944,0.7019961205667666,0.0008468518519309947,216338.08902717129,226387.33286808775,True
4414,342.83400852600874,122309.50743414414,0.686834031844736,27,8,3.710501000121636,45.224667413420136,0,0,0,0,False
4415,294.85020494130043,103189.43342878824,0.4491654240945355,23,12,3.543886722357512,51.181351834144834,0,0,0,0,False
4416,336.84665974268285,105835.98056028996,0.6774864525178218,19,7,4.014495595408549,40.96206668284498,0.7012216933467392,1.7718016681982234e-05,187300.11548276767,191486.4920979912,True
4417,333.25473249580045,144813.4264423034,0.40818440243840687,26,8,4.1491220468622965,58.096765543544414,0,0,0,0,False
4418,292.62779309724556,116969.49928947976,0.5978954299839618,18,9,3.448743096047852,56.05902154444194,0.6273401900967525,0.00019645588145519483,163322.37187675398,175059.07358063344,True
4419,302.0025567677075,122105.41494346017,0.6446153161942012,29,13,2.992228782939505,42.15821638312546,0,0,0,0,False
4420,303.20946588004364,102423.76782297486,0.6349234242116469,25,12,1.8839179512264703,41.787617380671136,0,0,0,0,False
4421,345.10173487714366,104952.9524576257,0.3350615949161209,22,9,4.965485728475253,43.82630715238465,0,0,0,0,False
4422,346.4806811613459,139466.8721011884,0.5010613146205671,26,5,2.5709605156564566,41.08865437001458,0,0,0,0,False
4423,327.15420344773287,143765.99755459314,0.32480547764487594,22,5,3.047089960944922,48.97892671197821,0,0,0,0,False
4424,297.73450808414003,144786.76651225978,0.3511576437937226,23,9,2.41956388356545,54.67470457202111,0,0,0,0,False
4425,338.00332594976896,117777.01696876346,0.3371796731105189,22,10,4.699235660757052,57.053387802276546,0,0,0,0,False
4426,342.39501277546003,105525.8050190721,0.47920855162493203,28,13,2.2137169829979735,57.29611263185566,0,0,0,0,False
4427,326.51226257140013,130815.63809238543,0.6167645157152013,28,13,3.526222518326721,52.72645430520284,0,0,0,0,False
4428,324.59833074358875,115929.13522330081,0.6391338368773135,21,6,2.085022308147696,51.712713928055614,0,0,0,0,False
4429,329.467021905144,131796.8957723572,0.3789925031368849,18,10,2.6990666596659434,53.672120581355955,0.3975022523551411,0.0002928447081410404,134095.29424297757,141142.74875676853,True
4430,296.65315315978233,112737.75875162877,0.40560460820474364,28,10,2.4521873023153793,46.773720650446364,0,0,0,0,False
4431,334.9894376152806,141440.98315656523,0.6769779781136542,29,8,1.7829793275640688,47.020008774552224,0,0,0,0,False
4432,321.25976311095434,120334.13683532213,0.5549160182816304,17,6,1.926504536390652,46.453974669506536,0.577545615911704,5.6696899052863895e-05,108180.75557085917,115595.01168126067,True
4433,317.1246987271342,109633.2852215578,0.5833072499110381,23,13,2.9177834616437535,52.02459053052185,0,0,0,0,False
4434,294.49757476773846,135650.84103833753,0.4506052327926539,26,10,4.324500187373557,47.91424965109424,0,0,0,0,False
4435,294.8744664990501,100482.98342293336,0.5536220417462012,20,12,2.2851988532395415,48.11512464630461,0.5770247346805139,0.0005497652373150409,121243.10435465278,132861.8912607576,True
4436,294.8139223100469,115169.44107841971,0.42625432718377326,20,5,3.3152973335515643,59.20158210134779,0.4491675625546917,1.067434197105818e-06,156257.17101523743,168615.98609521534,True
4437,322.3925549517145,130752.41171273775,0.31361150468344107,18,12,4.966090731989651,53.53787378510802,0.3290334902814616,0.0007237620452004433,214911.41677246493,223560.56562591658,True
4438,298.82768058938575,126631.25170430628,0.40429737788937115,17,6,4.2905958466783565,48.08883763367864,0.42183708272502296,1.9269295981253326e-05,193226.24231672948,205090.52612173988,True
4439,293.14156052801076,113930.91691783737,0.5071508590905052,23,7,1.7068279249792555,40.97995336055975,0,0,0,0,False
4440,298.43559438768256,107769.80125479898,0.5599010368175135,19,12,2.149454822760208,54.67990039784595,0.5868868335972801,0.001345767185248272,115557.62694550518,126600.99367961026,True
4441,332.38556462078594,102962.46565131377,0.4122268373954178,28,12,3.7630697860639337,57.83475125972792,0,0,0,0,False
4442,299.1570048828714,116369.15164379698,0.5023683402778462,22,9,2.2156389362499587,47.7550368347203,0,0,0,0,False
4443,296.7531539066363,146434.66143577723,0.495168537586168,15,11,4.962030996329872,57.38004093568715,0.5202917398921473,0.00635395140204944,217362.05048902423,229018.15246004655,True
4444,341.9624079612493,143595.69212845925,0.49643283539860816,21,9,2.1332854916658937,50.65359528710137,0,0,0,0,False
4445,300.01529193234506,138464.8905154524,0.4384468322190012,29,6,2.6267223807663576,42.232460449315724,0,0,0,0,False
4446,345.55321148774334,114590.41224071398,0.4057740257157575,17,12,4.821125056937492,48.154220740550656,0.4233019551900862,0.0022388285311671073,212618.09114439334,216725.9397700397,True
4447,340.2903244130501,148439.24967361067,0.3103368465136106,29,13,1.4505107765045973,54.72609370415233,0,0,0,0,False
4448,295.9086089252999,117228.7621730598,0.3696652160279045,20,9,4.577222462112254,59.4332412038113,0.38980940163559513,1.6264700100289335e-05,200914.8417259545,213456.82469956897,True
4449,320.3905485608177,136787.57567615967,0.3310082712957961,20,13,4.636501014172057,46.40866501030722,0.34500281546073086,0.000356398926230514,204768.10184071324,213631.45547163105,True
4450,300.4735183890641,112173.71685075873,0.3162792806853449,25,9,1.4035795161022295,45.98527710745415,0,0,0,0,False
4451,291.18529695953566,102836.76208409095,0.64743853392995,16,8,3.0760636598445372,51.877490145638774,0.6765666105046405,0.0005521912687101486,150537.85149663143,162237.25684718267,True
4452,309.34580177977824,101535.68800209058,0.4036177040306704,26,10,3.5645603551387213,40.368538225130855,0,0,0,0,False
4453,312.8281962264736,132547.51225977525,0.6632097952133843,21,5,1.9419165833471825,48.48336301424346,0,0,0,0,False
4454,341.0458378056293,126162.1156175219,0.5445177591299363,21,10,2.11053419719817,51.16421120819011,0,0,0,0,False
4455,309.6469395581936,111934.47540923655,0.5707425254800249,19,7,1.3965530421729295,47.30761064489982,0.5943990260830406,3.3523890641538e-05,88594.19841318458,97809.66124716085,True
4456,345.7719497281269,130688.71731225001,0.4973564993429433,15,9,3.1213539196634255,53.54771706952742,0.5210311145203608,0.0018787293535746635,150816.49206589762,154371.21884427877,True
4457,333.2810676692994,137651.38354428636,0.31557260861736874,25,10,4.483669073916684,47.9787812180455,0,0,0,0,False
4458,291.96590673858293,101370.22485369077,0.61354326069096,21,13,1.6419406920755097,55.2471746136421,0,0,0,0,False
4459,332.87052310534597,142036.4268831617,0.40455913349831774,26,8,4.572161451542383,43.7139518455083,0,0,0,0,False
4460,297.3178016458973,110892.10575476318,0.3250217539138722,17,6,4.70100514343647,44.58931531296875,0.3382294544611324,1.3619605489772556e-05,207334.50670748908,219940.0603385942,True
4461,320.9106562757545,124702.23310422689,0.5667962644459974,21,8,2.5438619038802823,43.88872648125593,0,0,0,0,False
4462,314.2840094669646,111569.54754449904,0.5804290506949488,23,10,4.6109155065466165,50.868255235857795,0,0,0,0,False
4463,339.77391622976205,147331.86126193806,0.5617786033185943,29,11,2.6439692382571827,56.308504849253296,0,0,0,0,False
4464,309.05916726990165,112956.84437315076,0.46927167062209285,22,12,3.409556714665782,40.38287015556321,0,0,0,0,False
4465,314.61982620142,100579.3201893935,0.5383378681389858,19,5,2.9705946737110276,50.47052444562836,0.5623527872107232,3.5573196276700534e-06,146088.58237144086,154678.1880229332,True
4466,313.5081816279873,108226.14362210935,0.5822390782213929,26,5,4.51374093463363,55.584722806314716,0,0,0,0,False
4467,338.37151736476034,131221.6549510546,0.5536887992053685,20,10,1.2606490389669225,46.15076865697816,0.5761151178032128,0.00017121908020190156,83584.97028904958,88122.21250948071,True
4468,311.9969349401467,105216.38480808078,0.688227733311711,26,7,1.752162689767587,46.1302721254754,0,0,0,0,False
4469,315.69836773270765,107832.56920990479,0.5157621379196318,20,8,4.989725143302483,45.60023124886519,0.5365344985483818,9.735332649093239e-06,221084.25355416324,229615.466193745,True
4470,304.3356262910085,133538.74814899734,0.6443349173219232,18,13,3.791228980236289,43.3000093600898,0.6681983440075397,0.005004754366680981,178371.37341498196,188044.85598938933,True
4471,315.1952181456598,120965.21317329268,0.5900930748595083,28,13,1.5834211544872787,45.73811885700923,0,0,0,0,False
4472,333.2282909577983,121058.81517837198,0.672289064077745,16,6,4.752581920216131,44.716335591364285,0.6981049118331163,8.190765037444592e-05,214076.42999595666,218907.506632918,True
4473,341.0615027542565,108613.27387790517,0.45219302926132643,18,12,2.457335168399775,59.82250035822816,0.476547869990252,0.0020272830055822477,125371.75572127907,130006.58297028871,True
4474,297.60866665033234,125885.35326231795,0.6957718025453415,27,13,1.4496696739893806,42.578653569770616,0,0,0,0,False
4475,339.2681465804789,136017.52948858094,0.511020447199767,16,9,3.32840276607219,46.442996433842595,0.5319821480202327,0.0008071450055299001,159591.08000565413,164198.5345477788,True
4476,294.12985258938323,146363.47828172852,0.3235122288384267,25,9,3.497546084725488,52.82862611994917,0,0,0,0,False
4477,322.6629781828921,123841.75620039139,0.61177077010909,20,10,3.6197102315613474,52.81144564530449,0.6400092615705588,8.535799851415557e-05,170225.28504333465,177125.8130207909,True
4478,303.70148754270224,101778.91447744724,0.34952382707777035,19,13,4.554509295325122,45.32059569287169,0.3638756170051442,0.0008681582488953368,202368.9932331262,213813.59646360506,True
4479,316.25480124817545,119476.47882610289,0.46368596108246346,29,6,3.515081160605952,52.7367170219696,0,0,0,0,False
4480,301.93277315657645,146953.04132560117,0.5422474296835526,23,13,3.9383279314962643,45.79155402264146,0,0,0,0,False
4481,321.1272355109087,129028.7947775941,0.37060339374298246,15,7,4.280763063371651,58.54639131573533,0.39046814561985144,0.00020039735876242477,190411.03332656162,198908.495115651,True
4482,332.08194322120283,115159.60572242845,0.6474836466147389,27,7,4.930877138658176,55.03093494504889,0,0,0,0,False
4483,321.48346796155687,135216.93740573345,0.5832233612961514,17,5,3.081795781850079,53.13622752086211,0.6104561430385648,2.018078203917804e-05,150161.8937743349,157399.87108747833,True
4484,330.23479678717024,119169.60660246474,0.3411479227896932,29,6,2.2691594581832595,41.1800409712754,0,0,0,0,False
4485,290.66828863623226,105399.84324395916,0.49237268315334015,27,7,3.1018718211492535,59.063787567689516,0,0,0,0,False
4486,316.0372101261929,135857.20316464407,0.3973712872935995,16,13,1.5906976574187217,51.276004305398004,0.414677707219134,0.024778590416370618,94289.69177275569,103449.08501275195,True
4487,331.21119567390133,103934.71468003294,0.6573332081167509,24,8,2.523069291946672,48.342858504936125,0,0,0,0,False
4488,339.7208859955737,108872.52357394964,0.4235610248150244,28,12,2.949193140097472,44.82314141023527,0,0,0,0,False
4489,321.6624517888554,130385.4030149101,0.32467403156205815,23,11,2.183364230661434,48.878948405952066,0,0,0,0,False
4490,329.5304121897626,128562.73599484737,0.6520589396567753,25,7,4.022630181963348,48.80950330244635,0,0,0,0,False
4491,319.9103472765746,118675.00275527468,0.3205606693902918,29,13,1.8425082575616516,52.20734016471613,0,0,0,0,False
4492,330.9721460267906,110861.22086796764,0.6622437952595329,28,11,1.5392892933313522,47.69499698527651,0,0,0,0,False
4493,327.8076681204048,118272.79146756764,0.4651995872501153,25,13,4.115475492674978,52.18154172434272,0,0,0,0,False
4494,300.1750512867908,101047.64266874015,0.6831498016706995,17,5,2.7897368132491076,52.307323060036616,0.7139803149244324,2.925267933468686e-05,140066.78407681524,150216.9336266698,True
4495,292.8554471897488,124118.27364646236,0.5571341008400043,16,5,1.7278674087791175,41.477501554533035,0.5773240803953055,6.171519095736556e-05,101319.82144101421,113218.88453963223,True
4496,330.31034248658545,100905.73566290019,0.5671045795655145,23,5,2.3559483029891837,53.823276905156405,0,0,0,0,False
4497,340.54899862023166,136588.19492872484,0.3814855350505788,28,9,2.32271502996957,58.89638514475469,0,0,0,0,False
4498,316.7225751947414,146254.40778113765,0.5243881912003648,29,10,2.0239591221927853,46.348106882714866,0,0,0,0,False
4499,292.7956603403536,145039.73853425728,0.6716256766299276,18,5,3.2156621980788556,51.177367391085085,0.7013138024152611,1.1108485817185674e-05,155922.50215637605,167254.28968391364,True
4500,298.0059587019789,110667.12721779809,0.6653365410803072,24,5,3.926278902193679,54.441263875656034,0,0,0,0,False
4501,311.39010721606127,121512.66664805707,0.3197086752514626,24,5,3.28326827423256,43.85387589378413,0,0,0,0,False
4502,327.7378466827408,101430.30489225825,0.6007807489588375,27,8,3.4967051107534433,41.529047756054766,0,0,0,0,False
4503,310.41358113746725,119077.8423388774,0.5626681369977868,28,8,3.580085918796594,58.39349330162768,0,0,0,0,False
4504,344.2974633291213,103673.52502603692,0.633280723762727,27,13,4.3139308436046555,40.78424838090952,0,0,0,0,False
4505,325.26949932436435,134585.9736487303,0.591577414588105,20,11,3.6680824193151764,59.320482586800466,0.6225295787230711,0.00018403791362536347,170795.55403375922,177372.77449558218,True
4506,344.09886955015105,135057.83875778338,0.3808688045697466,15,6,2.2294296562968077,55.1418875715743,0.400006116917296,0.0001545231477889161,116929.03438378674,121445.32705790788,True
4507,299.36334580434175,112418.5659803583,0.4915442434847039,19,10,3.7526508529647105,47.7982925373056,0.5124171862431716,0.0001357994412391858,174788.380849576,186055.43489097123,True
4508,338.35129809897,112333.34125163918,0.35473830730102984,29,8,4.367705033772348,40.529631256718304,0,0,0,0,False
4509,332.0363805190319,121990.48284410838,0.6146641219258593,27,10,3.03997423142193,42.5663626173229,0,0,0,0,False
4510,294.88826440013895,134963.07988719826,0.35187984671122907,29,10,3.5834100773356727,48.05595358218773,0,0,0,0,False
4511,305.54002818778855,128048.37751357538,0.3097138241825042,28,5,2.5430913156736317,58.492995152461674,0,0,0,0,False
4512,318.714252442656,145656.11233029005,0.5738279352475961,22,9,2.4553401362470506,42.271596882658685,0,0,0,0,False
4513,324.8577162399689,111001.47671879228,0.4272635536210713,21,7,4.297889953899482,45.04584203016859,0,0,0,0,False
4514,322.02743708001384,141070.663166786,0.6188335639075332,20,11,4.182558233521584,45.99814016724338,0.643531871360444,0.00016746925923098545,192252.81298339774,199212.62191192378,True
4515,343.1382747907877,145179.77103745536,0.530705709967529,16,8,4.7973383662332285,48.78500829392436,0.553566699493714,0.000275825350060223,213541.59887820258,217374.25984637352,True
4516,292.42190131822883,138729.2853485806,0.307158098362177,19,10,3.305109844116787,46.06387831087614,0.3201054976103594,8.42593034188702e-05,156058.5873810997,169539.4864416581,True
4517,292.3465966676949,142953.5055220452,0.6581399037744879,22,8,3.4150683658467536,58.28355568125427,0,0,0,0,False
4518,321.89858884392686,131942.38837272042,0.4546458656064776,25,7,2.476048358413868,53.627234490349224,0,0,0,0,False
4519,301.77811726191595,108926.20510725786,0.6557369035463538,27,11,3.469001057759402,47.35467184429892,0,0,0,0,False
4520,334.18117228281324,109826.75159513997,0.42974872128056774,24,11,3.0946824100749755,58.96806406772117,0,0,0,0,False
4521,300.3935886957329,123796.82016909742,0.5102171225155727,16,11,4.082610638980735,50.39316304226956,0.5328907306776837,0.003443377508819116,186700.7710777246,197703.52367351847,True
4522,340.4042502357398,117487.95197290307,0.3225956504742608,16,8,3.9097163032505255,50.33033424020576,0.3374688552172415,0.0001788033216094458,177558.6026290797,183083.80657940387,True
4523,338.1175877450112,125124.87701036711,0.3684434840537578,24,7,2.2473139499182184,44.67991369650686,0,0,0,0,False
4524,315.36687489739387,138691.15973367015,0.30936032807262015,27,8,3.786461234041674,52.32882283289446,0,0,0,0,False
4525,294.30922177494796,148702.84248621482,0.6130250104914645,26,13,1.221281308449353,46.37435701718911,0,0,0,0,False
4526,346.33070809665514,101834.44060594782,0.45328020764609106,23,12,2.3449325851011125,56.790313801053294,0,0,0,0,False
4527,296.36010961027483,101395.2021951813,0.3792536053662983,29,12,1.6869252624400195,48.52910915595474,0,0,0,0,False
4528,305.30257521274075,143696.57352709892,0.4892923084717764,20,11,2.7862020008228336,41.82947471181221,0.5073847469823667,0.00017090661632818575,140000.3109500094,150340.43402098253,True
4529,291.939909771073,137426.75253339132,0.5860330660647266,24,9,4.062102965041933,42.35991424071206,0,0,0,0,False
4530,327.5243193643267,146927.7127958166,0.49961880594392927,20,13,2.2596008577301925,48.547243533246416,0.5211110891541781,0.0010759271293474364,119859.40853423698,126529.13965668762,True
4531,320.78156956794015,139634.76682885154,0.5711683458671402,19,13,4.840205832241352,46.67116477304084,0.5944489043366812,0.001510259503200243,216032.00413449752,223438.72558378466,True
4532,330.02629209686154,119573.1907396723,0.5359459433407339,26,11,4.6025484587353045,59.519513927221624,0,0,0,0,False
4533,318.4303324201379,122457.96256668119,0.5393253971790032,20,8,1.7714820970404772,50.920398004779955,0.563595643379766,2.591058432952447e-05,101932.908331107,109898.6508720823,True
4534,318.88551762806986,109200.1250423506,0.49111337320851145,29,6,1.4331999204257728,55.22546745464179,0,0,0,0,False
4535,292.59134240933463,108778.84327955003,0.5839045938900691,26,12,4.662660851148152,48.5061067707247,0,0,0,0,False
4536,301.24721129519514,129424.99135840242,0.4301727479593096,15,10,4.189586659777066,50.84558836636798,0.4497436727491046,0.0027187473400812337,189457.79953624628,200788.54526971045,True
4537,292.3572142751833,109997.9054955095,0.4501359014964753,20,6,2.6338620371841417,47.55324801592488,0.4692899271479175,2.8605789338743602e-06,133277.16273776192,145862.0288479536,True
4538,311.80007482488367,122407.16500169186,0.6753244342840408,23,11,1.2377997895107287,59.941229124565524,0,0,0,0,False
4539,316.12389309890403,148600.42674644216,0.6131423909481608,25,6,3.987913053506012,40.25022057998584,0,0,0,0,False
4540,294.2878265937558,149327.60588072357,0.5834069090975036,29,10,3.6744523440184382,49.91270817590822,0,0,0,0,False
4541,310.3804431697648,126304.10806897421,0.4018754333531219,17,6,2.3973609867896704,47.98415602089759,0.4192771209938781,3.024725351098263e-05,124066.68071928456,134117.5853265494,True
4542,348.05957153961185,110112.64411918809,0.3678925828197791,29,5,1.2159498158525932,52.203632021230185,0,0,0,0,False
4543,323.41300216168884,129122.92598650287,0.5718813239723743,26,5,2.677660089323634,56.49638619468159,0,0,0,0,False
4544,345.35286849634616,102987.21037490785,0.5198126674192963,25,10,2.4410890597228816,59.88379247665127,0,0,0,0,False
4545,347.85349164416573,126298.39762057406,0.6680140917877232,20,8,1.4248309274419853,56.59276016314058,0.7008399110862406,4.732587759165007e-05,89215.08008776656,91557.53588534203,True
4546,293.9597300584783,137147.26156399574,0.3768801459341871,19,13,3.7423777367384083,49.97896207154787,0.39393099876831034,0.0011247065983986096,172478.9153929474,185268.14214863305,True
4547,339.1785679059096,119639.00419614115,0.5133321502369197,22,13,2.8410517182712125,46.491186161764574,0,0,0,0,False
4548,311.16366997779596,143863.7049484165,0.531173367415686,22,6,1.2671250503843967,53.73833902152144,0,0,0,0,False
4549,325.6670672180354,113850.9085041657,0.5145602257756102,29,7,4.060737247653594,48.4318987986507,0,0,0,0,False
4550,293.0644231394901,100812.54608822733,0.5524441019142904,21,5,4.666086675401399,54.4917899785725,0,0,0,0,False
4551,293.64561343415187,143443.12656635174,0.35890661147649705,22,7,2.5017762390223366,54.295143446367256,0,0,0,0,False
4552,326.4340799261699,147587.17538450027,0.4254738765068077,19,9,1.2123302568799028,45.40417226045162,0.44279367553625626,0.0001151337835959186,81145.69219817172,88417.06030876016,True
4553,294.9092142938106,103687.72426773356,0.36542596035203523,28,6,2.0739947060073494,42.252780218317795,0,0,0,0,False
4554,314.0997897525788,104791.91207949992,0.5583407655146222,29,7,4.849350988553737,48.158975927757346,0,0,0,0,False
4555,347.45977546983755,134848.0428716419,0.6723873402259907,19,8,3.232517804682524,45.14912484320763,0.6984674163047029,4.820942641901022e-05,157444.9904142565,159818.65133491787,True
4556,313.3210261368224,141545.7984875019,0.3020644393077171,19,10,2.73582269051421,41.47218651709863,0.3134891458784588,9.437441677766671e-05,135926.4497629901,146137.23950510874,True
4557,326.5989831346384,127234.61890731707,0.39032720816181543,24,8,2.0475699053388916,49.96391583126548,0,0,0,0,False
4558,298.850079615682,111076.48797632086,0.47814764947836486,26,9,2.1380574257323905,51.047753422881996,0,0,0,0,False
4559,313.49582505702085,119940.07698474698,0.641562987027304,27,12,2.176288808858513,48.75981279597772,0,0,0,0,False
4560,296.3233628088598,142718.55795401376,0.6689112306113668,22,11,4.486816340244535,49.99220848184216,0,0,0,0,False
4561,344.022790651934,134526.093267255,0.45388899154793466,28,6,3.2433550869323504,51.21608972036501,0,0,0,0,False
4562,314.60186950283463,148330.17360143934,0.6109129176974606,16,13,1.23310541650373,42.360225905774904,0.6313334137088037,0.054486637157539416,83115.10495660547,91309.48831484045,True
4563,322.863663348613,106459.10299449386,0.3598261857337042,15,6,4.637959977859873,48.88800681777434,0.37582431697660335,8.026663174944034e-05,204931.5198591827,213204.32885345505,True
4564,318.1392705272773,109381.45253284,0.39116606687437927,25,10,4.815815885110742,48.25982302955552,0,0,0,0,False
4565,320.7601756096437,115994.69869655749,0.6256570769892791,21,9,2.690793389148254,58.38673746266239,0,0,0,0,False
4566,307.71639162593266,141738.16362209315,0.664050371223744,24,8,4.99970368103311,50.70172591975299,0,0,0,0,False
4567,314.13053259575497,126588.68735289428,0.4827470428342384,26,12,2.0506268319671728,53.74537260741558,0,0,0,0,False
4568,324.12807525487494,112961.49973112425,0.4983884215588186,17,13,2.853092577566944,53.79657103583566,0.5218263140734104,0.010155452864124588,140982.10280394414,148231.1965688577,True
4569,335.3264310614155,142380.19136460478,0.3987749004480751,19,10,2.207318071709776,42.64164942044959,0.4140492811339052,0.00015669581962677315,117678.55053171563,123599.89620156588,True
4570,295.6782027705654,135221.42101454685,0.6164237903447595,25,7,2.621035112465365,41.53869569012874,0,0,0,0,False
4571,328.15642326246007,127482.96850441014,0.3235368265156938,25,12,3.8133331665205974,54.689193139808495,0,0,0,0,False
4572,334.3399362439212,142640.60796821013,0.4772111600296689,18,12,3.8537974477391463,41.23389303196179,0.49458547477212866,0.0014484438125883384,179426.05102044035,185059.89434909998,True
4573,311.69078927428984,149500.58174657315,0.39518300428804926,23,11,4.414701621997882,42.23724430482,0,0,0,0,False
4574,302.0154917769123,111782.52331302779,0.34200140157605463,25,12,1.4150897000491198,55.11243200587758,0,0,0,0,False
4575,348.9761540300797,127956.25181453461,0.6626773953194525,29,5,1.7425051009478136,49.598303833913135,0,0,0,0,False
4576,312.23731088825843,146895.19812812892,0.4859685274466984,19,11,2.9976441249967154,50.990221922806114,0.5080559114162492,0.0003684773783366499,146527.71964043242,155788.261224284,True
4577,325.55836705304716,109269.79815012243,0.31160332549931985,15,9,1.5794268556746558,48.646164573885144,0.3254275496868187,0.0016420845334543248,93323.16389781475,101456.31025837988,True
4578,329.20180326929153,121794.46103146498,0.4305045654347707,22,5,2.984490403030027,54.69458468236544,0,0,0,0,False
4579,298.18964658198183,132793.13027915958,0.44349588549981256,27,12,4.640642015868781,54.64070201647198,0,0,0,0,False
4580,291.8397060249731,110369.25980138205,0.6222709500061768,17,12,3.573308801036551,52.41091728749912,0.6504842818134698,0.005106793727540308,168658.56078460938,180384.44408752146,True
4581,318.8740848240569,130046.64700655275,0.45007690516861826,19,8,2.366039698619141,40.63908552628973,0.4663410655410996,3.420541052650086e-05,124250.06994335365,132628.68756547512,True
4582,295.9592827639134,118326.06517586438,0.4851235424905668,18,11,4.054298882307667,40.74624615447192,0.5025765309272041,0.0006259998761748988,187024.94885502307,198848.53543966048,True
4583,347.7192688732127,100559.8175690945,0.6733529432238851,25,8,3.7837664983510324,58.97905454948056,0,0,0,0,False
4584,319.4541119214906,107688.8495203799,0.4888200669857179,20,7,2.8603865924023797,59.67779648016361,0.5150337038019605,6.996566243952986e-06,140371.53963175192,148450.95605149647,True
4585,334.2148382049979,108275.11573733758,0.6850079836462561,24,9,2.147057110387664,40.43534782907125,0,0,0,0,False
4586,330.68250058279364,124741.44337166993,0.30365813595587,21,11,3.535250617850494,44.82839454818957,0,0,0,0,False
4587,292.8311431810341,124675.90234058138,0.3611055757818178,23,13,3.6391035935471576,53.56828180496443,0,0,0,0,False
4588,330.14415326931004,116628.30514806887,0.6638929879047668,25,8,4.616169423637456,41.32049704493456,0,0,0,0,False
4589,314.2496806715791,138388.68734810848,0.42823194187313945,17,12,1.2910647010575933,57.65842523682224,0.4502734626209409,0.00644504854148553,83095.98665930267,92368.73158311435,True
4590,322.5779977797797,134289.57640451577,0.6198969444312691,22,13,4.065525875384833,56.88679112506503,0,0,0,0,False
4591,349.06176874338126,128551.84139910818,0.589090532631303,27,13,4.624271288642571,48.41435292359916,0,0,0,0,False
4592,305.6734899811636,113986.62912590707,0.690867034572284,25,8,2.3815043611729205,49.54162580523227,0,0,0,0,False
4593,328.77600133479837,124022.87651098671,0.6289779841700067,29,5,2.671622086436304,54.697474648278614,0,0,0,0,False
4594,324.24566514325664,110327.17708976111,0.6304818203955107,22,6,3.2684397789051376,56.66128431656617,0,0,0,0,False
4595,348.93028480575697,146794.6450144658,0.3237049362171713,23,10,3.5506624086745653,46.50400864505896,0,0,0,0,False
4596,335.873787510629,136152.24855241377,0.47853809954883264,17,13,3.6552726887665115,44.586454893242575,0.49717967634845894,0.0077519047342787415,171572.22769168075,176938.5899319213,True
4597,344.41896371741996,144239.0991787028,0.46034569583022233,19,11,3.950550226460252,47.93400698865514,0.4800505374860063,0.0002698783073986658,181643.13228581953,185633.4492933882,True
4598,291.6206735720062,101123.17631154801,0.6708108967718133,22,8,4.028927982409221,46.3540721117492,0,0,0,0,False
4599,319.4873177383694,119626.1391499876,0.5360046102949502,23,9,4.858916856620789,58.65937673416781,0,0,0,0,False
4600,335.7159256426089,116460.35725341315,0.31905165353758624,26,9,4.9873577280441905,50.13359874828567,0,0,0,0,False
4601,337.208270923805,147947.3645505138,0.3078898033421227,21,5,2.79123904774512,55.93276682464817,0,0,0,0,False
4602,333.71425978274925,101655.37314165835,0.4408449298003646,24,10,3.4271122080164975,50.92781089266583,0,0,0,0,False
4603,313.4124483928004,120454.05093043514,0.6228790412885634,27,6,4.431669676783216,42.799497558126575,0,0,0,0,False
4604,341.38625328849446,108915.34381577926,0.5162380789990415,27,12,3.6214879015030235,47.35844430790565,0,0,0,0,False
4605,332.1948200779568,134647.47808590176,0.6736715597656863,22,12,1.416399537555347,51.95445818223648,0,0,0,0,False
4606,322.27530355703124,147060.59543144197,0.47212571469476156,29,8,2.730175519250012,52.33256758750248,0,0,0,0,False
4607,331.96694564604934,103819.54646131097,0.5593898873027334,18,12,3.864606207672302,55.63383911087027,0.5868228884052732,0.001834458902968479,178323.7762529228,183938.08465557036,True
4608,320.55957218383685,110719.08149224066,0.5719763229049701,17,5,1.4509398812036791,41.49196912796084,0.5926597290048571,3.263107963546011e-05,91104.47276741997,98539.88040953642,True
4609,336.09234467388603,143997.01139773958,0.40858739234207286,29,5,4.490332927782595,59.26603142498417,0,0,0,0,False
4610,305.22360766701377,145733.58396623103,0.5459512437796674,17,5,3.581094323973243,46.376365800810014,0.5682126547462742,1.570844469397618e-05,169272.05323931322,179316.80350760536,True
4611,323.59280441054864,140326.7970618333,0.4920509307911165,24,8,2.8438164217392634,51.66376346413131,0,0,0,0,False
4612,324.9836886126159,112942.8983568703,0.565700823538033,18,10,2.3762205288646148,58.53136164042336,0.5949975063947732,0.0005698907962905438,123464.60945698449,130221.32832724806,True
4613,336.1280211451898,119698.86236172327,0.31583235952843725,26,10,4.194368986308787,44.371387187059824,0,0,0,0,False
4614,309.26533266171805,120730.8357501368,0.5772881204274398,19,12,1.7870626433879835,59.853774087038076,0.6077766071960811,0.0016649617910287988,101852.39196627846,111108.8107881569,True
4615,335.05340502938066,108442.61331122974,0.4624109039989131,26,9,1.3202083771291548,57.22752589094021,0,0,0,0,False
4616,317.8855895542743,149725.24451313174,0.4675812063098621,24,6,4.080176896109129,42.06737969580088,0,0,0,0,False
4617,312.7753887305719,117096.40672186954,0.5677087876651754,17,13,4.485206653704136,52.27888307744817,0.5934629534579872,0.008220705092795436,201805.7276107029,210539.30916209848,True
4618,322.64538333065576,102484.9801551049,0.47079587992742955,19,13,3.8636452566779775,56.173552187651495,0.4944846138777083,0.0014617112105064234,177216.8953280319,184870.46092327198,True
4619,325.1446086011852,129249.76903418667,0.5201897704390839,24,9,2.749078373046747,45.505467567754025,0,0,0,0,False
4620,323.5711895129394,101218.77423987463,0.3697284205317651,27,13,2.9935608895098174,59.34876906500672,0,0,0,0,False
4621,294.51441275696607,124353.2533050858,0.3849427688397873,17,5,1.2542845022708597,46.988709186639085,0.4012978810297484,1.9689497084286396e-05,82276.72982259312,94929.06759377416,True
4622,310.11094305638915,115983.16699816308,0.5907510871254107,17,10,3.168482155301459,59.473644319878396,0.6217023583182902,0.0010630906151342643,152489.02149811562,161541.6104869214,True
4623,297.0586028582252,119551.62856386096,0.40620198470137486,29,6,1.6341720690879122,54.310098142920616,0,0,0,0,False
4624,346.2517856187807,117443.66460412793,0.5806024322471,29,5,3.2082142881338855,49.61814701854802,0,0,0,0,False
4625,304.83988440860355,130973.25332792217,0.6665740222294788,17,5,3.889007546424084,50.975700558808796,0.6959434227082734,2.1183513157557917e-05,180832.9470957053,190331.08717086498,True
4626,335.4482942760053,112393.97323319575,0.6386473944713991,16,10,4.90241783464825,55.25062823709934,0.669326711799633,0.001771343052620764,217224.47219095577,221852.89958257525,True
4627,317.91801550334344,134439.85814394918,0.5068658079490433,24,11,2.1625951341800445,50.48324143296827,0,0,0,0,False
4628,339.9485838858433,142142.50546559333,0.56970884658032,23,10,1.629975674096415,59.00272433632594,0,0,0,0,False
4629,332.61798131314043,148273.44463219665,0.6666987125752508,15,12,4.958092508345565,45.765069148594044,0.6921382194057599,0.020689813138306815,221490.4337119812,226445.8721452332,True
4630,300.94920822698344,104553.30258853293,0.4030946884831992,29,12,3.5430966568299587,53.1239500682686,0,0,0,0,False
4631,324.80331526852683,119172.65592130926,0.30134379056599175,26,6,4.65688497595869,50.796131348456,0,0,0,0,False
4632,333.4180823559845,139011.04134905146,0.5874025166572994,27,10,1.7214389344752195,55.75449928618106,0,0,0,0,False
4633,347.18782172505297,137066.42353575086,0.5172055193613364,21,9,3.983250499377122,57.86386508685541,0,0,0,0,False
4634,326.44707924462745,125697.61969802342,0.688779172734561,29,7,3.775406000282988,48.83494447130903,0,0,0,0,False
4635,321.8190760468254,148059.81622853328,0.4548986656061301,17,9,4.763922934027332,40.94487478819311,0.4714448815200426,0.0002228428625600821,212780.1358473978,220644.46060235833,True
4636,294.9850386194532,141383.92774811722,0.6339786690511829,29,13,2.5637583520790903,49.501172481009256,0,0,0,0,False
4637,333.751846145196,149403.3096553711,0.49620960918987045,25,6,3.983932424639259,45.16760500676543,0,0,0,0,False
4638,326.94886844801647,106006.02342760829,0.6321757660245213,21,12,3.4525837385877134,40.07858770184479,0,0,0,0,False
4639,347.76278148853373,125833.2299420833,0.6524342944307193,20,7,4.530876031786255,54.14146450491913,0.6831275626398758,6.882439895961698e-06,203864.19212740744,206288.50777898592,True
4640,349.769677354091,117724.38891481169,0.39065595524287483,17,9,4.129599778394505,57.92186364150699,0.41128948032679796,0.00021753919341933444,185407.203664559,188865.49086477802,True
4641,314.70845519859364,108151.20726324622,0.6522351577201245,21,12,1.7412989607149503,40.33439012413287,0,0,0,0,False
4642,293.0215289592274,114627.56089852881,0.5779135144693788,23,9,1.375522262578644,54.80125504712821,0,0,0,0,False
4643,292.7969801529308,132135.7373356794,0.636669832468733,21,13,2.212253997384985,48.82877855423774,0,0,0,0,False
4644,348.5093338404193,122871.01056903088,0.6700547974311516,23,5,3.3264704037025234,53.14671823497689,0,0,0,0,False
4645,310.7833204801606,146457.5584710653,0.4502031948744633,16,6,2.1654565070714793,54.36430482939947,0.4722322513843504,8.75415324851942e-05,115360.55307180244,125062.35044268865,True
4646,293.32163104585516,149902.333876511,0.3791189220244453,23,12,1.4645665288308687,49.624473795849525,0,0,0,0,False
4647,328.51437411000916,111381.20971663429,0.617682506749049,16,12,3.0362327057631684,52.65550019245633,0.6454789173009111,0.01308009556788372,148796.1375146737,154691.93395775856,True
4648,331.8851505225235,143505.38496282874,0.3374037059993646,29,10,1.4773034423604612,50.215798052029854,0,0,0,0,False
4649,294.1447969103752,149485.26429204305,0.5671548666321615,17,9,4.735709273033705,58.6804577746648,0.5966117010906448,0.00030862358864821015,209734.28320811604,221400.93740948808,True
4650,308.69940560428665,134048.82415984845,0.4966292437918134,17,12,3.0076640774480516,50.55296541820162,0.5187814126802135,0.004299052118919095,147063.33523832296,156831.0711435097,True
4651,293.52950745874546,126443.44402252638,0.370865351654889,22,5,3.089570350454922,58.92528634853973,0,0,0,0,False
4652,324.87049718919735,145465.3925596291,0.3603814215832525,15,11,1.5895310420496034,40.09371235142321,0.3730701433594487,0.009652878356341344,94905.47654877535,102830.74806928383,True
4653,295.3951212898174,137868.91075415094,0.4780259318333787,17,7,2.0161835697285224,53.66985738258925,0.5009928953271238,9.926701207855219e-05,110215.45659574892,122177.13350920663,True
4654,295.2331232599922,130406.78592374765,0.6324765595119772,28,5,4.2991161968564775,40.59706050635418,0,0,0,0,False
4655,306.7486814837909,133392.68842007586,0.3517089952612294,22,9,2.807782685260124,43.5851780268645,0,0,0,0,False
4656,341.03366444482856,148800.41990760557,0.321182629330679,25,10,1.6702292309123843,59.227997094019216,0,0,0,0,False
4657,312.13083450606496,118654.37117044846,0.5698685186787331,21,9,1.405810629095376,40.87986203288696,0,0,0,0,False
4658,349.70490819789615,116434.2469143146,0.6184368472669373,21,6,3.070521271905939,49.83960574579671,0,0,0,0,False
4659,291.89245734286226,117578.96370143033,0.4033339104247837,25,5,3.596495141648367,55.20089509438809,0,0,0,0,False
4660,302.0604937657346,134382.8881413653,0.4212441960968899,24,6,2.4303389771997423,54.43045367506403,0,0,0,0,False
4661,349.3414579404057,109331.08030505855,0.5341936156105819,18,11,3.3423919087711997,46.39080763028772,0.555992716976969,0.0008527977109443596,160341.69553216622,163065.05529206904,True
4662,320.6534889166907,114171.27632654856,0.6092608967703967,15,5,2.447364906190611,57.066902486706375,0.639774103541562,0.00013400076698187225,126502.4737286611,133752.5867266679,True
4663,332.88507877151824,114266.30345386459,0.6039451195682771,27,7,4.529811145594785,47.55710852386828,0,0,0,0,False
4664,323.47774465308754,114942.04067283428,0.6800924669790007,17,7,4.534983297690745,43.837326828174255,0.7056401986493329,8.195285689776153e-05,206198.96012981812,212622.981408094,True
4665,321.8314602858211,117930.53630434514,0.5062240997633635,21,5,4.113011190375181,57.831590129022906,0,0,0,0,False
4666,300.6049468487971,104327.53301538336,0.441843413598497,22,8,1.39446720393452,45.6093431586139,0,0,0,0,False
4667,320.0777562091459,142892.72485417992,0.6835870228213484,20,11,4.670089298305635,53.20650361051352,0.7149827379232588,0.00017683734523692084,209387.2649624689,216365.70159335693,True
4668,296.9697126773225,120847.60006807359,0.40682823926712464,26,9,2.2189680605099737,51.59422033237455,0,0,0,0,False
4669,306.41913135649975,112784.31096337622,0.559296771798512,27,8,4.640082307669248,48.1734790837939,0,0,0,0,False
4670,295.5237550897901,131752.87799894463,0.392900137697843,17,8,3.4939350461690157,55.78136127519197,0.4128441931168156,0.00011130470664442871,162790.98437033364,175243.1066274463,True
4671,324.37841228592174,143487.34655032388,0.39870023740714505,23,10,4.59710059341398,50.58718315807316,0,0,0,0,False
4672,291.2744307543499,144719.74172549995,0.6771067627543831,23,7,3.569373978591189,41.69106289341345,0,0,0,0,False
4673,296.7216707063826,137585.3070842403,0.3324237743497594,28,8,2.119166748650179,44.04176561647233,0,0,0,0,False
4674,290.02387218725437,113378.21951216055,0.5661796976465818,15,5,3.4654616763434447,45.52288891163221,0.5887421904201088,8.661065329755962e-05,165313.2738970335,177599.2106392936,True
4675,295.17160334418014,134474.27814148,0.43753813763815,29,5,1.3279948905412953,58.17871737234595,0,0,0,0,False
4676,330.4890725288497,105416.7269598307,0.38219015343113916,17,8,1.2321029164694426,50.89103186541024,0.39983789337404113,0.00022449938986463007,81150.80288999542,88005.94272246485,True
4677,324.64335711449485,121433.90236908215,0.4670432935298553,29,8,3.6287755854350223,57.80954609406832,0,0,0,0,False
4678,318.5058363054493,140139.12848515334,0.5924450429070413,19,7,1.2746989676571001,59.98695727631802,0.623812076522251,4.125586462744581e-05,83177.14071242616,90864.83400945872,True
4679,346.43971627510064,125181.90418798004,0.35735133081618065,26,8,2.287368500497541,48.6687302471488,0,0,0,0,False
4680,323.1383483316282,121777.35394258554,0.4121432222322059,27,9,1.2491898753967197,41.54325400104472,0,0,0,0,False
4681,339.7001683475024,140411.717599414,0.5645117829667832,16,5,2.7629390279914707,43.59529184919117,0.586026719706814,4.533228045779024e-05,139544.50492992764,143793.2124485003,True
4682,302.865686741093,137274.4068829515,0.3960940125934452,18,8,3.850225659009598,45.2845704433209,0.41225623081978,4.475860242849072e-05,177479.9022541988,188759.28016138583,True
4683,342.72442994127056,113920.02602011898,0.6764702641086625,29,7,3.4164829192593364,56.39341938185048,0,0,0,0,False
4684,297.62854780627146,101603.99598248697,0.6323908088324851,16,9,1.6643189945884997,48.96317301312648,0.6591850661875764,0.0019919627113425343,98615.64550529384,109402.41106957952,True
4685,338.510716523497,103254.30240229057,0.35934767090911474,25,11,3.4352017029714563,43.06133263681629,0,0,0,0,False
4686,324.54594027361736,102583.28695793278,0.6243825610111906,29,7,4.030122922671933,47.5150895695599,0,0,0,0,False
4687,313.0604056638263,148255.8784177371,0.6158549910848783,15,13,3.050811109307486,41.83751513959808,0.6359136885043918,0.06173144997489216,150880.15524269035,159296.14156672245,True
4688,312.8783701435114,140932.6118976437,0.33667387503740986,27,7,2.4926305544108285,57.32321409698298,0,0,0,0,False
4689,332.3042442811882,137615.9344299679,0.5057239190174014,28,5,2.175534665706902,50.57415103025792,0,0,0,0,False
4690,297.08336645118635,122929.96338566326,0.6418546335448169,29,5,3.114541331427631,46.092923092294924,0,0,0,0,False
4691,321.9322704699918,146423.89470941952,0.6262277189027525,27,10,1.407356717434372,51.305853042731314,0,0,0,0,False
4692,303.3712067720487,109717.40378250487,0.4109406479594644,21,7,1.758340887797537,53.654875428835346,0,0,0,0,False
4693,319.6067302114757,108337.55785363392,0.4975754081007908,23,7,3.2959903633888503,46.87468463668354,0,0,0,0,False
4694,333.2134969622432,111149.42835692526,0.6531046235604375,24,6,2.644373672666041,46.76545136036248,0,0,0,0,False
4695,332.67597811804995,121397.25542585787,0.48175651163058814,23,8,1.8771392674466316,55.6595654816503,0,0,0,0,False
4696,344.2785783472222,140191.84507960617,0.5441615059445741,17,8,2.9166003105818117,53.57665958331239,0.5699575150601097,0.00019928319818865927,143729.74981449716,147298.69586370327,True
4697,293.5255643536076,104482.5140031589,0.30925365222825735,28,9,1.4729228182639984,54.4477990763431,0,0,0,0,False
4698,340.7772717256749,105010.06996247698,0.42611397215356905,28,8,1.8595412403603655,41.017439332145656,0,0,0,0,False
4699,297.02535742690975,119906.57198587272,0.49476102634599506,21,9,3.9066805408916787,40.712721902569534,0,0,0,0,False
4700,340.0739193865442,139888.99304832748,0.6512229460712131,15,10,1.9403255835855586,52.89574203904927,0.6806970136313398,0.00939173888216379,108508.35390234803,112276.09314226291,True
4701,309.52763038994743,114191.87829278065,0.30380549889814734,21,5,4.681288974699452,42.434660460087926,0,0,0,0,False
4702,339.4728048403739,120352.58870202594,0.43491518811807217,23,5,2.1168913023965423,59.96841901220503,0,0,0,0,False
4703,290.14400156432606,102503.00721248305,0.5694862374268905,27,6,2.7199637986807237,53.7679825856556,0,0,0,0,False
4704,326.2539895471788,111828.26558646148,0.39604719965904833,20,7,1.262338465167629,51.31429109298173,0.4144615582535333,9.353615146019082e-06,82318.99519254261,89800.8243936699,True
4705,349.9220769103174,149283.88501819596,0.5008173205179829,19,6,3.6210490161923587,49.32160076996168,0.5227637245981644,5.820311952407605e-06,169810.9338951739,172606.08141053864,True
4706,309.508710471129,118220.64105321142,0.39914044906682866,23,7,2.673231097272506,54.65291042181427,0,0,0,0,False
4707,303.25850290835825,110910.01892448733,0.48003718513681415,22,9,1.257718734151891,44.61768965598759,0,0,0,0,False
4708,341.939246800993,101504.886909944,0.580379227424352,17,13,4.089874040259343,40.20380480773705,0.6003483959521385,0.009024762169175436,189512.088569491,193289.18330731668,True
4709,326.33237808349486,111102.57646989005,0.5103585952863766,19,7,1.356719310988269,42.71341305849203,0.5295801824529209,2.7834360628139972e-05,87192.43082641893,94000.14460965217,True
4710,309.97197291296357,113413.4444987082,0.46827193900191033,29,6,4.42472397154361,47.82813570459117,0,0,0,0,False
4711,311.347084340474,120420.04213832917,0.6969022146629713,16,8,3.505460841998917,46.40403658985152,0.7245745913033071,0.0005442163125577066,167518.79125422737,175836.31719476002,True
4712,293.50568661350366,118390.80836665248,0.6259646165987165,22,6,4.0640022999503636,57.0882649544445,0,0,0,0,False
4713,340.4612152142635,146081.42048861634,0.5878848538573539,24,11,3.8858462556241786,59.33854953028478,0,0,0,0,False
4714,311.1350913970682,140629.82792062557,0.31878375882683097,29,7,2.160025552542508,58.6429541933188,0,0,0,0,False
4715,308.9605390831458,135288.41893701753,0.3354606414472591,24,7,4.269833315423683,41.349645875054144,0,0,0,0,False
4716,302.4623919980369,134811.11784071158,0.5208709015619963,22,10,1.4622609942701847,54.22169759408402,0,0,0,0,False
4717,292.49903090898016,103414.77154329779,0.40110136667822177,19,7,1.412039194022448,52.25568182183581,0.420091830984078,1.9683317780336314e-05,87727.36687516586,100593.90432811777,True
4718,323.54323931276105,133044.5309911109,0.6393687854744554,26,7,1.725226671880932,49.75160454042513,0,0,0,0,False
4719,347.9762139525084,102934.84374923985,0.619122755739409,28,6,3.3627426710178954,41.6743391060222,0,0,0,0,False
4720,345.6851884970815,139527.74485530326,0.6523759093293093,22,7,4.31832382207252,43.180215494022825,0,0,0,0,False
4721,295.1243407597131,134099.89644509385,0.4883012608733905,24,13,3.196236347899397,41.31691462366148,0,0,0,0,False
4722,298.93033799899763,145228.0403836008,0.6166597016072735,16,8,1.889882142270826,40.386695623865464,0.6381519602370394,0.0007472868039408085,107758.7563148471,118409.24367680355,True
4723,304.3003583810766,135208.14455334825,0.5154818584947912,21,11,3.193657473049086,56.193885499157005,0,0,0,0,False
4724,297.773511353309,108823.20478379997,0.3016168809695042,25,9,2.1160345925507413,52.621078075219174,0,0,0,0,False
4725,342.5777102672211,106601.739818928,0.6896881096606736,22,9,4.953796510356302,54.78379915058902,0,0,0,0,False
4726,295.4352893561132,139805.70821513276,0.41929875949511264,26,6,3.9250774486947355,48.79017537539529,0,0,0,0,False
4727,301.28912046941514,145108.83915695013,0.6428567618967511,25,11,3.099230090070661,54.50713119213264,0,0,0,0,False
4728,328.37801943220154,103105.54311142987,0.5344228694791716,26,5,3.6735420780658004,42.80823945692348,0,0,0,0,False
4729,340.57409025227014,124983.27504483447,0.6093123614650764,16,13,4.2941017927352725,53.189462656916135,0.6366852613058249,0.021039451157568667,195008.69966362588,198889.79096600632,True
4730,341.647233655702,108723.99805022475,0.37818798334238385,22,7,4.869106934759924,46.48248279602173,0,0,0,0,False
4731,333.23745541553006,149771.64545627224,0.5442865452202434,17,5,4.116897156310627,44.54845295403109,0.5655772947518668,1.3981962776080938e-05,189375.3908315902,194836.9346032414,True
4732,338.39163577740294,142532.38766717675,0.6356322204383148,15,8,4.963401356461963,55.916454824800255,0.6666168265656799,0.0007851834427694427,219303.778085808,223441.65704226,True
4733,343.04334605387635,124241.72390187658,0.3885675623645796,18,11,4.622008534674204,57.62064556278358,0.4089739065347874,0.0004408180477076498,203225.17370080383,207882.3434544889,True
4734,334.95061184272663,123614.93411196902,0.37363749622953035,16,11,1.286189422078969,55.4524172829122,0.39228405081912254,0.005320245852959988,82699.37065937892,88846.83818146023,True
4735,316.6696823766948,128754.2128883572,0.5112655980108067,18,11,2.7201624269346447,46.60095588796131,0.5323047335734371,0.0009531452885397862,137146.84276521674,145546.13625581455,True
4736,349.61644101737727,125863.88091450778,0.48451532979290524,16,10,2.711507988487334,52.99772869214185,0.5073716881936079,0.0020300111142144773,135771.4625281853,138716.45361444686,True
4737,295.836980305957,122286.053903709,0.695620987907843,19,11,1.6566394233717674,53.34863256448926,0.7275483616520751,0.0010899669416075716,98124.81758387509,108882.6261889851,True
4738,331.50252038373105,130860.1478923448,0.5810881107077678,21,5,4.887070319766247,58.26754993711408,0,0,0,0,False
4739,298.9559761913884,144978.32433099998,0.37622570733069455,22,9,4.840820122442338,58.85520090848658,0,0,0,0,False
4740,345.4932895067819,121023.88025250823,0.3259201138576299,24,6,2.32395261441716,54.10271093725247,0,0,0,0,False
4741,311.76620394443967,110682.09658988626,0.38039798238914607,20,10,3.284893112401093,54.369832322847635,0.39923745665141824,4.9686587446275914e-05,155250.31923464505,165215.7544171554,True
4742,349.16396962240816,101065.2905356318,0.5320910215377977,22,12,3.491652247550487,55.931814059681635,0,0,0,0,False
4743,329.2466577909523,123525.65745667752,0.5112929472352156,28,7,4.961978850478028,59.35314974287758,0,0,0,0,False
4744,334.8174111535505,134764.68599372194,0.5333839470184544,26,11,2.6976569699285364,56.67766763712157,0,0,0,0,False
4745,298.5990793142999,147825.3185232698,0.3738511635088416,17,7,3.663345876718056,41.51205442095562,0.3878396477696846,4.3315660824816994e-05,170897.86483934656,182981.78029175694,True
4746,308.5733386888958,102859.89529196775,0.5940078962087513,17,7,2.7094459958176067,53.599411697999315,0.6219404827884629,0.00010843517199322325,136474.13885799798,145748.86078500663,True
4747,339.9985302555999,133998.55944523666,0.5353032015948849,19,8,1.5821020406128232,59.78743895788409,0.5638285378133582,6.56240598917927e-05,94154.83453510424,98521.84638640264,True
4748,331.8967344501868,119352.1165078133,0.6517845104643265,28,13,4.843387076246813,53.68570618090781,0,0,0,0,False
4749,304.34469713765395,115054.5193184604,0.3077301514525655,18,12,2.654817288749821,57.14454722072608,0.3239280927364703,0.0011667922184649092,131126.15228787754,142748.74944855671,True
4750,333.8237566704333,105079.23158518998,0.45775914248867494,27,11,1.8508613679321462,56.645699286496736,0,0,0,0,False
4751,306.4395825684987,129629.10466856004,0.4062796509248242,16,10,4.276105158888229,51.40580386892853,0.4251207222094131,0.0011068910080472792,192134.14102109926,202790.1194971967,True
4752,335.7750512507808,124455.99925727639,0.55310626187113,26,13,3.7613426108222763,46.95590002573056,0,0,0,0,False
4753,335.04294750561536,112877.4368846577,0.6636092698095296,20,13,3.6595752509910966,44.869671677908094,0.689183523007904,0.001068663216819506,173328.47859705918,177892.7321303166,True
4754,320.4890485806035,121607.09054156893,0.5734247263787713,16,9,2.394392680827469,51.65391763636091,0.5994068014864031,0.0012722220666734295,124988.2115859556,132438.79125183346,True
4755,296.8278784541377,131837.04468488035,0.6090310037901939,20,7,3.4983957071221656,44.801074814233175,0.632734177414425,7.600432156272422e-06,166989.88946715134,178008.5582185688,True
4756,314.06161994495153,140697.67832232142,0.41051282461741984,17,6,3.388996860295455,50.40027995648428,0.4291972891681567,2.3968452048117907e-05,160036.48649385932,169441.1631914788,True
4757,291.22491924390187,114789.25809012789,0.42474984535953453,28,11,4.778806491826345,51.64572462171225,0,0,0,0,False
4758,317.11918761988335,138202.27138257987,0.651291413819865,20,10,3.123459677749275,50.26560475989691,0.679643013630466,0.00010697960976130791,152541.357442238,160151.26029571108,True
4759,340.49416695139706,141266.29630113803,0.40415980209844604,23,10,1.6005173985824002,47.302563557652974,0,0,0,0,False
4760,309.305841068887,139552.89135309384,0.4279143341110847,25,12,1.469232944360733,45.07763940127428,0,0,0,0,False
4761,317.84867436339624,107750.60914543098,0.6629589331017236,28,6,4.454350795053881,59.55942426601598,0,0,0,0,False
4762,346.6660395035672,122269.28077442957,0.3229591146557873,21,12,2.9654347174078257,57.290679887661895,0,0,0,0,False
4763,317.5047101886529,141254.3825327468,0.46603599460153,29,7,3.653872089728221,51.00860490287573,0,0,0,0,False
4764,348.42847615724344,114660.2044252889,0.6787484530812474,22,8,3.9587616682477424,52.74515985130803,0,0,0,0,False
4765,331.0932143311628,100416.37745345582,0.5643614969023687,19,10,4.376086142869182,52.18833807260502,0.5903014477767181,0.00014380344242905383,197764.82246926884,203497.98653764537,True
4766,327.01241345048504,141057.45531121537,0.44980753674661345,19,8,4.124597648314322,48.50836188782313,0.4693475928241653,2.2106208944720864e-05,187779.92959800383,194815.69626760532,True
4767,294.618416081063,108344.3027532388,0.5007828832459804,16,8,4.057636775592821,43.273922118822675,0.5199220160100867,0.00029225455100747715,186906.09294417177,198850.04539449775,True
4768,348.24267775621774,123179.81968669326,0.3955656248676416,23,13,3.6944764764256997,52.7743944882578,0,0,0,0,False
4769,334.4064132380729,120260.60072956127,0.33047404022136306,23,8,1.8549048675886837,40.90215416140448,0,0,0,0,False
4770,293.5662907389053,115641.01413723531,0.3784315417330261,21,6,1.3391594807454845,46.72154980681803,0,0,0,0,False
4771,302.1934296841967,121959.46561320356,0.5002145878196717,18,10,3.4027433788013894,58.95129253150405,0.5266232639550331,0.0003508404106034553,160324.17451595067,171110.7032500909,True
4772,330.8671449218255,146747.36512923468,0.4574791555195214,26,6,4.315203915556123,43.03593793686263,0,0,0,0,False
4773,294.45848734339774,117680.45632999892,0.5553632768873242,25,5,2.4311979752315493,50.33294536683834,0,0,0,0,False
4774,319.39075699800793,113666.70724404357,0.625860794566218,17,5,3.5416326391580446,42.70223182661686,0.6489608171015916,1.9673006073860673e-05,169047.86657646258,176403.2559552317,True
4775,296.13892586434747,147979.31046788304,0.6460018348647345,22,13,2.951754715717714,44.26918368014476,0,0,0,0,False
4776,291.0432242639486,119738.51616071399,0.6980866521242736,29,12,1.3631513182593589,48.98644565047467,0,0,0,0,False
4777,338.83818069662493,109211.49584405353,0.5431797608105796,25,13,1.3871209201603327,43.884498010897445,0,0,0,0,False
4778,329.2191684988001,140156.20898212644,0.6544617014179148,17,9,4.959511501788369,47.31785990524905,0.6811873845552232,0.00035191297100736356,221103.1283330653,226696.52704171304,True
4779,349.4839806653879,148042.99360301901,0.6974923505863816,17,12,1.8335669279848676,55.29973497258762,0.730235337286268,0.01127824162497961,104477.5259092946,106391.82372688592,True
4780,336.3815195069382,132511.36884872243,0.5869073218126637,16,7,4.410901667387706,46.82603756934937,0.6109036688458784,0.00015306588170188996,200278.57369505987,204988.8511436622,True
4781,336.524432196518,116569.99340699983,0.46150265170922844,23,5,4.890572248394564,46.0071578868545,0,0,0,0,False
4782,323.31720096160893,101806.72386593733,0.6767966220462911,25,12,4.955480876654375,42.85767382408799,0,0,0,0,False
4783,338.9031748831748,107943.15577926738,0.5367451589204403,16,10,4.75997363334303,40.95871289958425,0.5559635065572103,0.0014026229252593286,213797.76452286143,218327.51433805242,True
4784,349.2513891201138,121817.90073930474,0.45539171067017964,20,6,4.668557197702768,58.5990987028089,0.4794900039631986,1.8812790704442218e-06,205840.896394455,209014.41545569242,True
4785,333.97176262039903,124858.60525342009,0.4402270355878541,18,12,4.015258136016424,49.02676083286576,0.45954038835918276,0.001282434195078151,183549.8979559839,189464.65867941978,True
4786,294.9926782173221,116253.91157510635,0.32584962591415684,22,10,4.691245972296543,51.472597548086995,0,0,0,0,False
4787,294.80933698602695,143831.97265251057,0.6201732204687276,21,13,1.26192256849078,47.18371422677336,0,0,0,0,False
4788,329.05999720934847,128660.6424178965,0.681159348677983,20,12,4.502540614155012,57.925421993764786,0.7153602881884839,0.000415871459468592,202273.43983791626,207784.9874420594,True
4789,347.31736823284,128351.28522465899,0.4864687373842928,16,6,2.054233895111634,55.13338109097391,0.5104751328177339,0.00010280683357866607,111517.4358447842,114861.09177652701,True
4790,320.4426930585599,117067.13472148916,0.5327314359662548,28,8,2.6145783144552697,41.33357874650406,0,0,0,0,False
4791,333.53889202604626,105172.72820441933,0.34916085639181577,27,9,4.110871039513875,46.63633553732073,0,0,0,0,False
4792,316.64905645992536,103260.91964188257,0.4149791958983193,19,12,1.997954086885563,52.195511535093374,0.43451436570930607,0.0009195929710982862,109172.50647844422,118133.32509823701,True
4793,316.05721174044095,122641.62184375699,0.47763547172508275,22,5,4.54220554192747,43.08695825623793,0,0,0,0,False
4794,300.8768301397076,135687.98825298226,0.3615857460285458,23,6,4.638983304295037,54.771143034796935,0,0,0,0,False
4795,314.63203119456693,114688.06376966399,0.38501251677189263,19,13,4.685107830694914,55.37848251184426,0.4043906759393128,0.0009665418788534877,205874.6446243816,215347.41224380504,True
4796,331.1603652435723,130435.30841162759,0.5463822525766712,21,11,4.528288997195482,45.89113228218344,0,0,0,0,False
4797,306.47993866088217,138738.01556912728,0.6264649841713177,28,6,4.16360107269385,41.277121361267994,0,0,0,0,False
4798,326.0997191444847,103128.46473961168,0.3300676094465204,16,7,3.9824827814206074,50.1316162445562,0.34520819762322397,8.06222352976348e-05,180362.9793489309,188286.0861405413,True
4799,344.8515033551906,119852.22226212255,0.3474930015868127,27,11,4.996605991542567,53.55069780272569,0,0,0,0,False
4800,291.8590169250448,149192.57477619615,0.5439266955143145,25,9,4.071361565573221,57.642847090944784,0,0,0,0,False
4801,321.13717127437644,137226.7803536005,0.4598422329665063,18,7,4.004115350407532,45.61361466334503,0.4785455586125799,2.3365306426873432e-05,183999.1857809612,191952.62282257344,True
4802,317.9505011520053,131851.26779302274,0.37116214051835017,19,7,1.5219018677233582,58.13176901075745,0.3909163272329877,1.7457824531163692e-05,90973.63044824786,99990.64618592946,True
4803,321.3069210234599,110047.55467785172,0.38594765882546855,17,10,4.762390695453015,40.27029975488126,0.3998995078580879,0.0004121818346807808,211651.0010877579,220013.65088493176,True
4804,293.1723049949449,110077.67789000022,0.6338974523416178,16,9,3.8211227712303053,42.84621069308424,0.6573082569687151,0.0009589059066600522,179485.4233054668,190937.94389593945,True
4805,342.2951330746075,142657.02158361376,0.46262232660458896,29,9,1.7373619734443217,55.03369448159937,0,0,0,0,False
4806,348.93466744280323,106436.99663420895,0.3075469247622687,15,8,1.5788946559513102,46.610583553840506,0.3206431570487403,0.0007200786628528151,93440.36908860848,97561.04838831823,True
4807,325.0496878246095,105009.11004378043,0.5434998779206609,26,12,3.294004327173554,54.349009050179845,0,0,0,0,False
4808,295.2170136792763,126962.01548876094,0.5348710518046778,25,10,4.333568203844281,55.165021582964116,0,0,0,0,False
4809,310.93637265647277,121126.90044673427,0.3431086689731273,22,6,2.204837335482183,45.76324335887294,0,0,0,0,False
4810,306.00357327191756,123410.81765662666,0.485013590295918,24,7,3.943702748823765,53.11703810198286,0,0,0,0,False
4811,302.04025573081674,101327.42083591149,0.42952669715709235,21,10,2.0372233897249643,50.46094869421102,0,0,0,0,False
4812,299.4531804361531,134590.13203719683,0.6590861091391196,21,9,2.516829770691218,57.99747289456504,0,0,0,0,False
4813,300.42983268928344,100687.76978957714,0.6458758617880074,22,7,3.0480844350959053,56.1506388123742,0,0,0,0,False
4814,330.41724845215424,106621.47311358384,0.32342354293667275,18,10,1.6929079341647786,55.447339312704514,0.33991802994636167,0.00033618957746394496,96930.61667122717,104170.4952355016,True
4815,296.26019554433293,126848.0749903298,0.30821858935432367,26,12,3.616842682768225,56.240378506751725,0,0,0,0,False
4816,309.53641555525905,133311.2115213167,0.6971371011456863,18,7,2.1578079608426077,58.69318411169462,0.732544221871824,8.01700375856783e-05,116045.02834497011,124668.47175830769,True
4817,343.99859179493154,142368.00335945826,0.4104699713042833,28,9,2.6074646241687924,42.56027923355395,0,0,0,0,False
4818,311.66523796363566,127801.45963553687,0.6448831338278881,25,11,4.1862925584793995,51.82892548451978,0,0,0,0,False
4819,348.1613865659094,115100.58502854533,0.5484282255730824,22,8,2.8131478220524864,44.396534168030385,0,0,0,0,False
4820,338.08292681376787,123772.97077782516,0.36050537834035384,22,6,3.7608198511206945,40.481854616403275,0,0,0,0,False
4821,290.24255516613704,132094.99753957771,0.44379910341090445,24,10,1.971046429239524,56.18084731779756,0,0,0,0,False
4822,293.31184675934645,145599.28758394043,0.5067747436507312,18,7,3.7947783934918045,59.47762878960353,0.5337680149357383,2.8924371479339615e-05,174586.68526783647,186710.27613988976,True
4823,310.2054161149632,136499.10999668168,0.5796915234603481,26,9,1.919635882404043,49.644569357645324,0,0,0,0,False
4824,292.21894816174927,138231.85784714538,0.6715487412378679,15,6,2.2389331610228034,42.631798891781635,0.6960835106848454,0.00034921810384614104,120767.74572628114,132174.9719494253,True
4825,310.06818113059285,143225.31999638,0.5352659846255596,15,12,2.6469874357893333,57.33354026859261,0.5612095143696901,0.026530204210278564,133314.03504080113,142652.3685905414,True
4826,312.3196033403087,101886.9252656009,0.4753947640339722,19,12,3.387054548650041,51.24578663656099,0.4971374822747145,0.0007275623141632057,160644.6403922076,169955.40397751806,True
4827,301.256023605231,147962.45632740908,0.4706019662086744,21,13,3.2043783457539288,44.49279842529659,0,0,0,0,False
4828,319.4651676859417,117155.15332834864,0.3340867199152866,29,13,3.237334896833314,53.1359621035697,0,0,0,0,False
4829,290.8539676094799,108510.05824834997,0.4191638163558743,27,13,4.71033209912204,42.01775079177983,0,0,0,0,False
4830,306.45802004162067,117822.53688626585,0.6211416375727576,27,6,3.2517497205944004,54.833791571049545,0,0,0,0,False
4831,339.19628994909016,134731.19501049488,0.45279417504789,17,10,3.356433370003395,49.79209318164879,0.4729677700011992,0.0006873839997065981,159477.29635193953,164422.0923914905,True
4832,316.92121109048094,141067.62686252466,0.4538296906374939,22,5,2.481676003766122,48.99640166779268,0,0,0,0,False
4833,349.39611194827125,110708.6386388398,0.36944100974022065,22,9,4.008509116935607,51.09634149100886,0,0,0,0,False
4834,349.9741848867416,109198.2575564069,0.33537185468154274,22,9,3.612287941697999,47.82701859408097,0,0,0,0,False
4835,312.4318679736159,146862.9351577286,0.6359030025841471,20,5,2.0458301318110594,51.914820391889975,0.6646270890519808,2.8701891615000514e-06,112436.56431262734,120876.92730193007,True
4836,310.18342741053016,115078.76324553863,0.481793324179396,26,10,2.465911028011443,47.379026289351984,0,0,0,0,False
4837,314.0210843222791,111950.67583802062,0.6583356326562181,26,5,3.453509681966442,51.927556033007804,0,0,0,0,False
4838,329.87418044327364,133361.93605994456,0.5358955538369058,21,13,4.856163741379006,47.72891195324377,0,0,0,0,False
4839,290.90198206358764,119262.57249225455,0.6212924250501299,24,6,4.608990253533502,49.403523740632814,0,0,0,0,False
4840,325.28731196641166,124192.06593160357,0.3187101213060839,19,13,2.2280637722930328,42.473367898462044,0.3309848298320763,0.001334740372776319,117552.34527548624,125680.12023438574,True
4841,308.728310089525,113709.76777064757,0.35363208800857837,16,9,3.321473466737383,44.19612135694372,0.3677831574906849,0.0005032464139880877,157673.1319104528,168289.52754560008,True
4842,301.4743373718609,105029.45148130605,0.4762221972240053,19,10,2.027672234292827,53.615438854847824,0.4990794868411839,0.00021953728448908722,110626.98332924268,121657.8797787394,True
4843,310.7275539787914,127364.54201322971,0.6116780649855869,24,6,4.649779357109566,59.29749460691025,0,0,0,0,False
4844,313.27816216544574,103801.50680049877,0.4571521553383201,21,9,4.834670954332718,49.119174322095006,0,0,0,0,False
4845,307.17109444484436,127285.55782911855,0.30224580117551575,21,6,2.3641352699889104,40.138810393210186,0,0,0,0,False
4846,344.93618672057244,119406.00480625287,0.6478039706746255,22,7,3.519435825656431,55.09872803988042,0,0,0,0,False
4847,329.5792773523508,146553.0927109981,0.6793487135896517,28,9,2.713424851336115,52.12412656121849,0,0,0,0,False
4848,296.5423529275329,129906.26478162533,0.34609563323879833,15,9,4.646564023341822,58.373162496002635,0.36462955413515263,0.0008654334972898829,203155.70231412744,215748.7357584966,True
4849,342.72937833969803,119154.61587797003,0.6208118655406062,27,7,1.8106400206154825,41.78269108014654,0,0,0,0,False
4850,317.503750463429,104830.25710475606,0.5958935006488122,28,6,2.9555665647436427,48.098253981790556,0,0,0,0,False
4851,296.2682032656842,101239.72200935175,0.6021626218402438,22,11,3.3460158381694383,50.0582296715235,0,0,0,0,False
4852,301.7702904253997,113474.68198023514,0.550129352866449,18,6,3.73655058920178,52.03032431178746,0.5754033287764618,1.4682538372422843e-05,174131.0637411486,184704.67981840338,True
4853,304.7932762177152,142160.66821750748,0.3402318637844304,26,12,4.742487494172173,58.34244717766822,0,0,0,0,False
4854,309.0267423580535,133932.64543716487,0.5194486415683616,28,13,3.4876145298020216,52.85483174303396,0,0,0,0,False
4855,322.24766137892345,142435.8010531785,0.5408472446529896,15,8,1.483461782468372,45.42936674169865,0.562386298268944,0.0016419196991991401,91819.45361888863,99141.85573916166,True
4856,300.9224003345161,123340.74671170983,0.5209663261961008,29,7,2.781348070548183,49.12337512675424,0,0,0,0,False
4857,346.7468874932613,137992.41580914345,0.45358104732254645,17,12,2.5712296218244273,49.265904643929176,0.47340454423025957,0.004303168456985966,130807.08018300217,134426.9260339825,True
4858,300.33647781849976,110476.45656550371,0.5063752394472514,22,8,1.7883525304064687,59.071299847013925,0,0,0,0,False
4859,295.8748119873357,140667.9392095193,0.3176712497464894,22,5,1.6952879944949648,45.00748827726263,0,0,0,0,False
4860,327.5496582771726,134245.98689330017,0.46743747694167553,25,8,1.2981981756817842,57.492731439884295,0,0,0,0,False
4861,337.8963980718343,123538.89512958836,0.43320382911981803,27,9,3.936737316932315,59.05857144896444,0,0,0,0,False
4862,304.14300508454573,106355.72397928228,0.3282789434589661,20,6,3.9033524585617174,52.27356556078121,0,0,0,0,False
4863,335.75820055261636,141206.9161507993,0.6161617469308722,26,6,2.574004682608412,40.035158194965305,0,0,0,0,False
4864,309.16441036019705,125087.62910999755,0.5238539043872827,21,10,2.4666581829278478,49.514154324681996,0,0,0,0,False
4865,344.5482681190783,114856.29398449374,0.31734863298261,16,9,2.0869069327584664,40.72949991751364,0.3290795711373015,0.0006155610758182086,112577.68076470071,117407.21046557721,True
4866,290.37199130959755,122083.07691960085,0.5302730041385683,16,11,1.4444264968318081,41.13303736574169,0.5491271185425733,0.00796272255012534,90684.6991384398,103106.55220295383,True
4867,334.0921744561129,147633.27496413921,0.36134089430336624,17,6,1.6584877495222634,42.03964885195456,0.37506866851930776,3.338582366767742e-05,97263.79933376002,103625.57457894899,True
4868,301.1986904683778,124788.90501290161,0.47360266881959445,24,11,4.702875201004449,48.917385898897884,0,0,0,0,False
4869,345.20141472991355,112007.27357556642,0.49669605287668045,27,11,1.6771528178702735,43.308170825751404,0,0,0,0,False
4870,323.2271668726195,103874.95244991023,0.6374834181826485,26,8,4.087930948560156,51.77508493700297,0,0,0,0,False
4871,324.87291537623514,103562.17400829053,0.6593697301172858,15,9,1.8560605207010297,41.28470371995359,0.6825803068035519,0.004320965312405167,106585.72567338441,112873.45673099278,True
4872,333.87166719624446,104687.91358029773,0.3039868182594239,21,13,3.8917821240535115,45.7123146189178,0,0,0,0,False
4873,306.08216492144174,131274.8884676631,0.3397517321736067,18,5,2.3243844795356017,52.34265252309057,0.35603423488115626,5.112404386664389e-06,120210.05467643644,131339.12983999267,True
4874,305.0312308703522,115527.24605938823,0.4131673012998017,23,8,3.521593113905146,58.321826612675,0,0,0,0,False
4875,345.51725128371925,149374.58983468096,0.4357665570942823,24,6,4.480943768663649,43.20806922556886,0,0,0,0,False
4876,306.78977092912356,125363.18080123301,0.34473205600074414,20,8,1.9470240653792956,41.30942617394879,0.35762929020415407,1.2378561605760896e-05,107719.32657244247,118700.51245294065,True
4877,328.57213793609895,142334.7337101512,0.4957755577639257,25,5,1.7633209741595555,43.47056525880922,0,0,0,0,False
4878,346.27067931029416,135197.31727948814,0.6405500467453035,28,8,4.872197557441241,50.51465701181595,0,0,0,0,False
4879,306.88473926060055,121323.1213640224,0.6554452048014976,18,10,4.299885048953326,43.67923383830984,0.6800694550840325,0.00039856009647538037,197312.2516270586,206532.46876426236,True
4880,311.0316038905651,141195.41323441154,0.33850648170666375,26,8,2.0625443849394824,43.73083062282573,0,0,0,0,False
4881,294.4206672106425,108844.44760956106,0.5855545315914432,29,11,2.399634638052879,58.13256600400435,0,0,0,0,False
4882,312.7060445087429,110359.25878490768,0.5419721594752422,18,8,3.4674972729677833,49.03148862886514,0.565404808101072,7.439301833251883e-05,164627.5439682158,173506.83981606274,True
4883,325.01896878337243,106984.45257888474,0.32109482300001285,23,6,4.279810282464221,45.29320999491466,0,0,0,0,False
4884,324.0366346426357,100755.28081676486,0.4201449600924668,29,12,3.877462813030715,50.287566303494756,0,0,0,0,False
4885,309.77987908084214,118288.36841397756,0.32401510534279054,21,7,4.799550329160108,47.046505979723804,0,0,0,0,False
4886,339.32253480113314,113345.64011981452,0.4832407497907617,28,12,1.8520444820382456,43.947395086936254,0,0,0,0,False
4887,304.2521213582693,146040.21727770142,0.5331161947673022,17,5,1.8171976726090493,52.30918137091701,0.5578181938299565,2.5913887026910688e-05,103441.81071121882,113715.39690410059,True
4888,319.9294157116881,110097.30608990455,0.4917717074262642,25,6,2.4173060948877945,57.86823121262595,0,0,0,0,False
4889,333.30699502637776,135115.13551408448,0.37297366374893026,25,13,4.854081417190709,46.27759402626562,0,0,0,0,False
4890,334.7837533067166,102492.1164482214,0.4854678081081343,19,12,1.526638006082217,57.01102904845868,0.5102197552205341,0.0014118602083945252,92084.98043427875,97614.85028522326,True
4891,330.64798241019815,116103.28178340153,0.3321781402939914,24,6,4.878165100437335,46.22075067185839,0,0,0,0,False
4892,300.73795332540254,107003.76300096037,0.6562287100068632,29,8,3.3136099918273914,55.50907747749318,0,0,0,0,False
4893,311.5873449899597,141332.1484838984,0.31755466502678037,25,10,1.6734239848909653,40.85091927167582,0,0,0,0,False
4894,312.38520099343,106737.19473470558,0.5508169794915087,20,12,3.615800219743095,41.88872493617766,0.5709940651547101,0.00036332744897385157,171317.3093492422,180193.304593875,True
4895,305.4761411046502,138092.7621492208,0.6411217622971818,28,9,2.0878754530220824,46.11420353823631,0,0,0,0,False
4896,310.7017263882533,136579.9186139734,0.5861495635734189,21,10,2.309704399241892,48.59943693347924,0,0,0,0,False
4897,303.221841135314,129296.14869059098,0.41591134333880847,24,7,2.18003696658911,52.05630011644396,0,0,0,0,False
4898,311.9821867128998,101356.88064284882,0.4578219257921174,19,9,3.0252354429627903,57.23290827409717,0.48143702863338467,6.799435351589795e-05,146382.2614911487,155853.28103844117,True
4899,300.6927203505984,107535.79035634575,0.4234527138122429,22,11,3.1043055660209884,41.168052659799805,0,0,0,0,False
4900,333.3184313026206,123724.35570471371,0.6250970534863469,15,7,1.9129282930474303,57.60350897181203,0.6565902885832743,0.0008135244669245618,106907.34304861812,111965.97124589875,True
4901,309.4128231434804,122158.67031836635,0.5735088596824727,27,7,2.7720841544028128,43.14054578126448,0,0,0,0,False
4902,307.614434111255,120135.68623464223,0.3840966757815861,17,7,3.4454690010577327,49.57072413612808,0.40135405072261604,4.812370643796711e-05,161847.79810155975,172452.77600320982,True
4903,323.5217742744026,100002.84831998592,0.522305853931678,22,13,2.320758513828702,40.57724981107348,0,0,0,0,False
4904,338.64828146655975,104211.7151754339,0.6959001744098944,29,7,1.2286041184623302,42.82947551582401,0,0,0,0,False
4905,346.1990524156244,111949.8186214015,0.4839613882411339,18,13,3.50457484283979,59.675874068343816,0.5097340218534235,0.0037278777498590994,163744.99390672534,167304.02566000502,True
4906,338.0885756517507,123542.25087923119,0.6347217878708649,23,7,4.382665298806364,41.88720253804676,0,0,0,0,False
4907,332.50021149385816,112387.76538323943,0.31279749799095247,18,7,3.8224807350749135,45.57967611990556,0.3258289426376198,1.519074080726208e-05,174997.73396196731,181947.32248635156,True
4908,308.42988465016384,125379.11251642024,0.32998634956916684,20,12,3.7917291297346924,49.012962765092375,0.3447657555809875,0.00018662834500687188,173637.82662933014,184457.00997275268,True
4909,294.57698104800295,125135.3674884912,0.554293149376162,21,11,3.4721586277499377,42.410666374314395,0,0,0,0,False
4910,320.16020192917165,141241.08909340264,0.38849547233413323,17,13,2.3127408223755648,55.23023408095624,0.4076001239619633,0.008577741019003687,120021.83801268683,128564.04536917142,True
4911,342.6070287422577,117569.94072662943,0.592495083835499,17,11,1.9026415490357147,54.40306649524305,0.6206324829396549,0.0036504134488000166,106704.6189842569,110322.30456932218,True
4912,303.9846152306788,123211.5942026673,0.3279771775480477,22,6,1.9486554136281344,53.6928094465258,0,0,0,0,False
4913,290.2521513748508,117616.11157560845,0.6798533850323701,23,12,2.5071100053418296,53.95805160591523,0,0,0,0,False
4914,331.0671337751737,135815.67494685668,0.6627545162662223,25,13,2.22686024737967,58.456669823898466,0,0,0,0,False
4915,323.2076151433005,100912.77725795521,0.4461891035003254,21,8,2.128414939205073,43.87955748645753,0,0,0,0,False
4916,308.60363134661253,110139.66528672373,0.502448668879926,29,6,2.3390565975244666,50.95742038918392,0,0,0,0,False
4917,309.48621833593563,128137.74422772312,0.5226643596359966,28,11,3.656383295682592,43.75076263504616,0,0,0,0,False
4918,300.25660591187693,138504.71164410462,0.38264451079935424,19,9,3.7239776358403276,59.65413674540259,0.4035299195055332,4.571439751905532e-05,170345.20842331668,182127.27344669405,True
4919,307.9851660050736,147861.3851673535,0.6261454413662182,22,8,2.987093203293874,50.291877609222226,0,0,0,0,False
4920,313.8236436300494,118927.82498266008,0.3122980137632332,21,11,2.337250068156388,59.204289430879854,0,0,0,0,False
4921,345.1307186535339,140160.676236636,0.6644748698757272,21,10,4.233368724937009,45.22336002042201,0,0,0,0,False
4922,320.74523852381714,139978.6306034732,0.3326179975791998,18,10,4.517938939950383,42.01061874347922,0.34530119458509967,0.00016076173857534513,201315.0932531037,210106.86034761008,True
4923,313.25289177146567,119271.816591584,0.4024469587124781,26,7,3.7482167677830214,58.521433902477455,0,0,0,0,False
4924,300.64549014044303,127140.29368722333,0.6881153525085245,28,11,3.1178825972604063,41.4850059216815,0,0,0,0,False
4925,319.26483593880937,110021.97105424767,0.6169282048713018,22,11,2.9909496843531196,44.61287985858648,0,0,0,0,False
4926,344.81918416432796,116504.94776896595,0.508075045728077,28,13,4.276656955680524,50.2228390140517,0,0,0,0,False
4927,340.4997491521776,131648.91630173242,0.31829548021117066,18,6,4.642847446001009,52.284843677648304,0,0,0,0,False
4928,297.4925515161436,108015.51692533561,0.34842983005562134,15,5,3.6555938678781104,45.04982286595103,0.36268399999646256,4.242147111356904e-05,169642.69613626585,182067.5912259925,True
4929,292.91167980540297,148781.15795641034,0.49187566721198195,18,5,2.7266803172715353,52.8502012206423,0.5150809026800327,7.510040324348762e-06,136412.19273498707,148671.37986499583,True
4930,346.6110217748063,136981.76375924295,0.528770537573031,17,8,4.182193579577658,56.00969769952697,0.555104906019234,0.0001400519694234644,189569.13962004738,192811.79154836418,True
4931,332.7842638197077,109001.52681209783,0.4504996910565495,28,12,2.0754814794686895,51.25967033537111,0,0,0,0,False
4932,325.49771330522054,142742.06245999504,0.5838048982852546,29,8,4.825288691849373,52.52702242565879,0,0,0,0,False
4933,333.35678515976326,140105.3908830497,0.31176405991043077,28,5,1.624997933276374,42.49896102823975,0,0,0,0,False
4934,342.9242642203434,144761.47448267863,0.4803268350019476,29,7,1.863502009915107,56.48904421618967,0,0,0,0,False
4935,328.4260488948883,138477.8646382015,0.41839948513310854,19,5,3.1453302035071466,45.580325791600956,0.4355258401077829,2.325823359770035e-06,151932.76598378038,158909.90775041148,True
4936,294.4736413105976,135883.8270682721,0.5253574045126809,24,8,4.905977052380097,42.21104392570249,0,0,0,0,False
4937,308.823034022999,128968.80661808321,0.3924349182001056,19,9,4.537170601279242,55.35860113087308,0.41220196308847995,3.9320237314254724e-05,200653.15491296805,211016.5249638405,True
4938,346.25828931463644,126955.70225818873,0.6442579730842167,21,11,4.714427225264268,44.723799532382465,0,0,0,0,False
4939,293.7526109847993,109012.73979367127,0.6235777837329378,17,13,2.7884791900029526,43.2707361047111,0.646396697525008,0.01401797761491421,140935.288830301,152349.70215747246,True
4940,294.9256183811292,147892.1942411606,0.3132290167269305,16,9,3.1557547651138282,53.991416924477505,0.3287831033875303,0.0004627444444400296,149629.289201362,162686.06039842757,True
4941,308.2034776982851,140826.65304022637,0.3014321956078765,26,13,3.760326816168206,51.01232983346526,0,0,0,0,False
4942,327.1132031508528,114116.97467235269,0.3747569083138621,29,5,4.516323307558626,47.8467781029119,0,0,0,0,False
4943,332.6900373394216,120881.60836574552,0.3343386534781555,23,9,1.9995505143835655,47.4604355636001,0,0,0,0,False
4944,345.7010328567928,143770.82267027773,0.41766913051326576,27,11,3.9515453919700416,52.64878184044509,0,0,0,0,False
4945,326.77324563744145,115639.3875980656,0.4796062536592822,27,11,2.436758034438725,56.55429494833093,0,0,0,0,False
4946,311.0139852941381,131538.6595697626,0.6833066009493217,17,8,3.8832199176521653,54.47317050772705,0.7154714566537274,0.00021664226487570553,180110.6208454189,188557.15994661304,True
4947,317.79103600517794,134829.9498508161,0.6268318093977907,23,7,3.2769598256719945,54.21486466925268,0,0,0,0,False
4948,295.26981438570493,100099.85121362508,0.6298153123212717,28,8,1.6164069433246642,40.82943521119384,0,0,0,0,False
4949,344.2537314789429,109598.50656904657,0.3456229562712273,29,13,2.818388527052165,57.20162026600285,0,0,0,0,False
4950,324.28437797943366,132919.4618200659,0.6180899128807706,25,6,3.1220492711802215,44.773998864448025,0,0,0,0,False
4951,322.5971576652159,148676.57915670343,0.6509244968288991,27,5,4.084580090696143,54.28968392824537,0,0,0,0,False
4952,349.886414897362,147778.74112441303,0.41272128219062054,19,12,3.671781744649323,52.38739390584152,0.4322487576262293,0.0005706032673885944,170063.18328105067,173364.12511315994,True
4953,314.87565046239666,143457.5356347757,0.49878275795851107,22,7,1.6388406880925095,53.51534447410926,0,0,0,0,False
4954,291.9170960379846,132216.74671683775,0.6494113319046707,23,10,1.2353696361260829,47.94959175278849,0,0,0,0,False
4955,336.24555171848806,131639.68932499143,0.5818099722000125,26,6,2.2180811664807347,45.26175219016244,0,0,0,0,False
4956,300.52190088049866,105649.52218166618,0.3677064312181739,15,9,3.1246325574114855,45.53515620134328,0.38281916145217126,0.0012504696232812605,150506.29386584432,162334.57644118994,True
4957,304.2432483969793,135725.32544376588,0.6589365399831357,16,7,2.8822207840632794,49.18760246552681,0.686934948445062,0.00026995182339315503,143801.65835805875,153427.31837944355,True
4958,321.74861864854745,107191.66212132068,0.42905670208621627,28,6,2.202310792477369,49.56454960229553,0,0,0,0,False
4959,334.10882369446625,144986.93382997316,0.5174808269653818,16,10,3.2919611748108055,59.2543987511533,0.5447844965021353,0.0019153522102897493,156417.7939895798,161888.49579204718,True
4960,331.6884290594474,141397.25347610487,0.5835691072827238,23,12,2.1524539189132628,57.1507858231928,0,0,0,0,False
4961,334.82449054543247,104265.80832590794,0.5746725006583324,22,11,4.414944514329965,44.876022196240214,0,0,0,0,False
4962,338.3761252437903,132061.77640574754,0.46969847563397904,21,5,2.8608594076507354,44.56518302127925,0,0,0,0,False
4963,326.69115530231556,149422.91877387377,0.6714159432968777,23,11,3.6882845192998746,42.26413204279409,0,0,0,0,False
4964,317.36819450113774,134007.44626039235,0.45436508904206657,25,7,2.385161552718536,51.748465699110625,0,0,0,0,False
4965,324.26088339794876,139291.21216564762,0.5666693589195717,23,10,3.281114129312292,51.94836932023804,0,0,0,0,False
4966,344.7423977333121,115880.43860533793,0.6432068493869496,27,5,4.525948373128686,47.01097951077888,0,0,0,0,False
4967,305.12561188925815,124299.88519282146,0.4246633762735464,17,8,2.0571012849074677,48.36908068170618,0.44312772284849017,0.0001823373847945506,111814.19376010277,122566.01478334016,True
4968,306.9404775515832,108741.90180028192,0.501471546706965,22,11,2.7023008300153326,49.06459365620988,0,0,0,0,False
4969,290.78903894394114,131218.8306194227,0.4230237898601178,17,10,4.132375687475177,47.64529273778884,0.4411201053802043,0.0005263442823392733,187819.75351919452,200807.19610021444,True
4970,309.9510530309726,129200.78988949602,0.3748292417840358,23,13,1.2499499471509348,49.30634220170262,0,0,0,0,False
4971,300.15309793632264,148902.681961336,0.6080871949784432,19,9,2.6736859455201207,44.462135749792104,0.6315610466187699,0.0001087369253894793,136412.7716422847,146922.77594889232,True
4972,327.244097006285,137035.02419155248,0.5193136099669001,27,10,1.7976075096497888,49.49646293511682,0,0,0,0,False
4973,309.7949379647507,116949.08054689561,0.6476622895004513,19,12,2.2660301578759086,48.769923473623415,0.6749357878072152,0.0016052817299686958,120978.31661618437,129782.58212267508,True
4974,321.87353107334934,112591.72039353021,0.3242968756898952,29,6,1.2687254729630277,47.472601023605485,0,0,0,0,False
4975,314.0553191893186,145488.05739589906,0.3202904611741936,16,9,3.4429855665660956,47.71348769151747,0.33425009923207777,0.0004384165074190792,161033.93089151641,171006.3461482631,True
4976,334.9239302583207,129677.50807006033,0.39080666828984484,20,7,4.172553117709744,47.36903494059385,0.407535694051006,3.630280520026968e-06,188819.5110218998,194859.77673606272,True
4977,326.1131467176159,135028.95648133196,0.4503160482667754,26,12,1.6027086927897245,41.12462903212274,0,0,0,0,False
4978,311.2864568722658,102096.87442433066,0.43824903610334276,25,10,1.9816554544444402,59.413818999654026,0,0,0,0,False
4979,313.6167326729891,114331.73669281889,0.5244323837039814,23,6,2.7601388118163483,46.891616100529724,0,0,0,0,False
4980,313.1591955144558,131628.45571996513,0.5532350006170237,25,10,1.4634215305122602,58.43159260637714,0,0,0,0,False
4981,300.9597656218677,130352.73230473752,0.6085744121503945,24,13,4.662201608889683,50.06479222474563,0,0,0,0,False
4982,346.23972550061404,146607.7613377091,0.5451421868762273,26,9,3.8844474099886765,58.86767630167574,0,0,0,0,False
4983,292.00795082132447,123499.62102774743,0.3950370265154656,17,13,2.054643231132083,48.12418564421494,0.411808048293104,0.009377380076525981,111473.69727248394,124446.88025374254,True
4984,336.8906580211635,125223.10294122738,0.3980585026314442,15,8,4.80960918060545,50.66106805678872,0.41629377347288815,0.000435360754826646,211559.0924081088,217222.64734081354,True
4985,345.4274121163066,100622.6612200827,0.43065131749508445,28,13,2.434092223380299,54.373612862945066,0,0,0,0,False
4986,331.2628007579113,140687.7830111657,0.3026262143338749,27,6,1.5509800511171683,49.226329290259216,0,0,0,0,False
4987,344.44157301359775,118910.4300751486,0.6495282506534013,21,8,4.856568706108895,48.52683572203485,0,0,0,0,False
4988,301.641352064018,101613.15077468938,0.5753738080418864,18,6,4.390871497933314,52.45263307449098,0.6019151631293663,1.3667863826370428e-05,198371.3426026874,208832.98859226002,True
4989,342.1028688553905,138546.5714207692,0.4280514612949868,18,7,1.3780504208095026,57.725111316647386,0.45044559168874315,5.1119645541219244e-05,86241.78731699972,90829.6834437264,True
4990,320.997462119768,107467.9739485083,0.5357238360414112,24,7,1.597452945842531,43.46317147663876,0,0,0,0,False
4991,345.86236590263155,102741.40535123795,0.5723519202488224,15,5,2.5262719378359835,51.11294788596813,0.5980582579950927,0.00011503284461847829,129902.52311832894,133049.83163823636,True
4992,293.57628567407505,113105.78369588121,0.5246633044550683,22,6,4.632074536355407,44.72494693300088,0,0,0,0,False
4993,298.50726552291866,134945.53857131916,0.6608949299940445,29,13,3.4493803285747084,42.77601335628804,0,0,0,0,False
4994,340.14756669704724,105582.5026777217,0.48851698635552065,23,7,3.099767202943546,49.22187959326825,0,0,0,0,False
4995,344.5993842506937,104502.93252472543,0.6664337736120246,19,5,1.949966093537838,58.014542807367654,0.7000580580845609,7.699727598955739e-06,108383.40723080741,111304.3975110538,True
4996,304.0962997559232,147814.16179360857,0.5339285524934416,27,8,2.100491835912738,51.96078774337488,0,0,0,0,False
4997,305.1396597080125,135363.44362170057,0.4330692700136528,18,6,1.938566806641356,54.75282016218019,0.4544848667800645,1.7906646401459774e-05,106910.52150449154,117614.09687898472,True
4998,308.9382757877871,126170.08152552639,0.42229249993714363,17,11,4.372180430118383,46.53884190027454,0.4398974896466233,0.0011277003333621265,196786.90731878535,206944.35704755632,True
4999,333.0636210094628,118709.97091317752,0.48229729888605183,29,6,2.2890273705345265,52.62429130195653,0,0,0,0,False
5000,345.1548875873404,115094.17856580649,0.4838830305635703,19,12,2.0896024148810777,41.08522843464245,0.5014289857248955,0.0010702055969915396,114279.44992004341,118005.54313449086,True
