Run_ID,Feed_Temp_K,Feed_Press_Pa,Benzene_Frac,Stages,Feed_Stage,Reflux_Ratio,Bottoms_Rate,F_mol_s,D_mol_s,x_D_Benzene,x_B_Benzene,Q_C_kW,Q_R_kW,Converged
1,291.7454751908875,135264.21455771328,0.3400830065883486,18,6,1.6128327282655728,57.46614005691244,100.0,42.53385994298756,0.7965564478602201,0.0022252411274376197,3499.662775690498,4719.214927708387,True
2,306.8334369366654,134661.58166099718,0.575792355317365,18,5,1.9361856800466781,49.46955685894834,100.0,50.53044314095166,0.9810139105467255,0.16186027109913512,4515.30301530332,5364.912703514003,True
3,347.0148458435539,145235.61594199808,0.3760670084160507,18,8,2.402239258732574,52.04077424460446,100.0,47.959225755295535,0.7823095719388532,0.0016874538556266626,5150.003677042071,5549.84122860432,True
4,299.85551618317896,117913.13652322575,0.5333869706303473,26,5,4.3130649343533145,45.71289504070141,0,0,0,0,0,0,False
5,348.0516898062166,117187.27262497475,0.546821987094144,28,10,4.9730198200613405,52.116079029823204,0,0,0,0,0,0,False
6,321.0630321591437,102470.16665538502,0.4262807067139617,22,13,2.0893757003542133,49.62153183515325,0,0,0,0,0,0,False
7,320.2644902861774,149050.19418100498,0.33464014905095485,19,12,2.910252934916018,58.306254425950975,100.0,41.69374557394902,0.792266828027942,0.007398795753964312,5137.548633255049,5962.730650638444,True
8,325.72733395276106,135845.32312746844,0.3931056667638832,15,11,1.4192539776600592,50.14079325978433,100.0,49.859206740115674,0.7267531633531393,0.061332543986813925,3839.461252724154,4531.48798198247,True
9,304.5402111919345,102860.75329021136,0.6589340596156127,23,7,1.8783345045466064,42.24736977940389,0,0,0,0,0,0,False
10,317.97437768221715,128298.08662337987,0.5366790245662852,27,7,2.11479023715409,50.65603876391009,0,0,0,0,0,0,False
11,344.9268086856195,139094.16382866286,0.49854052398529125,22,11,4.852251222260693,49.16672602971965,0,0,0,0,0,0,False
12,318.1217234007934,118250.54739485547,0.5032386001032912,23,12,4.524077095412164,49.71117345546747,0,0,0,0,0,0,False
13,302.3763763505899,120298.22252358531,0.5042723565819692,16,12,3.3440709071181214,43.00197593603439,100.0,56.998024063865614,0.8639990187844139,0.027448777585156764,7708.372746430206,8669.869807763183,True
14,300.62510799694496,147549.0191857398,0.47859634864374,19,11,1.3083028311702969,45.24588764593693,100.0,54.754112353963066,0.8629644719674371,0.013458836549271849,3935.459138809894,4940.1234300958,True
15,347.21322710865337,145968.21550201013,0.3097179240552573,23,12,1.7311660382639507,41.233231340732935,0,0,0,0,0,0,False
16,344.0414594187771,126064.09284967129,0.4784983751674177,25,7,2.3082614052296933,47.958306473094076,0,0,0,0,0,0,False
17,316.88320838086725,104978.8049792729,0.4794320858123269,18,7,4.3620119411495155,50.16800055060472,100.0,49.83199944929528,0.9616580108644553,0.0004596814392692608,8164.606087087225,8961.514286412788,True
18,342.75614592995964,137288.9844994469,0.34519609879825686,21,7,3.615164584271767,48.32040078856419,0,0,0,0,0,0,False
19,295.57315012555466,106909.03308210378,0.39267567558500704,26,6,4.782890431614331,55.08814237426357,0,0,0,0,0,0,False
20,314.53697312962095,130866.35011082914,0.6171637501628966,20,11,2.365668985660726,46.32125174130768,100.0,53.67874825859233,0.9996023184138813,0.17397814877695347,5476.4024854978015,6198.541055111295,True
21,316.8526343849214,129598.3608625257,0.6148473221076742,16,9,2.4360155193961583,48.729092721802175,100.0,51.27090727809782,0.9987214740938977,0.21094982881600413,5341.100409143069,6028.740284742449,True
22,298.0720147581993,132228.1726226901,0.501451122188524,17,5,2.4666477758331045,40.76848489198781,100.0,59.2315151079122,0.8464052686198827,0.00028138346956429176,6412.277160449509,7434.32170080055,True
23,315.4033010568011,102974.34497745775,0.3828785199646958,16,6,2.1042474101387456,45.23081591665605,100.0,54.76918408324395,0.6982960264109119,0.0009457245135588637,5433.802311921416,6286.110615358738,True
24,303.08180384878244,147889.80808667393,0.47187961179627824,15,9,3.2842786431643267,41.01062919458493,100.0,58.98937080531506,0.7956344735363922,0.006194329028306636,7959.685848662937,8928.690909302357,True
25,347.9920194016587,102484.59763488613,0.375917083130506,19,13,4.454371212253161,53.414922999315756,100.0,46.585077000584235,0.800511113834725,0.005606037229908316,7996.364078030144,8382.788408923056,True
26,290.07871701350393,144681.70416311556,0.6321541338086214,25,12,4.827926135482309,55.708573073884395,0,0,0,0,0,0,False
27,310.00239896534305,104549.2087620969,0.634812033364075,19,10,2.9411756627422454,51.49586988958082,100.0,48.50413011031918,0.9996662935568139,0.2911548244876543,5794.554352490704,6554.345390232305,True
28,292.4992988594067,149508.03506170466,0.38627786233285744,29,13,4.2493867251065085,52.941581896294636,0,0,0,0,0,0,False
29,336.1412230605811,100056.86816598945,0.512330727953752,27,7,2.490989012823331,57.94853821196858,0,0,0,0,0,0,False
30,301.8831807705492,129183.48563394565,0.4863448431462724,24,10,4.311440325454403,49.510794108365175,0,0,0,0,0,0,False
31,328.6975712714825,147149.75240538915,0.5600977035410479,25,6,3.2778765076061296,52.268607441486836,0,0,0,0,0,0,False
32,296.6491718229862,138010.64804115676,0.5801121308577007,27,10,4.015768230384493,41.01993287052649,0,0,0,0,0,0,False
33,335.74277233278974,112305.59915124153,0.30092095103898586,24,7,1.7314834731406255,54.12767418314034,0,0,0,0,0,0,False
34,318.9800457857664,132429.50820751354,0.45107018854666014,28,5,4.559498303137335,58.08627476169419,0,0,0,0,0,0,False
35,292.8251059417401,134555.97363232102,0.3057807749144822,20,6,3.0049009220654135,48.33999279496595,100.0,51.66000720493404,0.5918810162714103,3.1384632569354526e-05,6703.43628152835,7915.409084392578,True
36,336.79003868789135,103967.63881773692,0.6545960683681139,23,8,3.757285934052722,57.166416821532614,0,0,0,0,0,0,False
37,345.1831906358379,119899.09787865993,0.6687073131196294,27,13,1.7840156422301359,48.19673390169649,0,0,0,0,0,0,False
38,327.8589120856938,103358.47050059798,0.3300014231659228,20,11,1.9639497539855277,58.35486527697638,100.0,41.645134722923615,0.7830553606732876,0.006679484351490581,3895.41923560192,4612.429731751483,True
39,296.85961554805647,104507.00276286367,0.6012393522266009,16,6,4.180952019361232,47.22605302335211,100.0,52.77394697654789,0.9976053155548962,0.15831071525348614,8291.60932882851,9258.28179173249,True
40,331.3273766975965,129978.11746636727,0.6423545610530164,25,13,1.583831609925017,43.048193646502064,0,0,0,0,0,0,False
41,303.71843678092966,136717.26723159288,0.44921258300300637,28,6,4.817278961308208,59.007903587697,0,0,0,0,0,0,False
42,298.194541383562,101783.32877661921,0.4921882498469081,18,6,4.656891547086693,54.60938602491588,100.0,45.39061397498413,0.9967912436983796,0.07276591633336954,7788.074680470619,8820.78749677027,True
43,331.7806509489186,125399.81405760517,0.47655088267833934,24,7,2.136564233194181,44.31407754552187,0,0,0,0,0,0,False
44,297.39950274081144,139025.4838222602,0.57089736035636,19,6,1.2132980244703018,46.73691837661707,100.0,53.26308162328293,0.9666444428807993,0.1198775553429607,3598.485278050327,4579.358395494967,True
45,337.7915978650107,102258.1697872286,0.38212510516459297,18,10,1.6667445783183825,40.11683004094348,100.0,59.88316995895652,0.636096877124628,0.003016917022695418,5146.314260559944,5665.386776459239,True
46,341.6101792532868,134238.9597542261,0.40395611259810216,27,13,4.07393776539091,56.40795038301255,0,0,0,0,0,0,False
47,333.8411294484333,144513.60884411243,0.37778598474000374,20,13,3.696455564319625,45.567068910341206,100.0,54.43293108955879,0.6920353323272719,0.0023950713003517187,8177.520056499494,8764.976455386619,True
48,329.83211839221843,100133.95519549878,0.4832247086434348,28,7,4.690908235654567,58.0280883322581,0,0,0,0,0,0,False
49,295.66639529406297,113457.78791656179,0.5362795148580781,26,11,1.700629401076542,48.007091284802705,0,0,0,0,0,0,False
50,312.74825005004135,127911.86927960577,0.6803032715464595,22,10,2.6448283216629402,53.91627064359519,0,0,0,0,0,0,False
51,292.87365906530914,104866.4508285169,0.40292556014872216,26,10,2.35842880773638,55.07678008734192,0,0,0,0,0,0,False
52,333.8986180896377,134316.46173203446,0.6726930550687437,23,6,3.476815445349847,57.42416254391473,0,0,0,0,0,0,False
53,313.86792707263794,120225.7473451957,0.5692652122849858,15,7,1.8956611678726252,51.89999920021731,100.0,48.10000079968269,0.9907510948436558,0.17863894749969453,4230.03184029137,4987.686321031543,True
54,346.5427705749669,108101.28107985859,0.5362397732244835,20,11,3.1084647143417428,57.082732886951035,100.0,42.91726711294896,0.9997219614698399,0.18777545393683406,5344.682578303378,5654.536886185907,True
55,333.4913777713239,107056.03945136584,0.4868042373652034,25,8,1.5752096057593037,57.61152131186897,0,0,0,0,0,0,False
56,291.92591525877157,135706.3184382774,0.5684746670041287,19,10,4.420936602120206,42.30014093760053,0,0,0,0,0,0,False
57,294.7300287305205,130546.00801339604,0.32226186109206945,17,11,1.6287971722541834,45.56356881572612,100.0,54.43643118417387,0.5840113452646128,0.009540719118208465,4640.829066887901,5811.605951976518,True
58,318.7827738641109,129433.80537707577,0.565084223600526,27,6,4.072715653650293,41.372717342929164,0,0,0,0,0,0,False
59,311.68624360449206,141281.76585390212,0.4903310423258669,25,8,4.674192344046417,54.993557240085536,0,0,0,0,0,0,False
60,312.6035473837141,149488.4636274498,0.47192392119294146,23,9,1.357848138087127,58.10531547812415,0,0,0,0,0,0,False
61,320.8935227785564,130170.22463645252,0.5545770343060652,17,11,2.368428064750394,50.11105985157566,100.0,49.888940148324345,0.9990264972623898,0.11208233306327076,5094.568974680627,5774.54079719787,True
62,329.6565239649707,133206.94732509623,0.4708694527332262,22,8,4.195428292211875,52.53322156147743,0,0,0,0,0,0,False
63,297.5489764917679,108569.6884480229,0.3318455781206039,23,8,3.599086804236215,46.03701049085245,0,0,0,0,0,0,False
64,299.49985519918454,109827.13432416305,0.6733876751630561,20,7,2.233973572818041,47.656888249256234,100.0,52.34311175064376,0.9968620307156739,0.3181061713707299,5134.23208449012,6006.1844472895755,True
65,339.0615761864225,109456.3157963921,0.6187916314308131,18,9,2.7718573269882816,50.23730832709475,100.0,49.762691672805246,0.9991505015015506,0.24202700748991277,5690.144423175269,6062.034009067106,True
66,314.2809110255819,124242.23118662657,0.5845794152394742,27,8,3.3172353036396593,46.810825166929995,0,0,0,0,0,0,False
67,323.15359065742393,144634.5748469409,0.3625684789845593,17,12,2.7676780429328396,41.05624817742355,100.0,58.94375182247646,0.6085142052243311,0.009468673038288121,7181.301926363729,7925.50445624619,True
68,310.3485415252518,108589.4282745754,0.5387779255849963,21,6,4.1727678870300515,54.533269438644886,0,0,0,0,0,0,False
69,348.1151775766498,143842.48591668214,0.5697145336622678,26,5,4.761131721442778,41.76260778190377,0,0,0,0,0,0,False
70,341.69027174334167,112205.01170848236,0.4950012452434802,26,13,3.654563318929333,47.332551416938486,0,0,0,0,0,0,False
71,290.698527881924,127294.78301009107,0.45411566822906857,21,11,2.200598458442105,55.15973412823149,0,0,0,0,0,0,False
72,337.0786527749289,120281.77741759378,0.6403027416992857,26,9,1.5186994165477532,56.95813566916978,0,0,0,0,0,0,False
73,299.8091466613206,132073.4464230309,0.6714218461526131,15,8,1.7926925458226854,47.38199909634734,100.0,52.618000903552655,0.9964614436738177,0.31046356963352906,4457.327913287382,5326.959016511233,True
74,302.1806065418999,130357.90915321297,0.4482628474223632,24,7,3.9130540793085355,53.18213158662303,0,0,0,0,0,0,False
75,323.34025451636234,147590.15102691494,0.5418319969437908,22,6,1.375367588339413,41.581617891998626,0,0,0,0,0,0,False
76,296.4305298491884,127276.1039760838,0.6493007171646112,27,13,2.2243502209699324,40.53408235799117,0,0,0,0,0,0,False
77,331.8783676712585,126579.51104625601,0.38001594874982836,25,9,2.38289089171961,52.47370002051845,0,0,0,0,0,0,False
78,304.1954317308519,134658.53765427798,0.41970303676423437,22,8,4.4307998481355515,53.045572372441626,0,0,0,0,0,0,False
79,327.9125695652143,104311.0011114027,0.3617036412304298,20,9,3.3566077617896743,51.77768398924357,100.0,48.22231601065643,0.7497031501788485,0.00034704614639961714,6664.374769730386,7357.187144883854,True
80,335.72694647866706,123602.91878819877,0.32064078324742407,20,11,3.0260748450993598,50.06212086995846,100.0,49.937879129941535,0.6410825759823698,0.0009947262779364506,6475.103540679522,7067.963222281322,True
81,300.03941061690625,108596.89271928853,0.46338775617666284,28,5,4.478812157694871,43.70968866026131,0,0,0,0,0,0,False
82,348.97574475197825,147262.2873781492,0.4923836351744691,16,10,2.4692105985176753,51.81134687296759,100.0,48.18865312693241,0.9853291415348893,0.03391807859452945,5083.100972015771,5402.660591984111,True
83,340.02517650942286,109539.42622423123,0.5763071899082064,23,6,3.796246770142699,57.63199926016438,0,0,0,0,0,0,False
84,346.968138736212,104499.50768430224,0.5800095496846964,24,7,1.810627948395175,46.31668398567179,0,0,0,0,0,0,False
85,334.88946118467663,146948.75703487708,0.37250178647913923,27,12,4.609203331157114,53.888244055770805,0,0,0,0,0,0,False
86,325.8302188898395,131501.11286896173,0.5419516165962907,27,10,4.258369901998693,57.69449160317158,0,0,0,0,0,0,False
87,307.8173106741684,131643.34304042908,0.55261978293765,25,12,1.2558511418701626,58.63646676691327,0,0,0,0,0,0,False
88,340.0711442770352,149799.34319082517,0.5756956538918606,24,7,3.6446670845060583,41.56540666118617,0,0,0,0,0,0,False
89,320.67444152539866,127281.74612529512,0.5996633565072125,16,8,2.0736535204456,40.93125724344311,100.0,59.068742756456885,0.9934651711973341,0.03133050687756585,5510.746639613359,6178.246755359594,True
90,305.0014919779618,106862.77277937066,0.5658744776998914,24,9,3.1767237674865916,59.37303201826548,0,0,0,0,0,0,False
91,302.26245973322057,139249.62969019078,0.6267977887246244,17,11,2.3522682221334925,53.90006480884067,100.0,46.09993519105933,0.9995686395327916,0.3079725133854965,4684.506181911774,5548.502823520871,True
92,310.88934412750456,103729.01382280911,0.5093920099026661,19,5,2.1927189809494934,41.085062619164496,100.0,58.9149373807355,0.8645466458121671,0.00011866680792232406,5855.306672854251,6702.576229222835,True
93,309.78035801797785,107396.87517175124,0.4399346719820606,19,8,4.074874463460173,57.54300361665311,100.0,42.45699638324689,0.9985625091838575,0.027751036754992235,6532.721961907663,7452.061392013921,True
94,307.6458925006508,100217.01267195365,0.3552439820438978,15,11,2.6943680818007376,51.64510616870918,100.0,48.35489383119082,0.7050564860658108,0.027718173079608558,5703.988048247044,6682.194124973164,True
95,312.7299666615341,117925.40156607858,0.563935309432932,28,11,2.5439810723619103,44.49942385844288,0,0,0,0,0,0,False
96,304.33364853666535,119518.61353982775,0.5064353922991126,15,6,1.312799070453845,56.424948759922714,100.0,43.575051239977284,0.9547723688140278,0.16020086090764032,3083.7917185979945,4007.5626080954744,True
97,340.52285695379527,137364.2121591286,0.6442999839536465,24,9,2.266561595282262,45.13485846569545,0,0,0,0,0,0,False
98,339.2019998981027,115889.70984953747,0.5385626913764199,21,8,2.4064205206751517,40.01150380597047,0,0,0,0,0,0,False
99,335.91055545567696,138596.9202057452,0.4265572084745728,27,6,2.545516495977319,58.91227358612505,0,0,0,0,0,0,False
100,348.0605297234962,113665.52910981118,0.685989833376503,20,12,4.246625542183147,44.508245919833364,100.0,55.49175408006664,0.9999754739479034,0.2945205318919022,8824.59722402436,9029.623552984604,True
101,327.1332925314602,134827.8524517748,0.5885240117860573,24,10,4.870825785703072,52.87926755882618,0,0,0,0,0,0,False
102,321.18788724334206,104148.88005868446,0.49147602721819417,20,6,3.26373325755465,54.93675406524296,100.0,45.06324593465704,0.9935011354487115,0.07965566324615173,5831.857985968958,6549.905454758564,True
103,303.8433352851189,124078.36748504799,0.46933934347107165,21,9,3.391329062999021,59.78137695706489,0,0,0,0,0,0,False
104,337.1497732537652,148759.176482738,0.32027119434000517,17,11,2.1638180887388128,43.10317050444355,100.0,56.896829495456444,0.5581468665989374,0.006272100424447587,5854.8486579086075,6416.78929948515,True
105,300.9065047542824,110278.63977084935,0.3583544824258115,18,13,1.6798725198725002,47.90000830791542,100.0,52.09999169198458,0.6669180988064464,0.022735822144594936,4481.497719229715,5547.091602908904,True
106,315.34487086220105,127936.1172920735,0.6709665082645407,26,7,3.416879640025577,44.93819384603255,0,0,0,0,0,0,False
107,347.1698097087011,125662.99289399359,0.35621098550906083,21,11,2.146210848083809,45.18393707903735,0,0,0,0,0,0,False
108,331.55982251483846,100811.7734258539,0.6310149012658082,21,11,2.1339320115833886,48.90980007481594,0,0,0,0,0,0,False
109,306.3283849209585,105354.05113052798,0.44773558664089086,18,10,3.2364182176477003,41.986287131657406,100.0,58.01371286824259,0.7706278975217781,0.0015845799965361544,7771.36710009728,8711.563535610607,True
110,310.83521162388337,136500.6463137803,0.6326541887242085,24,10,2.3636413534678358,43.11220504448431,0,0,0,0,0,0,False
111,296.0852175490156,142625.84992908657,0.6064934828499033,16,8,4.839047562096075,56.53437294923951,100.0,43.46562705066049,0.9995126075100874,0.3043265192308002,7693.394489180993,8649.365022256185,True
112,299.10748452471535,121057.83765108474,0.4945789965748237,18,6,2.720067939116968,43.85743005422995,100.0,56.14256994567004,0.880712152057454,0.00029043477964795086,6482.478239633807,7500.445048710908,True
113,342.05659059228765,128549.68789425369,0.4407047087892705,18,9,3.439542895899738,42.635440266799925,100.0,57.364559733100066,0.767662790133018,0.0007944651035543959,8056.5686977156265,8490.071820807392,True
114,292.72517644696353,107330.89183392019,0.4339437822114832,23,9,1.3222486621747598,40.16723884076167,0,0,0,0,0,0,False
115,301.47746817574154,139438.68378417805,0.38787129830443895,17,10,3.056777450800034,42.06057073326009,100.0,57.939429266639905,0.6675666549822613,0.002584711674840217,7543.788821928568,8581.415454852337,True
116,339.6993239103442,132255.52466251815,0.5251948090119871,18,13,4.244336882414655,56.58370457952543,100.0,43.41629542037456,0.9999540553554952,0.1609078382588786,6901.313409056869,7321.724926280432,True
117,343.52917847780833,148489.48634406622,0.5373179000312437,26,9,2.5152557420281916,53.96882188020429,0,0,0,0,0,0,False
118,320.2483577275779,140719.8166583041,0.35431210937001373,21,10,2.2963539327355598,46.46324985678719,0,0,0,0,0,0,False
119,292.94222489422356,121779.08464037182,0.5625415879494464,26,12,2.9525587040667314,44.87627238870166,0,0,0,0,0,0,False
120,301.6196935295417,149552.83926730312,0.5179773020152683,16,8,3.415813752124631,48.19034978310441,0,0,0,0,0,0,False
121,329.02932419120236,133094.20082948578,0.5388798493133616,22,11,1.521913134873317,52.854335925176755,0,0,0,0,0,0,False
122,302.90275396514096,101834.18871239164,0.47960581454621787,22,5,1.9065882634370563,51.05472865705991,0,0,0,0,0,0,False
123,291.1110815112182,113051.58695645868,0.6991713280301857,24,8,3.1638933597645194,52.1831654000942,0,0,0,0,0,0,False
124,343.85714870095075,117234.52442716868,0.6494988486199391,19,10,1.5357346966858665,45.6898568366685,100.0,54.31014316323149,0.9966142733084585,0.23689372136451206,4177.221681038124,4465.348526697731,True
125,316.7742983415644,143401.34992899903,0.5324896895676712,29,12,3.078659304979201,45.490808185887175,0,0,0,0,0,0,False
126,344.96294911628434,141131.4351668227,0.6044619945576362,29,8,2.5517757246549784,52.87145236072769,0,0,0,0,0,0,False
127,330.2883781439772,110554.50019625881,0.4333805920496943,28,6,1.9299219341641805,40.50184337797586,0,0,0,0,0,0,False
128,330.4194524643775,124512.18473627933,0.3299980541095107,17,5,4.516912194265068,41.10992703101785,100.0,58.89007296888216,0.560335654617873,3.913812483123616e-05,10564.51721784914,11221.43346910437,True
129,322.73638344549875,126757.84115493557,0.305405066512453,27,10,2.5159414374244298,54.61964850862624,0,0,0,0,0,0,False
130,319.04020379351863,124261.73817369122,0.3181613055306664,20,12,4.758559141783998,46.29797917789016,100.0,53.70202082200983,0.5918891966795164,0.0006586475286367306,10019.713684350603,10855.52845133809,True
131,302.36752109559706,105724.04429068448,0.43676789957758233,22,10,3.6813047856255148,59.9021189613927,0,0,0,0,0,0,False
132,293.74078989406746,119362.91466259796,0.6573827354066974,28,12,4.440901196195159,46.87122260766113,0,0,0,0,0,0,False
133,347.32789582793765,129929.04285634957,0.6497218350198886,23,9,2.917028032558662,44.46799701665429,0,0,0,0,0,0,False
134,349.3697388824143,105095.65901451846,0.3361509657523064,26,12,1.4534981295285418,46.1855574998264,0,0,0,0,0,0,False
135,334.2284401575755,108033.71309686264,0.5026300004055335,20,10,1.6776744916243669,48.736622542353444,100.0,51.263377457546554,0.9706519671655487,0.01035722840926643,4186.564570487859,4721.626434306726,True
136,306.2720366514493,107163.90992446986,0.4504844544672474,25,6,3.109164819005202,46.08169339591578,0,0,0,0,0,0,False
137,300.3140546006213,101184.80271502142,0.40445703639952457,15,8,3.4182317187415006,52.80166814437531,100.0,47.198331855524685,0.8512057930922673,0.005118727419395813,6506.711269932162,7568.800392223495,True
138,327.6188429895314,125012.45598275927,0.5941887994835904,25,5,4.745192367364643,56.31207230039438,0,0,0,0,0,0,False
139,313.020324710195,123309.69640741893,0.5307245855409618,20,5,4.765372121969566,47.74658360133289,0,0,0,0,0,0,False
140,347.58347892588927,134107.97677908326,0.6512776577997469,29,9,4.548200799899437,44.25412701223947,0,0,0,0,0,0,False
141,314.19273841571766,148417.91233560347,0.5044972984335765,15,10,2.3253026882712713,59.962303157702706,100.0,40.0376968421973,0.9974896502427074,0.17531476925234352,4037.5772096550872,4829.293418432475,True
142,332.1626115290512,112294.55953987077,0.4256828879222304,25,9,2.8712802479112813,47.31779041473248,0,0,0,0,0,0,False
143,306.7388545964021,136167.22950282542,0.4677099493965769,29,9,1.6599520742944878,49.07848864914472,0,0,0,0,0,0,False
144,332.34815187975585,120405.02727613234,0.5704857605818494,16,10,3.4043997031758444,58.666084288355805,100.0,41.33391571154419,0.999621136058197,0.26813339459867325,5518.39848555903,6007.272012534006,True
145,340.24089336375175,142990.0511794569,0.3474816955730806,25,10,3.067591161990528,46.05839627133531,0,0,0,0,0,0,False
146,333.97894738374896,140116.51165104224,0.4912405972088548,24,10,2.440359924793942,58.07541355260396,0,0,0,0,0,0,False
147,348.0051901984426,114597.33854929479,0.646891110353368,18,13,3.963520428039166,52.624030074289195,100.0,47.375969925610804,0.9999759371540436,0.32901863083652877,7127.450956999921,7347.487672978434,True
148,338.01700813737557,112536.2458566272,0.3324106947278535,17,13,3.542889882426456,52.51803815384028,100.0,47.48196184605972,0.6785192269270076,0.019491920650876474,6912.819992621308,7464.29931321137,True
149,310.6492247889812,146206.36695011499,0.3591324930952664,21,11,3.722447693102593,44.86752352593515,0,0,0,0,0,0,False
150,344.22580174388594,134841.9593746937,0.358149737412521,27,5,2.6549023305728783,54.2063245360355,0,0,0,0,0,0,False
151,331.6567206470456,127001.24678536513,0.44183902913181083,16,8,3.21284809482598,48.67723984116235,100.0,51.32276015873765,0.8581840197744143,0.002868343141699242,6738.132456096301,7335.53155750469,True
152,310.9679318450921,113693.00563349272,0.4049805312354215,19,5,3.9526506555468313,46.716492760244655,100.0,53.28350723965534,0.7600222907803292,3.108174074414144e-05,8358.163855401126,9264.135013428537,True
153,327.3737711607107,147167.5684888659,0.37361398643880184,23,9,4.688743434790155,45.96271780631972,0,0,0,0,0,0,False
154,339.67672063776695,142828.51874842116,0.4445258818483345,26,7,2.0519214067262372,54.14866310997258,0,0,0,0,0,0,False
155,322.4961714975542,146461.2808048156,0.4278303454687336,16,6,3.89331118406775,46.28525610862192,100.0,53.714743891278076,0.7960962914133601,0.00045361277613825034,8277.676313898859,9009.266019596787,True
156,317.1334762780653,119577.09642505752,0.4269330528162468,19,5,2.2650300727136257,48.24641431454124,100.0,51.75358568535876,0.8247754125600727,0.0001751920875832598,5296.441150177538,6108.365207905896,True
157,344.7471701050624,120886.9199387836,0.32523851469768794,25,6,4.7151464747718155,44.492761628930026,0,0,0,0,0,0,False
158,310.03892717181884,120356.45325546378,0.696436992641025,15,6,2.6143008719522802,41.047862095683556,100.0,58.95213790421644,0.9964606708013907,0.2655486421578134,6463.102950647097,7190.064331317916,True
159,340.5561046038417,114779.42873886612,0.3190069940427409,18,11,4.269737516548412,48.454991980777024,100.0,51.54500801912297,0.6172262269573782,0.0017704845126939942,8774.185245966457,9292.347308791857,True
160,325.69715977542364,131225.371427875,0.44195948779010374,16,13,4.248849298500615,45.317663153275795,100.0,54.682336846624196,0.7797035417199683,0.03441397234212194,9062.764030748225,9732.328271891729,True
161,344.8769053360216,113028.47122632967,0.5874559612206993,16,12,4.071353658864731,50.119002510916495,100.0,49.88099748898351,0.9998752531608274,0.17698244310217348,7667.519161031204,7978.320275462417,True
162,319.9451277882724,132287.97407268552,0.6250593489814077,19,7,4.517496560624598,41.679811504597154,100.0,58.32018849530285,0.9991044923328213,0.10167447366642694,9755.050622989378,10408.256194072577,True
163,318.49264945467274,123760.76620090831,0.5973182409071032,22,11,4.4135227043005445,47.287498090524345,0,0,0,0,0,0,False
164,332.24724278894445,124102.083142347,0.6914733641355213,23,9,3.1301781798773414,54.858242691247426,0,0,0,0,0,0,False
165,338.2608203106955,136944.37561329844,0.6018641606083117,20,6,3.761418398686713,53.82797896989746,100.0,46.17202103000254,0.9966892954275036,0.263201262769321,6668.2363114350765,7057.161444995383,True
166,346.9003359246215,114762.32820756923,0.48688185676295714,29,11,3.8486968689980037,43.95071070721701,0,0,0,0,0,0,False
167,296.03286636476616,146707.65239283012,0.36986298020264363,28,12,3.847905389503718,53.80978933044296,0,0,0,0,0,0,False
168,318.82713330114865,148830.7657066249,0.33283098521192045,17,8,4.351206233073642,53.07790442851451,100.0,46.92209557138549,0.7085574447530855,0.0006807563812238646,8013.308429806689,8853.529017937857,True
169,294.06754797891017,106202.26563129867,0.3805387497272056,15,7,4.255005855159629,49.86288875937632,100.0,50.13711124052367,0.757664228677706,0.0013402531754092895,8347.754846886532,9501.858917360409,True
170,313.28201991949635,131964.21703423493,0.3001190757209993,22,7,1.9934085255098468,43.49688257842735,0,0,0,0,0,0,False
171,319.2550999771413,118233.76819805599,0.3071239766233884,20,13,3.7991597256703677,40.9022565581898,100.0,59.0977434417102,0.5187910656375074,0.001296356649909158,9263.214896822716,10096.301936812659,True
172,321.61489453774385,129385.98590233503,0.3822778357866973,19,6,1.6757579589552185,53.14318652920039,100.0,46.856813470699606,0.8146042968670993,0.0010963638538521697,3936.540754857496,4713.56254467172,True
173,334.9549841018852,126734.66089597768,0.5128292519543245,24,8,3.2730043204832695,52.75583837405467,0,0,0,0,0,0,False
174,313.9100876517392,137854.36050622677,0.5426847615668446,20,7,4.155872688389862,40.17656365473588,100.0,59.82343634516412,0.9071158705306452,5.070990359714029e-05,9526.655427884065,10315.890164944909,True
175,300.51765282460786,121830.02934821568,0.5420599454469238,26,7,1.6837854598163826,57.74088962797912,0,0,0,0,0,0,False
176,346.9220871401049,144082.0427694634,0.6957371413671452,29,13,2.2537938233951307,41.9901766423804,0,0,0,0,0,0,False
177,338.160071667404,122886.35644248058,0.3895745406618496,23,6,3.3310028644733407,48.408125519092785,0,0,0,0,0,0,False
178,339.1010105110969,113170.62704135974,0.5040463080603951,21,11,3.2152575019528253,47.538947531952225,0,0,0,0,0,0,False
179,300.5855575047466,144649.52758138214,0.6432727485286377,17,12,4.77393118152669,42.93503183929053,100.0,57.06496816060947,0.9999587271994976,0.16918727415558338,9986.86425007367,10877.901256915458,True
180,294.20374623560406,130114.34706840864,0.5515399343095737,27,10,2.89450511680036,46.9412826834361,0,0,0,0,0,0,False
181,316.26296054411466,136613.27214188105,0.31810730188530534,25,10,2.396592417653211,55.54272056334998,0,0,0,0,0,0,False
182,316.90378601090345,118729.557030185,0.6079883379331747,17,8,3.8962259885613477,50.86518027150008,100.0,49.13481972839992,0.9992872841668594,0.23000080688022106,7292.93123605865,7981.578776413855,True
183,337.1438464455253,107672.33985502478,0.5890395701159052,15,11,4.5560598913462425,51.65605608706051,100.0,48.34394391283949,0.9998353567083093,0.20457473450924243,8141.5782873268745,8560.459660379083,True
184,307.2363935431223,102396.23443569438,0.36167957273305157,27,10,3.5329512081229852,55.1741921780104,0,0,0,0,0,0,False
185,348.48302346593584,119874.81883846955,0.3384999379601814,15,5,4.482748995017321,51.68870613399062,100.0,48.31129386590938,0.700230988186845,0.0004055056669050893,8463.316449368122,8855.516202540472,True
186,349.6249060079405,116217.86626129164,0.5759238216972045,18,5,1.593322608396444,55.724143747318294,100.0,44.27585625258171,0.9672172421873422,0.2650202597352709,3504.4950784249977,3737.2230110497167,True
187,337.53925396463745,119964.36008801754,0.38876375633593224,22,8,4.760066992769445,54.4179637556478,0,0,0,0,0,0,False
188,326.9277284567014,103642.32271226555,0.6313061420453383,21,10,4.025029752324596,55.779612465760565,0,0,0,0,0,0,False
189,344.60864627932733,142257.42864204195,0.49794121799616586,19,9,3.6103226791505536,52.079595563008716,100.0,47.92040443689128,0.9991792501253189,0.03671913997030118,6697.508735197307,7080.651637770152,True
190,294.51686934228906,103439.2056045768,0.6571689531010304,25,9,1.9198790592210409,55.04995184499924,0,0,0,0,0,0,False
191,308.9675768187954,115873.26227976695,0.3834359971445944,16,10,1.5718063030191611,44.03933329948011,100.0,55.96066670041988,0.6748654623787892,0.013117711525235281,4614.558903935099,5552.241337113984,True
192,306.4514958388896,121636.36908573269,0.6729176957556768,29,13,3.0727096174057085,40.15891210895719,0,0,0,0,0,0,False
193,301.13995341453585,107262.01202860498,0.677719082149499,17,12,2.1700441944891367,53.771596206931285,100.0,46.22840379296872,0.9997349273756607,0.4008764605848863,4442.048003479428,5283.724374135264,True
194,295.98051862321535,149973.69112326007,0.5402541428868323,17,8,3.3733900078624286,54.63338584367353,100.0,45.36661415622647,0.9986921657330796,0.15956925753240112,6015.364634421864,7031.6236144579125,True
195,349.778808757989,148893.9106773628,0.6674864507986088,18,10,2.6533524184291393,40.53154227049336,100.0,59.468457729406644,0.9995885622917968,0.18022039944579443,6585.687740610344,6785.021315602969,True
196,301.657150204164,113641.36637389164,0.5017218658983581,21,10,3.1719334502872005,51.4846651067908,0,0,0,0,0,0,False
197,348.41652489681945,142113.53023207816,0.32874839314957804,21,12,4.463176387173964,43.76259499824788,0,0,0,0,0,0,False
198,345.76375103746557,102876.0044657294,0.43244279749319764,19,8,4.2973037617939145,53.81430987385062,100.0,46.18569012604938,0.9358098101541409,0.00044277120705882154,7514.843229906013,7917.570849114239,True
199,295.9885328076103,134124.22736010962,0.6401533557849407,21,13,2.0345988437493725,44.63552559461392,0,0,0,0,0,0,False
200,348.57565802609747,125029.07130844986,0.33340392395438184,16,5,3.4054942380286812,43.29037007730591,100.0,56.70962992259408,0.5877956202674868,0.000155575317563367,8098.599881501403,8480.430273518368,True
201,348.740207169359,126359.89835649665,0.6737585507342752,25,8,4.9529885677042325,49.91269412164946,0,0,0,0,0,0,False
202,292.3860950288381,125234.22050758266,0.6822317663379628,19,12,3.8463651229860893,59.566993772477076,100.0,40.43300622742292,0.9999644593773467,0.4665605756871054,5939.358403139551,6884.2384581056485,True
203,296.26371652918544,116958.90260014847,0.4393389545947891,21,8,3.8356799922955727,44.8614609466631,0,0,0,0,0,0,False
204,340.8231414703154,117247.97729609876,0.6863913815168875,20,11,2.6274962306280845,51.02001149442236,100.0,48.979988505477635,0.9997869603525537,0.38552694181428276,5385.54638546764,5686.863509439323,True
205,337.3113395904817,113417.15345710314,0.39994699990587634,29,10,4.435546816667037,47.18801650247643,0,0,0,0,0,0,False
206,298.00634928388706,131657.78780034502,0.5997415508127683,25,11,4.2950394020009215,42.679671785103366,0,0,0,0,0,0,False
207,338.7520263457779,135474.69452902462,0.4143521300766341,17,10,2.908283543934692,53.27163042829395,100.0,46.728369571606045,0.8775536872686186,0.008043986041800706,5671.712065187107,6182.584563319283,True
208,343.58549922173023,140191.3352101868,0.34139241578012175,26,11,4.35922996106183,41.4880945813881,0,0,0,0,0,0,False
209,326.67245013668315,130142.8668959736,0.5569332414223778,18,13,3.836866051406031,44.41071193156463,100.0,55.58928806833538,0.9883948302748431,0.01687798232487248,8170.053020602712,8781.657168753938,True
210,321.1908099170947,123264.03303720368,0.6044901737541226,19,7,3.0008965097768536,57.30248190046048,100.0,42.69751809943952,0.9973708269541182,0.3117459983845233,5180.737839245199,5803.262127333799,True
211,349.95144479056387,101172.82704439443,0.48527989036835195,24,6,2.412969576371295,59.380676087857736,0,0,0,0,0,0,False
212,308.2544940421171,132724.92304227824,0.4757289257339229,15,7,4.515604061641959,44.52266888380886,100.0,55.47733111609114,0.8564124930798565,0.0013819294670110874,9538.896133695858,10443.858969893738,True
213,336.38484620845475,146665.78594962793,0.5365199230282025,28,10,4.935348146578575,50.4482602670382,0,0,0,0,0,0,False
214,330.11752077353765,112919.74420175348,0.3246015023522441,27,7,3.558105351480809,40.75475563656464,0,0,0,0,0,0,False
215,301.9541321897769,134785.42058702096,0.5317129163019452,16,6,4.9966383259856455,44.57940350178323,100.0,55.42059649811676,0.9588818467448395,0.0006900667924154682,10160.730365691366,11125.146824908725,True
216,297.36474649656355,149302.14190884322,0.5828855425168376,26,6,2.4938937234712113,43.98232717671419,0,0,0,0,0,0,False
217,339.215141892946,114572.77314256295,0.39506703677297705,17,13,1.6037252630760959,43.788761022735066,100.0,56.21123897716494,0.6710849254992898,0.04074581689863009,4695.133452606216,5183.914263750248,True
218,342.5971105742601,113811.68395432793,0.6526370931580923,22,12,1.6266843664861104,47.303140303031086,0,0,0,0,0,0,False
219,302.1939077784912,126996.87209487958,0.45453922152325754,19,11,3.48912634524779,54.81683677620309,0,0,0,0,0,0,False
220,345.706049293879,112498.95040705359,0.4497511961605622,19,11,1.4358776616650597,55.02394678831848,100.0,44.976053211581515,0.9308180744686538,0.05652968581608007,3368.3790642897757,3751.0601218350057,True
221,338.2930181852708,115458.1528751187,0.6587058221444583,27,11,1.261516001310537,57.864384158262794,0,0,0,0,0,0,False
222,307.29145703179483,136737.98063329761,0.5549346114380003,25,11,4.880725456153156,59.99568270695156,0,0,0,0,0,0,False
223,324.4864311597608,122725.76816885236,0.5691377112269447,22,13,2.501131594447009,45.64749322982637,0,0,0,0,0,0,False
224,347.3565976665763,147553.68015142006,0.3176897306347812,21,7,4.236434380567706,42.85543547255233,0,0,0,0,0,0,False
225,320.1829878560713,129859.92667094605,0.32913938700080725,27,6,1.4877221739704227,55.756707156494514,0,0,0,0,0,0,False
226,291.87652645845577,114342.25709754374,0.4206248749558067,27,10,3.0971784727827063,57.78626227893738,0,0,0,0,0,0,False
227,314.7083177280462,148694.2816516013,0.37986371462311,24,9,3.135600466392483,59.767150555564996,0,0,0,0,0,0,False
228,310.10377407029387,134712.63993811398,0.5571371876599089,25,12,1.737853885287707,43.72645931257405,0,0,0,0,0,0,False
229,302.3597824393497,117427.96638338207,0.3792368754437059,20,9,3.4359365857642787,48.97112238243298,100.0,51.02887761746702,0.7429393024965447,0.0002523005275339367,7187.966111081566,8229.434049107396,True
230,320.5891089682343,132572.51079607796,0.624332493363166,20,9,3.0698287653512,50.51908015680503,100.0,49.480919843094966,0.9994091749402654,0.256962516929526,6104.550587160398,6730.891695024605,True
231,334.5195469222374,138795.698110547,0.5863034749757785,25,6,1.484853652217893,58.890064660784155,0,0,0,0,0,0,False
232,344.7615391076142,133669.18988047593,0.4083076407114352,19,7,4.073283302599708,45.92454583990338,100.0,54.075454159996625,0.7549918433776215,9.293192511682304e-05,8695.682359728047,9107.201577588256,True
233,328.48948691031677,139117.8521439422,0.4275216988323909,29,7,4.350393982333134,41.642404322096716,0,0,0,0,0,0,False
234,330.97998615088187,136560.50929016352,0.431485702608741,18,8,3.0039795956276167,54.059139564496796,100.0,45.94086043540321,0.9369286635569458,0.0019561843167754433,5648.75304219296,6271.491624602756,True
235,331.9659701509465,137455.73106456408,0.48874306478883833,20,7,1.3371419928108887,40.43558385223183,100.0,59.56441614766816,0.8201784467430148,0.0005184290205374559,4366.804059558812,4925.338109781782,True
236,347.5290352744564,106687.20171917234,0.6600992243461526,20,6,1.8580155824726452,54.14364630646614,100.0,45.85635369343386,0.9898961978712177,0.38078150465297445,3981.0201138446346,4197.041805257687,True
237,299.9033044109358,134819.0632497714,0.44243032779986213,27,11,1.689906427027245,43.855435734159165,0,0,0,0,0,0,False
238,309.3920693509869,146166.28378030853,0.3922601175412546,18,13,4.542848444200387,54.62283232674883,100.0,45.37716767315117,0.8509332618906768,0.011218810590446413,7848.334670948601,8793.108009056974,True
239,306.63114436130786,125342.54038263141,0.553433958373065,19,7,1.5003562546020262,46.902735605253696,100.0,53.09726439464631,0.9822784066683125,0.06793615831728819,4039.320268261253,4919.224723836807,True
240,333.8915338090088,109659.03624782177,0.5437844616025093,16,12,1.7755708356317887,42.74761432130778,100.0,57.25238567859221,0.8960544591445382,0.07198120826953985,4918.3057162731175,5415.5140993211035,True
241,294.9794377256662,111115.73299665409,0.5614733790520137,28,9,3.949550003436034,49.35946490312733,0,0,0,0,0,0,False
242,312.40420356844805,142583.17093062657,0.4753219558447126,22,6,4.398297636556513,51.94389436116653,0,0,0,0,0,0,False
243,332.6969391195166,120559.09148872743,0.3950203721592427,22,10,1.6316698670403094,49.92990248611705,0,0,0,0,0,0,False
244,345.75092663907424,136031.07124431562,0.6542470608901226,27,9,3.979366929938166,45.590045324704406,0,0,0,0,0,0,False
245,304.4789424078207,120440.70717076531,0.5850394852556144,16,9,3.197780415906865,53.72503155550953,100.0,46.27496844439047,0.9993129657655656,0.22821358305929648,5888.636075390208,6757.014564270098,True
246,337.03155739354077,108234.40908144739,0.5938049800123314,28,7,1.553414872158554,50.71721117571033,0,0,0,0,0,0,False
247,312.81147324064057,116393.42117034085,0.670884495425378,22,10,2.0215516642855578,41.50268738503396,0,0,0,0,0,0,False
248,349.2082839057853,105369.79015547648,0.5575717539369216,26,6,4.102985179183853,41.290300015923854,0,0,0,0,0,0,False
249,324.6170360527328,141834.83527531155,0.546379338041623,29,5,4.97406827745668,54.40007092580263,0,0,0,0,0,0,False
250,322.9781471304428,131022.497303616,0.4681841007784906,23,9,2.1713313199978694,59.81870363367837,0,0,0,0,0,0,False
251,331.9974738108271,115102.09163021279,0.6023642796000326,16,9,3.094197748539208,57.95717367777566,100.0,42.04282632212434,0.9992526449012437,0.31445693929619045,5218.133971076042,5690.789159449481,True
252,321.5728866467771,104371.83065922237,0.4779992639889662,24,5,3.5480078339811634,52.05858028428935,0,0,0,0,0,0,False
253,314.4568038956737,109008.51059650823,0.3871588468543331,25,11,2.090364038797787,51.555059819340876,0,0,0,0,0,0,False
254,300.21546138414215,119234.41689427072,0.5671902515874584,29,10,4.3161577205363555,53.590386646459265,0,0,0,0,0,0,False
255,328.2118112985643,110935.887291097,0.6545473539589118,18,6,3.3372525245103644,57.783690880807924,100.0,42.21630911909207,0.9966376106882993,0.40461894400301646,5553.86776599167,6045.507318917483,True
256,312.9997215486853,114275.32343878708,0.43270037115898585,17,9,1.5058174498920363,49.22997322887599,100.0,50.770026771024014,0.8404801479202902,0.012166627822814654,3976.9635106672176,4842.709903890694,True
257,340.73864352402165,119181.82097314458,0.3599393175103088,28,7,3.5311357695678813,48.17171705456874,0,0,0,0,0,0,False
258,292.8335378135419,125407.84792122843,0.6128100396925118,26,13,1.4686589869130429,40.67828163564587,0,0,0,0,0,0,False
259,294.63314969872823,115930.48244227242,0.5127055321108797,25,8,2.3570614732189514,41.46779442436133,0,0,0,0,0,0,False
260,301.534293195089,138976.8751887589,0.3402441242736616,24,13,2.378838028975408,51.62820244349563,0,0,0,0,0,0,False
261,338.78441751786346,132165.39770815402,0.6697129682619284,27,12,3.173583013910804,43.36814308671192,0,0,0,0,0,0,False
262,306.03068697510275,120098.18752143465,0.673335931679224,18,7,3.125608541086369,42.49446388401685,100.0,57.50553611588315,0.9985192287172986,0.23328283750129997,7193.186938627075,7988.869709799223,True
263,342.401711931428,115021.29647456121,0.6140560928274723,15,11,4.324398815811472,54.453478173960235,100.0,45.54652182593977,0.9998726575754647,0.29134682157910397,7350.584509865448,7671.035476609191,True
264,314.3889525185295,101211.949673302,0.4307218843228003,15,5,2.661279173163897,45.98086299508782,100.0,54.01913700481218,0.7965010635798856,0.0010001398583258418,6228.223331291791,7072.635084813203,True
265,294.56387869307525,142788.65935974152,0.3168269437958685,16,10,2.6078125334758986,50.500890033930276,100.0,49.49910996596972,0.6328931956730836,0.007031044993123823,5757.406675153202,6940.114402737813,True
266,329.1894659231014,143178.13284124652,0.6861721830826958,29,6,3.873121959524905,40.11453424434048,0,0,0,0,0,0,False
267,336.37696782182707,147639.64683104574,0.35347674384097344,28,11,3.8022288354260096,58.83683913452934,0,0,0,0,0,0,False
268,331.9029787431606,113138.36392900822,0.4762050007416748,21,6,4.07992693273881,58.44018406968232,0,0,0,0,0,0,False
269,308.18585331458,134045.53817745636,0.6224126369036607,26,10,2.070763333389056,58.54140942562553,0,0,0,0,0,0,False
270,311.03272499595806,134247.79664462284,0.3911888062871946,29,11,2.599122424997461,47.14042544143112,0,0,0,0,0,0,False
271,307.27981964349476,120059.12460512943,0.48035894129247914,20,10,2.8140569694871727,52.84452063070907,0,0,0,0,0,0,False
272,339.1932354048256,100417.02835329038,0.5187918021822955,27,11,3.233074131454342,40.24603841512781,0,0,0,0,0,0,False
273,327.06561886985355,113253.0271526626,0.5741162260496305,27,11,2.644139140874735,56.554328909506324,0,0,0,0,0,0,False
274,305.74852501145534,142104.38223585897,0.6711853528290213,26,13,1.2302039588292197,56.66369879668696,0,0,0,0,0,0,False
275,308.6829292781583,104968.21730429745,0.5654114483827122,19,11,4.963935965816513,50.35689549417519,100.0,49.64310450572481,0.9999417608895915,0.13703659129182016,8973.90504931883,9810.526916222894,True
276,314.77204155942536,125759.61931106649,0.30601636600605436,26,11,2.267828526995513,55.92209762503511,0,0,0,0,0,0,False
277,299.6989202671594,140486.76784162893,0.5025506178029189,15,10,4.620312163227598,42.994695353274416,100.0,57.00530464662558,0.874428233237852,0.00948812154583213,9955.638049040834,10957.739604258117,True
278,335.9371989898409,135566.68771107006,0.6170048628863423,27,11,3.4502443171250343,46.06803179559131,0,0,0,0,0,0,False
279,339.5817929654581,148784.4426392126,0.3138448554312943,17,9,1.2320490466008136,48.79181307484402,100.0,51.20818692505598,0.6060131686090283,0.007207646678055459,3697.136232026563,4231.579593825063,True
280,324.365004134781,131675.5100993233,0.43706934729569175,21,9,2.4167278855036853,58.00691462478366,0,0,0,0,0,0,False
281,319.83408483015455,132087.05830205957,0.41003876111311055,18,8,3.788751890261107,48.48314127850462,100.0,51.51685872139538,0.795490264688738,0.0004694332562664871,7770.094493983909,8551.732708392165,True
282,313.99757078076755,135080.77593851488,0.5464374555556712,19,8,4.118314503346792,57.6526425164972,100.0,42.347357483402796,0.9991394667395166,0.21391408812420165,6570.803867583537,7335.563783738816,True
283,325.34096132679576,126847.03645956857,0.30958614866336065,24,9,2.242875240142336,46.52731448493922,0,0,0,0,0,0,False
284,291.53845932466743,128309.06196448032,0.5355896212457054,20,11,4.430183183318894,55.50228443689416,100.0,44.49771556300583,0.9999161161618391,0.16332401033103874,7323.929904254585,8400.334059801155,True
285,346.0011338792698,110842.0030781949,0.42600767325461697,17,5,2.7752811256214374,43.903589839862896,100.0,56.09641016003711,0.7592498392542781,0.00021916607068125108,6708.35741264085,7090.6762620341215,True
286,348.63502011886044,103206.51025590127,0.3347521279609775,24,6,3.6993329283115344,58.178199350966544,0,0,0,0,0,0,False
287,294.55337682534827,127516.70134119997,0.41781116070752544,29,6,2.0168195409223184,58.51867897747009,0,0,0,0,0,0,False
288,307.01133729345815,138293.1738942561,0.5065432992597617,21,9,1.3730672750189465,51.94621268468696,0,0,0,0,0,0,False
289,300.76911624571824,123867.36610596367,0.6664536705993461,24,9,4.686999659217844,44.57580465881695,0,0,0,0,0,0,False
290,318.69011977463174,108954.50145819313,0.48233304360706825,17,6,2.9163910373549298,44.13054136236897,100.0,55.86945863753103,0.8629518250302065,0.0004715269263058727,6813.141138901068,7570.656577794105,True
291,321.90774848924275,128249.76442957183,0.30257662043152883,24,12,4.282215486543594,54.54147966300546,0,0,0,0,0,0,False
292,319.5047136647572,146553.92344861806,0.6869865597961081,26,7,1.8457287328779617,47.59477241493828,0,0,0,0,0,0,False
293,347.77723413814795,110145.34956151558,0.3845043288791422,15,7,1.6813297442742692,45.77087718361108,100.0,54.229122816288914,0.704512817848846,0.005360626988748562,4643.168240019221,5017.0063901290105,True
294,308.5552816178335,138105.2167557856,0.6008338972875384,15,11,2.5780934944853575,47.613753665989776,100.0,52.38624633391022,0.9989653183734778,0.16278346326235382,5682.646271609291,6495.779538428021,True
295,319.21535369424856,146381.81033776357,0.31130047899862046,18,9,4.90154224520144,41.75883848978378,100.0,58.241161510116214,0.5343317624803683,0.00023840121786424193,11207.892169777599,12039.96542852409,True
296,348.76483380499093,110486.02335503708,0.5820532464432702,29,10,3.9400878762784917,52.01543284716226,0,0,0,0,0,0,False
297,340.5784845685656,143481.114276423,0.414998538897557,25,11,2.525259231607582,43.10704325210678,0,0,0,0,0,0,False
298,299.34469168787354,133183.41173965196,0.5897710349616461,29,8,2.868937882529334,54.20226760286105,0,0,0,0,0,0,False
299,318.6699401041142,142923.62636414613,0.504372427529723,28,7,3.2704454617133285,50.004615503338755,0,0,0,0,0,0,False
300,299.82980861835773,120490.03928632235,0.6875736990471085,21,6,3.076538145047207,56.6304334078086,0,0,0,0,0,0,False
301,318.06467786885275,126178.4990318675,0.5734302700760832,15,6,4.503911119004247,41.254187478607456,0,0,0,0,0,0,False
302,297.5236011717683,106882.01817594182,0.6029945353383568,20,11,1.228899782107247,40.89520938471519,100.0,59.104790615184804,0.9876190896956857,0.04708940272915263,4003.638688798121,4974.49454276427,True
303,302.7558089175301,147507.8730987761,0.561992961932997,22,10,2.7593046414717772,40.824085836045256,0,0,0,0,0,0,False
304,309.04223524309174,134339.02256822865,0.32276945755809716,22,5,3.1783424720038598,47.08986100503077,0,0,0,0,0,0,False
305,347.81817677141834,137643.95854229448,0.6488191087035393,16,13,4.823943974090933,57.557465245989334,100.0,42.44253475391066,0.999975229493051,0.38987864951596746,7492.122653747733,7708.293874174964,True
306,325.5899758070515,147980.15933546296,0.5660899540389492,20,8,3.991986038433555,50.527895581468435,100.0,49.47210441843156,0.9992100387070862,0.1420260732419189,7486.732807476356,8090.097571133426,True
307,325.4769051350122,129502.15623624201,0.41372006060142713,25,10,1.3139076800494764,59.90483050969267,0,0,0,0,0,0,False
308,336.30176300604444,146969.26092833004,0.6248524149532646,16,8,1.6350692939897278,47.20558192520406,100.0,52.79441807469595,0.9929544613850578,0.21316885236064823,4223.042855627322,4633.934282032009,True
309,313.5696297886464,141853.74699006634,0.32439633907341453,26,12,1.9037266378986262,52.63855968575048,0,0,0,0,0,0,False
310,312.0391556043816,122687.97347266672,0.5132543567707226,21,12,4.82283018672132,55.832189575013686,0,0,0,0,0,0,False
311,299.3796677003772,131974.30326791128,0.6906539852502352,27,11,4.806135734955255,43.630438006518276,0,0,0,0,0,0,False
312,299.7995426828209,112773.61907199517,0.6959035940816306,27,13,4.318142211671008,42.148404358975554,0,0,0,0,0,0,False
313,314.86150051340803,109566.22542363168,0.5858652052661002,19,10,3.586602774666333,50.584649609739216,100.0,49.41535039016078,0.9997600920099535,0.18153622247779178,6870.047082167642,7605.063848290023,True
314,348.6665661672455,113406.98816635228,0.5804545004109178,28,12,3.748275663537844,43.506768658443676,0,0,0,0,0,0,False
315,302.3227428842375,100434.31346166824,0.3257709521814248,18,13,3.604681827783529,41.884371184211666,100.0,58.11562881568834,0.5561529344158459,0.006110305292611252,8705.705165210018,9767.404430462278,True
316,347.6764466117791,110704.1596606344,0.6643184374118405,24,9,2.1957107401174194,41.87067940062465,0,0,0,0,0,0,False
317,309.9505011027908,137186.54805132555,0.6245847261514161,19,13,4.937978368910007,52.810605408045106,100.0,47.18939459185489,0.99998813429549,0.28913964148087934,8493.138318782016,9259.316847835918,True
318,347.76339092221633,149969.84870272948,0.6816841413495661,26,6,2.98410056166152,46.09137812149052,0,0,0,0,0,0,False
319,343.9396678891753,110824.01672686922,0.5187016709189639,15,9,4.906222317678077,54.21853263076614,100.0,45.78146736913386,0.9994732257952441,0.11273154907270133,8196.591103909608,8565.561771003979,True
320,301.25892342000964,120771.8637937124,0.4346981377127117,15,7,3.60844173050468,42.28836057153946,100.0,57.71163942836054,0.752242357696903,0.0013409791767191427,8433.607393475753,9449.652172960667,True
321,339.357341149708,124297.24933014775,0.6939734875864196,27,8,4.442124263999018,50.6229335313341,0,0,0,0,0,0,False
322,343.5758046987573,120667.22465530809,0.6188481461297763,24,6,3.2580004562661626,58.04714444242101,0,0,0,0,0,0,False
323,334.3677749161899,114308.7865317571,0.3321449938415971,25,5,3.16660521010154,40.78016042119994,0,0,0,0,0,0,False
324,291.4962379837124,121428.89921346007,0.4907805534757985,16,6,1.7711405662446782,58.364058065466224,100.0,41.63594193443377,0.9763965783278551,0.14435613155054267,3514.7871325171973,4622.029429281384,True
325,331.35233998038535,132148.87209737772,0.6910636827914496,25,9,4.049075921409984,43.256591376291595,0,0,0,0,0,0,False
326,297.0764357733201,134153.6736420816,0.6627776475257602,29,5,2.9591963372296215,53.408634429871235,0,0,0,0,0,0,False
327,336.95983939296474,133584.6788023183,0.4058915991102916,27,12,2.2153557179546226,41.29203463969103,0,0,0,0,0,0,False
328,320.4185401447232,116090.01501716896,0.5985110604496593,27,11,2.974296935440755,52.47749602989255,0,0,0,0,0,0,False
329,329.49069895137217,124867.19187493395,0.470688119167269,20,8,1.4206415913259176,54.32662248905714,100.0,45.67337751084286,0.9609128074384448,0.05854327423497566,3378.7748441160393,3991.381533153998,True
330,298.49205992165014,131680.52138729882,0.30339154939627094,27,8,4.529210223830843,48.79862028345068,0,0,0,0,0,0,False
331,312.81862152734027,115130.85771356315,0.3613158332593581,23,6,3.8536424458425573,41.20564002516242,0,0,0,0,0,0,False
332,314.41511096061095,121792.88068658422,0.5155713830819111,24,13,1.3906692489135575,49.20447397499228,0,0,0,0,0,0,False
333,312.6870202725535,134806.58711611727,0.6552906141692352,18,13,2.458300742259181,43.96718445766834,100.0,56.03281554223166,0.9998614378469864,0.216154773975285,5873.5727012687785,6593.803828462236,True
334,315.92171363406675,100589.80628309234,0.4891869191839847,17,8,2.392231647352955,48.01649904370805,100.0,51.983500956191946,0.9374562912167046,0.0038904155062719986,5414.611750607937,6215.046650928813,True
335,332.12171936122706,118520.06459616551,0.6440612827247749,18,13,4.714959500353336,56.49888783561116,100.0,43.50111216428884,0.9999856761655608,0.3700186872672127,7535.271547116772,7980.510455880773,True
336,293.3935994351661,135880.0149588396,0.34385400878435923,15,8,1.847556111495098,47.84096050779603,100.0,52.159039492103965,0.6535941834332004,0.00615737492204175,4775.6862871543635,5954.997886000607,True
337,324.7452228903566,115463.49753739878,0.6518123606932476,27,13,4.453395563361706,43.181944913941116,0,0,0,0,0,0,False
338,335.2721480282991,123432.02198171729,0.45690677197310864,22,9,2.033405961768005,58.78625359553142,0,0,0,0,0,0,False
339,298.9263373864982,147301.96138101094,0.4618480378976127,17,9,2.247557342150145,47.45023072264341,100.0,52.54976927725658,0.874211799249384,0.005168599295156629,5303.199020485629,6345.135485253824,True
340,294.2523380949194,149703.98788269944,0.5633135793142512,29,6,3.9537168986115905,44.29451432077996,0,0,0,0,0,0,False
341,323.4366563031185,120388.50050743342,0.4527438264086583,28,5,3.578640201042842,58.92543151202884,0,0,0,0,0,0,False
342,330.1998419364201,128021.13897454913,0.5413783878125639,17,12,3.3347875662260575,54.2954384156924,100.0,45.704561584207596,0.9998153579848574,0.15546661548496787,6005.2191542695455,6555.2596861283,True
343,315.06338842617714,128922.21020588076,0.6086529236298193,20,6,2.738304001734966,52.970855490060714,100.0,47.029144509839284,0.994633279526123,0.26597465847761714,5334.948129983406,6043.622659592237,True
344,344.7839922098286,102199.63108179726,0.3786681057377778,23,8,4.663748789657571,48.94922426077295,0,0,0,0,0,0,False
345,329.6069040871935,116788.78667553692,0.34682628906000185,24,5,3.6618597821961476,57.498526450163176,0,0,0,0,0,0,False
346,340.6399140038924,119376.69899397998,0.4364419287463851,22,9,2.8973382464291904,53.87370751709233,0,0,0,0,0,0,False
347,337.1876622428467,109709.5269192886,0.5678102153189377,19,9,4.347654489629094,41.89680768984475,100.0,58.10319231005525,0.976939145908868,0.000516651777299308,9400.461147621898,9844.783172391186,True
348,333.352522376255,116733.88740639375,0.5233773783006679,24,11,2.3354151542679693,47.93215140731792,0,0,0,0,0,0,False
349,301.70362692383287,115159.31463785772,0.6304286146891935,16,5,4.4897194971680605,46.53937570144014,100.0,53.46062429845986,0.9961222616980479,0.21034954056240604,8902.934374150147,9782.488108179336,True
350,310.182393118948,143450.30580949667,0.5453287440281591,29,10,1.4565233221770895,56.51226545840676,0,0,0,0,0,0,False
351,301.82102187185114,112902.20947224362,0.6929292859069832,18,5,4.500277599594109,57.314797010945405,100.0,42.6852029889546,0.9965429226402243,0.4668130138513089,7121.4990807591375,7941.009449809242,True
352,346.08695106993923,115629.09271918744,0.5466861761064535,20,5,3.8038732731234033,52.596051810421855,100.0,47.40394818947814,0.992088895036044,0.14525785013246467,6914.046832687999,7231.052094790896,True
353,291.2026690888323,100851.2361045496,0.5444223145923243,20,11,2.298476961420241,51.4109319329115,100.0,48.589068066988496,0.9993529662519868,0.1144721737308349,4858.443235685132,5940.986113518126,True
354,293.9277674859546,134939.9501078254,0.4590727391391948,26,10,4.134850662150014,59.52032614756109,0,0,0,0,0,0,False
355,327.57369871362573,102988.09630210116,0.4545653464731189,25,10,2.84887677131781,52.239392944601306,0,0,0,0,0,0,False
356,345.9143228340581,143026.97356567316,0.40095199625043676,16,6,1.773972934049337,48.71644013686418,100.0,51.28355986303582,0.7791751710765042,0.0028001657598870425,4492.274557597251,4893.183371274619,True
357,298.37312768703987,143574.42851162143,0.6961185834192731,27,7,2.188654706821934,58.52122299026601,0,0,0,0,0,0,False
358,338.3822018075835,124958.84139949252,0.592253914526029,15,6,1.9605215849098352,54.558084845957225,100.0,45.44191515394277,0.9872992409302407,0.26321730481462063,4088.8015741482823,4480.091578558376,True
359,307.6943135880573,116036.88597035584,0.37472705756084457,17,9,2.477447173268864,58.95503024079969,100.0,41.04496975910031,0.8997763936600415,0.009185639535686546,4414.564554621247,5400.398073875639,True
360,349.71280132528994,119190.33006757525,0.5409855042444953,24,5,1.7920081484038493,57.68560469370106,0,0,0,0,0,0,False
361,291.97644936590405,133532.64702476969,0.3192580188517466,23,10,3.975270491662564,48.30552458529404,0,0,0,0,0,0,False
362,322.72798373686106,121409.1848248048,0.39170853659641663,28,11,1.4314626057210955,54.74117195605146,0,0,0,0,0,0,False
363,333.6428723235744,104040.59979063038,0.5086630480229568,26,9,1.4723571858835922,48.433781790543314,0,0,0,0,0,0,False
364,291.09714518657023,144773.57409966877,0.6656888000715822,20,10,2.277209430186288,54.275313926602095,100.0,45.7246860732979,0.9993899259710766,0.38455964482409494,4542.516356104339,5519.3149018614995,True
365,331.00403640889283,123073.7999486007,0.5666024729413466,19,8,1.295528215393781,57.7918681494657,100.0,42.2081318504343,0.9768053857814791,0.2670123632096922,2951.3008836769964,3459.9745004393562,True
366,342.214787101021,104342.40859061493,0.6614666105453986,22,12,4.264881765374553,43.39836654206215,0,0,0,0,0,0,False
367,329.6362548791725,147199.5544882723,0.3910894169001798,18,10,4.321863882079089,40.24887006869683,100.0,59.75112993120317,0.6540260986929841,0.0007494130018103921,10223.964860880697,10859.893542906955,True
368,324.22848253459574,116898.5698256122,0.4968023675798894,27,10,4.916622833720231,50.00008472937363,0,0,0,0,0,0,False
369,339.86120895887007,101063.47170709542,0.6099940054920292,16,13,2.1674170165258673,47.46203830244265,100.0,52.537961697457355,0.997933161217335,0.1805573364530168,5046.11706459844,5418.075035925296,True
370,335.08252365244647,104403.33620580295,0.6166901256629433,27,5,1.3659042603886975,46.26586625267889,0,0,0,0,0,0,False
371,316.38829240147646,140818.10044542412,0.6854148830216368,25,10,3.120287701146488,58.375799731872306,0,0,0,0,0,0,False
372,342.0300130330271,128963.58211722276,0.31368096375561905,27,12,2.7036631487578733,58.776608204513366,0,0,0,0,0,0,False
373,303.5406261094356,123649.69098978808,0.34842161688439716,18,8,3.3638327778997326,44.91861816642483,100.0,55.08138183347517,0.632305993183718,0.0003091509277181398,7749.806647602186,8785.906090333481,True
374,295.83919904709586,116372.4755756394,0.4407494647958037,18,11,2.2226565431531777,42.12832162594633,100.0,57.87167837395367,0.7578068777955784,0.005209354051622295,5908.915660224809,6993.126150139462,True
375,302.2983587746837,125723.56503053453,0.4602103429982667,15,13,2.6031301804556697,55.685327846562274,100.0,44.314672153337725,0.8684683132012316,0.1353202620697765,4966.916176492141,5944.3135182276865,True
376,304.2924212626841,132237.6138996461,0.4032455649883125,23,5,1.295999612485918,43.0775553053723,0,0,0,0,0,0,False
377,312.960755027958,137132.49570592132,0.5512109491175812,26,5,2.435733894126937,48.47853554352842,0,0,0,0,0,0,False
378,296.8787500086731,121267.51070619919,0.6268168108740172,16,11,2.075738200625597,55.18927929394731,100.0,44.8107207059527,0.9992469280991879,0.32442406668907575,4178.1723358447625,5110.0873075349145,True
379,330.24003839167375,123936.74515791342,0.6479702917445459,17,6,3.9215172779961964,51.305353551852804,100.0,48.694646448047195,0.9975568599244535,0.3161724519268076,7267.65737653266,7742.264540790101,True
380,322.401286246453,107664.57200499525,0.5383185939416584,21,13,3.2982563963773375,42.903954535710184,0,0,0,0,0,0,False
381,329.90462992249616,121697.82165847589,0.6389782329478055,17,7,3.370490259059487,53.25454978176934,100.0,46.74545021813066,0.998257945651654,0.3236118625177903,6194.663996818675,6677.72771115367,True
382,331.8196258277392,138691.74649146415,0.580224260871374,18,5,3.6000311359326345,45.02087365886511,100.0,54.97912634103489,0.9932878908318269,0.07579804053226688,7676.671634514552,8193.189373220863,True
383,327.4951069684266,104562.4832156004,0.6623376930654477,17,11,3.79438541809924,47.76181614828493,100.0,52.23818385161507,0.9999144725504043,0.2931222129605819,7591.247310271348,8099.307259504588,True
384,346.9933743456139,135715.6335665076,0.5498854557759945,26,6,3.204359416057695,42.53495250068511,0,0,0,0,0,0,False
385,348.81521420179007,122568.83971965543,0.41398138584085253,16,7,2.796037929244463,55.96953179489013,100.0,44.03046820500987,0.9329150067949477,0.005754658852223112,5136.757961595593,5501.979043820917,True
386,311.04219828173325,127637.96823971583,0.6669842504258261,23,6,3.668626861605558,42.476630240263574,0,0,0,0,0,0,False
387,349.4282636307864,120867.01153397802,0.6048115609600222,19,6,4.0262217684804655,51.1489672029982,100.0,48.8510327969018,0.997127894866114,0.23010957975764948,7446.804417943289,7675.252399208218,True
388,297.70212490970573,115812.67838730305,0.44109021550477095,28,10,2.614723102948341,41.19908486029761,0,0,0,0,0,0,False
389,296.31883231723964,116276.15575394896,0.5156850185826208,21,11,1.324261136295772,47.07740031818062,0,0,0,0,0,0,False
390,301.0297323345392,112601.7806199582,0.3315935365019079,18,7,4.411431007443101,40.542782160793635,100.0,59.45721783910636,0.5576543659864209,6.879860158281632e-05,10465.41719973818,11540.945962873773,True
391,328.6674088452942,128675.48656454912,0.4440448963952655,21,6,2.5910428644252512,44.613369597632264,0,0,0,0,0,0,False
392,308.17980252131827,123909.1435183884,0.34309129931399646,23,7,3.1479952905981774,48.830622370266305,0,0,0,0,0,0,False
393,328.9343823498011,104586.45457143003,0.3323748323356555,26,7,1.8428200690526775,57.7086553851751,0,0,0,0,0,0,False
394,343.50394135206363,115340.19077758332,0.4077185444038036,18,11,4.607976167987876,44.38946399667034,100.0,55.61053600322966,0.7316955829835089,0.0018442704655438433,9919.563464676805,10347.561218069228,True
395,311.31466532787425,136661.8981880608,0.336068673025848,17,8,2.6918706306653832,54.88126748245641,100.0,45.11873251744359,0.7423591826343614,0.0020516851104624007,5289.878669370503,6238.1382612587095,True
396,344.9555975828448,137986.71849626687,0.4372254384901966,27,11,4.067812792590024,42.79723855003632,0,0,0,0,0,0,False
397,330.94094603447917,102752.50472602762,0.6116521836977139,19,5,2.7572087203476627,46.45772335211367,100.0,53.54227664778633,0.9907724929180008,0.1746952212466404,6109.57565499611,6607.925810212652,True
398,308.88612772813127,134629.6304390542,0.5669515956240057,24,8,2.348049862477649,45.25089215835944,0,0,0,0,0,0,False
399,309.48368144181904,100291.4091409748,0.6194788926835397,20,8,1.2729353468032203,49.10679386384037,100.0,50.893206136059625,0.9857863476333756,0.23984182252707334,3516.8826865076408,4296.663004166146,True
400,290.91258822565084,137339.51106409187,0.33121288953739075,21,12,3.9616686297010375,52.25063309749161,0,0,0,0,0,0,False
401,318.24301415474855,138550.1563943338,0.6784019024357637,19,8,4.389141056543017,44.896902119529194,100.0,55.103097880370804,0.9996145767955825,0.28416961250988443,9001.523045903588,9627.971469607844,True
402,303.6699415301726,100829.70018737362,0.6228073216094432,17,9,1.4472668134786935,56.49339884496764,100.0,43.506601154932355,0.9934383221917387,0.3373779960071455,3231.7418689384313,4076.551372681716,True
403,315.4523222347297,107049.02312994245,0.5286954260311262,28,6,4.455869152005064,43.131966806148114,0,0,0,0,0,0,False
404,333.05133152497336,124502.09624945991,0.3528326995430503,28,12,4.212683331313916,57.66813720199369,0,0,0,0,0,0,False
405,330.34852611626377,116184.57831665728,0.492900066315344,20,11,2.7300993255772275,53.47072007530737,100.0,46.52927992459262,0.9994040409899153,0.05213824169026995,5261.226804173763,5853.590209053995,True
406,331.6731559086455,140513.2363681582,0.5489688405203476,28,8,1.3890582744098487,45.14855128723682,0,0,0,0,0,0,False
407,305.91775004561543,140908.96316257265,0.6520786002184923,21,10,1.9503710294755199,40.659202210444114,0,0,0,0,0,0,False
408,314.6769879633872,126496.04834091193,0.49308452948187764,29,11,4.346663720584668,44.434136405899935,0,0,0,0,0,0,False
409,336.9025776864279,126297.22053908804,0.4720890857711876,16,9,3.7487152100586973,54.967894821367466,100.0,45.03210517853253,0.9983665079660284,0.040917866251416905,6483.901956205219,6994.78534475713,True
410,342.8186136595036,149826.7578851717,0.3854669966134101,16,9,3.7336505099621933,56.890330021608314,100.0,43.109669978291684,0.8861637310942553,0.006057018058931582,6327.546774999303,6795.690490190935,True
411,321.4342467901545,101594.57858705256,0.4648657465455406,26,8,1.8730788903321571,40.09906807691251,0,0,0,0,0,0,False
412,308.7792012013777,123171.56935270877,0.5505889609514383,27,8,3.2099710833018893,42.98023671606778,0,0,0,0,0,0,False
413,328.1242766967646,111627.73678477644,0.3588270495430236,17,13,3.9975871112769354,57.15216060189826,100.0,42.84783939800173,0.8056699706174505,0.023817124575686677,6733.246341393082,7426.322531607113,True
414,318.11006343595085,108713.12187070449,0.34364002301430197,19,5,3.6437917791814556,51.53131270118745,100.0,48.468687298712545,0.7089465751590115,4.5270548328523034e-05,7182.784721610901,8026.030447458048,True
415,296.1306731538866,135176.16923192964,0.37976150637126743,19,12,1.3733670258873873,51.756742014271026,100.0,48.24325798562897,0.7679997868790118,0.017879610111952018,3621.9877817657803,4747.27860607672,True
416,296.1551704801639,146838.77107601936,0.6768287789341881,22,10,2.754061242216399,59.802132992435205,0,0,0,0,0,0,False
417,311.70259018564303,123330.02842708862,0.6417410799022105,19,13,2.2326022301386503,55.07382338243468,100.0,44.92617661746532,0.9998397587255595,0.34962422245674285,4402.008337740435,5129.538799219575,True
418,337.2480932362844,132902.22312830715,0.5610440273762456,17,7,4.741724571756839,44.47446955505045,0,0,0,0,0,0,False
419,295.5054561609762,103662.81685475844,0.660021832731896,23,7,1.5157016260714835,48.827012959957614,0,0,0,0,0,0,False
420,313.26560291351916,110151.83375059991,0.4650696454534572,16,13,4.940063458662471,53.53897373504876,100.0,46.46102626485125,0.9513361534197479,0.0430922367954866,8450.676915328128,9297.963617485648,True
421,296.75414197243197,124150.75505647594,0.47031789530123574,25,13,3.11107166935411,42.052359125528824,0,0,0,0,0,0,False
422,342.839956833162,114142.67963119387,0.4988801968012928,17,7,4.148357252524471,50.09913772080864,0,0,0,0,0,0,False
423,309.0108910911071,149585.87655516062,0.5779014031523271,29,10,3.481480969063681,48.49145613685812,0,0,0,0,0,0,False
424,324.00659678755517,106369.96759827073,0.3742084975354641,29,10,2.5712392806220343,55.0860473266804,0,0,0,0,0,0,False
425,344.02279001391423,100201.61428674756,0.42547904453867536,16,10,1.3292842502893867,49.37691941619578,100.0,50.62308058370421,0.8029477472763702,0.03848527144370534,3709.363580398767,4121.482921070958,True
426,303.86456441353874,132321.0993930908,0.5296868109794992,24,9,1.5630550692745868,59.67193816650186,0,0,0,0,0,0,False
427,291.2998008148236,130752.82441371998,0.47983908142753356,26,6,1.5270771546182915,47.63902916417639,0,0,0,0,0,0,False
428,293.14008024466995,108292.7192294351,0.6455236623188847,16,12,2.6402597608939216,43.798227852176005,100.0,56.20177214772399,0.99964839798251,0.1910973546762184,6201.541202137532,7183.9918734883395,True
429,296.83818935350416,104794.19742417002,0.4316636731635385,18,5,1.2987712024135474,47.84541201261595,100.0,52.15458798728404,0.8266430735049384,0.0011183971228484926,3756.7129388430867,4843.587853342477,True
430,291.5734597216686,137145.62215810176,0.6306281496770786,15,12,4.899199100472252,55.72355961011162,100.0,44.27644038978838,0.9999400001341053,0.3371822338890765,7916.905642789847,8912.700621656966,True
431,345.32817236904395,132981.40270553483,0.3144484699411476,18,5,3.3023753119948323,57.42313204915857,100.0,42.57686795074143,0.7382337188652541,0.00023110570465828206,5820.917960101016,6280.897586166802,True
432,339.9233055483334,121347.96704824037,0.3198059736119122,23,13,4.888107127161869,56.87026288237017,0,0,0,0,0,0,False
433,338.44703779370377,147758.14124254877,0.3245394569989254,27,5,4.376620580661337,53.40067436244857,0,0,0,0,0,0,False
434,340.68796351790303,127314.94042985747,0.3070494682981706,28,8,2.6492783737072543,54.61280406201521,0,0,0,0,0,0,False
435,297.2276038830232,142712.4702740476,0.4568014169686222,15,9,4.210632176403533,45.242216736356696,100.0,54.75778326354331,0.829945931695498,0.005175821695969208,8935.383298235958,9998.151748193635,True
436,319.32184478651146,116285.30554677863,0.5243468668428533,16,9,2.81341425624777,51.23425756478365,100.0,48.765742435116344,0.9981146197465469,0.07339081213592247,5638.85076885788,6364.764070127736,True
437,302.461509589733,146889.8303543813,0.383672672319728,15,10,1.8740280697978111,46.133525126302125,100.0,53.86647487359787,0.6944399816143589,0.020814964224419266,4950.557234039952,5978.7084684248675,True
438,297.4531826403447,122222.69162530682,0.6702865204150991,17,7,4.7252182278365655,51.13627693690019,100.0,48.86372306299981,0.9992432284759011,0.355949035387904,8480.745507899906,9377.328632461464,True
439,290.5885765565645,124628.74335809694,0.44233624087480644,20,11,3.7721712930976734,41.36457005430063,100.0,58.63542994559936,0.7539791312851574,0.0005749068487970817,8870.690659117672,10022.908142776572,True
440,310.0667345042795,147497.50954544402,0.3063061191475951,23,6,4.565736207625451,46.58824877350846,0,0,0,0,0,0,False
441,293.182154420189,132041.33611288737,0.3470233446076445,29,13,3.51252678946467,40.78981757146816,0,0,0,0,0,0,False
442,309.69388581113293,117169.67616320486,0.45258598282335993,26,5,4.595189876912183,55.3125569659931,0,0,0,0,0,0,False
443,316.11874888356857,105061.22996417634,0.5336047062579197,24,5,2.5418229327268733,47.07129720580188,0,0,0,0,0,0,False
444,336.6403338690263,104706.50980095105,0.4432153079726956,27,12,2.2372601120057016,40.13914273085132,0,0,0,0,0,0,False
445,313.21621868972744,109467.84181714489,0.35059482995237956,17,6,1.7341818654161703,48.88825339907552,100.0,51.111746600824475,0.6850356638286138,0.0009442896099821507,4474.625483392725,5379.840488751461,True
446,343.8013560750066,129169.74012136526,0.6609745658576637,22,6,1.567290838467395,41.82222473644433,0,0,0,0,0,0,False
447,296.58709585224716,117602.16138759335,0.5164559320125873,17,12,4.459972762856262,50.53343078161178,100.0,49.46656921828822,0.9996955227097688,0.04338832392446766,8186.816750641932,9229.965031103598,True
448,339.12677866947644,131614.9506518297,0.6409631627314412,22,7,3.2302343244981273,52.333387032347396,0,0,0,0,0,0,False
449,312.94436596184784,130047.88531637986,0.6587792049637976,19,11,4.808931804113786,41.82778530754267,100.0,58.17221469235733,0.9999605889360316,0.1842741950435734,10242.35122687637,10960.589908526325,True
450,328.38291158240077,112640.25983083328,0.5341700987923056,18,13,1.3959034087842166,41.97637044743568,100.0,58.023629552464314,0.8798162260550102,0.056393901366954095,4315.617494837314,4897.435946579701,True
451,294.8314489966902,104730.72334345954,0.4241679437650697,17,7,1.2774715079212906,53.54589008825961,100.0,46.45410991164039,0.8938849132098848,0.016654893233672554,3275.8360214472186,4399.683686631423,True
452,326.96184575616513,110998.78914175121,0.6988334606342157,21,13,3.8249124591925616,41.20022292272098,0,0,0,0,0,0,False
453,340.0545190896845,105782.27589116195,0.4752047184227668,20,11,3.3903485605402235,43.531197689147284,100.0,56.46880231075272,0.8407512742174126,0.0010081221049686225,7749.649128394974,8201.108266897156,True
454,317.3229590676906,142877.8784518368,0.6088192346896353,22,12,1.6100689102205472,45.19295741778163,0,0,0,0,0,0,False
455,300.1562758077338,114435.1747837725,0.651150307670293,24,12,2.742181248920558,49.47818236768935,0,0,0,0,0,0,False
456,340.93041503949337,142318.32345680377,0.40572337468555897,20,13,3.149322060750586,43.54730436886818,100.0,56.45269563103182,0.7163172879526157,0.003083439697451724,7467.285962193816,7933.17050722485,True
457,299.24652072040965,112707.7620987344,0.5776326618641843,18,7,3.5671435868445815,59.0087516320245,100.0,40.9912483678755,0.9979886337058396,0.2856268735485116,5676.875924536843,6611.179887038723,True
458,297.1660730749966,102492.88960734721,0.39777134444841805,22,12,2.605851220877527,54.33913053936862,0,0,0,0,0,0,False
459,330.38136008644847,147457.82185044457,0.6665116540923965,28,12,2.9987491257389847,45.99679767709628,0,0,0,0,0,0,False
460,336.585884793099,134544.64078008747,0.41950004931222185,15,12,2.318371713352793,50.637397258219174,100.0,49.362602741680824,0.7779084780669082,0.07011861892549065,5173.630596806614,5693.330916812333,True
461,338.64171496220183,117068.31602528479,0.3636768108458396,17,7,2.000832000426303,53.85317756308413,100.0,46.14682243681587,0.7845486974584295,0.0030326222008633615,4369.178000659798,4904.298142137226,True
462,333.5341798993607,123477.26107468968,0.6625168881277541,23,5,3.9993163731928654,41.399300957781875,0,0,0,0,0,0,False
463,317.93504606169057,102558.37095136615,0.34763391377939395,18,5,4.000897780187707,45.01743968206052,100.0,54.982560317839486,0.6322332446934252,3.5646938944472903e-05,8865.329475773864,9699.82369449019,True
464,304.7134044895481,103608.36697085727,0.6804513998655368,28,12,2.502854959185007,57.10003062946987,0,0,0,0,0,0,False
465,294.6206006457348,142730.3534125109,0.41912001888240885,18,13,4.968331890372549,53.45360709006765,100.0,46.54639290983235,0.8885859466532647,0.010305138742631231,8610.135034057112,9740.750115725335,True
466,349.6951940720724,147537.90457880858,0.6515132389518483,28,11,3.152349658293873,45.53460076712998,0,0,0,0,0,0,False
467,304.56702544179296,111826.07359989798,0.4858640000683565,20,8,4.275178814030508,57.825767071217754,100.0,42.174232928682244,0.9990261115968614,0.11160914116171741,6744.663738023194,7689.663574037578,True
468,323.25240951228494,143422.91082084697,0.33754933023178507,29,5,3.015001113679687,43.61018640921652,0,0,0,0,0,0,False
469,334.28463874867066,135895.06641044392,0.4190445184144947,22,11,3.1627382542929148,41.32457022822806,0,0,0,0,0,0,False
470,314.23049902616253,129271.94271602246,0.5257461566789197,17,9,2.013195889076232,48.20757178552656,100.0,51.79242821437344,0.9905912263246972,0.026310661329421517,4739.793496595738,5542.306195008916,True
471,313.8966886888945,123746.89041534018,0.48566758110169983,15,7,3.345939872427314,53.97991456079715,100.0,46.02008543910286,0.9953867534244779,0.051096226398241996,6068.049394452663,6896.494212638835,True
472,308.58105770666265,105408.25477916037,0.34645705116712994,20,8,3.5240527660627867,52.92466311275241,100.0,47.075336887147586,0.7357775010841753,0.00016549641882440127,6770.002108567846,7748.993768162678,True
473,299.219118379459,145658.45655913994,0.3333550111636102,15,7,4.183649805097053,53.862320970540566,100.0,46.13767902935943,0.7208189695738908,0.0014598304915075762,7619.215909908331,8735.396277187032,True
474,301.2757262820594,121821.99991102953,0.5852897368639731,26,7,2.7548295095001323,46.30192587022104,0,0,0,0,0,0,False
475,341.7102456792216,118348.24106994794,0.4917276499275868,16,11,1.3614877191954458,59.93165186285365,100.0,40.06834813704636,0.951536852970565,0.1843146471540817,2897.2153943483545,3298.1579271829787,True
476,347.6228737429464,143311.2638823177,0.3742437476710538,25,11,4.763788934956164,40.47534626420545,0,0,0,0,0,0,False
477,316.1958914733256,123653.42858916029,0.339684942431251,21,9,4.81180182043825,59.09230044473696,0,0,0,0,0,0,False
478,298.5491617154774,126043.61792345373,0.5440347915147405,21,6,2.036119395202348,55.998156990831156,0,0,0,0,0,0,False
479,313.689665220137,104940.4832238147,0.40694845778506106,17,12,1.3356860499529295,47.34244400325878,100.0,52.65755599664122,0.7381970651006934,0.038511393987538715,3908.2894047775744,4766.937842023892,True
480,302.34282609663614,123756.88953304307,0.6031015334861056,15,13,3.9137978217730645,45.95020620547476,100.0,54.04979379442525,0.998664336409452,0.13782790301702355,8052.325701227757,8949.306766950143,True
481,334.66184386139344,117800.41918441869,0.5309682856448945,17,5,3.594405640845949,58.22630880503155,100.0,41.77369119486845,0.9902811642827107,0.20141690657877834,5829.438056830247,6313.5499913207295,True
482,315.412106321934,126117.55617205771,0.31117637499065703,28,10,4.885594689673381,59.51585653402465,0,0,0,0,0,0,False
483,339.8962916837302,112791.76730205437,0.6480097169145048,26,6,4.92615937281101,57.94658439061637,0,0,0,0,0,0,False
484,310.69519841321426,122676.9020653695,0.40311738136295555,24,8,3.3715433548360476,40.916409846218436,0,0,0,0,0,0,False
485,322.60823855245553,103293.27160734056,0.5923738357799817,28,13,2.74695300130152,41.4608742329569,0,0,0,0,0,0,False
486,305.87290209913135,129206.68083221154,0.5486024613521727,22,5,3.2054460092256143,50.68832399162371,0,0,0,0,0,0,False
487,333.7449278523142,102696.83447592989,0.40205503428692496,25,13,4.042011929418552,56.50143039124636,0,0,0,0,0,0,False
488,315.5657929350299,132011.58357507637,0.6287789659316344,15,8,3.4533355886283967,49.134985572715934,100.0,50.865014427184065,0.9991054932433381,0.24541346630686905,6867.094618488264,7560.468866773472,True
489,290.6126771516437,121628.14152163026,0.5809709456883873,29,9,2.765430737643351,42.804046204588055,0,0,0,0,0,0,False
490,299.31116257946184,118013.1142140271,0.5679276115965814,16,8,1.8826770185442114,50.83772054585139,100.0,49.16227945404861,0.9942477495237636,0.15565964296862284,4300.833217032206,5256.623507632372,True
491,314.8447343001307,124306.07564315735,0.6919558312290833,22,7,3.909980022559493,50.88577130436305,0,0,0,0,0,0,False
492,294.8933509639277,107495.3066809289,0.49028111282271725,25,6,4.095795199729078,44.43764163906438,0,0,0,0,0,0,False
493,295.53487658026637,116595.71281938726,0.5302834191139194,22,7,4.68987126016155,53.76240401761579,0,0,0,0,0,0,False
494,305.8972001418859,113129.30337166767,0.37790111888330336,18,8,4.863594701829282,57.45712856379345,100.0,42.54287143610655,0.887519757131712,0.0005690003755461413,7732.980498884874,8742.109565425533,True
495,306.7581015195731,126100.92857052087,0.4368075897340695,26,10,2.8851624048847957,42.275442019229025,0,0,0,0,0,0,False
496,299.58219497761036,128458.53907346707,0.5618720211312613,20,13,3.8761027527274265,41.76436716389184,100.0,58.23563283600815,0.9621896544650175,0.0036637097332984972,8675.879278315946,9650.82746970358,True
497,321.53551881785353,111775.67365119769,0.670159010521306,27,9,2.1871492824449272,46.41355122580868,0,0,0,0,0,0,False
498,309.59151358648074,149744.4531430437,0.34621806018165957,16,11,3.7699150148974665,42.38089060698365,100.0,57.61910939291635,0.5961006153183444,0.006489521511715578,8900.465580293238,9849.05484517513,True
499,346.15247123603035,114338.17846882898,0.4577698871515959,20,6,4.099070753440676,46.71000847057564,100.0,53.28999152932436,0.858985675215704,3.984628667255432e-05,8466.988554323007,8840.16219921751,True
500,326.43671262697546,140912.8169559204,0.6716291006955122,23,12,2.5657109602160553,44.656897226639536,0,0,0,0,0,0,False
501,345.0307129908208,133973.74783504457,0.506868806278787,23,5,2.320289572953807,43.57347106367493,0,0,0,0,0,0,False
502,306.9252197476302,108932.63504978783,0.6554314047230909,18,11,1.4623651020062105,45.66833613263254,100.0,54.33166386726745,0.9975078397893065,0.24846378210788392,4057.1798285510913,4850.028392608918,True
503,304.13272104829167,141608.40373260653,0.6357235974091135,17,8,2.0634897782722144,42.47037076519122,100.0,57.52962923470877,0.9972126512026166,0.14605825554716845,5345.084932801492,6197.173742823659,True
504,345.1555822894752,116296.15148643687,0.3405871611469271,26,10,3.906659304742326,57.47026025389765,0,0,0,0,0,0,False
505,342.0079805487608,130282.00781783932,0.43129995007144684,21,11,1.5433807269824127,45.06164896084114,0,0,0,0,0,0,False
506,321.42176565779505,127560.09415471299,0.6076841687979289,16,12,2.2098306670446526,53.74174147992997,100.0,46.25825851997003,0.9994069147392501,0.27050716102814326,4501.024939812255,5123.359937045948,True
507,340.86727421468606,120562.16788811085,0.3179316081413903,23,12,3.1713847601259344,42.72937574590895,0,0,0,0,0,0,False
508,299.9538295260957,126387.43898469793,0.3865961171749467,26,5,3.3895615978823237,57.47540500366874,0,0,0,0,0,0,False
509,332.17528296133116,115229.10052963193,0.37503060978515174,26,7,1.742014460114838,59.286108529946546,0,0,0,0,0,0,False
510,339.9124313459891,106914.87618104197,0.30828241408978946,27,8,2.8323950017370185,51.50075898900424,0,0,0,0,0,0,False
511,294.7406307680354,109044.95870424304,0.300718525096285,25,12,4.67858978919654,49.91785634371695,0,0,0,0,0,0,False
512,329.098423465179,102940.4629970437,0.6368638948728675,19,9,4.7799414908375955,44.44003075287325,100.0,55.55996924702674,0.999812336863807,0.1830974951259749,9733.907564343162,10244.474323626375,True
513,327.02876158997924,104884.63117933777,0.5944388854892748,21,11,1.8796120873971283,59.358485085047825,0,0,0,0,0,0,False
514,318.21627881380607,121721.94562818673,0.5024209955031542,28,13,1.2876581770887756,42.51746042467702,0,0,0,0,0,0,False
515,333.6157224689878,148966.31892092316,0.36996597108879536,16,12,3.2468382535606786,55.337525768080695,100.0,44.6624742318193,0.7916228858076269,0.02964843710104772,5977.693577576705,6579.906182532832,True
516,331.0342007264351,145310.80378416277,0.5477411502477093,16,13,4.037001401381562,52.56135963943284,100.0,47.43864036046716,0.9997883220524506,0.13973386094319754,7242.830992332005,7779.741659199155,True
517,307.1243087871001,101606.00042036855,0.6565855618471149,26,5,4.710508675523067,43.059367488662765,0,0,0,0,0,0,False
518,310.52988468502156,146985.61348362517,0.3953129227514197,26,8,1.2521008883576599,50.973890637622176,0,0,0,0,0,0,False
519,329.0604691780964,147201.9827053883,0.447091804735579,25,11,2.468019327045977,58.76599123986091,0,0,0,0,0,0,False
520,322.83497309903447,115326.17699175133,0.5855021711067059,24,6,1.682788541873365,52.69767943415573,0,0,0,0,0,0,False
521,294.7983633466409,137518.05476462762,0.5912310964576719,20,7,4.810874399311684,50.739530737926486,100.0,49.26046926197351,0.9990278498369339,0.195324594369017,8677.922991142603,9672.545848334037,True
522,293.11902220683527,110741.94539702515,0.6831334647249935,21,7,2.3545999936746527,45.0857694538646,0,0,0,0,0,0,False
523,311.8199521144657,117444.42194086078,0.5510923804356677,22,5,3.1993840384186427,55.95829718256796,0,0,0,0,0,0,False
524,309.5264792397682,100492.3258527327,0.595950915663086,27,7,4.727417029478587,41.176293022713786,0,0,0,0,0,0,False
525,330.4981373727344,140892.3823921433,0.44629601435641425,25,7,1.470232554554259,47.56554534835893,0,0,0,0,0,0,False
526,334.3237687286846,125571.43482683612,0.5201894847541362,20,5,1.6765055959912063,49.624867838672245,100.0,50.37513216122775,0.9638722339477729,0.06981404576159424,4117.997430610207,4630.451094767122,True
527,341.06528469507157,112519.03504444312,0.3825188427548383,28,6,4.197350214300042,42.40600531763312,0,0,0,0,0,0,False
528,303.17135480186516,116855.88731603728,0.32252466284344683,23,11,4.911350936314195,41.54821891629704,0,0,0,0,0,0,False
529,303.341642825887,110629.8173719041,0.4405060730281809,24,13,1.9675093042846146,57.93187610317901,0,0,0,0,0,0,False
530,313.5560676165009,122150.25593791428,0.594510702998519,21,5,3.9028789994551802,49.93505518889843,0,0,0,0,0,0,False
531,317.9219771007668,139740.0313469514,0.4453798610430799,23,12,3.641347728967415,54.98421351438029,0,0,0,0,0,0,False
532,302.2476000055315,126939.72076840991,0.5412573393948736,22,10,4.467270946660418,59.38627652562684,0,0,0,0,0,0,False
533,299.15373584152326,126138.22159271556,0.31277001890271205,21,10,2.5550988904656955,42.59358078602805,0,0,0,0,0,0,False
534,320.9762289745627,120654.53305317895,0.45370296761903534,17,9,3.045329094941337,47.01349399985826,100.0,52.986506000041736,0.8538032573053804,0.0027711529879374808,6685.100266163939,7427.848334416058,True
535,331.638778892861,122213.36008627446,0.3365136779452691,16,7,2.205716740425969,56.13719899577453,100.0,43.862801004125465,0.7619020502550261,0.004137513610213178,4452.217274697523,5107.259708888252,True
536,301.2250449154196,145350.63267868257,0.309675361837014,19,13,3.7203067904680722,47.21967311468216,100.0,52.78032688521783,0.5835484074353943,0.003550864946994597,8080.059008049299,9172.741370320236,True
537,330.20470464904804,110638.65893255512,0.44604329024315276,19,8,3.7100490262731176,52.22442375808796,100.0,47.77557624181204,0.9330449300227235,0.0005361540685950015,6915.530931510778,7540.623318231785,True
538,338.6180881106552,120823.27613990573,0.555902348523009,16,13,1.3467777426383492,53.172481363693734,100.0,46.827518636206264,0.9338229898281071,0.22307756073659019,3376.762467809916,3783.7377808985057,True
539,295.8012757093795,110691.56031847572,0.3105530595304732,26,10,3.9967192871725477,56.22616779171232,0,0,0,0,0,0,False
540,318.1733336736856,123034.33610454694,0.3447246410310611,15,10,2.7725470609958394,49.53996151056813,100.0,50.46003848933187,0.6702367468850686,0.013167364677744138,6107.470555426226,6942.906012060508,True
541,311.5705671459852,123050.97658413812,0.36623733121005875,22,13,3.8391922112487755,44.731581139652135,0,0,0,0,0,0,False
542,310.82804375465287,146585.71700988404,0.39012665967326393,26,7,4.0277400698137225,46.91825695009343,0,0,0,0,0,0,False
543,312.6973940204278,136205.99963462166,0.3585193082399839,20,11,4.690256075574789,57.18513382701301,100.0,42.81486617288699,0.8361247735213033,0.0009334729499526044,7621.596540541074,8543.97117012378,True
544,298.39039228687386,136084.15151188598,0.6266625100205037,27,12,2.748184506319152,56.80383300992808,0,0,0,0,0,0,False
545,346.64064370592905,115863.54802983439,0.3924917008063045,29,7,2.485039023021873,56.58915714993929,0,0,0,0,0,0,False
546,323.72074031647577,129540.05802600164,0.3957094235784071,21,12,2.3210954018690946,40.84943619733065,0,0,0,0,0,0,False
547,343.66738156750296,129737.00567161929,0.6592211727366699,18,10,4.40796806707703,49.30070018348737,100.0,50.699299816412626,0.9998897826266284,0.3088882366213784,8310.564734394604,8589.941551594131,True
548,330.0397941529259,141098.67841871222,0.6385506081341336,16,7,3.28355959294334,47.47778229006934,100.0,52.522217709830656,0.9982537381750701,0.24062947214997898,6821.761491413487,7311.5322443020705,True
549,344.25678406420866,130083.74821543216,0.6816671874031371,29,12,4.017986498422232,43.55092823429515,0,0,0,0,0,0,False
550,322.8871967107851,118022.06559973201,0.5998583347388309,16,10,2.0188972780048546,49.48633322456834,100.0,50.51366677533166,0.9981873285732641,0.19325839608477333,4623.939657008351,5239.433038447091,True
551,292.3548420050901,110563.96137804959,0.44981632387611037,27,13,3.5936893848683056,51.84289383498402,0,0,0,0,0,0,False
552,311.87554299511555,114611.41212411746,0.599061260436189,24,11,4.8492910885215,53.47590685146641,0,0,0,0,0,0,False
553,328.3677958326435,111390.08014127534,0.5668724582994589,21,7,1.6660855984004168,46.727497859289095,0,0,0,0,0,0,False
554,316.30732402828266,107732.92377133183,0.40865748375942773,22,6,2.5581252158789445,57.01854112747871,0,0,0,0,0,0,False
555,323.01139900249837,138449.10495342806,0.5131524520792167,22,5,3.5506826170335195,57.2513050398273,0,0,0,0,0,0,False
556,300.4385849285491,119176.05024106037,0.44215019759272334,29,7,2.521602510489048,56.19480175529938,0,0,0,0,0,0,False
557,295.0937706719143,131525.94112365687,0.5940174491494974,27,13,4.386806937802044,44.781778155964346,0,0,0,0,0,0,False
558,307.33662654743546,123292.49691596183,0.4351029507463502,26,13,3.2295631978422126,59.705989386236794,0,0,0,0,0,0,False
559,308.7934693976435,104190.69194375686,0.5033540902594669,15,5,1.4666975591033031,40.90588828461294,100.0,59.094111715287056,0.849735522175756,0.002965607951975532,4549.44148105754,5426.959851691982,True
560,327.8265273745689,102525.29441002179,0.6785779788663849,17,10,1.5970012183772089,55.30414574993331,100.0,44.695854249966686,0.9976978276262695,0.42067109558413507,3519.9807215431856,4004.33743840442,True
561,319.1206355711737,122601.34909133232,0.31866740560636697,19,6,2.5139791765563215,55.40657439154876,100.0,44.59342560835125,0.7142664444496033,0.0002743655170774499,4996.880213993446,5843.7588674163635,True
562,297.2433161488051,110815.78402529567,0.6783575626531951,24,13,1.6617275086775227,55.00667777817712,0,0,0,0,0,0,False
563,336.7076782774596,136488.1850320445,0.30823043465074285,15,13,4.336491602069188,55.98122127749486,100.0,44.018778722405145,0.6352906293046401,0.05105907677402578,7570.9077820795765,8149.670485494435,True
564,301.3884517317932,145922.7824757061,0.4170393423268406,20,10,4.86634158427294,55.240205575058475,100.0,44.759794424841516,0.9310860594915873,0.0005239884950603975,8072.658420245539,9120.429666604892,True
565,329.08104027428294,119138.97321166389,0.45011373577224884,23,8,4.563912900357242,47.08287433802791,0,0,0,0,0,0,False
566,343.26785308983966,132639.62936367356,0.32731929130705695,21,13,1.7777674788997806,47.733571586443624,0,0,0,0,0,0,False
567,347.68906151237735,117495.6180609134,0.48429866889091566,25,13,3.223527745012868,41.59237141285431,0,0,0,0,0,0,False
568,299.0192523434468,137880.7577782498,0.38156322914091956,26,11,1.4433218210770224,43.121269519991394,0,0,0,0,0,0,False
569,324.27996478516036,137311.91899341572,0.527422626906946,17,5,4.882471916554105,46.94907585269609,0,0,0,0,0,0,False
570,308.0635452831394,130916.60241375313,0.6214183185916642,23,10,4.754449534076651,55.29488440311371,0,0,0,0,0,0,False
571,301.04210658252657,103475.64762900009,0.6827523116848987,28,6,1.9130031990361482,41.412866105478365,0,0,0,0,0,0,False
572,322.4418284618106,123665.33088026609,0.5789895452312508,23,8,2.480572645927192,41.7298550568331,0,0,0,0,0,0,False
573,343.8512595718156,115141.7166603579,0.4521964363237361,26,13,1.2891548886769753,56.289585074838875,0,0,0,0,0,0,False
574,340.7342050564956,137639.8236093846,0.39597703907358045,25,12,2.1706013768178423,59.583508018292264,0,0,0,0,0,0,False
575,313.4714590703428,145455.47741017686,0.31035029728008107,17,8,3.9652454297080935,47.97620110184087,100.0,52.02379889805913,0.5961118212775984,0.00048034013098096587,8365.227831734857,9287.213741610494,True
576,344.38909123890045,129122.85413000763,0.37138329337318127,16,13,2.2448467181151126,43.16078852645666,100.0,56.83921147344333,0.6190988000594301,0.0451626975451847,5956.256913723146,6375.931274898305,True
577,336.07122675907425,145547.0594859602,0.5752193421633323,22,11,2.929129408616145,59.292414099742885,0,0,0,0,0,0,False
578,308.01636573523774,100242.55722187909,0.6295556809404349,16,7,4.233098938634353,50.39583173764108,100.0,49.60416826225892,0.9989028969935146,0.26601056243379034,7869.817103801486,8661.458858570524,True
579,340.10103490123043,137508.86973445484,0.43629434991717814,25,11,3.170414362206906,49.57632645860338,0,0,0,0,0,0,False
580,292.00658667737804,138048.40589927498,0.4287746323857313,25,7,4.5844292255705135,54.158155991825176,0,0,0,0,0,0,False
581,342.3061253443135,140979.84229059643,0.687483096136982,22,8,3.1466363648463265,40.307750733002166,0,0,0,0,0,0,False
582,293.6154256054557,123060.08875111703,0.3544206370933673,16,13,3.325067730186289,59.896172305685,100.0,40.10382769421499,0.803963546844842,0.05341795885999198,5455.506158149786,6630.697612152053,True
583,341.1987433799951,113151.45821354643,0.6801890439009813,15,9,4.600868219937175,49.19903002477973,100.0,50.80096997512027,0.999791540745674,0.35018023944848203,8624.44338336995,8926.12482626719,True
584,311.6497288436105,149224.91036805868,0.4308502809650515,18,11,2.140325334035099,48.15289896936714,100.0,51.84710103053285,0.8227461502471913,0.008887609788830917,5105.094055671221,5989.11102329049,True
585,336.16558262281075,105225.35215093316,0.4629935769883877,29,8,2.0728239403271993,55.79927722868333,0,0,0,0,0,0,False
586,342.16120787313343,141827.9582869346,0.6059120580471402,28,6,2.3240360512247737,41.06858308927147,0,0,0,0,0,0,False
587,337.0427767482337,136427.1653240178,0.551613530124517,18,12,3.8602455175666552,56.345824110833064,100.0,43.654175889066934,0.9999227618001778,0.20428376891304753,6430.953301634553,6870.185330708848,True
588,334.39055707292465,147099.6846400107,0.3344607500529559,18,13,2.5963169109732527,58.230364841541814,100.0,41.76963515835818,0.7669892082506341,0.024203493285068618,4752.607139166306,5364.608032350257,True
589,321.76264445636406,112312.86480344119,0.5150136605697504,18,11,4.738002052145982,54.16595030469498,100.0,45.83404969520502,0.9998981004226665,0.10470551388479389,7971.547101558042,8663.863811269412,True
590,324.79074219393766,125618.57611940705,0.5573972511333822,15,7,4.365548221457458,44.34641927450338,0,0,0,0,0,0,False
591,321.3620450375739,148648.16856531624,0.3623821874784093,26,9,1.2250469152062926,41.26069085950095,0,0,0,0,0,0,False
592,341.7292436295113,147107.18065857695,0.40438131087549706,25,12,4.323707945823367,40.56488974456057,0,0,0,0,0,0,False
593,348.6227098947151,128997.11396847284,0.3460346862310699,28,10,1.3883802900064266,46.436123743364725,0,0,0,0,0,0,False
594,312.86384229522474,118923.67341224331,0.6672573139436406,29,7,4.642839586036358,41.71732269907013,0,0,0,0,0,0,False
595,292.2075745559344,141865.99917989277,0.45845548307560186,25,8,4.140455588646846,52.642698033553614,0,0,0,0,0,0,False
596,347.31625545550753,128424.2291387055,0.39439928368182076,21,7,1.5602324542700126,53.3976713712195,0,0,0,0,0,0,False
597,296.4912241714786,117993.58018475097,0.447982621045342,17,10,1.6695309620358691,51.39680281744448,100.0,48.60319718245552,0.8980472784876778,0.022382758592404715,4014.2810317779736,5098.46150311388,True
598,337.40905031414974,110491.80036281439,0.36219978529877533,20,9,4.5276008941579775,51.00196515708638,100.0,48.99803484281362,0.7390341519293819,0.00017244704513738637,8605.439431469584,9155.772618285804,True
599,334.5578227019056,107715.87736774655,0.6729671965667746,23,7,2.295080876857163,57.34723230179995,0,0,0,0,0,0,False
600,302.4870195791781,115899.74123397448,0.5140377329961265,22,13,1.56575093105815,53.26693833829963,0,0,0,0,0,0,False
601,334.77820192475343,141080.18891744438,0.662634159039513,27,7,4.446834894196704,49.9369156508032,0,0,0,0,0,0,False
602,296.91330066709384,107748.8036983155,0.3140465756828567,27,7,3.5266361511267723,52.1343183794087,0,0,0,0,0,0,False
603,329.459563204167,119338.0435145851,0.5748429212094807,24,13,3.1135525372323416,46.593788392147395,0,0,0,0,0,0,False
604,304.4305949652657,115251.70224025822,0.5458226562194595,19,8,3.1025450120876186,53.75607673479127,100.0,46.24392326510873,0.998468973480749,0.1564367255095856,5752.232556684513,6654.543125915678,True
605,330.0503746673752,105192.66250336387,0.33515370490330176,19,6,2.8775089669679064,49.46614230926603,100.0,50.533857690633965,0.6631263432765969,0.00010227358083608255,6292.533914681828,6962.792599558984,True
606,327.8772462732137,146424.19110969084,0.5171634107548768,21,7,2.654125815564562,58.56780248789259,0,0,0,0,0,0,False
607,325.45016629381433,125582.97552009151,0.49451568753820757,25,7,2.150605707008699,58.89835801954557,0,0,0,0,0,0,False
608,306.5610311484749,115660.55603298862,0.44474187593482906,23,5,1.8381780388161588,57.40756842734328,0,0,0,0,0,0,False
609,334.11009059068004,131812.01847135954,0.4370290795893233,24,8,2.505104207302527,47.121178669752034,0,0,0,0,0,0,False
610,331.3822801762656,145572.65779477195,0.595279395880423,21,12,1.5650772837946887,44.2479989092033,0,0,0,0,0,0,False
611,340.53798765612606,141747.46840488026,0.4516969437694083,17,5,2.7294030539423684,43.26283625199346,100.0,56.737163747906536,0.7959352249264503,0.0002468422434833757,6663.929003339876,7116.852618041075,True
612,324.081816800314,106435.28318342267,0.3966530049712985,20,7,1.9182550343084688,49.27450266056201,100.0,50.72549733933799,0.7815793356013367,0.0003932673751355906,4672.7270212775165,5401.17424853643,True
613,326.907939154779,124350.18597913327,0.42052089258371794,21,10,4.709067571777717,54.991681569629435,0,0,0,0,0,0,False
614,337.85679223456077,106744.74505745196,0.5641746988411966,20,8,3.3112974707820326,52.45400107112465,100.0,47.54599892877534,0.9987063342216735,0.1702990836495328,6214.812305218049,6640.612914136103,True
615,334.42592783132744,118401.05305672453,0.5312264631811571,16,11,1.381311564198382,58.59858789439118,100.0,41.40141210550882,0.9774043542071553,0.21599091365735773,3002.696897929663,3487.146486422758,True
616,316.99060588248466,140708.83781739522,0.6776756919612379,29,9,3.7240158801456644,56.12522540685149,0,0,0,0,0,0,False
617,293.53226505330235,149760.40032914706,0.5930388725672067,26,6,4.110658929168472,58.209767125270375,0,0,0,0,0,0,False
618,306.9102047224125,112018.73940645283,0.46521127029984827,25,10,2.3717758028862255,53.820451485573166,0,0,0,0,0,0,False
619,296.18146387225335,149856.33559877024,0.5755156910203119,26,13,1.6013141479823014,44.5988667459503,0,0,0,0,0,0,False
620,309.152728989569,111513.81915310326,0.36866843304168956,21,13,3.275844769034303,54.57410658302511,0,0,0,0,0,0,False
621,327.2426759218955,145700.21185030814,0.5981416034804719,26,11,2.9924385497853825,48.5985286959395,0,0,0,0,0,0,False
622,304.25572908348624,102907.15492101564,0.6260395809397736,27,5,2.5100366847645024,58.136866769300816,0,0,0,0,0,0,False
623,339.2697053607686,100372.43069939977,0.5484575633734498,27,10,3.2392927121251196,56.19159750339239,0,0,0,0,0,0,False
624,347.1897107936292,126222.69389596948,0.3210864256451763,26,7,2.511113302278681,50.74340236349853,0,0,0,0,0,0,False
625,299.93244796614033,121064.08225952761,0.32643517125709426,18,6,4.56725436415633,41.43452418283201,100.0,58.56547581706799,0.5573609676403959,3.4250354367143674e-05,10605.633246282692,11700.319890178462,True
626,328.4304350624937,109477.93454464454,0.47513483338908014,22,6,3.877609202107478,54.84232648408077,0,0,0,0,0,0,False
627,309.14277228103157,136393.0240424954,0.3058566381749792,29,13,2.562636272793618,47.785897066263,0,0,0,0,0,0,False
628,342.5117649049655,134037.2150440776,0.5320356662104223,18,8,2.336901520300901,50.93368530977261,100.0,49.06631469012738,0.9958552415096871,0.08522099603836762,4967.076800258576,5354.151065642065,True
629,300.303714849766,133680.90006788127,0.33494514954708077,17,9,2.161849885963402,51.22323345183796,100.0,48.77676654806204,0.6829820738486925,0.0035313245042832755,4939.521020743314,6035.532269457308,True
630,299.92101069950104,129397.39094074682,0.5896653650415765,27,11,1.3452812574266693,45.40029090428902,0,0,0,0,0,0,False
631,327.6667118408868,145183.6215929677,0.5066575896787131,24,7,2.017284632261382,58.4327555663408,0,0,0,0,0,0,False
632,301.95156184816966,136886.97886697485,0.33289329176445165,15,11,1.239120139167838,55.551981905767974,100.0,44.44801809413202,0.6704713799528284,0.06279207093174244,3192.9687500746218,4258.0849288888185,True
633,296.2195540842137,129944.67419285147,0.5448510826554225,27,7,1.209829192198519,46.98406866202123,0,0,0,0,0,0,False
634,346.82033606823455,128416.7787575521,0.43274253476962066,21,13,2.9946555192552173,40.802238174687226,0,0,0,0,0,0,False
635,310.4701358858341,133792.98698411012,0.33169587415460855,24,8,1.3970412761058109,52.97268444718142,0,0,0,0,0,0,False
636,293.2416404043197,147293.21354343774,0.4019565532179719,24,5,4.42705743214178,41.07732852871186,0,0,0,0,0,0,False
637,309.28536889325335,117404.75971601243,0.3731458023308972,28,12,2.798492092707721,49.5327961233841,0,0,0,0,0,0,False
638,325.93461990291496,131795.7668809198,0.3481535887900099,20,8,3.0773477433380965,49.43826399649991,100.0,50.56173600340009,0.6884118279491557,0.00016356486586219414,6597.917667225972,7322.244643504178,True
639,306.996426934355,137773.5221414605,0.5031723024588907,26,7,3.308031609352038,50.44409977369088,0,0,0,0,0,0,False
640,329.80690391228666,135631.71730149153,0.6308182808980642,17,9,4.338485825466045,57.4951705397805,100.0,42.504829460119495,0.9997151244918814,0.3581015525726784,6878.0811118162865,7363.126683765645,True
641,338.4795315945825,130463.87396215735,0.5304823277718128,27,10,3.5446085311361673,46.60036320033099,0,0,0,0,0,0,False
642,296.1708847260902,136448.5731350159,0.5216534500636755,23,10,2.5495310359371572,44.241054797756014,0,0,0,0,0,0,False
643,335.1700176857238,114353.14989598353,0.6054614574967769,22,6,4.377956635692581,44.55160299975929,0,0,0,0,0,0,False
644,320.07121736960306,103064.86712740693,0.37700165789748113,27,10,4.931507399582356,57.24738668556911,0,0,0,0,0,0,False
645,325.8878185265383,110956.28022856123,0.476804565728831,20,13,2.5565496472839073,59.464860103351384,100.0,40.535139896548614,0.9997168555853716,0.12035199530846749,4369.898407428041,5023.171961740554,True
646,296.7247131429162,127803.07905730949,0.5645061395657344,17,10,2.903416910389329,51.383883116738005,100.0,48.616116883161986,0.9994596960599225,0.1529786803933856,5752.548027653277,6744.941698682887,True
647,329.10987870384037,104069.75327551512,0.412225889651465,20,12,1.6366193203339103,47.34876710743011,100.0,52.6512328924699,0.7763555680750326,0.007319091819892674,4385.657205709915,5029.128025675439,True
648,335.245956418824,137899.84901801514,0.407165552210601,22,10,1.8581908403420706,58.678746552703004,0,0,0,0,0,0,False
649,311.01913720647343,110230.81650982844,0.5252828006790315,25,7,4.023371879931443,46.570330766272306,0,0,0,0,0,0,False
650,336.58052127117475,124974.23882485814,0.6052474651724231,27,13,1.635919702486208,42.01179781345165,0,0,0,0,0,0,False
651,333.73268339955104,126714.40092532184,0.31709321461412776,26,9,3.8665122560697363,42.15576623402147,0,0,0,0,0,0,False
652,322.42855459266553,120918.1103743051,0.47407583722236024,17,11,3.767035305730884,40.71976548150582,100.0,59.28023451839418,0.796208110221396,0.005107925308996915,8899.436064115367,9600.3574679056,True
653,325.9977439262471,125489.58256436573,0.6621573100722218,29,8,2.110546542674243,57.56049445696685,0,0,0,0,0,0,False
654,330.10520606368567,111880.92944647794,0.6145925353247855,28,7,4.7647034334273135,42.73945617768777,0,0,0,0,0,0,False
655,304.9476259730397,123481.70994156512,0.48187247898493646,20,5,1.9920322212997263,57.00499666983139,100.0,42.995003330068606,0.970398147917663,0.11342020891784164,3923.7383387777368,4863.319574947342,True
656,318.7449446399209,148079.8905961635,0.6147431405112972,22,12,4.662030683505236,58.7267764173922,0,0,0,0,0,0,False
657,306.0948071225414,130577.14776708525,0.30270516002492226,22,11,3.612186044087645,59.02755460890144,0,0,0,0,0,0,False
658,314.6238616788534,121744.55949813867,0.46536043764104723,20,7,2.5237871155916647,42.59091932204389,100.0,57.40908067785611,0.8105171838259178,0.00011891351289317021,6355.9312978849075,7174.791401044491,True
659,335.40562255632,149680.04557986627,0.5552439491184868,20,13,4.375145080008254,48.83288215201526,100.0,51.16711784788474,0.9999736211012117,0.0892379374489236,8336.191900315795,8813.988857880164,True
660,314.39963737149213,101298.11803487214,0.44763169426548666,24,9,1.8113133145214084,45.78847075668451,0,0,0,0,0,0,False
661,342.9878312119363,117671.8700220733,0.5040862617613856,26,9,3.782625135404338,49.40360924390154,0,0,0,0,0,0,False
662,318.7614973685176,105628.49493698876,0.4160310780072402,29,7,2.2787768284797894,51.07997086741942,0,0,0,0,0,0,False
663,292.7744418247907,135051.13185972633,0.36939873135034307,17,11,4.136954225096562,57.1223556303516,100.0,42.8776443695484,0.8516914905850841,0.007376472290536896,6872.046746206865,8060.296212258211,True
664,295.00914367700875,139567.66812471236,0.44142256524724394,20,9,2.1191078924980045,42.39101694952591,100.0,57.608983050374086,0.7658945655461231,0.00046892586582707483,5686.013627113545,6782.226267283513,True
665,309.00118234836384,140222.67834663356,0.3000469763747213,29,13,3.54881947664684,40.73693372696239,0,0,0,0,0,0,False
666,307.71534879027786,145426.58034843285,0.31827543815020887,23,9,3.8871889176160295,46.818728693248296,0,0,0,0,0,0,False
667,324.0975107749581,135452.18130745596,0.5122378862537789,23,10,1.2651127573713938,59.121025260562064,0,0,0,0,0,0,False
668,339.2341932834994,141585.15990904265,0.3443009951544578,15,13,4.616283961376258,59.127982959242516,100.0,40.87201704065749,0.7530385336502428,0.06176129846530722,7278.105413861529,7803.384066407815,True
669,349.0362821325001,135983.40243182794,0.49421935445321497,27,11,3.563752812802921,55.13443841423882,0,0,0,0,0,0,False
670,299.40866508231585,140745.8409293951,0.43530334950091,28,7,3.5382563694699094,42.47429722836259,0,0,0,0,0,0,False
671,292.4023624419739,100972.23522691491,0.37672570194195154,22,5,4.352701926685404,58.46315638971973,0,0,0,0,0,0,False
672,319.55531861386737,127485.51645323135,0.5136055533726663,29,10,4.366839781233974,57.66063425214659,0,0,0,0,0,0,False
673,314.3088572385765,132647.9932631355,0.6833645078118178,27,9,3.3228583246520236,41.47339051014871,0,0,0,0,0,0,False
674,341.3033447729263,102827.18488854247,0.6759134033013915,27,9,3.741502453837133,40.525448742568415,0,0,0,0,0,0,False
675,319.77827734651646,109353.07704232648,0.3579788389758453,22,10,1.4026881217117775,47.66673666939214,0,0,0,0,0,0,False
676,318.0501493143604,117374.48805656485,0.6825724583355327,19,11,3.4992094373602693,58.2042347691705,100.0,41.795765230729494,0.9999064136369844,0.45469880212493413,5699.822606521091,6312.695347807956,True
677,335.99658148427136,122029.3031545391,0.5835667714984395,17,10,4.182701688685455,44.46935512371704,100.0,55.530644876182954,0.9997374253676615,0.0638527380945187,8723.64084700667,9181.253952416253,True
678,317.1239601641424,103015.54257458952,0.6739033636789381,23,5,4.08361018200082,45.289647684103016,0,0,0,0,0,0,False
679,307.89139014032384,148266.113282609,0.5011918059377801,28,13,3.332534777021074,48.600960041640455,0,0,0,0,0,0,False
680,310.84772010206444,115088.29342727292,0.5409562655438902,24,12,3.2024884404657845,44.223886951035375,0,0,0,0,0,0,False
681,300.2590427416927,113427.86364770345,0.607267312135314,26,10,3.3788507088012016,47.10849851202762,0,0,0,0,0,0,False
682,322.816827116076,148790.63884371484,0.48604272933595927,28,6,1.248831945968479,48.40341843682428,0,0,0,0,0,0,False
683,315.65012187630856,102732.88681382222,0.3260761444968583,17,12,1.2439279587104195,51.131705214846406,100.0,48.86829478505359,0.6331976241819572,0.03255031763739136,3535.12337186244,4414.035619351028,True
684,344.32815623732466,142971.11922344894,0.3530531630089519,25,6,2.608776940368768,53.7217945843549,0,0,0,0,0,0,False
685,317.82514744263506,139728.80283158095,0.32054470434347265,24,8,3.6521019116585887,54.30350087442093,0,0,0,0,0,0,False
686,327.3556969225891,108615.8324538307,0.3248372456477302,19,12,4.088152018872884,45.65592002454869,100.0,54.344079975351306,0.5963726592077048,0.0016299741305097807,8954.346084258492,9664.324543984412,True
687,302.60754405813213,131636.10061568354,0.5592091118224833,29,11,4.143554624844338,41.85875900937943,0,0,0,0,0,0,False
688,325.0957153601208,120439.29514634558,0.3276222488345935,21,13,1.514650874094405,58.38884107836962,0,0,0,0,0,0,False
689,302.2328916092687,127141.92476064216,0.5643349492602876,26,5,4.886313289579656,45.87085413975598,0,0,0,0,0,0,False
690,293.1943834628664,142808.83008777248,0.5612329228131874,27,5,2.035621914203577,55.48505570353376,0,0,0,0,0,0,False
691,328.14998959449355,140068.99016831256,0.31424595219470003,25,7,3.777759492617686,57.39728777800593,0,0,0,0,0,0,False
692,322.3087702861277,107425.93327751057,0.6221165672132558,19,6,4.60506516385399,41.45017865178144,100.0,58.549821348118556,0.9981965014206425,0.0908880900366407,9950.852872411491,10574.86362492176,True
693,309.094652907094,117881.80048787859,0.4538636949273243,16,10,1.7569403902591267,44.154339869835454,100.0,55.845660130064545,0.7991409165518107,0.017163856084585087,4846.3483296384165,5745.68904513421,True
694,344.52196752259806,129916.88449673148,0.6612324495541788,29,7,2.1460367095334014,40.79956799013457,0,0,0,0,0,0,False
695,326.597672093177,139573.05237399833,0.30660043751907406,16,13,1.5785666300204284,40.84369236707594,100.0,59.15630763282407,0.48998472263834975,0.04099452424817316,4996.168430753926,5715.480426042695,True
696,332.67529491539256,137466.77922374316,0.40522127638473704,22,13,3.244031145674377,48.38581106381258,0,0,0,0,0,0,False
697,313.18647021101106,102094.60491308328,0.4410276719986736,24,11,1.3020817538692804,56.946079337491355,0,0,0,0,0,0,False
698,301.0143767897873,115519.8348660845,0.6509161849173265,19,7,4.959919642018756,55.218730972136285,100.0,44.78126902776371,0.999202876170209,0.36846285665168693,8090.885110888806,8951.709662962525,True
699,307.86067628865004,122399.64759414444,0.6456614758000314,19,6,2.506667337483395,58.31252547003362,100.0,41.687474529866385,0.9944530926656888,0.39631129119333053,4436.142017932565,5207.856479752108,True
700,290.69562693687936,130662.61205413911,0.3566291886141826,21,9,2.923897630532644,55.35570744989242,0,0,0,0,0,0,False
701,305.11473160742327,128531.49875429845,0.5531045903610585,15,8,2.228583371935426,52.115056533902106,100.0,47.88494346599789,0.9957360810081368,0.14639953799915623,4690.252302994399,5580.135786528799,True
702,340.34838984033206,147844.13913533028,0.37909575601323475,28,5,4.894641669460173,56.62599268675089,0,0,0,0,0,0,False
703,309.4451575578359,112024.27249995578,0.588073228297151,19,10,2.922711973439156,47.68208675525146,100.0,52.31791324464853,0.9995840239388534,0.1365568684702998,6220.999309332836,7033.665172168108,True
704,335.5728269760357,131036.56232912818,0.301339783208023,18,6,4.512286097690507,55.18497817043418,100.0,44.81502182946582,0.6722739214107576,0.00010939808706357285,7923.480120738563,8535.03515325358,True
705,315.068355949309,132109.12357306946,0.3624680727677824,28,9,4.493428328887614,59.631777714704214,0,0,0,0,0,0,False
706,308.98789781782705,105508.07528261766,0.33814399797041733,23,6,4.272034483296225,56.69475280419846,0,0,0,0,0,0,False
707,320.9947979952773,101664.53750146818,0.6185564454888626,16,12,1.4965130624123182,54.63608734988758,100.0,45.363912650012416,0.9964047228802877,0.304831793746718,3435.317068226473,4054.0121170600733,True
708,338.9025566678637,140924.5140740993,0.39745515207505755,20,5,4.197977186165955,40.37387927863179,100.0,59.6261207212682,0.6665749459931541,7.222114955804502e-06,9948.611879784843,10442.560449316794,True
709,341.44911285335434,105531.67287201577,0.6599198400784836,15,8,1.5024632385545686,51.016884177041305,100.0,48.9831158228587,0.992416901365462,0.34067806221868446,3721.4285173973617,4029.1430879888812,True
710,342.9495346713438,114819.02578932187,0.5379583377428774,26,6,1.2330063946881737,45.6759370431269,0,0,0,0,0,0,False
711,290.6300587898497,106004.34803622004,0.6936668771948079,19,6,3.4548608991368672,44.01916787361138,100.0,55.98083212628862,0.9978617410189051,0.3068105462657947,7562.389676556745,8535.27213912726,True
712,320.75567213791305,125789.72803331183,0.46424371471594117,15,5,4.94561244678142,47.834086166153966,100.0,52.16591383374604,0.8893915982961419,0.0006082652666407097,9611.467510728164,10355.066951892511,True
713,328.5734186542228,147815.88252329448,0.35932327707760375,23,11,4.352286635191537,57.119613569411854,0,0,0,0,0,0,False
714,292.64241204957426,103579.60364007452,0.6577183265230485,16,6,1.8119819682842062,51.91607159904494,100.0,48.083928400855065,0.991061995598706,0.3489802828561569,4106.145177262894,5071.108038686047,True
715,322.07920604061877,145043.6635019434,0.5621603749211673,17,9,4.628634683904479,57.40303453877902,100.0,42.59696546112098,0.99967699070424,0.23749328098215533,7267.687829621192,7909.221721081835,True
716,328.40362811404356,147183.03339842168,0.45875346581322285,15,6,2.4922382024802134,49.8464959786032,100.0,50.1535040212968,0.9102935595362169,0.004442430238605472,5406.425130194308,6046.097986077686,True
717,329.328324196575,119044.17667960118,0.4528959499838871,15,6,4.034004630963603,46.47673747890873,100.0,53.523262520991274,0.8452947783169574,0.0010079118708022112,8415.687706910527,9038.680265727193,True
718,313.12038177491473,139546.72824426857,0.4400197845947633,15,11,3.845757359323918,59.2232871580628,100.0,40.7767128418372,0.99671706700606,0.056703718835781014,5993.314272783761,6860.020592063951,True
719,315.5365180928982,103922.83328086969,0.3881620473795864,28,5,4.4249345384669505,48.9160715761597,0,0,0,0,0,0,False
720,294.72009369971465,139295.91893685213,0.6486410069298458,17,12,4.36907741828449,59.49004816635191,100.0,40.50995183354809,0.9999665337693325,0.409404792516512,6592.476057403268,7531.305401996254,True
721,319.3498693835056,118481.48426570164,0.5153172612484918,19,6,4.102164768117255,48.782133335130936,0,0,0,0,0,0,False
722,293.5436332646589,149817.53233395622,0.308558610187427,26,7,4.549641724471826,48.5416362766417,0,0,0,0,0,0,False
723,312.7145343957788,105058.03219944701,0.4799275572448838,19,7,3.606717121893933,59.341344617429705,100.0,40.65865538247029,0.9969908405625535,0.12564182033238697,5680.832772931313,6515.937492025506,True
724,335.80237684188774,106846.87347664114,0.35961016103838,18,6,2.8059597412768955,50.856102934821834,100.0,49.143897065078164,0.731455468592998,0.0002852913984804269,5949.472513834268,6524.78846676937,True
725,290.41026214038004,131250.22200063782,0.681922088383531,23,13,1.8618601552012595,58.85306690848661,0,0,0,0,0,0,False
726,345.57826359369847,146521.7313046144,0.5416067540669528,18,10,4.658210282064233,59.8255170604293,100.0,40.1744829394707,0.999819394200348,0.2339046400758037,6890.1784952416165,7205.033410033607,True
727,347.31068663920604,122193.25346047849,0.5796031193504776,17,8,4.781930992100292,59.666836174815515,100.0,40.33316382508448,0.9993735801829742,0.2958495948033962,7069.33115857982,7333.0949466461625,True
728,297.434311643476,143300.05014217802,0.3786215777281592,25,11,3.133858972288103,42.367350843654016,0,0,0,0,0,0,False
729,330.179279733568,130158.89926435718,0.5747245802002594,17,10,2.1033748873509452,58.33839847058734,100.0,41.66160152931265,0.998377851760137,0.27217850192581816,3920.1901218821145,4437.111655935205,True
730,293.34514620012465,144609.28142361814,0.4114211545494453,24,7,2.3456032266911127,55.7740050393676,0,0,0,0,0,0,False
731,315.7498274588106,128972.9222891233,0.6499506546584984,19,9,2.1182264365159895,48.72295178822547,100.0,51.277048211674526,0.9985269086127743,0.28310200059962176,4847.899028347936,5523.2413650180215,True
732,304.8273460074733,136891.12502005076,0.355170625299916,23,8,1.855659971530339,59.05645963658196,0,0,0,0,0,0,False
733,301.8070155726905,112957.17822347503,0.4686226066889596,17,7,4.4667258429770325,48.3632546772896,100.0,51.6367453226104,0.9070755816678124,0.0005035877505701302,8718.793576969068,9722.46423068734,True
734,309.20847465389187,122551.07804073699,0.6798699975310443,21,5,4.510470625987689,56.754553478998204,0,0,0,0,0,0,False
735,317.7541237556422,113560.52505991519,0.6034083040253473,25,6,2.7665175310576178,47.4135271363458,0,0,0,0,0,0,False
736,346.02271115151797,141636.06076546977,0.5471082719897209,26,8,2.843533386454932,50.03290241295899,0,0,0,0,0,0,False
737,338.7746543548159,122573.61360720868,0.6365377746857604,21,5,2.1538026701692488,51.188682764705945,0,0,0,0,0,0,False
738,321.0774455884127,118354.88231596684,0.5548704535450856,27,13,4.718856468650009,55.61364392494192,0,0,0,0,0,0,False
739,299.96570955750843,132777.62972434884,0.31550586248813206,29,8,4.506940323955342,59.46311674073844,0,0,0,0,0,0,False
740,316.8203806973717,105607.96674258664,0.625584486554315,18,11,2.0299987724068904,41.256112807943815,100.0,58.743887191956176,0.9990404575251646,0.09380750357136512,5396.096511781634,6092.654196045868,True
741,306.4956854254773,115161.22959223512,0.6079145814432096,24,7,1.9521394684827582,59.506790821545664,0,0,0,0,0,0,False
742,318.9768975244181,121158.5735649245,0.5774574169874125,23,7,1.3935411557964394,58.52732297624193,0,0,0,0,0,0,False
743,330.63594856345225,148491.0872374514,0.49670101514903275,25,9,4.050272882853714,40.88008301093665,0,0,0,0,0,0,False
744,343.24291378356486,106121.35172135179,0.40162044180505024,16,13,3.602213847364678,43.28558803544779,100.0,56.714411964452204,0.6829070912435753,0.03306815584062746,8359.787086166132,8785.913921163245,True
745,301.18237620628685,100365.3922864843,0.32512198894547145,15,7,4.61951746362397,53.05430165515949,100.0,46.94569834474051,0.69128712989236,0.001117169976479727,8439.749788201989,9532.69030491407,True
746,328.9757693251519,104330.12387974875,0.5852003540910841,26,6,1.3996993358567187,41.883191415448586,0,0,0,0,0,0,False
747,326.818821884018,116806.17619113308,0.5697882752461749,15,13,4.052916214962788,51.12484254447316,100.0,48.87515745542684,0.9993793117361782,0.15908578326097628,7486.397738807533,8068.264643081551,True
748,296.62965607236043,112090.78772293401,0.4351920167280712,20,6,2.755709981562708,49.280411219694784,100.0,50.71958878020522,0.8579352340800321,0.00010735365343978056,5936.639132010473,7027.53301979584,True
749,343.46425475633396,141123.62347512352,0.4888263672184169,19,10,1.760831273662893,45.699197253341204,100.0,54.3008027465588,0.8951480992506967,0.006029371201061568,4640.757832006458,5039.3248892575875,True
750,304.7394779526024,118916.60281063059,0.6837457930626701,15,7,2.8962468075693923,44.68805403700253,100.0,55.31194596289747,0.9982697444535912,0.2944486569195675,6534.502719388502,7335.267391329997,True
751,295.7078951029724,148901.68672056866,0.4153177303823613,20,8,3.4490990181897496,42.78487476953404,100.0,57.215125230365956,0.7258230053954131,8.756766161916618e-05,8103.749289868577,9205.46631201476,True
752,324.45403374534953,146929.06209164776,0.6528878343933904,20,13,3.3978600941544173,48.75723499261808,100.0,51.24276500728192,0.9999707169900471,0.28811154520950344,6830.630336629682,7385.664006638237,True
753,295.8802241686604,145443.26136995343,0.42857275414768425,26,6,2.751763659394534,45.42097246459723,0,0,0,0,0,0,False
754,332.79897954110754,147005.3436534528,0.36391406893095823,23,10,1.3982454361906347,55.081558157944926,0,0,0,0,0,0,False
755,334.2591632430543,119952.84005206618,0.6765951304021376,26,12,3.0246086471132028,41.22763104486937,0,0,0,0,0,0,False
756,309.0448432631792,138919.50745083185,0.6071743328167228,21,5,3.3469027482887705,50.177663694631505,0,0,0,0,0,0,False
757,321.91106195798545,109698.017097504,0.652275563590951,24,13,2.7276874768376107,51.515289078266285,0,0,0,0,0,0,False
758,345.66413082580664,123855.76626564987,0.6652125716710532,18,9,4.980822858294235,55.00919645157508,100.0,44.99080354832493,0.9998179471935025,0.39154627280783955,8156.1632806182115,8396.616357851122,True
759,316.9262802902376,116344.30267415638,0.5202695716005441,29,11,1.8843461882505823,52.816245942546864,0,0,0,0,0,0,False
760,336.74893031453377,103995.09970623437,0.5211678570492575,28,5,3.0160788001302605,40.91476267986231,0,0,0,0,0,0,False
761,337.6878553152476,135350.0774136113,0.4102889370730541,25,11,4.794606403722666,40.1009041855544,0,0,0,0,0,0,False
762,320.62839189816737,148196.5750604992,0.6962105457582605,28,11,1.9651881326037888,51.81642752410315,0,0,0,0,0,0,False
763,302.9697901656808,120762.52806744656,0.5474476347390317,19,11,2.7878985966687644,46.812112934096184,100.0,53.1878870658038,0.9994755504513279,0.033824751311074555,6107.235047516364,7047.289877934691,True
764,346.26390222327547,146785.29058933546,0.5561152445046778,21,8,3.4648303075784845,50.982122357124595,0,0,0,0,0,0,False
765,320.0944547863718,110012.38698419262,0.3988233446623432,15,13,1.2626439483859184,52.01770364651361,100.0,47.98229635338638,0.6696166982480034,0.1490376864950504,3483.4683319324677,4237.765888591317,True
766,348.694159873438,126927.32657495861,0.5215260413349982,29,10,1.6449513212727886,44.40448288398526,0,0,0,0,0,0,False
767,335.0343326939555,125438.38381721824,0.4283470690722686,24,7,2.8826991990162663,54.0306017439168,0,0,0,0,0,0,False
768,339.9940655405497,124125.77459689869,0.6691928606896695,28,5,2.792015564261283,55.35718719212484,0,0,0,0,0,0,False
769,292.0941460917514,107840.82127616247,0.6884261325984533,29,6,4.539062613916339,46.62542724059345,0,0,0,0,0,0,False
770,344.8224109655169,142610.37058583446,0.35909891053847554,25,8,3.285194658512749,48.16540194389318,0,0,0,0,0,0,False
771,295.3026692405271,122457.16505095869,0.5751648827921261,29,5,2.156712458430183,57.85076614156516,0,0,0,0,0,0,False
772,305.2073329153361,100456.26653396369,0.3483729021129294,22,8,4.9504504749600375,59.57486174423674,0,0,0,0,0,0,False
773,339.81265536451394,136117.46461306527,0.510724853420523,27,12,3.3875165955200295,51.01305053898688,0,0,0,0,0,0,False
774,299.66781714373377,141182.5086965605,0.42881459554863954,22,6,4.0242200296284585,47.3571898323667,0,0,0,0,0,0,False
775,295.441179152446,106876.8798116411,0.4112047700448928,17,6,3.840741265808573,58.971177179650276,0,0,0,0,0,0,False
776,343.7130508851456,147771.34237061144,0.4853283764370976,26,10,2.5752317702454812,50.281912566408735,0,0,0,0,0,0,False
777,313.37416600520453,133471.24792693538,0.4379058663563125,27,7,4.211479819437618,58.551735079806775,0,0,0,0,0,0,False
778,305.55295745463184,103128.50126095593,0.4608837813697883,23,8,3.9189104433916064,42.001499538869716,0,0,0,0,0,0,False
779,312.2483156612392,122296.43078719873,0.5554936833309121,15,9,1.3722127724558406,45.55054129104829,100.0,54.44945870885171,0.957893560186562,0.07448552429411016,3949.850656690416,4749.105256918521,True
780,342.2911938515477,113501.26754426354,0.35366506716973056,23,11,2.8349106817754945,50.55067550644178,0,0,0,0,0,0,False
781,345.2731582864844,127153.12243106854,0.48489650476428237,17,5,4.466067532265685,50.292009545207804,100.0,49.707990454692194,0.9746229320313518,0.0008908130196804498,8280.080018105093,8664.57410595521,True
782,312.2170606169138,149434.80916988128,0.5161396524458894,18,9,4.1659815960651985,59.88880353242301,100.0,40.11119646747699,0.9995127123245436,0.19239685549494515,6281.285118585295,7090.825257839353,True
783,346.48439940316723,115525.13078131866,0.3709029601733568,29,6,3.407419319007559,51.54518226625157,0,0,0,0,0,0,False
784,337.5462689662409,107071.76607108912,0.35780769200159074,27,5,4.796377394564163,40.36120175665856,0,0,0,0,0,0,False
785,315.76763831685446,137555.02133810284,0.5811549806449401,21,5,2.6597988636347374,42.442742799472036,0,0,0,0,0,0,False
786,318.0978220972349,130568.65935243588,0.5370971172923644,25,6,2.822800998593369,49.221671955490145,0,0,0,0,0,0,False
787,319.5563727849892,143726.81332510963,0.39179994952390074,21,8,4.522043674699427,50.49093877260711,0,0,0,0,0,0,False
788,308.01178061808906,109519.24385641595,0.5353655926479686,25,13,3.100441865104584,45.5408171860148,0,0,0,0,0,0,False
789,293.76918944120473,114588.42006887431,0.5746403276786765,28,5,1.5459565901851267,47.99465258303608,0,0,0,0,0,0,False
790,296.49397662870024,138548.29733758495,0.41409941014868124,22,6,2.8738626314467166,56.556690199706566,0,0,0,0,0,0,False
791,338.00188630292314,118605.55356083064,0.49589287064906584,26,7,3.3399434956579492,46.659014247461755,0,0,0,0,0,0,False
792,296.35726043971886,138949.30870620784,0.3653420077920404,20,9,2.680603083337618,55.69215222814682,100.0,44.30784777175319,0.8234735377881129,0.0008608723151704806,5112.7106684578575,6254.31203040763,True
793,320.93483435493914,135979.11200976497,0.5081142595230046,18,10,4.279302883183715,48.762710902419535,0,0,0,0,0,0,False
794,328.22343678532064,133868.86593652004,0.3213831786916436,29,5,2.763247817691367,54.92173488890589,0,0,0,0,0,0,False
795,348.08444462423006,128900.95062004181,0.662813632424508,18,6,3.3519525389553326,51.46038680373569,100.0,48.53961319616432,0.9968813698011578,0.3477071135120903,6407.050322640395,6616.9549453642485,True
796,325.1129155054084,109435.88720665107,0.5526738343424566,16,13,1.8304440617000601,40.887959183910006,100.0,59.112040815989985,0.863769844746632,0.10290426227805452,5208.998159191523,5818.170229950475,True
797,348.1037648828751,104908.91449528585,0.4290748017273921,24,10,2.7532363504089803,54.34773846474206,0,0,0,0,0,0,False
798,310.22651143096937,124921.56094718605,0.6484568511520927,16,6,2.9399285495011265,59.870065408253595,100.0,40.1299345916464,0.995777315100983,0.4156536371882541,4796.650694343394,5534.020084562597,True
799,293.2216982706483,139901.5806022627,0.4076309038496031,20,7,2.0325610956459172,44.835221027201904,100.0,55.1647789726981,0.7388027699133028,0.00016177347299500773,5315.499711437165,6457.835849718649,True
800,328.1703236092739,148701.06118115547,0.6037142822101842,16,10,3.2880563102938547,49.40631100170125,100.0,50.59368899819876,0.9996378674557846,0.19827327031109293,6576.200815719403,7115.370044851878,True
801,296.07877877816566,132050.35468729163,0.5972420411383538,19,5,3.069469067750638,42.038682731397174,100.0,57.961317268502825,0.9926975427570778,0.05200139386510866,7160.535116636639,8153.6416697138475,True
802,324.0502640878875,148361.65816806216,0.33585224949839154,25,13,3.519833343238144,49.64268514127233,0,0,0,0,0,0,False
803,318.13447800259746,112670.83339357821,0.42925907605086855,29,9,1.3480081517674483,50.26916952222974,0,0,0,0,0,0,False
804,349.28159022589557,121169.64694734076,0.6338058209405733,27,7,2.1650555606053183,58.66178897197514,0,0,0,0,0,0,False
805,291.08161900380355,120981.89512248135,0.48673264749120604,27,9,1.8210973158519201,47.00476312412765,0,0,0,0,0,0,False
806,331.234025925386,137664.85833529226,0.38408106805667025,26,10,4.558637325910412,42.286296970010284,0,0,0,0,0,0,False
807,327.97139627178893,113887.96978370432,0.33909230859444217,24,13,3.844012854930349,53.934848567797324,0,0,0,0,0,0,False
808,326.04216404121837,101659.87924194285,0.6005620365943195,17,7,3.142545666144585,48.05952983271891,100.0,51.94047016718109,0.9977661593335535,0.17127709354368367,6524.807930877566,7098.943714353251,True
809,302.0990781905005,141178.51639551145,0.570024943566772,19,8,1.2715834918746156,46.69186539469911,100.0,53.30813460520089,0.9800037374734311,0.10193844019631977,3686.0823106778453,4610.009710368966,True
810,301.3282530951047,124183.76676380202,0.33456829745397565,17,5,1.953732163598963,48.55551778107949,100.0,51.44448221882051,0.6500197274821424,0.0003488130208509503,4888.161683233363,5967.448281866551,True
811,311.12889335036624,141225.16663853047,0.6995114327644528,26,9,4.064702083606769,53.64048621089873,0,0,0,0,0,0,False
812,292.86321671228114,132202.90576695025,0.5130452808772008,19,9,4.988712039863236,57.52897660284354,100.0,42.47102339705646,0.9996979154488272,0.1537705393159581,7709.722231454215,8784.97647480825,True
813,315.48025166269116,117253.32482401966,0.3539095637731683,27,8,4.7266109732220825,46.117113155923946,0,0,0,0,0,0,False
814,291.23370582030594,120470.96290966547,0.5728593716470132,15,6,2.679657455455184,48.202189523933754,100.0,51.797810475966244,0.9937772987280706,0.12054433294277357,5784.78751804161,6846.544301462705,True
815,329.17623869079915,134521.25292149844,0.46418061187917253,15,8,1.7719302785984554,55.70500818440767,100.0,44.29499181549233,0.9666290036335146,0.06463974983793289,3747.9339714722805,4368.285692443827,True
816,325.39263337400683,147381.4234813364,0.4290064438344321,24,6,1.7038176343528602,59.08576481450778,0,0,0,0,0,0,False
817,347.91820607791425,114494.97537472096,0.3998545965970217,17,7,4.818783845248841,46.56331944604381,100.0,53.43668055385619,0.7480485143972494,0.00026329358470824694,9866.04498366993,10233.942255809392,True
818,328.63759900727223,143354.5495821573,0.46026942626586986,23,7,1.605373005414099,47.75523666603985,0,0,0,0,0,0,False
819,335.094999315014,124226.01581361913,0.4894664343260413,17,9,1.7232954369541238,57.64932092760205,100.0,42.35067907229796,0.9870508366867683,0.12393309667168581,3505.4949382065674,4017.1316847396083,True
820,301.09551752896704,125970.49195542603,0.5423769009057738,15,5,1.639183160625651,59.228681761040335,100.0,40.77131823885966,0.9688141036284323,0.2488296135441372,3283.0889640633063,4216.73022682694,True
821,301.6303057120748,120235.59220970125,0.6745133829966743,23,9,2.0825287996331956,57.342905371164534,0,0,0,0,0,0,False
822,296.67308345126054,111747.51256310506,0.48132489709677906,19,7,2.5589141695176343,41.80296998167409,100.0,58.1970300182259,0.8269118986002113,0.00020881494182858467,6489.6058612300285,7542.314707821288,True
823,335.82736425693906,112884.76184490969,0.3702217908099187,29,6,1.7219439113723258,48.91298497063821,0,0,0,0,0,0,False
824,301.68360737072214,134865.19086594833,0.5638774851251765,20,12,1.952939639085184,52.09748349830438,100.0,47.90251650159562,0.9992693286051187,0.16354520737204373,4288.109628682121,5214.55634894033,True
825,312.1853775366877,107304.63337379729,0.3113880706135605,29,13,3.326061797716866,47.61058721267536,0,0,0,0,0,0,False
826,307.4033138094792,103392.51497458619,0.4434750549335705,21,9,4.105695989840215,46.09810447759601,0,0,0,0,0,0,False
827,334.6132280677199,136706.5653518754,0.6179433184167353,15,10,3.2246134554333823,54.92826711984725,100.0,45.07173288005275,0.9996150943677029,0.30476038539164085,5771.804234940468,6200.692217545908,True
828,344.14351781955156,145328.95400299487,0.5618340814409011,23,5,2.3393756416045126,40.54556683187837,0,0,0,0,0,0,False
829,304.7631275771512,144068.31054354383,0.43229286825630164,20,13,2.773361129080861,41.557040532136064,100.0,58.44295946776394,0.7371818905799056,0.0035129105097132505,7008.706356015825,7976.685149867165,True
830,336.182451215913,138950.47300724086,0.3374463254993333,16,6,2.133199959241412,43.17740405421955,100.0,56.82259594568045,0.5933868750001099,0.000622178056757173,5767.44751804855,6336.523088192565,True
831,323.6820964650226,134110.3476954591,0.5237989913089571,15,13,2.498728534715278,46.804842389901694,100.0,53.19515760999831,0.8651843248763418,0.13579094143060505,5792.90674986658,6435.760348458846,True
832,295.43298857272646,139934.4793284789,0.43946533981789604,16,6,3.006162666082873,51.35977384433826,100.0,48.64022615556174,0.9019452531737887,0.0014849697203237562,6024.413704173945,7132.75619204902,True
833,331.39192327091934,145004.8559101548,0.5398678680956255,17,9,1.8185629658462696,46.36310897035003,100.0,53.636891029549965,0.9842841020862014,0.025749383280724746,4597.703830010593,5150.4035689218745,True
834,311.73026318289413,114067.53521585182,0.6336790104183397,26,9,4.591454580429172,57.57978411037345,0,0,0,0,0,0,False
835,348.33943910457066,143732.8665869981,0.45271699449339203,16,10,4.301553967659763,50.670672600204426,100.0,49.32932739969557,0.9103356944309221,0.007215653186532771,8072.5355374297915,8420.210268453913,True
836,290.1601161762792,111052.81953314197,0.3023341330983625,29,5,2.7578634524734387,55.80745982594922,0,0,0,0,0,0,False
837,317.38933318755267,107203.93945196513,0.40724023805500115,18,12,4.898482738203678,59.305638722890016,0,0,0,0,0,0,False
838,305.9534905024931,114727.94429836333,0.5021522648481187,21,6,2.011470135965383,43.58762089994613,0,0,0,0,0,0,False
839,315.3145358184519,131943.39083543586,0.6478267802995652,19,9,1.7793063087590337,46.490088381998405,100.0,53.509911617901594,0.9973973235511049,0.24547470020605264,4510.241891201952,5196.297438663506,True
840,302.38548064820907,135741.9553675601,0.556279919724956,28,6,3.0088675555073627,42.49962639786394,0,0,0,0,0,0,False
841,346.3817982516466,116997.66715026864,0.45823752822736324,21,5,4.768939244167236,43.02040828350891,0,0,0,0,0,0,False
842,294.45772397508637,111589.64545470706,0.5626682419873206,15,12,1.2714125877464149,44.98669132729876,100.0,55.01330867260125,0.8849541277962322,0.16855144191266172,3875.469657463289,4885.972080564159,True
843,325.4669096362401,109447.05813421188,0.3388486034096413,24,6,4.640908488279573,46.69747580502515,0,0,0,0,0,0,False
844,315.53217080185067,144303.9996446131,0.4920315645677348,26,8,2.8890223570543174,46.372885691396505,0,0,0,0,0,0,False
845,333.1830982673184,132387.66430640963,0.5562289009607074,21,7,4.846787073861693,55.528800159179326,0,0,0,0,0,0,False
846,294.95255840180624,103889.89696623558,0.4537838189860082,18,5,1.4385651728095,41.48538393130177,100.0,58.51461606859823,0.7752771444819048,0.0003236491894822792,4508.696810964669,5597.816190976854,True
847,332.1146425070712,135542.49079879237,0.39374557003919014,19,12,2.116887838012264,47.03514057506566,100.0,52.964859424834344,0.7372530781825029,0.00693272326482073,5246.643600125679,5853.619779614435,True
848,308.7412131472733,104802.11251566451,0.3578735800949621,21,11,3.781122280018309,46.60517570382819,0,0,0,0,0,0,False
849,348.33074883093815,129047.60456169177,0.32428227737685633,26,10,1.3526416547523807,53.481864556883444,0,0,0,0,0,0,False
850,340.97512873314304,143216.65050605047,0.677157933368693,25,9,2.750003267000066,41.70441677560396,0,0,0,0,0,0,False
851,341.33268879837703,142957.33132254507,0.39848644939129996,22,8,3.903852869340338,43.97717760650453,0,0,0,0,0,0,False
852,339.53492733669344,126411.15277703443,0.5127716478592566,19,6,1.7862795249353831,54.87769978545626,100.0,45.12230021444374,0.9754157482223133,0.13237680871023721,3830.6923590447154,4262.441837122926,True
853,323.4719123493984,115281.27982257081,0.46670681460012325,15,13,4.296327259484497,47.28846314083165,100.0,52.711536859068346,0.8204404867383844,0.07239311180313826,8756.953175662551,9441.740901350056,True
854,338.2087900143874,115648.78485771538,0.31423538569563275,17,10,1.5288612535608588,47.16962449788949,100.0,52.83037550201051,0.5883004792108883,0.007280584500466441,4330.5338167655245,4883.981516235188,True
855,304.6611386179127,126085.59734400765,0.6173098206678087,28,7,2.528933906391239,59.36744047202771,0,0,0,0,0,0,False
856,326.7338667766271,136363.74113387486,0.34534466874354036,20,9,1.4403307171733493,58.29764399100052,100.0,41.70235600889947,0.8156721816779324,0.008905651249652915,3194.6778924191535,3920.50590024632,True
857,314.04137005803585,105561.20497095557,0.5564553804607995,16,9,1.7836621855003458,54.77893301729222,100.0,45.22106698260779,0.9946306555392029,0.19473432246501676,3819.8481169808,4580.7845998487755,True
858,339.34844261393357,116871.27848391575,0.6668589423686841,23,13,4.1354066708253105,49.39687334591025,0,0,0,0,0,0,False
859,314.8906267407706,125031.05769330889,0.37292962989562145,20,7,1.6334146034214476,56.285895493563416,100.0,43.71410450633658,0.8504837866248888,0.0020464310931924204,3592.3779486195585,4475.177583168879,True
860,320.8595252628822,122862.3456817466,0.5240487544351888,23,5,3.8330085560370186,57.235480920627,0,0,0,0,0,0,False
861,316.5895718040908,137755.95827073933,0.5321119761985527,17,9,2.911948760944021,55.309261297238386,100.0,44.69073870266161,0.9988379212052397,0.15499065921041116,5300.347467027118,6046.3191038630575,True
862,319.2769803187157,139676.90752247153,0.4415974670718706,26,9,1.4064357501181513,58.216118317373244,0,0,0,0,0,0,False
863,293.45603199923494,109097.41009617338,0.408787262716204,22,9,1.5400820193860425,53.577891611001085,0,0,0,0,0,0,False
864,306.3696182981476,128662.99705313896,0.4027608086547933,15,5,4.424479107332672,59.7501288127209,0,0,0,0,0,0,False
865,299.28721359883673,123683.909859312,0.4669303194218569,23,6,3.686803084755552,40.86525832115283,0,0,0,0,0,0,False
866,302.9315320735426,114845.1997888562,0.5909965640831134,24,10,2.2751636382523035,42.175484473670295,0,0,0,0,0,0,False
867,302.838021835724,126167.28840308229,0.5309174450499281,17,11,1.850465958016335,40.05983372623186,100.0,59.94016627366815,0.8738310307951219,0.017826275409108354,5309.750233274808,6249.095441018855,True
868,318.8455439504942,107866.64064994914,0.6809935873531792,15,11,4.596143239579877,54.51454057110118,100.0,45.48545942879881,0.9999335094336514,0.4148788150077506,7715.280160687463,8321.388202389644,True
869,320.073897961788,148334.6930892157,0.47139902446196336,18,8,2.004949138519489,53.62970777166719,100.0,46.370292228232806,0.9870707302922778,0.025513525976839604,4235.15561945027,4990.232378002986,True
870,320.1718245334282,124335.59491485657,0.3274910318068956,29,9,2.8706683038038125,50.35105625474409,0,0,0,0,0,0,False
871,340.2952323463709,128879.05839201491,0.44964832733760896,18,5,3.697385879655518,48.89423051488672,100.0,51.105769485013276,0.8797035190026419,0.00015656503057317778,7452.532285236257,7920.78380719788,True
872,304.6960530589094,139877.12731867508,0.4093621980511007,29,9,4.037788765830169,41.56923761048225,0,0,0,0,0,0,False
873,325.2763570833517,140100.81698237915,0.6699037863672835,18,12,3.0903303029410356,47.369649636281906,100.0,52.6303503636181,0.9999235273066092,0.30323334715092437,6525.081092374973,7058.691389108279,True
874,307.02683262308193,143598.44472466037,0.6893464201899836,29,11,3.7550074484201126,50.186046833954734,0,0,0,0,0,0,False
875,312.88090331492987,116475.79586542716,0.322597770442374,17,7,4.159160110168887,49.62934200563239,100.0,50.37065799426762,0.6401724817918553,0.0002797387918140109,8370.317859836387,9296.301745143546,True
876,331.75957878075957,123695.62931998362,0.6074017249343023,20,10,2.055638930910338,42.8237373562214,100.0,57.1762626436786,0.9987129305101471,0.08493906068223804,5296.91779964601,5798.383868595272,True
877,297.3477065505126,144425.15796311645,0.4392604492989292,23,6,3.1541696962779824,49.18918608210648,0,0,0,0,0,0,False
878,330.76880756167077,142550.13006110617,0.3109025291941859,20,13,1.4953015671843641,53.32729442016928,100.0,46.67270557973072,0.6518199698308281,0.01252788651324277,3745.58777950292,4418.7724856764935,True
879,294.99039904165767,117525.47944310238,0.6603308155811105,16,6,4.647756955347798,45.54628683253576,100.0,54.453713167364235,0.9984318480448231,0.25610769764906305,9324.711403563502,10267.628027420844,True
880,294.113097265059,133019.3055869073,0.5223745295215536,21,7,3.850749241544328,41.70161031052805,0,0,0,0,0,0,False
881,335.716608896835,124595.1998275176,0.6678846802052627,29,11,2.364690121142808,51.47638904142207,0,0,0,0,0,0,False
882,301.34582642182704,117476.69399803034,0.4179395115704828,29,9,3.5912016736117645,53.17105048101215,0,0,0,0,0,0,False
883,302.4745482391321,120486.68201295513,0.5821374179252728,26,9,2.1443776794467584,45.07021360212309,0,0,0,0,0,0,False
884,327.6775773276504,140775.1152633375,0.39824617961654957,28,12,2.8296869566350873,41.62133213831114,0,0,0,0,0,0,False
885,292.8194214932771,109917.40839627622,0.3357143043394939,19,5,4.3706874431400236,43.47837379178291,100.0,56.52162620811708,0.5939483175490338,1.1849715442963617e-05,9833.09896461698,11021.03998528354,True
886,291.5590909514629,145820.7773482377,0.4987002535414139,18,5,2.3028486382835065,56.41511111852818,100.0,43.58488888137182,0.9799038255769102,0.12694195449219142,4382.042331765076,5486.179765441362,True
887,310.79475742190743,146736.46412125265,0.4914317288526313,21,6,1.3786493691154917,46.49915574255889,0,0,0,0,0,0,False
888,317.846002329331,115917.5865372005,0.6340762260441646,15,6,3.245026956085856,55.56151792369724,100.0,44.43848207620276,0.9963094253416236,0.34435968017691065,5722.30552023256,6371.7347959781055,True
889,326.28812198968427,130251.23184451126,0.6320591024377351,26,13,3.291623922740458,52.30533937748652,0,0,0,0,0,0,False
890,326.3021426748554,104053.60906844157,0.4108428190722724,24,5,4.262090003849666,52.1250886381958,0,0,0,0,0,0,False
891,328.35763660428654,126664.95955600742,0.41656398588086496,20,9,4.740810453227601,57.4373390049089,100.0,42.5626609949911,0.9780951311214976,0.0005171536931686588,7369.414509157289,8037.521363588678,True
892,300.5465262994192,144277.247368817,0.6886540501499155,15,13,4.040710537330748,43.59589868689883,100.0,56.40410131300116,0.9998736901717424,0.2859895481287993,8617.840096242111,9470.428604348172,True
893,323.66876706402763,125846.92073274744,0.6370437249204634,20,10,3.740218522576524,48.8383676071134,100.0,51.1616323927866,0.9998299643644729,0.25700027643390067,7350.939633347989,7928.346022454674,True
894,349.3578105024004,146534.4935420893,0.5178529582367523,20,8,4.853154798022934,59.84129964166192,100.0,40.158700358238086,0.9992393876893464,0.1947851156674418,7125.665943109634,7400.9524258106285,True
895,339.7405476035969,140039.870510157,0.5977462674164107,22,6,4.718488658630745,49.606091923633784,0,0,0,0,0,0,False
896,330.5543105061073,108736.24274787982,0.41188929209442404,22,12,1.2213332738474973,44.2757485648919,0,0,0,0,0,0,False
897,292.2095671040279,101939.65724831463,0.5926757266697531,19,7,1.2417503446622504,44.301701901256436,100.0,55.69829809864356,0.9784360422128123,0.10768834314354207,3802.0280449666748,4838.487916835094,True
898,300.18783717817695,128364.35547291795,0.49808202409601443,21,8,1.458975118126069,44.73549242186292,0,0,0,0,0,0,False
899,345.791324267263,124578.98495111184,0.4223745397990443,25,10,4.572368407734094,51.19995919333432,0,0,0,0,0,0,False
900,292.5416849601163,139688.37371312495,0.5651930707975682,28,13,2.367847780024322,57.55018961270833,0,0,0,0,0,0,False
901,329.3803241999979,136375.47571628104,0.3825809477085775,17,8,4.542115437469039,57.45496703518456,100.0,42.54503296471544,0.8974383864331993,0.00133791567545864,7295.948395215034,7968.471700461024,True
902,298.13210746122473,140240.8295011635,0.3388962080424467,26,9,1.6591474939182236,56.578970729982956,0,0,0,0,0,0,False
903,291.8139990189595,130815.43567222463,0.3832770779692316,24,12,1.7135059251869775,54.4261753564478,0,0,0,0,0,0,False
904,336.12697278722806,102963.46859488687,0.677815266953226,22,13,1.3352530366344026,47.37453979684795,0,0,0,0,0,0,False
905,322.20832524117924,100171.12452853766,0.4152351972096267,22,6,2.41802463964477,52.39525218868002,0,0,0,0,0,0,False
906,291.45596887869675,132794.04364573705,0.37050692118142226,15,9,3.8495420900338955,42.74025287742485,100.0,57.25974712247514,0.6443964193290884,0.003573385001860695,8939.24436287227,10122.467228422625,True
907,318.0401391218494,145124.09842173127,0.5942749904400542,27,6,3.3159881783077774,55.69835663953532,0,0,0,0,0,0,False
908,323.504178423161,134490.23129528394,0.5979429466454981,27,9,3.269075099301906,46.1039937957827,0,0,0,0,0,0,False
909,301.5900794762079,134798.0013463424,0.3053122749494574,23,5,3.5080990932654306,54.107946928113506,0,0,0,0,0,0,False
910,344.51425905664473,139408.84820122598,0.41924241282396396,20,8,4.974181633345348,55.57996410908067,100.0,44.42003589081933,0.9435893512588743,0.00019283192033523123,8138.497180768908,8568.382217725113,True
911,308.95043639762287,126314.46326910105,0.4244400654864579,24,8,4.938913787739379,57.87742475460062,0,0,0,0,0,0,False
912,300.8518417350199,137781.121661565,0.5819939377693426,28,9,3.5454557163894407,46.74339150311944,0,0,0,0,0,0,False
913,347.6592223931868,113234.1928128907,0.3417451724618565,25,8,3.664244708618156,50.02337877304177,0,0,0,0,0,0,False
914,312.8378296354305,133578.07866498103,0.3682477946238615,22,12,3.5280798257398818,54.00168734271677,0,0,0,0,0,0,False
915,305.54438326078144,130098.03789113149,0.6155807521167936,27,7,1.6167084639346796,54.17440397457995,0,0,0,0,0,0,False
916,317.67066194395574,137918.10542725865,0.5573580343178006,28,8,2.9653994926429394,43.55253386656991,0,0,0,0,0,0,False
917,324.65763238438853,127989.82243689187,0.4489429164449176,18,13,4.784869136026192,41.02228832823609,100.0,58.97771167166391,0.7564322561658724,0.006870954238618475,10811.860206827032,11492.52126001531,True
918,333.1971149747929,148321.43775946184,0.5481419509932679,25,13,4.74257755623624,52.7471668620783,0,0,0,0,0,0,False
919,297.36949113676616,118770.87547351987,0.4880241582220183,20,7,2.280763325952285,40.21045906176239,100.0,59.789540938137606,0.8161572872535907,0.0001198148403265952,6157.19825666188,7194.305934026085,True
920,335.88554883494953,148984.25144683727,0.3617995155705679,23,9,2.455911040036016,54.77334325188096,0,0,0,0,0,0,False
921,319.0785643616604,137686.5872052622,0.32693616457756425,20,12,3.5229093107748497,59.257423819619476,100.0,40.74257618028052,0.7979050355778915,0.0031185170488383855,5801.646424399612,6650.63745754919,True
922,342.26189905300043,127057.75471442958,0.4426859337881463,27,12,3.802390987913239,53.66936419968634,0,0,0,0,0,0,False
923,340.22411535266997,142722.8060091,0.45788909157856567,16,13,2.785893769530448,46.04379762190035,100.0,53.95620237799965,0.7993026386046211,0.0578004635393434,6429.781838941262,6875.979734133614,True
924,320.52672228720843,102129.89643936856,0.637561257352509,24,10,1.2853891123706034,56.18095419199693,0,0,0,0,0,0,False
925,331.1843150737302,106321.54404030899,0.507587886670116,20,12,2.98614736628612,54.25587614664569,100.0,45.74412385325431,0.9997942274480782,0.09259433504213992,5527.034209365146,6091.8731751807,True
926,291.6257798782365,114557.38862597769,0.6468307921273977,28,10,1.7772314861891287,51.571568291455165,0,0,0,0,0,0,False
927,322.6403092300261,112471.44140290855,0.39103689052617685,27,10,2.221310374950188,53.27566284287649,0,0,0,0,0,0,False
928,303.7983729809474,111735.37600519827,0.5832020471084443,16,7,1.3503375813283918,53.22589396590542,100.0,46.77410603399457,0.9800783719496362,0.23443422432196118,3346.3516173503303,4222.655375978472,True
929,341.286521028667,109590.47781184629,0.4198808396862972,21,12,2.693388634572024,54.49537919125197,0,0,0,0,0,0,False
930,297.92544992761253,112571.57571681472,0.6578289630524822,17,8,2.5851190188529998,48.76570616332901,100.0,51.234293836570984,0.9986243295910779,0.29978223236071666,5569.011134164778,6471.900285891665,True
931,328.8773885608023,147782.95095586937,0.3765805255417288,19,8,2.827949675943241,51.42637391194153,100.0,48.57362608795846,0.774696776600002,0.0005495830468258475,5875.685403418841,6546.757314488757,True
932,322.7612185019234,116412.77356293883,0.6736397671995844,15,6,1.902471580116559,40.42135287764265,100.0,59.57864712225735,0.9922950541992459,0.20396039942694374,5250.076371655307,5825.052495104741,True
933,336.845700742807,138194.35512113918,0.511784561810394,17,10,4.113773062123063,52.94440601317528,100.0,47.05559398672472,0.9996480656446233,0.0781706098387187,7294.0710633666795,7776.808233444735,True
934,292.48161708555295,110170.09651828856,0.5910587780078003,17,10,2.152013722283555,44.29694833205669,100.0,55.70305166784332,0.9983954237605751,0.07881752751550804,5323.563377119846,6363.869859041918,True
935,315.99909169877014,100941.57943283644,0.6639845350311163,17,6,3.0880390637137403,59.23515262661919,100.0,40.76484737328081,0.9963602163253642,0.4352480449202873,5055.073422532974,5706.154211744607,True
936,336.666419880437,111682.36390755801,0.42963543362551204,19,11,1.3397258743903064,47.513455286117534,100.0,52.486544713782465,0.8064138261434303,0.013422962016874379,3860.9588833102316,4384.713195689243,True
937,312.9005444268078,140475.20106362965,0.31359808078106594,28,11,2.8924372401191683,44.894354830843774,0,0,0,0,0,0,False
938,316.96757087029266,149728.28070465018,0.43334388994833967,17,5,3.2110205240881458,48.54840165186138,100.0,51.451598348038615,0.8419693895776243,0.0002896823392905617,6771.260203383132,7582.973425561777,True
939,335.33307778773815,138375.54467014666,0.6593976674340468,21,9,4.8780080704467865,43.94637911376646,0,0,0,0,0,0,False
940,294.8034479327531,139980.45315065156,0.6098325814301083,22,9,4.164667338972768,53.166597404796136,0,0,0,0,0,0,False
941,342.24428963747096,139591.0805317923,0.6749142618831568,26,13,4.208956090862666,41.7208303371523,0,0,0,0,0,0,False
942,332.33618400813464,125373.91164245564,0.5585215248396596,25,7,4.426234915184445,53.63653149787914,0,0,0,0,0,0,False
943,293.8804177916077,135148.4714111499,0.514829316566047,28,6,1.9663071284475928,55.60105026310788,0,0,0,0,0,0,False
944,333.81583690495745,115702.3876238657,0.5513962977137032,24,6,4.793417336497221,57.3217390592708,0,0,0,0,0,0,False
945,318.52409581360934,112032.30219165092,0.35697600118198836,25,5,2.2169968914302327,40.55884612342734,0,0,0,0,0,0,False
946,298.738685902667,103228.53877907459,0.410721261437908,19,8,2.958349635227308,56.860641321130075,100.0,43.13935867876992,0.9502885402298473,0.001372498908801275,5229.870861340708,6319.917821102976,True
947,337.33607754174307,115973.69745698832,0.4833556608657248,20,6,2.670011141984138,53.190659541867205,100.0,46.80934045803279,0.9891994950912053,0.03820267212567147,5219.0924964351725,5716.851205330264,True
948,298.703654079617,112342.93503873031,0.6163634963034905,19,5,1.8314859783614392,41.2759658096718,100.0,58.724034190228195,0.9839998719851097,0.0933314354355899,5057.153968943549,5997.195250881723,True
949,349.4774278428776,103161.00074889057,0.35334283847350256,15,12,3.7347405230464927,58.731634616649345,100.0,41.26836538325065,0.790211144585487,0.04637197124699353,6159.377687583628,6528.100318229194,True
950,312.478911058072,133174.75435182464,0.48709911364037994,26,6,4.747176923998209,44.63899180843073,0,0,0,0,0,0,False
951,297.0416459926447,139734.08425599162,0.4080860458798042,20,10,4.6733374861740495,49.619258498758796,100.0,50.3807415011412,0.8096920758354457,0.00031796610890581886,8981.548421089372,10080.979994804722,True
952,296.7815305099672,128562.03978741953,0.42750346078009144,21,7,4.632689903540671,55.483811635069124,0,0,0,0,0,0,False
953,341.39292584572706,105206.2898522603,0.4078354449979606,28,10,4.394351032825472,46.70524358470588,0,0,0,0,0,0,False
954,348.7938544543299,101771.9861692777,0.47022508712217914,29,5,4.006898997195654,56.64912358675965,0,0,0,0,0,0,False
955,334.74698206696496,106839.05435524094,0.44510786602556696,22,5,4.751750299728326,49.97574307906514,0,0,0,0,0,0,False
956,344.149170246157,107439.39669122611,0.5706632935538687,16,10,3.6311678168720825,55.01489302662715,100.0,44.98510697327284,0.999667729263089,0.21987092052811535,6315.0194288563425,6639.1364751503725,True
957,313.93438012010506,136432.3377239209,0.6278860988653808,20,8,2.996537354271865,58.267875564473684,100.0,41.732124435426314,0.9987451187179458,0.3622726640368961,5056.577990128986,5760.262449962573,True
958,310.3965638743353,128608.93440377688,0.6849584797396302,15,7,3.2965743422753473,59.01316224156798,100.0,40.986837758332015,0.9984719671940975,0.4672117463917507,5339.429099118038,6051.718590306948,True
959,315.8811107236892,148569.65406319837,0.6331371878201977,29,11,4.90027999787954,40.03024658613901,0,0,0,0,0,0,False
960,301.4342330091543,107476.78429852886,0.6193684005236686,21,6,3.797964452340765,52.73867888958272,0,0,0,0,0,0,False
961,334.36270809896536,134996.02896626468,0.6841720220785245,17,12,1.5686492273070942,52.02032592281659,100.0,47.97967407708341,0.9988250163945998,0.3939597763907333,3736.430641219243,4129.252511247415,True
962,290.4487505602775,114836.33440250767,0.34862034168154366,22,10,4.778292870386638,42.783714814195356,0,0,0,0,0,0,False
963,332.6377542013628,128473.90703442806,0.5963214167064115,18,8,3.01390616942306,57.95288111359835,100.0,42.04711888630165,0.9985017617970665,0.3045234792807431,5117.156695988275,5584.667788687237,True
964,324.18982909959766,118040.66795415693,0.6108198147285936,27,13,4.0580832599756524,52.34798373585991,0,0,0,0,0,0,False
965,321.6555692312925,137415.82817724076,0.5253731829200634,22,6,3.576787073517206,43.414249621208945,0,0,0,0,0,0,False
966,348.9645423931664,143938.31653947284,0.6946249354461362,26,8,3.0373169558755038,59.80526927420693,0,0,0,0,0,0,False
967,295.63491291560445,139778.71954027645,0.58969170874892,24,13,2.5811581449483816,59.96879671100274,0,0,0,0,0,0,False
968,345.36136836206646,105632.82873240263,0.5288291554730874,15,5,3.003331170404871,50.2259686395853,100.0,49.7740313603147,0.9870539074838885,0.07472756537925869,6056.452029214341,6404.020465485315,True
969,296.3418476893283,139714.86831181383,0.624232426004625,18,12,3.3687317755190236,56.61512412951441,100.0,43.384875870385585,0.999929289263655,0.33633133582157554,5744.926160511948,6683.923348291632,True
970,293.80922763461103,107925.76337567923,0.41341941374485636,24,13,3.739500838591761,45.30089024492578,0,0,0,0,0,0,False
971,319.88068287228407,131555.90680307217,0.6356529300289169,18,12,4.6830125210143985,43.872938840886995,100.0,56.12706115901301,0.9999686997576173,0.1695660074482252,9668.028869145475,10307.759120250907,True
972,323.53084789227375,120897.41418432024,0.5721548439003032,19,5,1.3678639649418738,54.4631508637337,100.0,45.536849136166296,0.9614483879083163,0.24666549835367327,3294.8636888051756,3907.1912309982545,True
973,326.60332062461174,111128.64409781234,0.5833645701009436,24,7,4.71678657128097,45.11810875780844,0,0,0,0,0,0,False
974,315.3293711758398,102321.35004768695,0.3633196254976898,21,10,2.373932223295325,51.65173162111057,0,0,0,0,0,0,False
975,296.92954960593937,125183.21856322477,0.646990983059154,24,11,3.0838397731797293,59.07557455946422,0,0,0,0,0,0,False
976,332.0535328298199,111839.9788338523,0.49624539145544877,15,8,1.282112843178955,54.690569866792515,100.0,45.30943013310748,0.9453088232792634,0.12421112378455827,3170.029861353549,3718.582272206345,True
977,292.36815076562317,137114.8268520663,0.49265481010284173,18,10,2.0677658496218903,48.66303232766556,100.0,51.33696767223444,0.9509647203729534,0.0091655012720659,4822.767523227918,5937.765111946372,True
978,313.45332159777587,120339.1305215208,0.6410574431746511,26,10,1.38014500291164,58.775844408561824,0,0,0,0,0,0,False
979,341.18941570471145,110964.25588719288,0.4809029498165129,23,13,2.988482425668061,58.18935201261968,0,0,0,0,0,0,False
980,338.3874454303595,102684.27554347068,0.4801326242517161,24,7,4.88398424547861,53.358220353654986,0,0,0,0,0,0,False
981,295.19996965148016,102231.15477217636,0.48246484492264485,29,9,2.101807270350891,45.03382154780564,0,0,0,0,0,0,False
982,339.15280535708587,143249.3998182845,0.33993505013913133,16,8,4.928040817247553,50.23297151730772,100.0,49.76702848259227,0.6821321421321487,0.0009125603460009735,9450.046026745882,9982.279651808549,True
983,327.55963862870595,139606.22019374996,0.3494143562989736,26,8,1.5986256007433484,49.49676675500728,0,0,0,0,0,0,False
984,346.4596325131306,123281.32661376474,0.4634839188177921,22,13,2.1250447364266334,58.05420863760027,0,0,0,0,0,0,False
985,316.27177866313343,117347.78189516094,0.3847703778192402,25,8,2.4890905305466657,52.8250496794888,0,0,0,0,0,0,False
986,316.0827462246187,106178.35758771827,0.6562566721330668,20,12,2.2843659072231057,46.378697300526866,100.0,53.62130269937314,0.9997870896826747,0.25907950903709986,5338.1777329582965,6008.255316882952,True
987,329.6132416111781,125313.31707565364,0.3387533145950794,15,13,2.6132174564907285,56.56742220831226,100.0,43.43257779158774,0.6670249360746171,0.0867062904228541,5037.029253916598,5699.563485575146,True
988,293.4321890938978,131292.69640943184,0.6956105589001029,17,10,4.995584605822313,50.34319916429337,100.0,49.656800835606624,0.9999314975271473,0.39543888346837347,9024.035217226467,9953.660922754621,True
989,313.58898748448325,137007.18066633362,0.5097041424426456,27,9,4.38573598424174,42.78929919396401,0,0,0,0,0,0,False
990,303.9218759673096,116137.13057897233,0.5790534775958491,22,11,3.04261578958962,53.33655774675222,0,0,0,0,0,0,False
991,338.02979283487485,109556.44307208298,0.3268609910437433,20,5,1.4730297085605364,42.877108105827666,100.0,57.12289189407233,0.572160394686642,6.193728540801649e-05,4587.508577832411,5133.980396096564,True
992,324.88563723986755,128113.18664789041,0.6967751590034901,22,12,1.5442770474255507,51.340156700054116,0,0,0,0,0,0,False
993,314.6316620834327,144461.23460444712,0.3342733086329629,28,6,4.170934269751843,43.576227859765226,0,0,0,0,0,0,False
994,293.56348486522916,144317.76315189892,0.373223093833021,21,12,4.14668339949435,47.027051298995666,0,0,0,0,0,0,False
995,322.66395127582695,119215.17664936242,0.5761102260948434,22,11,4.6174010322525,54.66842764420154,0,0,0,0,0,0,False
996,325.2232446848853,142408.78012142316,0.34101070693119145,20,12,3.4790688103190615,45.97055412307061,100.0,54.029445876829385,0.630162441920731,0.0011696070721032466,7804.641158060732,8537.811865124404,True
997,302.4970486298094,109208.97525760048,0.3448746590899122,17,8,1.9079390806244194,42.21248154075071,100.0,57.7875184591493,0.5959453700083143,0.0011673052604073235,5442.054558052719,6491.127719206645,True
998,338.4998873188022,122824.48161610926,0.5345505699365065,18,5,4.931997057347351,41.34941442173404,100.0,58.65058557816597,0.9113840004440119,6.797621165747128e-05,10737.127842258096,11185.01359297385,True
999,314.0739596744775,124773.64962157245,0.609651795110761,23,9,3.837603724441542,56.98409635353963,0,0,0,0,0,0,False
1000,305.3692530610048,133870.9132061899,0.38744484267358326,21,5,2.818596075198875,50.19455679283063,0,0,0,0,0,0,False
1001,339.45833540569663,129905.68381403571,0.4412822431324057,18,5,3.400629955343672,42.850114142775155,100.0,57.14988585712485,0.7720964565755561,7.20728616495445e-05,7950.577935096602,8423.181454005897,True
1002,304.03970148008574,134514.89032683097,0.5044566918638116,22,12,3.1396887422057684,53.427588092656194,0,0,0,0,0,0,False
1003,307.66823768263083,104273.90872899778,0.5074799011121809,26,9,1.428165124160713,40.06204156053268,0,0,0,0,0,0,False
1004,326.33997094386456,114316.87732454108,0.3567124342839833,18,11,1.6609349052177291,46.8459826969623,100.0,53.15401730293769,0.6641719323645688,0.007852815933235046,4541.5092760803145,5250.2852240739785,True
1005,320.3308004071886,144703.72829536913,0.6760913377855722,19,9,1.3485412181249283,57.4796419210567,100.0,42.5203580788433,0.9937245818666806,0.4411234741700336,3030.8786217550287,3616.781127264141,True
1006,307.6771241039399,103270.82428618766,0.48308635250171544,18,11,3.584358094820037,46.884477734644506,100.0,53.11552226525549,0.9057084569280752,0.004288276038830516,7522.855517496748,8436.552686111885,True
1007,291.4309477749823,106942.18147043492,0.6105269617278566,28,8,1.788111177800321,54.28872100782433,0,0,0,0,0,0,False
1008,304.61420337265713,142207.56869213493,0.37266438546488095,17,11,4.382255520369635,48.649929626340025,100.0,51.35007037355997,0.7218584394073453,0.004089770668754761,8803.571260578272,9815.882453254766,True
1009,296.71934337057127,107807.38707454072,0.40257071924571164,25,5,3.7623951528317834,47.99870523739592,0,0,0,0,0,0,False
1010,333.34046095821856,148445.7526080155,0.4251546323557274,17,9,4.541502202854917,43.87711434105465,100.0,56.12288565884535,0.7567701622364228,0.0009882717196145385,9855.168786059485,10426.4897118942,True
1011,339.4804941507574,111322.98412197651,0.6700168944806303,28,10,1.5143532750415427,54.103569605781374,0,0,0,0,0,0,False
1012,291.56280860615175,107634.24000044816,0.5536974211045419,27,5,2.0723231315401103,45.87559254844046,0,0,0,0,0,0,False
1013,320.3541596509713,112743.69750844353,0.355430713115394,24,7,1.452914146805429,49.25967357869796,0,0,0,0,0,0,False
1014,292.92454103121634,129460.85236287642,0.348742467909188,22,9,2.816705142607443,56.2212715225875,0,0,0,0,0,0,False
1015,327.92735902590084,148181.44415870926,0.43867047573448725,23,9,3.093882362876963,52.45687992306563,0,0,0,0,0,0,False
1016,335.06836066410335,119163.80063089031,0.688226988261125,28,9,3.022266858883178,58.568762668148935,0,0,0,0,0,0,False
1017,290.0627599894436,104037.88067301028,0.6913972208264431,19,6,1.6929851899476709,44.94770680857184,100.0,55.052293191328154,0.9918158765938819,0.32344284377650745,4501.539248458111,5480.995885938964,True
1018,300.4069968630405,120966.3311949792,0.5948154169831059,28,9,1.3323863977228854,57.8732499168605,0,0,0,0,0,0,False
1019,343.0182067407859,106055.9983445305,0.5311194011494579,21,7,4.162464414158596,59.24466932084413,0,0,0,0,0,0,False
1020,296.51475749739404,106460.88611336813,0.40736156600114926,20,13,3.8767865568527533,46.75921317821437,100.0,53.240786821685624,0.7628467993745092,0.0026070452601316273,8219.962343936842,9321.415059437953,True
1021,290.3484419070651,113654.77138574098,0.6441685207693522,23,8,1.20883143747547,52.50724477092863,0,0,0,0,0,0,False
1022,303.22545489630494,142489.52679993855,0.3237280357447536,15,7,3.04045706648299,50.04344060830985,100.0,49.956559391590154,0.6462704122052858,0.0017461120237744967,6496.343117439993,7557.13139072765,True
1023,346.0305525350659,143674.59158896407,0.44119928850480994,25,8,2.732736550126022,58.008673060127684,0,0,0,0,0,0,False
1024,318.66028542287523,124692.75580096962,0.5598598752366282,28,11,4.957606956066582,50.94463179834484,0,0,0,0,0,0,False
1025,344.7781156945703,110311.86048021007,0.6821328608616711,28,11,4.268113465322109,49.33325520793313,0,0,0,0,0,0,False
1026,295.1918946034222,105541.35347935624,0.3372920346726306,24,6,1.2870259646201028,45.916599306623915,0,0,0,0,0,0,False
1027,349.1851034513339,120418.9833442648,0.48730685173347443,16,7,4.156648816786565,43.02634992119825,100.0,56.973650078701745,0.8547198318520532,0.000795990768968387,9161.370983951949,9470.656691061198,True
1028,343.616769301442,138656.959753895,0.5731417299647208,28,8,3.7605570156484003,51.798894313037565,0,0,0,0,0,0,False
1029,316.12593983490257,139167.24261500855,0.42360024366366605,15,12,1.2170405941358204,49.55945867443825,100.0,50.44054132546175,0.730348814145803,0.11139857894866362,3557.6903989661705,4360.568512433433,True
1030,320.57714121147825,114864.08240845455,0.6142889404839058,26,7,1.845132920616392,50.58396154244998,0,0,0,0,0,0,False
1031,344.2792607685393,101257.7174690985,0.6882696770566447,18,11,2.2487447304500163,57.88518400975788,100.0,42.11481599014212,0.999607507202517,0.46175358639443714,4147.357759730889,4392.6022458769685,True
1032,328.7162907927905,142370.57751106226,0.491858532276886,29,11,2.0588310367716494,42.23944667664356,0,0,0,0,0,0,False
1033,301.5270322598123,120587.11459180777,0.45755638516902497,18,10,4.574094840836999,47.04028888050089,100.0,52.95971111939911,0.8628015884243645,0.0013155817103876531,9192.178757190655,10201.828046860031,True
1034,307.0599850869894,148677.30662185064,0.3084218383504954,22,11,4.174375942333939,47.988397592107034,0,0,0,0,0,0,False
1035,315.8449109672484,103317.49659720465,0.5642551692345729,25,6,2.6936955011913497,54.68637376889653,0,0,0,0,0,0,False
1036,312.5835829961254,130882.55825822087,0.6429167160894852,29,8,2.747840374003437,52.22991273087651,0,0,0,0,0,0,False
1037,322.31616060140794,148579.25611684925,0.33545002244097266,19,10,3.4976458391162684,47.36476548570627,100.0,52.635234514193726,0.6367295086603316,0.0006464741260729919,7628.463056575214,8408.76700374341,True
1038,349.5227944884916,145684.5243606606,0.32222850053516255,29,12,1.4901692386575918,51.86304212421661,0,0,0,0,0,0,False
1039,342.24983250803837,114182.22225693794,0.40414218407998714,25,13,1.4128936801439322,40.146583436483155,0,0,0,0,0,0,False
1040,330.56512680173915,118470.39922971242,0.31570905603761823,15,5,3.038059770971863,43.30504032003868,100.0,56.69495967986131,0.5566132440482658,0.00031750988675083113,7447.434779154439,8112.205241949351,True
1041,300.00562677860955,118636.39122082196,0.44917764391319837,20,6,4.214461725621658,57.4143508718704,100.0,42.585649128029594,0.9953875860972461,0.04404345029300449,6737.373811503275,7779.718804681212,True
1042,291.1218800599197,118709.57279943151,0.5699914764362435,26,6,2.0036128545164322,43.410737663018466,0,0,0,0,0,0,False
1043,317.19514190379545,125460.42053887469,0.6146419503422078,19,13,4.626581219200593,48.66551821996552,100.0,51.33448177993448,0.9999841875501638,0.20816233489856004,8754.661017621684,9438.234694327564,True
1044,300.1373215207973,122944.85825914731,0.4488789574784641,22,11,4.530774079542731,49.662041781771286,0,0,0,0,0,0,False
1045,325.5662265713168,147512.4385921287,0.4349479158804506,15,6,2.869156119478869,40.99207635089486,100.0,59.00792364900513,0.7364250361823184,0.0009734868693172445,7256.925212505806,7932.116024952959,True
1046,320.7090348604228,148464.38507530958,0.6074962672745834,16,6,1.441513130261114,59.74135770316517,100.0,40.25864229673482,0.9783910938771075,0.3575570171724132,2993.0109407867058,3614.664670889647,True
1047,332.01286691875066,112765.71581917755,0.3576335910540561,17,7,4.189994776313662,58.06193836362962,100.0,41.938061636270376,0.8515972739339575,0.0008476104967725023,6790.971638631477,7436.183240304562,True
1048,306.6066703645283,124704.18204848633,0.4973313434709684,18,10,3.329239036125454,45.09744748704569,100.0,54.90255251285431,0.9038540598125655,0.002415919780092222,7345.793006932011,8264.16651059218,True
1049,318.0119640410875,106239.79496871383,0.39679145362874446,17,11,2.3155054277962948,52.011037652226356,100.0,47.988962347673635,0.8101833233807183,0.015367549869177958,4999.23980427845,5815.1392255888895,True
1050,345.9001304208675,105514.68085284658,0.6590965871149163,28,13,2.989358931351663,56.302170598369486,0,0,0,0,0,0,False
1051,294.5456853376609,103901.8912289969,0.4207007993355645,20,7,2.501048061200974,56.633919119925054,100.0,43.36608087997495,0.9685030754024382,0.0012574038901469018,4632.705547930345,5773.679615259402,True
1052,343.68439722360773,100787.5495120551,0.35253752764478485,26,8,1.2318494574175691,58.09342179230835,0,0,0,0,0,0,False
1053,314.75589897639964,132823.4935342567,0.42263825941098887,17,13,4.397300520785076,48.193115571092264,100.0,51.806884428807734,0.7989558868204271,0.01809987232753746,8801.870818105494,9644.188318414355,True
1054,321.1124966241853,122770.06350637236,0.4414900809685022,16,7,2.2166846017758433,48.818707080456804,100.0,51.1812929194432,0.8592663082989931,0.0034975674167496387,5129.682480028613,5879.086261393185,True
1055,330.6578171566341,146687.60175548345,0.6888056215804454,16,10,3.0793610492856125,45.1369532294125,100.0,54.8630467704875,0.9997443476161141,0.31086597265401594,6783.9124923038025,7233.068587710283,True
1056,345.3740181334196,109784.30605409006,0.344059435855495,28,9,3.492054726694593,56.700274465206746,0,0,0,0,0,0,False
1057,328.658124632626,143985.7513515444,0.6406354560887917,28,8,4.843299703084686,57.24003268447695,0,0,0,0,0,0,False
1058,291.94293497962076,111380.48102672766,0.4876028113640404,20,7,4.0858139245099805,58.71274540274732,100.0,41.287254597152675,0.99788287529787,0.12875553303243437,6367.369502643187,7475.255946729241,True
1059,290.05096066490484,137542.43877277942,0.37230374456919113,24,6,3.668286379121401,51.93756007032297,0,0,0,0,0,0,False
1060,319.186625715544,114704.7379684406,0.44877704868770674,22,5,2.6397333977879476,53.02846449495247,0,0,0,0,0,0,False
1061,310.8604111627709,101790.00050580545,0.30620505404359744,20,12,3.3143488483817896,57.37750793890701,100.0,42.62249206099299,0.7150481018371692,0.0024994126556567805,5863.192462623582,6837.123194943746,True
1062,307.4952710034112,113117.72605061365,0.5724112367472696,15,11,1.2235440944300071,53.14495197166059,100.0,46.85504802823941,0.9641694488932494,0.22701908873548662,3181.8314726700696,4015.1929891697146,True
1063,332.45898682120867,129193.78180265197,0.5617246293137164,21,11,2.860905012829381,49.57378314457341,0,0,0,0,0,0,False
1064,349.37850880399697,138685.2807756206,0.3003128568659898,22,5,2.425665044165835,48.4724575395817,0,0,0,0,0,0,False
1065,312.1976324308537,138835.5950195935,0.4202138158971433,17,10,3.1163098626677597,46.82740312212873,100.0,53.17259687777126,0.7867466695866275,0.0040146332138474685,6903.353278514189,7783.782888139273,True
1066,347.1659282415383,106212.43356383879,0.47201799745589273,24,6,4.000241221810137,55.94105071800588,0,0,0,0,0,0,False
1067,329.55122297854683,130631.80968068332,0.626441053877997,19,6,3.708804615279271,42.50227602642168,100.0,57.49772397347832,0.9973703979366205,0.12463053996185935,8210.94417783479,8727.434115957105,True
1068,304.87182265221344,100065.53577283167,0.43819715677768006,24,8,4.707369324131598,47.96084703066992,0,0,0,0,0,0,False
1069,338.8474911791998,143779.63113058353,0.6683583836787892,22,13,1.978140497553177,45.58782422173317,0,0,0,0,0,0,False
1070,309.72969967887485,141520.00014024344,0.3020389467283414,15,7,3.226551366984495,49.17503472015857,100.0,50.82496527974142,0.5929765609673039,0.0013400170558122931,6959.1891215776295,7940.300313214371,True
1071,339.44627185765586,117548.21394523956,0.44220147817226585,21,13,3.36519346545432,50.01236129807299,0,0,0,0,0,0,False
1072,327.1228879492599,122987.69576553963,0.605396346312305,16,8,2.3628468153112285,43.1348342970289,100.0,56.865165702871096,0.9972289394930293,0.08882573967126269,5799.605690153904,6366.661021403598,True
1073,333.0391391857221,110896.54464518816,0.4478062875654829,29,6,2.7624039983504787,52.05530069654518,0,0,0,0,0,0,False
1074,316.94225322564535,109300.96692505546,0.560046853791071,17,7,2.2853722399590763,50.82122196714981,100.0,49.17877803275018,0.9942927674963714,0.1398150493131847,4903.235111659619,5630.103184038194,True
1075,302.9974752014572,119654.01779068721,0.4673047677351441,23,5,3.7872309695237147,50.93629559717789,0,0,0,0,0,0,False
1076,347.63191691939437,136337.5753446489,0.47073449731867845,27,13,1.389554321437481,44.9259751939148,0,0,0,0,0,0,False
1077,300.23656302940606,105854.45011061976,0.4696039761441062,29,12,1.5709811470728043,51.959210432833316,0,0,0,0,0,0,False
1078,333.96677549242617,144252.84704344958,0.44954204637212714,18,13,2.485324218387557,47.67315576970481,100.0,52.32684423019518,0.8377511007852195,0.02342871569129343,5703.826836855663,6256.785055106922,True
1079,317.2997436640149,133148.32870505363,0.5116389218360204,17,5,2.900804885503114,49.141782016219075,100.0,50.858217983680916,0.986320183353102,0.020364431760142555,6030.831216803672,6800.474425478567,True
1080,298.15727403438393,101161.72109342887,0.6115355728885288,22,8,2.533379909321561,58.33184814876453,0,0,0,0,0,0,False
1081,336.98019170466415,138802.44483184727,0.32566977761510274,18,6,2.61685211799091,55.30131264417695,100.0,44.698687355723045,0.7279713530957259,0.000500435122145736,5145.081493461011,5724.390747466983,True
1082,329.3072649698152,102119.013590433,0.6005471127282926,23,12,3.4711256838062265,42.611910895943055,0,0,0,0,0,0,False
1083,291.35604492787246,130966.92912111204,0.48655099929942025,21,9,2.688603401558785,45.43640311566645,0,0,0,0,0,0,False
1084,330.2269010475949,109226.3700486138,0.39617494442790313,15,10,3.0295795993820835,56.12016925803135,100.0,43.879830741868645,0.8723941526359433,0.02382293266049262,5496.3889095613185,6141.256948113167,True
1085,331.9627120523145,106140.91532101115,0.5230874480682899,20,8,2.338768349141465,56.68978914950007,100.0,43.310210850399926,0.9958241394402044,0.16190122612900695,4386.857533138107,4920.377967706739,True
1086,345.3986576739547,143348.15891049357,0.3891682582782326,15,7,3.1911086961999358,44.500586196840075,100.0,55.49941380305992,0.6999037025882102,0.0016315638181069777,7432.4283432445845,7839.478545767761,True
1087,319.33682810585515,149731.95716663857,0.3092051131588213,27,10,2.629003139841699,45.71082120713659,0,0,0,0,0,0,False
1088,309.6219275958563,119687.89703136617,0.6081730759860324,18,9,1.6708859828314384,46.860328804342686,100.0,53.13967119555732,0.9957955219217758,0.16860309878583699,4305.79941241687,5099.435774147481,True
1089,306.70697473053764,112628.99199978412,0.6298725482949374,23,5,3.320244369796721,53.94872261385892,0,0,0,0,0,0,False
1090,349.58715938418675,134607.86570856764,0.6422742727415599,27,6,1.41554464425804,52.257659212387594,0,0,0,0,0,0,False
1091,307.25749335043366,119785.95853417125,0.6673743126956506,29,10,4.925387102392678,58.604579524214365,0,0,0,0,0,0,False
1092,330.4529333160309,147682.81550004167,0.5434534695863676,23,7,1.937879102003997,43.07049466998129,0,0,0,0,0,0,False
1093,318.44095250627043,143969.5649132961,0.4918021018671651,27,8,3.7867348914721726,47.05264914914344,0,0,0,0,0,0,False
1094,312.6592194097017,125134.66198563763,0.43434519283807393,26,11,1.8139690263130994,55.876513755802506,0,0,0,0,0,0,False
1095,331.7695858635357,149572.0893919512,0.4777319761093781,16,6,4.186204677657289,44.95775006555299,100.0,55.04224993434701,0.8675348408206588,0.0004986418265535207,8881.32170312622,9455.856104708442,True
1096,297.11427544198744,146507.93322863447,0.4053634019535768,27,12,2.7013509448274755,51.70361711615815,0,0,0,0,0,0,False
1097,305.7721667546427,145612.76304878737,0.33064678387849916,17,10,1.8515261485147967,50.4275919196807,100.0,49.57240808021929,0.6596758257214955,0.007198345178373775,4541.561105310186,5562.271520963099,True
1098,293.14514389652857,102135.68887749407,0.5808818395217901,16,7,1.4805810390318221,52.99179793393353,100.0,47.008202065966465,0.9849929624522412,0.22240204222327056,3545.776356525665,4563.780100812193,True
1099,308.89509171449987,121611.3082157026,0.47299035722625576,21,13,3.34196326604713,41.18449608605026,0,0,0,0,0,0,False
1100,340.50464448929733,134056.5708027954,0.5608124435461856,24,11,3.8472070230470496,46.935118131100296,0,0,0,0,0,0,False
1101,303.40644929126876,141329.37938105292,0.4313856767076409,15,5,2.532197251172171,48.20946499086264,100.0,51.79053500903736,0.8316149869840811,0.0014319559838135514,5727.289074716755,6726.321642684047,True
1102,322.80132479125353,140230.35114277105,0.6101370629423497,19,7,1.7802607968379338,42.41808448587572,100.0,57.58191551402429,0.9920001554557103,0.09174626905618768,4860.782512352867,5483.956976460127,True
1103,319.9693770890714,120525.61732510105,0.6506146635912846,16,6,3.7316287371610306,47.84986367646195,100.0,52.15013632343805,0.9975175279734008,0.2725358232275244,7483.142854613261,8102.162724605012,True
1104,331.4351723410215,105481.24720227784,0.34704766757382455,19,9,3.1554810746614397,58.875522033165694,100.0,41.12447796673431,0.8416022099727488,0.0016027567112749516,5341.122034265118,6000.583912115817,True
1105,326.40260669802234,117026.84889838645,0.35459855012230557,19,10,1.5799674282799732,56.81423882622177,100.0,43.18576117367824,0.8061347054991312,0.011378113480535058,3503.1343280549036,4226.494942275582,True
1106,349.46977536807583,103281.4473084339,0.5266861348849425,26,9,4.236196802714528,42.46478458126772,0,0,0,0,0,0,False
1107,313.01408930752723,110090.15386998806,0.38368484568226047,22,7,2.338029652455266,58.41176787610476,0,0,0,0,0,0,False
1108,290.96677085689356,104180.1249419851,0.6293707448470373,29,6,1.7874538387203915,41.280156898535346,0,0,0,0,0,0,False
1109,314.1819472989676,146905.08734309382,0.5674956820106962,24,6,4.488286843374229,48.46295320252029,0,0,0,0,0,0,False
1110,329.19360253053696,112150.65381653896,0.695373875974245,29,7,4.757095500980377,42.93653370021463,0,0,0,0,0,0,False
1111,347.34262037964066,121332.76830199204,0.6179068474468515,17,6,2.9052600467919607,55.320717666030745,100.0,44.67928233386925,0.9948285704885453,0.31348968656307324,5294.5169301809365,5538.334429696924,True
1112,294.92315470815834,148924.94365221602,0.41749645976968885,28,5,1.4377484566431424,49.83045805792043,0,0,0,0,0,0,False
1113,299.89623095806974,108217.1570283456,0.3459706866676959,21,13,1.6530924731650354,54.78862380745838,0,0,0,0,0,0,False
1114,336.49332073202885,133511.2224128709,0.4212733392829606,16,8,4.502952662002283,51.68636325432447,100.0,48.31363674557552,0.8700293666875283,0.0018029273477731976,8268.048447754963,8808.64286198519,True
1115,299.0698143912089,143502.99671885918,0.313764415903022,23,11,4.253556926946849,59.98143428766469,0,0,0,0,0,0,False
1116,305.6937949245306,144134.69038797414,0.35380899514178593,15,6,1.319724271041104,44.75192698864789,100.0,55.24807301125211,0.6381255449304456,0.0028091475945901216,4129.066514545398,5131.435662621496,True
1117,338.8937109381052,122041.93655454562,0.31437303535517824,19,5,1.2185787086548885,45.39227586468408,100.0,54.60772413521591,0.5755054477636459,0.0002263762149422691,3932.7970530720736,4475.193712145681,True
1118,303.9996475924495,103502.10883724148,0.3913660831796927,15,6,3.3436879792311514,53.982901997595846,100.0,46.01709800230415,0.8481839456601677,0.001960965097859029,6240.1245662114525,7261.639725042415,True
1119,323.1422265794251,138184.0745722619,0.3472433808932147,26,5,3.041950121706524,41.17381607075847,0,0,0,0,0,0,False
1120,344.2458337313851,103890.71897398448,0.4490644321560785,16,9,4.089829443691737,56.97903415617773,100.0,43.02096584372226,0.9982927896825513,0.03435677280073268,6639.393231530346,7055.328415539918,True
1121,302.87549175372953,131339.0496415743,0.5941433605482365,22,9,4.043722363208713,59.8537256651379,0,0,0,0,0,0,False
1122,325.02273188158426,116753.17127771884,0.5703658003163927,21,8,2.1679616440476215,53.80181353358418,0,0,0,0,0,0,False
1123,335.2637740548326,143206.3603533527,0.3498256785852861,15,13,3.2788831285077755,58.0259666089209,100.0,41.97403339097909,0.7222671352446637,0.08041568924105055,5720.560357384477,6296.860654979528,True
1124,336.7548206395794,114999.62994174987,0.6655182668216344,24,11,3.4319072809295834,51.70561185163589,0,0,0,0,0,0,False
1125,311.25687677233367,119861.20471093446,0.5316579384348327,25,12,2.646514646325172,42.564525162071334,0,0,0,0,0,0,False
1126,347.44995042251577,123881.05518639392,0.5638283004327829,26,5,3.964273390325763,57.507211234900254,0,0,0,0,0,0,False
1127,302.5374954308439,136020.70898033053,0.6434520818818925,16,11,1.734958835154869,42.01888709847616,100.0,57.98111290142384,0.9974710331693122,0.15493252155713408,4809.054110245651,5676.162882621107,True
1128,335.2216486377091,111903.59342241415,0.5449922838504212,17,5,3.7218897265737905,44.14395858436272,0,0,0,0,0,0,False
1129,335.8920831798217,139759.48262894608,0.4022548347168201,26,9,4.56017606051227,55.87249819956469,0,0,0,0,0,0,False
1130,333.092623066073,116368.32737429535,0.3838121823699145,16,8,2.2915297420347156,46.839419412822394,100.0,53.16058058707761,0.7191601492089837,0.0032082060754183555,5575.8439178913095,6173.571322888116,True
1131,344.6822081211801,101760.4066075914,0.6430328446610062,25,8,1.5551318621076127,53.14989785506528,0,0,0,0,0,0,False
1132,337.4254412255623,134765.1829482756,0.5787338091290353,18,9,2.47649226823294,58.25834285367688,100.0,41.74165714622312,0.9984431862278865,0.2780153330326925,4399.889061775718,4810.495210047146,True
1133,340.92729486020136,125205.10664041022,0.630521223917518,26,6,3.189453414652855,49.89577463591999,0,0,0,0,0,0,False
1134,337.7125011489707,113460.26011405105,0.49884837154076417,28,8,2.5340160508650915,48.13640112934526,0,0,0,0,0,0,False
1135,312.146923559563,115564.4191878547,0.6382701105598685,29,9,2.1307190474163766,50.896081638278986,0,0,0,0,0,0,False
1136,338.3481475652229,126726.37698082955,0.6890735826241746,26,9,4.5061377548061365,46.390189671772546,0,0,0,0,0,0,False
1137,307.3454067135957,122400.60109495546,0.3238598239332956,21,5,2.604156195637224,40.126195698207425,0,0,0,0,0,0,False
1138,319.36186156769764,145331.48838012107,0.31190384003951405,17,6,3.388477659055475,52.17294068510752,100.0,47.82705931479248,0.6518500999865783,0.0002749536224016759,6750.253028782911,7592.182879097693,True
1139,314.15319093632314,149713.47514298532,0.6695233754724554,28,11,4.842116101446315,40.34809172642296,0,0,0,0,0,0,False
1140,313.9802343016971,146030.8677861367,0.5086241971884446,24,8,1.4479277829219208,44.94949436445094,0,0,0,0,0,0,False
1141,346.5885110745562,136470.6113150746,0.5046993681557275,22,9,3.7214752940526177,53.2791517532814,0,0,0,0,0,0,False
1142,317.96216856000973,129555.41101815949,0.43904013214118764,27,10,1.7469783947099584,56.619396869811276,0,0,0,0,0,0,False
1143,341.2880344620418,112236.51205478533,0.4072921719721854,18,13,2.473070407128728,47.19568748404869,100.0,52.8043125158513,0.7545909526681117,0.018717834201699177,5813.3146185253645,6275.340798126255,True
1144,330.47342037402154,141939.81783775223,0.37455977888525416,15,6,4.763237174108609,47.87218157588423,100.0,52.12781842401578,0.7180479389906675,0.0005376414761174512,9574.781621399772,10217.493632803387,True
1145,326.88272211246596,148769.5192090858,0.46842517414455087,27,10,4.813992486425407,53.05725120973095,0,0,0,0,0,0,False
1146,344.0906013956181,118618.30202435954,0.4861043227685672,18,13,1.9106415500448732,40.023203834812485,100.0,59.97679616508752,0.7937036255061164,0.025142299722378657,5499.861460903101,5875.143883816971,True
1147,341.9648309236688,128684.60395811775,0.6785509141654827,15,10,4.97840293348344,44.90593693980043,100.0,55.09406306009957,0.9998913143524063,0.28430336158605607,9983.534140759375,10280.724249881529,True
1148,314.64228046915963,135668.57029465507,0.6177448775631104,27,8,3.587278978303347,41.93574310040469,0,0,0,0,0,0,False
1149,295.4023775824708,109993.14009755649,0.47268544650309385,18,5,1.455948744256942,51.865399421989466,100.0,48.13460057791053,0.9469885463589106,0.032500781767910256,3622.9991008438237,4707.848056809551,True
1150,310.92343639470363,133240.50868840452,0.6252448258082621,27,12,4.835903891100661,49.96622543399856,0,0,0,0,0,0,False
1151,290.860981952537,149925.77490662565,0.4530913329780607,22,12,1.568049860837423,45.475028507415615,0,0,0,0,0,0,False
1152,343.54735659947846,109173.63593538092,0.48474887502586095,19,9,3.568740725369784,52.95234821523585,100.0,47.04765178466415,0.9990358469468338,0.0277933980945435,6516.426082879387,6924.528084728017,True
1153,341.12899545738134,111858.3104484783,0.6940274589730226,29,9,1.2447981434133164,48.17742511317631,0,0,0,0,0,0,False
1154,328.1123143032317,101482.81071354248,0.5166084098442817,28,7,2.481558220001311,40.58690166987619,0,0,0,0,0,0,False
1155,327.98108638853176,119470.339688637,0.4580815981624779,20,5,4.189184169232372,49.95866204595521,100.0,50.04133795394479,0.9153845110894562,4.4409592176151344e-05,8007.7565075079465,8655.516313570155,True
1156,300.98839926549323,140379.118600865,0.45762988686313416,25,9,1.425420323568372,40.27853031803289,0,0,0,0,0,0,False
1157,329.443439912819,129583.7398380927,0.5369883614330309,19,11,2.2133811604760982,56.72991320857628,100.0,43.27008679132372,0.9990418205301835,0.18456070287476517,4215.260497610014,4774.080920724899,True
1158,315.7882176803001,132850.73909681264,0.4836325795476323,28,10,1.293259186294189,46.91054258199159,0,0,0,0,0,0,False
1159,298.5246671946589,125300.32339483047,0.35399651459058484,27,13,1.98633996598136,45.006181679029154,0,0,0,0,0,0,False
1160,330.5012163899463,105804.9014707217,0.565980076642774,24,10,1.9388662124747982,48.841211073539924,0,0,0,0,0,0,False
1161,318.91179173385916,123168.45480122001,0.49760407358295267,25,11,3.4094782507378376,52.1204724482533,0,0,0,0,0,0,False
1162,313.36345672011316,104647.9556604589,0.5322732717720972,22,7,4.007874817704472,44.26205020957084,0,0,0,0,0,0,False
1163,339.31009342478393,114515.83283326596,0.5368325872659868,22,11,1.7542631423167352,41.63099979993899,0,0,0,0,0,0,False
1164,326.5741069922134,108823.63608032191,0.5671168582340842,18,13,2.5833275438570835,40.51030682577062,100.0,59.48969317412938,0.9364859857732828,0.024684114563786424,6546.781731704751,7145.638474816339,True
1165,307.87990189106887,100023.75108019944,0.5789043917338086,24,6,4.349263812415507,40.281839916268765,0,0,0,0,0,0,False
1166,322.3671932538755,114224.53501754446,0.6671783505930918,24,13,3.8859172364830625,52.3600080162328,0,0,0,0,0,0,False
1167,341.75429035356314,131124.692707087,0.6377677532156514,16,11,4.566129071748022,43.23184896764498,100.0,56.76815103225502,0.9998958033121482,0.1622377108602619,9577.494805396653,9910.255930429348,True
1168,323.1933521481857,143558.44234598087,0.6185774642215391,25,10,1.877227775857109,46.94419617484804,0,0,0,0,0,0,False
1169,332.9887561078243,127536.70845536281,0.41320399207504077,15,8,3.357944266321212,54.5166993363069,100.0,45.4833006635931,0.8998778061100431,0.007174675347789085,6130.456374027072,6730.05992353608,True
1170,343.9423459006929,112163.88707513861,0.6794223687678953,23,11,1.8237165229167422,41.38198155164803,0,0,0,0,0,0,False
1171,325.52220918380374,113687.88444441634,0.3203887633437698,24,9,4.645202443334933,53.941904673395186,0,0,0,0,0,0,False
1172,291.52238459425416,117285.30442449919,0.38682983681734656,20,10,3.543232740478399,56.461737975238094,100.0,43.538262024661904,0.8872065713422166,0.0009834704315209674,6132.213652435439,7329.24567196508,True
1173,290.8101208961257,125415.7514643206,0.5704074135571349,26,9,4.288983914710027,54.411726714707115,0,0,0,0,0,0,False
1174,303.69062943963894,135755.92167876704,0.39644611567604277,24,10,4.724787416313661,57.18399995373176,0,0,0,0,0,0,False
1175,327.3231828749294,133224.90843281732,0.607540492464842,22,12,2.7090660379812337,44.97665509143012,0,0,0,0,0,0,False
1176,335.84708265842573,115048.76442463038,0.4866896620365325,19,10,4.821079601284971,44.93031613597465,100.0,55.06968386392535,0.8832663686899049,0.0006173291910829664,9945.150613709277,10456.984277482465,True
1177,320.20897345357514,143495.00520887336,0.5500634453932693,22,11,4.409427423494892,45.84394074265002,0,0,0,0,0,0,False
1178,304.3206313672584,131234.24435755436,0.3861547372214971,16,9,4.396366252638833,41.0412097178589,100.0,58.9587902820411,0.6539218995006658,0.0014874167112635074,10229.758468637188,11228.364393661532,True
1179,347.4593629613551,121043.41925249874,0.3840583003750094,29,8,1.9410928399917835,42.14727528184247,0,0,0,0,0,0,False
1180,336.27065034275057,132359.0421814291,0.4183837335692243,21,11,3.0601368609859607,54.66183500191876,0,0,0,0,0,0,False
1181,296.43795178121906,120647.60330839726,0.3484942438654491,17,13,4.887262280321189,42.75257692802464,100.0,57.24742307187536,0.6013981773297292,0.009846011657405928,10907.664433684655,12036.094526036528,True
1182,349.77087808706494,112448.32921988731,0.532897703778227,24,5,4.770806059113926,44.55677546488639,0,0,0,0,0,0,False
1183,309.0821885175741,111073.05779017415,0.5641082453099933,15,8,3.9948438617774826,49.71460921201005,100.0,50.285390787889945,0.9990277370714796,0.12418509622263946,7614.4671831264395,8448.27038367395,True
1184,297.86887455003404,112363.0956415026,0.6060352160166675,23,6,4.634746007830268,54.64224231534942,0,0,0,0,0,0,False
1185,305.33483425459065,131175.5545448464,0.46469871492037096,17,10,3.7972280053334666,58.455366307714144,100.0,41.544633692185855,0.9994945607407182,0.08460547218727472,6041.3925215736035,6994.223927640488,True
1186,336.5489233316246,127976.01337628977,0.543731740137296,19,12,1.7200455700587063,45.166949005819575,100.0,54.83305099408042,0.969412279957244,0.02695630347088603,4550.12321089667,5024.377276943836,True
1187,297.5930923270368,144993.17613135866,0.6168574412023184,16,8,3.363600090970329,57.353954433877796,100.0,42.6460455660222,0.9990154948090036,0.33270046089632266,5641.5780815009275,6569.062326867266,True
1188,318.47381943074305,138414.22990064762,0.4841798811338792,25,6,3.8856099265904724,41.686046069984194,0,0,0,0,0,0,False
1189,344.9049572229685,149834.29563699555,0.4109426477593647,29,5,1.4085489536864118,42.55364808506954,0,0,0,0,0,0,False
1190,311.33373231385934,111186.87015910236,0.4649296070776673,18,13,4.3819862537520065,42.352272388483236,100.0,57.647727611416755,0.80023603732666,0.008534998748654436,9764.39673392384,10626.60461785723,True
1191,299.0745366166298,114211.8787307388,0.5038343411686597,23,12,1.4749416013037076,41.118696024885935,0,0,0,0,0,0,False
1192,347.26085432033,114690.78423959675,0.5322036442943836,20,8,4.555069147166889,40.36943225917549,100.0,59.63056774072451,0.8924494751480858,7.858621519748179e-05,10259.329893333395,10576.711456223931,True
1193,341.9333165841086,110469.40839572428,0.6579923591079091,27,12,2.78096371158625,41.664511132048666,0,0,0,0,0,0,False
1194,330.17065886769245,139206.54783679213,0.3398041900064627,26,6,4.639746913871263,53.33083463014414,0,0,0,0,0,0,False
1195,310.0870508707695,149914.76876608375,0.40420920151496076,24,6,4.173566897989199,41.34017401190037,0,0,0,0,0,0,False
1196,327.8851795346418,105838.49548610108,0.5194348274441221,29,13,1.3122876013990636,45.35318778154841,0,0,0,0,0,0,False
1197,333.78445156283135,106199.3450017439,0.6812127388233282,20,6,3.6973590621260746,59.0435656778624,100.0,40.956434322037595,0.997404990656875,0.4618813968269322,5834.509714941601,6231.62760793066,True
1198,337.2398286464644,106029.34726639309,0.3669542454124211,22,13,3.250273389702583,54.41572028449876,0,0,0,0,0,0,False
1199,345.46372003640136,146897.66013297753,0.5657149760335032,20,11,2.5919512248927647,55.891295466473615,100.0,44.10870453342638,0.9995555765331432,0.2233348880818836,4802.6473722383,5109.078045901997,True
1200,325.8022522469361,115774.06932156057,0.4095661938071284,25,8,3.502063650766039,46.6314628074457,0,0,0,0,0,0,False
1201,324.41444133296164,135001.61448378657,0.339440657839269,29,11,4.091574436078944,55.46032695331277,0,0,0,0,0,0,False
1202,321.0340095799814,123957.50141736506,0.561398856275973,27,9,2.4604731581533974,46.483926293009084,0,0,0,0,0,0,False
1203,332.1960774823542,136346.15164658448,0.3993987271267292,24,11,1.5604297247032914,54.76263583096552,0,0,0,0,0,0,False
1204,323.4296774357085,112218.9436565565,0.423192438557503,17,8,4.150188277597054,52.61550115018397,100.0,47.38449884971603,0.8917541569289524,0.0012182206130428412,7559.201246285722,8291.694307438896,True
1205,324.97284139747654,101196.132736633,0.5751124578406499,27,13,3.1928810947153115,55.65228437108873,0,0,0,0,0,0,False
1206,337.8342845086581,114635.77965635082,0.5518595159813227,29,5,3.070675656345152,45.2049678758437,0,0,0,0,0,0,False
1207,346.0068992576914,146718.01471041696,0.4974842265348719,25,11,2.1525086470926587,51.11059928900856,0,0,0,0,0,0,False
1208,299.17425677977064,138755.2026833599,0.519351394559477,26,9,1.7856790482886191,45.40846379104137,0,0,0,0,0,0,False
1209,310.49533018703283,139060.18506905585,0.47645724533874045,27,11,4.913012377415119,46.0879289695166,0,0,0,0,0,0,False
1210,339.59715419794713,132349.09034504823,0.682312916636201,15,11,4.168123649913614,51.050322706154475,100.0,48.94967729374552,0.9999107895014155,0.377783688327726,7667.877957577324,7989.021444965141,True
1211,291.47282503704406,119293.24751649302,0.3496276947031433,18,6,4.955294369182045,57.564744258979665,100.0,42.43525574092034,0.823714374784766,0.00014837483560507363,7922.533600425262,9141.670715452838,True
1212,303.1181177966219,137048.44250993434,0.568891890064765,27,12,2.577458963547445,49.51873471149669,0,0,0,0,0,0,False
1213,306.675562232957,138459.13976888286,0.6992935030081895,23,11,4.373723700052108,47.56394783486556,0,0,0,0,0,0,False
1214,324.76653572592727,139805.67770283564,0.6034907565447002,24,12,3.365857382834154,45.95276631041513,0,0,0,0,0,0,False
1215,305.3520639964814,123427.86035816163,0.6703960195159816,21,5,4.556766827091601,44.9977415892959,0,0,0,0,0,0,False
1216,296.7364501136255,141404.2649182051,0.4596611106854279,23,6,4.269107037561987,47.91569668640151,0,0,0,0,0,0,False
1217,332.32026840161427,104677.11069650439,0.6245364570113301,16,11,4.422296521778328,50.69299777638844,100.0,49.30700222351156,0.9999123520671777,0.2594221222606197,8103.715761279645,8566.920481386725,True
1218,322.5886196173294,140549.75733795224,0.698699765500206,22,13,2.3961922523673036,53.31637408718235,0,0,0,0,0,0,False
1219,304.8450580791439,139153.04477021753,0.5474241449060717,22,6,2.881684552622417,48.53242725483101,0,0,0,0,0,0,False
1220,342.1745310192516,123919.71134747769,0.5459585701272001,15,7,1.8268778588980759,44.52858357462473,100.0,55.471416425275265,0.9665988904840948,0.021967049240711693,4786.6739103727705,5178.0275998909465,True
1221,291.1639449659739,123506.34202571472,0.47440379580454944,26,13,3.6885165848893298,54.80687745030436,0,0,0,0,0,0,False
1222,346.8400371311095,116567.66818903634,0.425406608142491,26,12,3.699967442121798,43.483163981356896,0,0,0,0,0,0,False
1223,330.66809379076756,135511.40687642997,0.40889326896369427,15,9,4.668531208515873,51.45533188187423,100.0,48.54466811802577,0.8366121040919848,0.005369807766715523,8607.864150431342,9237.688870244008,True
1224,346.68202559332343,140217.49763997103,0.5578221665218361,16,13,1.4304614849779793,41.56183571524949,100.0,58.438164284650504,0.8581495786092281,0.13553967765906,4426.3083306761255,4716.795563722271,True
1225,341.73299003599726,147899.25003848944,0.5624290027105942,27,8,3.796072667064813,58.234670619675995,0,0,0,0,0,0,False
1226,306.5774393974204,121852.27278138894,0.3585882403356819,19,6,1.6647682113014652,55.594676357917095,100.0,44.4053236419829,0.8059961527078505,0.0012319598498799,3720.5446776592985,4725.536915129243,True
1227,315.1669603479816,131722.53360455998,0.4012175055109709,26,5,3.9864594683883086,54.386375564067464,0,0,0,0,0,0,False
1228,332.7817529172105,148685.67012500862,0.6732285825808781,27,7,2.3372905089886062,40.40647062179051,0,0,0,0,0,0,False
1229,336.4225079812688,133118.31562602633,0.6091450042002204,25,12,4.657568276314036,42.6551668891203,0,0,0,0,0,0,False
1230,299.76822431990183,124520.81688353533,0.5300252377725169,29,9,2.986927354957259,55.621818139934476,0,0,0,0,0,0,False
1231,337.60912131152327,132217.42692582463,0.5027323589354326,23,12,1.758978330601338,41.75202880998006,0,0,0,0,0,0,False
1232,314.4259151312284,121589.42794789634,0.3141559321997484,21,10,4.139712159467227,51.9302166016536,0,0,0,0,0,0,False
1233,318.9929988033495,136909.05754274564,0.3146891397351118,15,10,3.3068074297191163,53.013098893781134,100.0,46.98690110611887,0.6573718589091412,0.010960765550449813,6503.567854221815,7347.809165087561,True
1234,319.4840281449245,104625.24254959017,0.6818874338175096,18,8,2.7045634861566956,56.0146285207089,100.0,43.9853714791911,0.9987730795432416,0.4330537050907727,4940.205592182523,5535.810065944194,True
1235,332.51682572480684,148098.70789588479,0.6132865335543313,18,7,1.8475118647536974,50.08988951345491,100.0,49.91011048644509,0.992268078676364,0.235663084882523,4314.828720501883,4782.758666227319,True
1236,323.29754315016004,139305.99611980582,0.3277874990402086,20,5,4.992219710168236,49.01786861815923,100.0,50.98213138174078,0.6429387555066137,7.964553374919049e-06,9836.431471905182,10606.34901510716,True
1237,290.31466116478424,130597.58475710123,0.5019801289417702,19,12,3.45158707393749,54.56911869773049,100.0,45.43088130216951,0.9998648990930263,0.0874611236145417,6130.033583161262,7256.635681516636,True
1238,320.9633471165057,136247.23459667715,0.6669446684995932,28,6,1.6442797952836061,46.42981161589442,0,0,0,0,0,0,False
1239,296.471052505974,133466.98989680424,0.5111189746993668,26,6,2.8789885045332606,41.123229016324835,0,0,0,0,0,0,False
1240,324.918625057057,130847.19416988268,0.5063085193348951,23,9,3.2181498585282995,51.54361988797104,0,0,0,0,0,0,False
1241,326.9138454850421,126371.24415098688,0.664370445109344,18,11,3.114664822275656,48.69164979545194,100.0,51.30835020444806,0.9998630274614942,0.31084849621644167,6399.108621611678,6912.366841721081,True
1242,344.55647085263564,148112.51869522376,0.5978791738582647,24,6,4.611862062339425,40.28651690754443,0,0,0,0,0,0,False
1243,336.0947923116382,144940.15203785241,0.5781568074488346,17,6,4.670389478580938,48.28421444092618,100.0,51.71578555897382,0.9976751552672409,0.12882743324334783,8892.812419283982,9342.16182197839,True
1244,327.0427439497657,122799.50834172212,0.488566267220124,18,10,4.341337393622575,50.88024914764419,0,0,0,0,0,0,False
1245,295.51585169998,107943.16779621282,0.5381989224455648,20,8,4.930266198286735,59.27644512379517,100.0,40.72355487610482,0.9993923610104941,0.22134723691508018,7320.845761587457,8335.863852002345,True
1246,345.5925867161991,121255.65734547877,0.3478093072437362,21,11,3.314244013640738,46.80252696722671,0,0,0,0,0,0,False
1247,292.5855549888096,128630.78107964998,0.4905845475380247,16,13,3.2667620316438937,52.770779224123956,100.0,47.22922077577604,0.9577156792301768,0.07249880261985503,6162.5215053855545,7265.916641562546,True
1248,309.6694961828446,139454.07569552262,0.6935835755937076,29,7,4.1495384439721725,55.945605141996396,0,0,0,0,0,0,False
1249,322.06684854454153,111197.30799615831,0.6379942239616897,19,7,3.7234400743479865,40.95595676454955,100.0,59.04404323535044,0.9987750167256205,0.11787767568584401,8455.39858956639,9070.11952032795,True
1250,328.9541279372813,129662.59076127491,0.537154687596243,28,5,1.8003250710519918,47.521041516983836,0,0,0,0,0,0,False
1251,308.2729730538231,140440.51163853114,0.4329261987330997,24,11,4.139445369432115,47.93657128194346,0,0,0,0,0,0,False
1252,324.25267099175164,140506.69519068845,0.4173111606293528,25,8,3.0826044923753075,56.48093981099909,0,0,0,0,0,0,False
1253,309.24316030687197,109710.32128886416,0.42091006023998134,22,8,1.8951509619033111,48.37420606942921,0,0,0,0,0,0,False
1254,342.83205571208447,124636.73723522255,0.33143707666146616,18,7,4.769668958326767,53.47668579189512,100.0,46.52331420800488,0.7122084994062355,0.00017643691328914508,8562.063043709386,9047.155189992003,True
1255,311.34122453781384,146103.88948315653,0.6164511003799235,29,7,3.308675823654343,51.09090486044036,0,0,0,0,0,0,False
1256,308.606972100697,148479.711462785,0.3554446611090342,21,12,2.514262679481408,48.57031647827375,0,0,0,0,0,0,False
1257,311.9455980112824,130244.58881762336,0.45637405157844435,16,13,3.2553990315079133,55.60872833789446,100.0,44.391271662005536,0.937948096159809,0.07195119956475382,5799.787656738061,6664.260897619749,True
1258,309.85914805676197,123678.58561911511,0.602258185888439,27,13,4.532878465611845,55.681235895556334,0,0,0,0,0,0,False
1259,307.7072686451013,137990.01136886168,0.5828191693625704,25,11,3.7791802666985648,52.0621849451819,0,0,0,0,0,0,False
1260,333.55804296769355,109664.99718010097,0.5844164443577673,23,10,1.8495166873108624,57.91947558782027,0,0,0,0,0,0,False
1261,311.2391647409555,144769.63563521026,0.6836326124272833,22,7,3.9934260502061,40.733506242444456,0,0,0,0,0,0,False
1262,334.42029346636855,108017.6285410588,0.4403151831264094,29,9,3.3943023457964934,47.48423994156321,0,0,0,0,0,0,False
1263,347.56334937595375,115754.69460002381,0.47475733381212326,21,6,3.9680076407326252,59.88120264482112,0,0,0,0,0,0,False
1264,301.86191095409583,131627.01916051615,0.4233298658374558,27,10,4.922223532451023,46.230798315802055,0,0,0,0,0,0,False
1265,292.19146629062953,114071.6624611101,0.41117718381693885,25,12,2.697543813116721,55.23966437013932,0,0,0,0,0,0,False
1266,322.16762098253594,115837.29854579619,0.30611581359709533,29,7,4.796174904808283,57.922324261097735,0,0,0,0,0,0,False
1267,330.0588394469408,137527.3666624076,0.4149129507952989,21,5,2.954914510152424,56.830451406956215,0,0,0,0,0,0,False
1268,294.9649736115667,139230.78030280292,0.6438624335871348,24,8,3.879804941926184,40.385073755919024,0,0,0,0,0,0,False
1269,324.6892749822853,107688.4259005361,0.4645971858210905,15,8,1.9796711317768483,40.034047435127796,100.0,59.96595256477221,0.7704771153088986,0.006428506911522134,5650.036349303835,6321.709322826247,True
1270,309.80896660204826,138142.75522948557,0.4297373830450861,18,10,2.5103087721804718,58.16140539512008,100.0,41.83859460477992,0.9942811179730322,0.023610972325571897,4457.013288329759,5382.799386806375,True
1271,329.9982216527581,126559.98191907917,0.31697337005412546,15,13,4.0942761495815985,40.31202742753167,100.0,59.68797257236833,0.5053059644639621,0.038119054317622234,9944.466806976261,10607.560279363792,True
1272,294.3830940252936,106500.37817772545,0.32172696058785577,15,6,3.116829940245568,50.476752623129116,100.0,49.52324737677088,0.6486966704861006,0.0009342785605881448,6559.670697633958,7743.679001229253,True
1273,299.3273263621652,102418.95543626018,0.4031993886139297,20,12,4.972607567358273,43.84991606851245,100.0,56.15008393138754,0.7174870543848257,0.0007528354930875611,10689.128823312612,11750.780607894105,True
1274,305.876484880293,134411.93632893954,0.3676379731848629,23,10,2.8539958261089575,42.74907018031397,0,0,0,0,0,0,False
1275,307.51232246636795,118439.0463184802,0.6834756709724485,20,6,4.993890908610941,48.583818952403476,100.0,51.41618104749653,0.998657396877673,0.3499194493744493,9343.708979514911,10103.8503707448,True
1276,324.8740905036708,124685.4905479777,0.3694984139492528,15,12,1.963108840721853,47.12470459505389,100.0,52.875295404846106,0.6483261423345136,0.05664583626773,5041.1660561145245,5754.562890238826,True
1277,344.87289919052705,127329.72830783107,0.5712438891340128,23,10,1.749939789842962,40.598716646243425,0,0,0,0,0,0,False
1278,320.4848894984095,126953.42348189367,0.6888973202044544,18,9,2.677868665261376,57.028419836970905,100.0,42.971580162929094,0.9993289253686454,0.4549836157962067,4790.985082831104,5367.896213351617,True
1279,318.4267204380121,123089.64841299527,0.4896247130705047,25,10,4.012492679403648,49.63298903990976,0,0,0,0,0,0,False
1280,330.30618099903006,143337.73701967942,0.6199073876669934,21,8,2.0687993084619642,57.28918274363169,0,0,0,0,0,0,False
1281,304.73470268441133,100748.30267203781,0.6904172724604878,24,6,2.005737394001931,56.52406818887037,0,0,0,0,0,0,False
1282,331.10439773842376,103631.22335089906,0.43116335247792104,22,11,3.758176590046337,46.20597607199416,0,0,0,0,0,0,False
1283,340.24447571654383,105695.24054604676,0.30669311591192583,27,7,4.932586976924794,55.465361553823286,0,0,0,0,0,0,False
1284,326.3706016046651,144147.61472198105,0.38100833595700323,27,7,3.3679391851334612,47.53142386221516,0,0,0,0,0,0,False
1285,329.2690026122324,146727.39442434552,0.6277855324384966,27,9,2.6212871498611783,42.073587662734745,0,0,0,0,0,0,False
1286,315.734233484791,130604.50651972264,0.4515010584230932,15,7,3.8108726413265233,54.75973602325955,100.0,45.24026397664045,0.9861157146901448,0.009797928416843663,6616.521527037585,7448.136642016534,True
1287,347.0322253406859,145155.2656648722,0.6865941725631024,20,12,1.2569913866568676,58.51326584656664,100.0,41.48673415333336,0.9963559947574746,0.4669688829131058,2840.3124587232514,3045.7388379670247,True
1288,308.42682380857207,101710.65583240197,0.3687759148605191,23,12,3.3863834146741656,45.04189048318352,0,0,0,0,0,0,False
1289,341.0878075720228,141786.16213784885,0.44640192457748995,22,7,3.6034314983290203,57.66653610241656,0,0,0,0,0,0,False
1290,330.0125373320295,128033.42601724388,0.4991124770042119,20,11,2.6162926698163593,46.880549578091106,100.0,53.11945042180889,0.9372032175705894,0.0027116880614330755,5898.685433803239,6493.876939639289,True
1291,323.06602664202126,110386.07633304023,0.6360577359072668,28,5,3.755914348574004,51.58013097460753,0,0,0,0,0,0,False
1292,314.0979341980242,118327.68283543363,0.4670872157063958,28,10,4.956171610620044,51.094555708338135,0,0,0,0,0,0,False
1293,328.8992713073541,108557.12207603424,0.36446311291785244,21,5,4.93636580215819,40.51348823039949,0,0,0,0,0,0,False
1294,326.41599627609594,121762.49056918366,0.414810612804416,26,9,1.5887683867685736,47.64056316349836,0,0,0,0,0,0,False
1295,297.83713625285503,116766.38933054522,0.47356415112320155,19,5,4.459361973534973,43.25211184890435,100.0,56.74788815099564,0.8344889459541363,2.6072421618627703e-05,9694.661677870652,10738.649638924415,True
1296,345.263337253019,137256.03208008438,0.5287615294460084,26,8,4.761533464598409,53.805952094431916,0,0,0,0,0,0,False
1297,326.1597655536238,131069.87199435524,0.3672816288028875,22,12,2.1361476131348853,44.3171450395546,0,0,0,0,0,0,False
1298,310.3599074343986,133657.08410360763,0.44869577866021837,27,13,2.29088769764706,55.71862015230097,0,0,0,0,0,0,False
1299,335.97532046436356,111339.65450278271,0.6723587568968163,27,9,2.0107773550677748,46.23819509614726,0,0,0,0,0,0,False
1300,293.3073543031193,138814.97663796667,0.41365012952384894,29,12,2.8291664386791524,43.44992952642311,0,0,0,0,0,0,False
1301,303.44922114755866,107575.91472312623,0.3684089753365952,17,5,3.3299092882938304,56.165749215217176,100.0,43.83425078468282,0.8398950624063695,0.0004488293854646025,5933.772647495465,6978.594733906251,True
1302,300.0986560876848,135067.5696876005,0.3348538050580055,24,6,1.2831793269367417,45.03115324871415,0,0,0,0,0,0,False
1303,336.8512620491472,144053.8771543368,0.640222480503762,26,8,2.9801649708232296,59.137759043611496,0,0,0,0,0,0,False
1304,297.14390578523074,146616.2081351216,0.5296300244839139,28,11,3.501763412147957,42.57905997648052,0,0,0,0,0,0,False
1305,296.29529471227704,114262.08120274838,0.4338223304003401,17,10,2.6298711366585157,43.70754308043604,100.0,56.29245691946395,0.7672569689346851,0.004380299420020466,6464.529502264615,7549.220040823971,True
1306,337.3486070139273,104717.52951360887,0.628439970169842,19,10,4.677098713392184,44.77284311375509,100.0,55.227156886144904,0.9998984757774216,0.17024618413896841,9503.263742862553,9903.263434393502,True
1307,334.76012352411243,124476.87707001323,0.5119137303216876,28,5,2.832935037466446,49.88508572530803,0,0,0,0,0,0,False
1308,323.747262739201,119246.59668739985,0.6589900434869039,26,7,4.097392054778563,47.197676861835824,0,0,0,0,0,0,False
1309,336.359293896628,140646.67861902557,0.3951402717807775,28,13,2.158368263069277,54.36724443273622,0,0,0,0,0,0,False
1310,331.3424604209408,122619.52296153884,0.5428064993488438,21,7,4.661284637347775,59.73490576926331,0,0,0,0,0,0,False
1311,320.6098674543957,131874.60685052798,0.31005889620804683,22,13,1.93123266045496,42.58747438839756,0,0,0,0,0,0,False
1312,348.87089818210126,103689.08237332426,0.652127568341595,25,11,2.4795419638869958,59.55379162858484,0,0,0,0,0,0,False
1313,316.3726515215427,124136.13970911595,0.4040768314284545,20,6,3.12344127987501,47.215939734708094,100.0,52.784060265191904,0.7654844041139722,4.985360935978578e-05,6887.751632625534,7719.180126439076,True
1314,294.05211238482633,124416.7172055651,0.38444966760862875,28,6,3.2643807065350776,52.199245133361714,0,0,0,0,0,0,False
1315,291.0682180322274,141003.53204075835,0.5756672468363582,29,13,1.819464997720766,46.79813257204675,0,0,0,0,0,0,False
1316,348.88474217675673,115763.49273902537,0.4320169337920775,15,12,2.0079270679814307,44.044255393706024,100.0,55.95574460619398,0.7201287932182708,0.06598672857520559,5362.5829494394375,5684.326802068185,True
1317,308.1539265864049,142326.03084811824,0.5522962688544588,22,6,2.482711268671676,45.625561325018246,0,0,0,0,0,0,False
1318,330.07306119866615,139393.66294223402,0.44290647611559897,17,6,3.147815116284843,40.61808419436791,100.0,59.38191580553208,0.7457090378250355,0.0002229674749760532,7818.039989542343,8424.086822879537,True
1319,296.45329429456547,133623.05089814676,0.48546169288789653,15,13,4.069385617422026,46.10650475047859,100.0,53.89349524942141,0.8340744698351598,0.07796753412382623,8549.94935447479,9592.612961715124,True
1320,338.9265260554916,134227.29478793475,0.6550624096448603,18,7,2.2064300918062925,44.13344432575067,100.0,55.866555674149325,0.996154900930009,0.22329266585195162,5433.99928407005,5791.542736438914,True
1321,311.2668724097864,129888.17077034725,0.6358358082513301,21,9,3.306258898772575,56.934831960423594,0,0,0,0,0,0,False
1322,294.7598437396206,112837.13970435387,0.48871024306208766,20,11,3.402547082337705,50.47315548268247,0,0,0,0,0,0,False
1323,305.80201804248554,109852.43636285131,0.3548944427897437,29,12,1.4823791323950708,49.238992255806835,0,0,0,0,0,0,False
1324,304.3934004628518,122813.7670251823,0.39863709035236267,26,11,4.475670474690558,46.1730135407725,0,0,0,0,0,0,False
1325,324.5361890256056,113541.02961594217,0.34944208067190724,23,7,3.8995499165902032,49.977600098596525,0,0,0,0,0,0,False
1326,317.7376008275442,128207.38642296716,0.5673919803625669,26,8,3.84005652866937,44.35930254208048,0,0,0,0,0,0,False
1327,302.69348238904155,143688.0743361078,0.3715110664263588,17,13,4.707986645614287,52.6468817306969,100.0,47.3531182692031,0.7663828032919434,0.01634340174575052,8552.359771920022,9594.723392371443,True
1328,344.05099364723765,147839.1308800303,0.5007161429175205,23,5,1.557709342153545,50.56073322221145,0,0,0,0,0,0,False
1329,322.41385781519233,143637.27999638807,0.5807983780422306,29,12,3.780464077241203,46.82102798900049,0,0,0,0,0,0,False
1330,314.56858457514465,126836.48095045419,0.641261061459463,28,5,4.264031111543246,51.414830316820826,0,0,0,0,0,0,False
1331,349.4031924637845,147766.09464307042,0.6767882200430722,24,10,1.7652358131921626,40.23665195829981,0,0,0,0,0,0,False
1332,298.75204126635623,149093.3314317032,0.6082657254388935,16,6,4.781077926515966,41.51735676108059,100.0,58.482643238819406,0.9981458507851434,0.05905028591773236,10251.670749268229,11202.52955461478,True
1333,344.20424146716596,139183.45637060836,0.4600493326281419,18,5,3.8135506887840673,40.891624554143455,100.0,59.10837544575655,0.7782793616257906,5.2932926351694e-05,8985.905333295115,9376.538466577176,True
1334,295.60228093312014,110711.68973161528,0.390282414136527,21,10,1.9984356880851952,56.03631429471854,0,0,0,0,0,0,False
1335,330.92128552238495,105966.61368548534,0.3230901289518092,17,10,2.7399413592082107,47.22823483602472,100.0,52.77176516387529,0.6093718857405368,0.0032056406353868448,6381.356865627046,7040.9832147686175,True
1336,300.3537955480418,130696.18507472517,0.6824198594436062,29,13,1.86214002746643,53.59229390011544,0,0,0,0,0,0,False
1337,313.1786775219598,137086.80057914072,0.6720173462893074,15,8,4.547706734188957,51.9711470992368,100.0,48.0288529006632,0.99958097665159,0.3693012458179756,8076.79929002198,8766.79304867147,True
1338,345.8085184905732,138860.49629292046,0.588955416195338,22,5,2.5472366810108222,59.152631128016594,0,0,0,0,0,0,False
1339,313.80905093569515,118575.45794753087,0.6225638973148204,19,8,3.207332434485526,50.415670920779085,100.0,49.584329079120906,0.9989955091369686,0.2523386784107348,6324.556302891595,7044.340434473512,True
1340,309.90979219680804,106814.05878480934,0.683201519907362,23,7,2.810843568139239,40.30072271197873,0,0,0,0,0,0,False
1341,333.71098159503487,126791.22845135271,0.5324550472928425,15,13,1.5997709870335781,53.95464642839201,100.0,46.04535357150799,0.8883073478691816,0.2287752372747211,3710.344250510618,4196.667308050213,True
1342,349.89250845271965,133740.17287508407,0.5558030930944604,26,13,1.4273975046456127,54.212309776186345,0,0,0,0,0,0,False
1343,317.22243215837,143277.614130508,0.44722817033557305,21,5,2.0198320644205134,47.8994922521864,0,0,0,0,0,0,False
1344,306.7407006475346,112782.55302050586,0.39493943329173387,19,13,2.0178203355387687,45.71691692953606,100.0,54.283083070363936,0.7180605343569101,0.011273863002699893,5220.953301332578,6186.228510166595,True
1345,292.9536507862728,128018.92054530539,0.6510542419089367,23,10,1.7684476961120015,54.825503979291796,0,0,0,0,0,0,False
1346,313.50874003567367,120131.34076212293,0.620009828312452,25,11,3.978443976155644,51.52465601976178,0,0,0,0,0,0,False
1347,343.43247000701706,120179.03239388115,0.6557319101672603,28,6,2.0068011816447173,55.6914021840381,0,0,0,0,0,0,False
1348,337.87915128596507,134428.1750342492,0.40787803469631606,27,12,4.377022674807667,41.18366148735305,0,0,0,0,0,0,False
1349,321.3059481553295,133617.877534021,0.4525567055575031,29,6,3.327388718544335,54.06799707081949,0,0,0,0,0,0,False
1350,340.0328831828847,109013.21064487378,0.41303905688282694,17,11,2.815563748954853,41.96007000057072,100.0,58.03992999932929,0.7069624854824696,0.006479294301533281,7069.142333917757,7542.3748559068745,True
1351,311.97794844652884,140439.47398545322,0.4671337795757563,16,8,4.714023536472172,48.23730519142489,100.0,51.76269480847511,0.9010050218113373,0.0015575667059710158,9145.895470763875,10011.183298845483,True
1352,324.5175659523909,102852.68672980518,0.3833352283046803,26,10,1.753695875374844,56.80805166768519,0,0,0,0,0,0,False
1353,310.9584394899147,145091.32085203347,0.45431314603376327,24,12,4.507821257359766,45.221865519322066,0,0,0,0,0,0,False
1354,314.35771104437316,146569.03201021263,0.5248628928002657,25,5,4.7231942815199455,46.732125584838684,0,0,0,0,0,0,False
1355,303.9369668277768,118567.360085415,0.6444266686247115,16,5,4.603652155036625,57.52652936111667,100.0,42.473470638783326,0.9958871431473384,0.3849335053984167,7220.377613605838,8045.228223614605,True
1356,305.53270385765114,130580.18308261054,0.36747463932852575,18,6,2.743281536036278,55.42386148287036,100.0,44.57613851702964,0.8237054464587908,0.0005413445243392835,5231.059653913619,6246.02565160259,True
1357,348.7561707118351,129340.55872742046,0.6089194870893229,24,8,4.170706128755861,58.856538484571004,0,0,0,0,0,0,False
1358,308.8727898322427,141365.4449456047,0.3285637079228641,22,7,1.9219806921950682,56.68032051509035,0,0,0,0,0,0,False
1359,297.0930068332236,116882.84016837832,0.4311034031047163,22,11,2.9274144830804634,59.02006682911623,0,0,0,0,0,0,False
1360,324.2174897053093,144405.43593179586,0.42472808919846455,29,8,3.472344343271244,40.201579876456194,0,0,0,0,0,0,False
1361,291.270154213487,127520.3455336584,0.5113679456154232,20,8,2.0865590106692706,44.58810860297936,100.0,55.41189139692063,0.9223810626462777,0.0005863967424626216,5267.144142747982,6380.931844454575,True
1362,300.49342921687736,125172.38691161176,0.6476671950489133,28,10,2.025615286103424,53.58440403325852,0,0,0,0,0,0,False
1363,305.37869752601887,115120.2878444096,0.40532361052517396,25,12,3.0497957625318,58.71975761467513,0,0,0,0,0,0,False
1364,342.9410855446329,117768.94660267067,0.4965715690408887,26,8,1.2845234865799386,43.38384233346072,0,0,0,0,0,0,False
1365,342.9234707035247,131567.34188118702,0.48073953724136054,16,9,3.4424929476056647,51.35253745937315,100.0,48.64746254052684,0.9787603375084254,0.008969502358358581,6580.2653546554975,7001.137118806927,True
1366,317.33164410939247,129799.48609867424,0.3879999890293203,29,10,3.3338699595418007,56.37071374729085,0,0,0,0,0,0,False
1367,291.48092398606104,143782.68845905588,0.370660113134325,26,6,4.3074066350465605,54.75577187615766,0,0,0,0,0,0,False
1368,306.64791675823466,136862.53645689716,0.44039269278997273,18,5,3.8151034860361435,41.713623701030045,100.0,58.28637629886995,0.7555344142472685,4.702873531932293e-05,8895.106097236545,9834.30953287223,True
1369,342.5876165800205,149297.20544125699,0.3099990945801483,23,6,2.020089196511532,46.89317206823871,0,0,0,0,0,0,False
1370,328.77416628535826,102618.60933835877,0.6196540754907658,15,9,1.3213814755711306,56.172756295659966,100.0,43.82724370424003,0.9883793087026373,0.33196693939564387,3091.446585344083,3598.565924676167,True
1371,291.8346303094968,142513.83886347368,0.3929717350590767,18,5,3.408229414941598,51.20692247882775,100.0,48.79307752107225,0.8052543107236437,0.00012672299089534317,6763.745379111497,7943.347502985876,True
1372,337.1669267059373,108441.06200332864,0.43425115078017407,29,6,1.5955818013531575,51.50514407531604,0,0,0,0,0,0,False
1373,316.62159980648136,135579.60702387107,0.5259860202879559,17,6,4.367282519670375,42.66973802087131,100.0,57.330261979028684,0.9172784752978161,0.00026806493874251746,9485.569871771488,10250.012507656125,True
1374,335.7606895741425,140397.5397688964,0.3379479492723973,19,9,3.656525920668911,52.80684167023389,100.0,47.19315832966611,0.7155026838369715,0.0005301588357864811,7006.367180310098,7594.683523865915,True
1375,319.47038715508165,133706.02998826088,0.6860750388024062,18,11,3.5068296156202505,46.12567209371376,100.0,53.87432790618624,0.9999156307177,0.3195124486801952,7359.444093148567,7962.255203048386,True
1376,302.95118663050846,101894.32496932433,0.32194512828369126,27,6,3.792114580137534,48.24886950477013,0,0,0,0,0,0,False
1377,292.02018244666596,114449.19502509362,0.4810569435541884,16,13,1.4937662214247651,52.211600496767396,100.0,47.78839950313261,0.8559098112038561,0.1379658015880868,3715.4014246567176,4813.511374795358,True
1378,303.0784889699633,130506.27037552213,0.32584609192588376,17,10,3.7353797866319827,53.00319737766151,100.0,46.99680262223849,0.690118350029507,0.0028539575821523626,7120.787894121706,8186.394014924952,True
1379,338.6898606307117,113220.30903211261,0.6847821212257383,22,12,1.799352872323766,56.46841034859476,0,0,0,0,0,0,False
1380,348.8353548981012,124612.1156645946,0.6092044361255332,17,10,2.8663300151430957,44.48187955553158,100.0,55.51812044436843,0.9994691702261064,0.12209973048950731,6506.805567093249,6755.582262612923,True
1381,301.356059886336,129968.52950565895,0.5484932945020314,23,7,3.5531859581922545,56.88635119350147,0,0,0,0,0,0,False
1382,332.06880727707625,131356.41745049626,0.5914678771329244,23,10,3.943284297791676,47.92813729861581,0,0,0,0,0,0,False
1383,346.7646803519766,133484.4529056099,0.5701591164741464,28,11,3.0388983013984827,44.32294130211466,0,0,0,0,0,0,False
1384,310.5881105003038,136003.7462026646,0.697733209979628,15,13,4.163746511475183,51.59053781987761,100.0,48.40946218002239,0.9999439154695196,0.41415650067905146,7576.777091199738,8283.962247427498,True
1385,334.1951496054665,136832.51113573217,0.4334680271833185,25,5,3.4414028388185596,49.71852057291341,0,0,0,0,0,0,False
1386,308.75311266834103,107987.24914858137,0.4055582139358087,18,8,3.4661186878180095,48.30368042044186,100.0,51.69631957945814,0.784012750161808,0.0005233593658522022,7285.227750774808,8224.29624778914,True
1387,327.00628251722105,142043.40183968667,0.6332925094967373,21,6,2.713171199606197,57.36998399334494,0,0,0,0,0,0,False
1388,346.8449036184263,111817.77603700387,0.6990093974526312,29,9,4.604081002183297,52.78715705277543,0,0,0,0,0,0,False
1389,290.3766333436552,120579.01192188484,0.5133092173504714,23,8,3.3015752145936315,48.512915074778775,0,0,0,0,0,0,False
1390,292.2571137286976,142815.85171003424,0.33770856768943036,19,7,1.9074833247741856,43.11609626371659,100.0,56.883903736183406,0.5935422750133588,0.00018252931954383113,5357.635419149276,6551.176485580845,True
1391,339.6517547333576,141896.65652873303,0.418153057196813,21,10,2.9487538409439287,44.82172635680936,0,0,0,0,0,0,False
1392,319.4066153116973,134899.1556653616,0.6680580359681915,25,5,2.830942758430882,51.33966164106489,0,0,0,0,0,0,False
1393,292.15418582678035,139367.66950032773,0.3659322708486832,17,12,2.1977621486630534,45.90594314947937,100.0,54.09405685042062,0.6634136509428419,0.01539040844351425,5554.809722219769,6733.032995766549,True
1394,338.72291572427355,104124.57648782557,0.34130787581941047,15,13,2.8929059510318718,44.07635758227273,100.0,55.92364241762727,0.563368498567269,0.059559792366508844,7076.761707599292,7595.671123951003,True
1395,308.85378752621546,106416.13213108075,0.5006202268562387,24,13,4.0785354379728185,40.72813967020297,0,0,0,0,0,0,False
1396,314.86889249019,107619.91325092014,0.4807158901896632,22,12,4.457885249102077,47.79186480402788,0,0,0,0,0,0,False
1397,293.1726998733727,130313.72464267795,0.3900314863425305,18,11,2.31399269071522,49.41353063572826,100.0,50.586469364171734,0.7646752577067548,0.006496061371775821,5305.849028460649,6464.44098069411,True
1398,300.4788401920748,111477.30120252338,0.6035238530382128,23,10,2.2542236631831347,52.275387899974405,0,0,0,0,0,0,False
1399,314.26748332169643,125763.88134868632,0.6363474675861848,22,6,3.0252726132104044,48.26559865349229,0,0,0,0,0,0,False
1400,343.03746598189304,126786.70612838895,0.3516301079552172,21,6,2.683159054630871,47.11837513400583,0,0,0,0,0,0,False
1401,301.2075791856866,148626.38992580833,0.3115329555338712,28,11,3.685415192571197,43.366225741794175,0,0,0,0,0,0,False
1402,322.9554006505416,143959.60862987803,0.6601602128221356,17,6,3.5129196515800105,46.209813907066696,100.0,53.7901860928333,0.9973984126337897,0.2676008310189475,7361.897643162539,7935.499643036351,True
1403,338.19222067967087,130895.70086956742,0.6216474140339148,23,5,4.12207019096351,40.996515731856874,0,0,0,0,0,0,False
1404,308.34168195818165,105238.11459921983,0.6519508940571447,15,10,2.936229970588685,48.14771991098271,100.0,51.8522800889173,0.9995854564025949,0.27756812483039456,6186.877264002233,6960.385885620798,True
1405,344.3573452119297,127940.80772788721,0.4532878354694796,18,10,1.219698512484943,53.62437674830697,100.0,46.37562325159302,0.9011368831308786,0.06597644535766159,3183.0275293062464,3579.4615133365655,True
1406,321.78622139215787,135104.84354120662,0.4011921706192783,17,12,3.3836039252531727,52.50293278151337,100.0,47.497067218386626,0.8271053680373833,0.015882158327767928,6523.548764624945,7284.174927794159,True
1407,348.85051565557046,124458.10674799858,0.6254350790266192,20,13,2.904316557521687,46.008661012013604,100.0,53.99133898788639,0.999935628949556,0.18595610594528764,6389.388028707735,6622.050172256581,True
1408,308.2281483151364,103179.22916556496,0.3705714803069601,26,11,3.5206068854086388,51.96099523337672,0,0,0,0,0,0,False
1409,293.9791541219343,111067.25284560295,0.485747524470575,26,12,2.7350056341460136,53.8695083389463,0,0,0,0,0,0,False
1410,326.1985515725613,111237.89096890145,0.6918712531715426,23,5,1.6630386968420474,52.08699959730973,0,0,0,0,0,0,False
1411,330.74803609100945,136218.77666628457,0.3467069214998072,20,10,1.5307161089440062,51.074530284589656,100.0,48.925469715310335,0.705524364626799,0.002988404547944563,3953.192361242891,4609.026889433617,True
1412,300.0892991538877,122748.5158089527,0.30983405329201114,26,11,4.6984247355062765,45.39633973804883,0,0,0,0,0,0,False
1413,335.9359046211502,127546.79374075372,0.6043835500434462,20,8,1.7822106747750337,55.016361671613744,100.0,44.98363832828626,0.9939352291920366,0.28587053054710876,3798.3797343173555,4216.745064841286,True
1414,293.065633541785,144398.1048379901,0.3600824168504165,22,13,2.689848929101146,53.201674258897974,0,0,0,0,0,0,False
1415,323.92359240894365,143434.54990890028,0.5761771444745265,16,7,1.221198702172651,53.07258878307917,100.0,46.92741121682083,0.9696305699631942,0.22828160368880174,3179.7929822746405,3787.091759170704,True
1416,341.3536671418522,123519.46751418627,0.5275036868640818,25,10,4.97142906149682,47.47425556284615,0,0,0,0,0,0,False
1417,335.92137163423274,103198.63320817082,0.40896348049904635,20,5,3.7266145609223997,47.97168080401094,100.0,52.02831919588907,0.7860211019433607,2.4221403569872366e-05,7757.189386832403,8304.875129502227,True
1418,338.87219234885447,132503.03413866056,0.33923103400228954,18,9,2.1411232645348575,48.06166456785425,100.0,51.93833543204575,0.6514947297184362,0.0017805066303081718,5247.174835538623,5780.7852068691855,True
1419,299.5972911798273,131743.62899241276,0.4270080233805906,24,10,2.8038474269962386,44.655030107661595,0,0,0,0,0,0,False
1420,324.6557429462262,138571.9744627575,0.34155477622729763,19,5,3.221303444178978,53.973561416035224,100.0,46.026438583864774,0.7419825010746076,8.843923337931613e-05,6170.505930196458,6923.685133346524,True
1421,301.93885185314934,146176.07544383028,0.6508234712089014,15,12,2.2754163209056513,52.276608124070854,100.0,47.723391875829144,0.9994458416635871,0.33256460405562355,4738.4265535194645,5590.486733503588,True
1422,326.37390952018205,134508.8592266149,0.41706856301422723,26,13,2.6119098199582447,41.19279699492532,0,0,0,0,0,0,False
1423,293.8266975850663,123214.66652397401,0.634216756238071,19,9,1.2970047636909168,51.80555171793958,100.0,48.19444828196042,0.9914655749126361,0.3018701378649485,3361.577640833368,4329.8141002736265,True
1424,312.36506507918233,138824.13273752516,0.40005316314624073,16,8,4.843850439110871,49.54463189532235,100.0,50.45536810457765,0.7917546246028072,0.0011519720386706765,9292.284614436177,10185.60504450616,True
1425,290.7087546856458,149405.6703388511,0.6206463687022801,16,13,4.8337524426253,40.01838456424378,0,0,0,0,0,0,False
1426,296.1986795995613,133994.7156129695,0.3152048813738679,20,9,2.60230833383103,40.55348400612791,100.0,59.44651599377209,0.5301336933832568,0.0001453698578790016,6985.962645505119,8137.697245051817,True
1427,311.54653567913766,149622.7070553837,0.5277191492246995,28,11,2.227392443399868,50.25427448315324,0,0,0,0,0,0,False
1428,293.8034302211673,111995.602838413,0.5189704613419415,20,8,3.2734684399771634,47.263581410221065,0,0,0,0,0,0,False
1429,323.02016418975654,110832.22536292917,0.40618664693915496,24,6,3.564700727932097,57.591641163075934,0,0,0,0,0,0,False
1430,302.8224259108141,102925.74220068919,0.6567013629699135,18,13,3.8746705028101003,44.167720855901365,100.0,55.832279143998626,0.9999724490768696,0.22276575429701825,8249.30366114871,9097.732278693094,True
1431,322.1877727004487,118411.58783204164,0.6869064900076366,27,12,2.8839776331596942,43.32571109729925,0,0,0,0,0,0,False
1432,333.8702277531426,136152.7765028773,0.6026793453282973,19,5,4.061889509117567,57.91236083681606,100.0,42.087639163083935,0.9939074578515898,0.31835433185101936,6465.820467725888,6910.879514382476,True
1433,345.4381808784622,105128.5395810936,0.3788099042035471,23,13,3.1808798550101347,42.63820172904261,0,0,0,0,0,0,False
1434,328.8441728213459,142797.921834471,0.5191973131254467,23,10,2.324317213931084,41.53225227771802,0,0,0,0,0,0,False
1435,322.6365073541944,116844.0252336735,0.49402863924829704,28,8,2.2579293186647513,56.60967804019897,0,0,0,0,0,0,False
1436,291.0580455675083,123824.28323564894,0.4167483202625643,19,5,4.317237838986298,55.343580049114394,100.0,44.656419950785605,0.933097600877095,0.00013157928158505738,7297.257241011856,8483.531682039431,True
1437,314.91976088575495,132448.38124817406,0.5337576801089718,29,13,4.471861941283538,43.865053712646464,0,0,0,0,0,0,False
1438,325.8706188882969,128395.7742383749,0.6855557419152354,20,6,2.20880637009502,55.90193186055181,100.0,44.098068139348186,0.9940692309613048,0.44218593226538294,4294.417758464663,4800.384797994333,True
1439,300.12468382862176,134566.43785939523,0.3006094265602745,24,13,3.6008599552039007,49.26173523445288,0,0,0,0,0,0,False
1440,305.4418209407571,101423.1894493923,0.6971035632158654,24,9,3.0003275883685636,41.81179203305038,0,0,0,0,0,0,False
1441,326.08227226431694,102836.09682725088,0.623950097405324,28,12,2.775818733031967,43.47361082359824,0,0,0,0,0,0,False
1442,336.6462291307675,132262.358105633,0.34675896630901915,22,8,4.942285689951334,46.253608731854875,0,0,0,0,0,0,False
1443,302.8124378217227,138783.55398890623,0.689127437799042,29,7,3.9908257670186353,47.30573752510317,0,0,0,0,0,0,False
1444,332.4147630076775,123712.91364750061,0.3357965658335587,29,10,2.2379547792931396,43.4675525356977,0,0,0,0,0,0,False
1445,341.61436206603446,129820.93918872738,0.3751151561580519,27,11,2.198766754372235,57.625663652933206,0,0,0,0,0,0,False
1446,338.70276672882966,111253.87226156007,0.3674175069791742,25,10,2.972215963016297,55.60421977995537,0,0,0,0,0,0,False
1447,305.8151543071035,149143.76410008082,0.46993184307650365,27,8,1.5943028748773775,58.93768316644821,0,0,0,0,0,0,False
1448,316.8389196193171,118173.88615068342,0.4999650882817859,15,13,4.654327112172085,43.41698040754576,100.0,56.58301959235425,0.8317660015863504,0.06753224795777227,10016.352288295979,10774.734300337088,True
1449,321.3507990103842,108681.10471246627,0.3471939348864041,16,8,2.14203329759357,41.796954309945406,100.0,58.20304568995459,0.5951638922561002,0.001891399000152563,5922.977533135402,6704.089092010612,True
1450,332.63431294227667,123785.15928764522,0.3349811673339669,21,5,2.8234733398570047,56.45522817041919,0,0,0,0,0,0,False
1451,306.11887377006246,140875.0162116502,0.6741289312486387,22,9,4.533676594159557,52.69055338001441,0,0,0,0,0,0,False
1452,330.09501978868457,144521.66595611232,0.4458810698466537,28,6,2.8249472919815384,47.266140888282095,0,0,0,0,0,0,False
1453,339.7732443224246,132942.36794114998,0.45902343319448247,16,10,4.659714358571095,52.89289544396812,100.0,47.107104555931876,0.9655549846553751,0.00791004252170405,8140.142869561203,8619.024387512232,True
1454,319.90179767638114,143942.81249048177,0.611078878607908,27,9,4.373933995983831,51.598887636406495,0,0,0,0,0,0,False
1455,334.4676145880152,120026.72813483015,0.5221539574527625,28,5,1.6048981419484118,41.21995153781259,0,0,0,0,0,0,False
1456,348.20187390494755,108370.70759596738,0.3835196110085013,25,10,1.3250888717527798,59.48119172769515,0,0,0,0,0,0,False
1457,316.4691042826269,132623.70961457657,0.3587069238457645,26,7,4.429476467160314,43.22538585023586,0,0,0,0,0,0,False
1458,300.61843329965603,127340.1156805722,0.41010943176640235,25,11,3.6113596993855923,55.787511297578035,0,0,0,0,0,0,False
1459,327.14706916159093,100626.94875543576,0.486308882302562,24,7,4.145204897886832,49.13838518187114,0,0,0,0,0,0,False
1460,331.27895458453446,138749.32937409714,0.3149155980820324,18,13,1.6114333125076812,46.09586732376905,100.0,53.90413267613095,0.5690140295324151,0.017775227921540564,4572.904709053235,5226.813942197351,True
1461,302.16303466354725,121906.26310947313,0.4605037300134226,29,10,3.9716040018442067,54.26103977163555,0,0,0,0,0,0,False
1462,304.8666898592632,101462.34489586692,0.5120882952673862,23,7,4.0147043576678865,41.851429184016716,0,0,0,0,0,0,False
1463,323.4609022659792,101403.11583999771,0.5822584764992134,28,13,1.5704921342998794,59.14419546868653,0,0,0,0,0,0,False
1464,303.41773396080873,129250.10468875416,0.46812261765779783,29,7,1.6283260326435358,44.33078670048748,0,0,0,0,0,0,False
1465,328.05835328184173,118985.20844353456,0.3609735352834371,16,11,3.476196734727197,53.0984843821074,100.0,46.9015156177926,0.75478006905533,0.013126809289424921,6654.636841705071,7344.117119670902,True
1466,345.76570199974805,108665.30736863546,0.6162370307318807,25,9,3.572804184230254,46.01247339698568,0,0,0,0,0,0,False
1467,343.0004142431763,111295.99641448734,0.57320371976132,15,10,4.414056877533866,50.569284011590604,100.0,49.430715988309395,0.9996976961950234,0.15630294607250061,8112.081625566975,8460.335570435567,True
1468,295.8924598920172,113984.49603895911,0.48499319751594566,18,6,3.6580845051102395,41.64806250925863,100.0,58.35193749064137,0.8310730194244094,0.00011252239883049626,8510.526228529396,9571.374663537641,True
1469,294.58025456343967,143905.7547943319,0.37899512750166237,25,7,2.2624614018964495,49.68655110769516,0,0,0,0,0,0,False
1470,318.31954465994244,147056.55478057626,0.5432250808315228,23,8,4.1540900051482845,43.6450581879736,0,0,0,0,0,0,False
1471,313.1564449659371,103008.01145717993,0.586432875195569,17,7,1.4172804781145827,50.92939369717314,100.0,49.07060630272686,0.9824453908865504,0.2048753346688685,3608.8370755259675,4362.220492019713,True
1472,294.30385540267514,120530.99797362222,0.5000186007691312,19,11,4.592765985689547,49.279171712510504,0,0,0,0,0,0,False
1473,347.11995837601523,118693.52203442165,0.45587275859565063,16,5,1.3876170021152416,42.81729587009388,100.0,57.18270412980611,0.7957044862124322,0.002028892560004909,4300.005416230968,4651.374650450803,True
1474,312.1296502348013,121490.6198905658,0.3691679399680615,22,11,1.4580629929216928,55.494157192500595,0,0,0,0,0,0,False
1475,325.4392912757181,104157.6720294975,0.5168492460775245,24,11,1.8743961364463857,57.50818598144429,0,0,0,0,0,0,False
1476,294.593012320607,125147.9879299188,0.5510307653530644,22,8,4.215420608083779,51.31828602782049,0,0,0,0,0,0,False
1477,306.8987173079474,116309.97499436483,0.6052953346498032,24,13,4.8915143453479955,43.723897853035886,0,0,0,0,0,0,False
1478,319.0687606521336,125817.55917345732,0.5957173466998662,25,11,2.872198214902106,41.94375949202287,0,0,0,0,0,0,False
1479,303.3838885838958,135232.63036279363,0.6797991571056974,18,10,1.3515618037540107,42.60304176031834,100.0,57.39695823958166,0.9960386732696676,0.2537453223294323,4094.511231560094,4918.462992292619,True
1480,307.95404631288676,115636.16407072176,0.5114522449556593,27,12,2.7523532454617605,47.858402634895434,0,0,0,0,0,0,False
1481,308.9145947832667,128740.232673432,0.49991362110276233,21,12,4.983184914194747,43.56988172492423,0,0,0,0,0,0,False
1482,333.0653984180649,100772.04866731015,0.5105522554644832,16,8,1.637684395747014,45.115271109754076,100.0,54.88472889014593,0.9187998429571639,0.013907339116262457,4461.411765158486,5001.6248264575,True
1483,337.05845686821533,118222.34044495819,0.34690278478049524,18,5,4.881687694598906,57.902919524540934,100.0,42.097080475359064,0.8238999061168614,0.00012059333798832406,7762.013955521719,8336.030963286936,True
1484,290.87676351198854,127465.31617146617,0.6141653418410555,26,9,4.315342552210988,57.86968486041289,0,0,0,0,0,0,False
1485,297.8152734541593,133807.32712200953,0.6603048648612779,27,8,4.649146320051605,54.76937829644204,0,0,0,0,0,0,False
1486,349.851775184969,122264.7316237058,0.320889146400515,25,7,4.161167257691355,56.23481157494915,0,0,0,0,0,0,False
1487,349.6034628026697,134013.56454173732,0.6772026932409586,21,7,4.57087380303283,55.167958526512564,0,0,0,0,0,0,False
1488,301.850208012539,129085.3185628391,0.560242747388198,17,8,2.0763132481022373,57.31748231385396,100.0,42.68251768604603,0.9956043565486177,0.23604363309491738,3983.621669267651,4900.019493609492,True
1489,323.4908781828502,104007.81777357578,0.3945042716130372,21,5,3.39647632251775,56.11854134330878,0,0,0,0,0,0,False
1490,333.4313595763004,106589.57733706762,0.5948808817019516,15,11,2.0432294619430227,49.92681294886577,100.0,50.073187051034225,0.9975783421361097,0.19099525863072891,4621.172342620012,5091.7061240999,True
1491,297.60779095293697,146270.4737755948,0.6126799216026317,29,9,1.2199718211542445,47.06062746977744,0,0,0,0,0,0,False
1492,305.62562027619833,108229.98082385438,0.582995283754842,28,7,3.203806392760513,49.72009967430264,0,0,0,0,0,0,False
1493,345.0066021755912,126236.62711201761,0.41935520871255677,26,9,2.2606018947622237,48.416105016425085,0,0,0,0,0,0,False
1494,314.06787179920394,113940.32368413657,0.5177916848843849,18,12,2.210590002531241,48.87223291712344,100.0,51.12776708277656,0.9842963232120949,0.029763273328333267,4992.179410770456,5800.726923145767,True
1495,315.1598467792938,110130.08288868905,0.6990571009507383,29,6,2.244099380630598,45.5771146964795,0,0,0,0,0,0,False
1496,313.22754080760114,116920.96217967621,0.6080182531727656,23,10,3.1831165314847087,47.80079774401768,0,0,0,0,0,0,False
1497,345.228612904007,112128.05401431634,0.45553637001412123,18,7,1.944337914603056,46.31320972089007,100.0,53.68679027900993,0.8473235283405586,0.0013753389522551311,4935.549416253181,5322.340290038781,True
1498,341.8718890315624,148393.8230895113,0.3426555419629973,17,6,4.847342926074445,51.10784535162258,100.0,48.89215464827741,0.7006789833787147,0.00015410766627603148,9134.062134737404,9625.215982687458,True
1499,329.2382380320295,137570.76690759877,0.6597575487015607,18,11,4.434562691936827,42.911216592728856,100.0,57.08878340717114,0.9999467755631577,0.20716644835990083,9403.823790281042,9897.431231409533,True
1500,290.3061897913695,136456.27496733126,0.36973234665769755,19,8,1.422533825949379,42.080438561528254,100.0,57.91956143837174,0.6379203181471149,0.0005986533569652459,4520.690880623231,5719.356064597012,True
1501,347.5991572493319,136741.35392408664,0.6947476905333092,20,11,4.505838942239071,43.09187483734805,100.0,56.90812516255195,0.9999600055965466,0.2916772378760627,9496.982071038741,9704.8754778691,True
1502,298.8122135589412,104179.53180059721,0.38986408347451007,21,12,2.0122785300313395,45.381216421169086,0,0,0,0,0,0,False
1503,316.8650295641705,147720.86237676814,0.5833438106333075,16,7,2.690600680587229,49.74308604639738,100.0,50.25691395350262,0.996547343628818,0.1658675775952675,5626.028876469645,6336.7592492039,True
1504,346.8708819460498,149043.69601805322,0.6811894368163209,22,6,4.988444784482245,57.738369286457285,0,0,0,0,0,0,False
1505,305.71140988181367,114295.38488170382,0.6548753935124085,28,6,4.45178573137505,44.67868967241405,0,0,0,0,0,0,False
1506,316.22095275523475,138621.0099706565,0.6934113226839896,24,5,1.9500398324146722,45.82359775802662,0,0,0,0,0,0,False
1507,348.2449962718068,145471.57559055733,0.4630644967675548,16,11,4.947568513282791,57.26765200480635,100.0,42.73234799509365,0.99961435248379,0.06267751745644831,7704.007028788034,8046.246891344295,True
1508,346.0897906457361,119813.3870632408,0.36291128551005153,18,5,2.221561068280038,55.58706997318845,100.0,44.41293002671155,0.8160164026393132,0.0008957053722657071,4491.268803576654,4917.134137621902,True
1509,305.72513081180716,105172.58026257528,0.3035640874692814,17,7,3.1692728106967074,58.35184152250254,100.0,41.64815847739746,0.7274906695064441,0.0009906035890765003,5526.540935109879,6576.130935037766,True
1510,329.67739423662255,119106.93401066966,0.43186528532576374,18,10,1.2304962675512539,51.825167602807056,100.0,48.17483239709294,0.8621273947509513,0.03190961379684381,3346.3549259150464,3974.4163012702584,True
1511,332.88773495347715,132431.71722252658,0.45866687818329016,28,7,2.999227313004794,58.829125572962724,0,0,0,0,0,0,False
1512,298.655179185028,106334.8141397024,0.45298460616508845,21,6,2.110006651106118,43.68731575865351,0,0,0,0,0,0,False
1513,316.7401776924611,135270.67642091002,0.5672946813709323,27,10,3.4508212341995224,56.696644739762775,0,0,0,0,0,0,False
1514,327.43096237923044,116461.48973361752,0.5686679115390401,22,6,2.8088477695624334,49.074997252261255,0,0,0,0,0,0,False
1515,344.4042447238701,108517.0141490437,0.32471501470960557,22,5,4.247730701207948,54.58642720402481,0,0,0,0,0,0,False
1516,320.8803057226653,106251.63360534055,0.5663374027562238,29,9,1.3592119404669274,56.39578101636216,0,0,0,0,0,0,False
1517,309.1778439441827,106352.28622761814,0.5158647315235437,28,12,2.9788486872980355,41.24342825936385,0,0,0,0,0,0,False
1518,311.2405899863832,120191.3741115819,0.36676550935838614,26,10,2.7972951916822013,51.46744967891361,0,0,0,0,0,0,False
1519,342.72030004813416,148421.62059061643,0.38779138998303425,29,6,4.287047051536679,59.395555603130504,0,0,0,0,0,0,False
1520,344.10571090393347,101904.13457936021,0.3132204548973036,20,12,4.039045210884487,44.966860971960635,100.0,55.03313902793937,0.5685055002903444,0.0007876014502068813,9009.25073597364,9471.911016067836,True
1521,340.4343996916134,100921.91610215013,0.5760105703456418,17,5,4.092439744915167,49.78120641993543,100.0,50.21879357996457,0.993969904712305,0.15438237763510448,7761.448532081169,8145.530435012457,True
1522,339.95335616519145,122806.95915565139,0.5724970976984995,23,10,4.5539105883384385,50.95942084720899,0,0,0,0,0,0,False
1523,336.54370598677616,124288.51741529237,0.6369483697997869,29,12,2.4725346793319307,56.20521270995691,0,0,0,0,0,0,False
1524,308.5009144790443,149994.0193682211,0.5207171418870196,17,11,2.0424060998490505,48.33491960834784,100.0,51.66508039155215,0.9764913469834641,0.03354623010193148,4788.259881148853,5668.934047937773,True
1525,320.2221482505928,143267.18205399078,0.42596610200400575,18,10,3.742771095851353,46.645842591768115,100.0,53.35415740813189,0.7969769504148705,0.0015996073341341328,7968.023855583524,8733.213619086604,True
1526,340.9951233042119,134925.32191584617,0.6102538991808018,15,8,2.7608599987793916,55.372753459855446,100.0,44.62724654004455,0.9981858385764277,0.2976033388562685,5089.115019429159,5430.828139504522,True
1527,295.7603777435364,116076.26436470216,0.4161609802124645,27,8,2.8179265211813487,54.849299951539436,0,0,0,0,0,0,False
1528,328.85732135698373,139623.7483143709,0.4179041234408064,21,13,1.3073620559650843,49.68808575466869,0,0,0,0,0,0,False
1529,292.97806273564436,119770.9084326985,0.6399562993800951,25,10,3.9010865236676757,44.96073170070149,0,0,0,0,0,0,False
1530,335.4255785213476,148881.63658517227,0.31476490113189565,26,11,4.280776378649828,55.29742859625839,0,0,0,0,0,0,False
1531,290.4650797581403,133139.9144460973,0.4652952897242798,23,10,2.100471829737714,46.272113185664026,0,0,0,0,0,0,False
1532,338.4087646208312,103791.44660640249,0.43755913119929296,15,5,1.6071835089298208,42.969302975216955,100.0,57.030697024683036,0.7656603416488333,0.0020911943610874375,4705.2566618089795,5194.906177959148,True
1533,337.4128671095301,131193.1679168061,0.31453551197131446,27,10,3.226988839703078,40.40996526114328,0,0,0,0,0,0,False
1534,336.92584638400945,119924.47030224836,0.30563618616359234,18,13,3.0539705090834195,52.85947075406543,100.0,47.14052924583457,0.6351978882416097,0.01173072392292696,6159.341493498613,6742.228387753426,True
1535,345.13059347287,105761.62778506464,0.6145374560074512,18,9,1.4720556679117345,42.087770949585895,100.0,57.9122290503141,0.9916126856795734,0.09568493227521875,4347.095475824036,4650.281899640797,True
1536,308.8172681398186,113282.30864258441,0.40676440478282605,21,12,3.2195876243208748,41.049130797865736,0,0,0,0,0,0,False
1537,347.5149510299865,137713.84553347516,0.3514270342905769,19,6,2.6252657379025637,44.09353873242502,100.0,55.90646126747498,0.6285358908844447,7.961956622851298e-05,6537.700859722985,6928.599947089221,True
1538,302.0220541208403,137798.149674961,0.60468778392158,27,12,1.8034612630994384,41.44784161850488,0,0,0,0,0,0,False
1539,323.32259888656864,102337.66767396774,0.46830645064478127,29,8,3.159082627888885,53.79063076378789,0,0,0,0,0,0,False
1540,343.90573416763795,102306.8649536623,0.5682968761265819,16,8,3.1196825325265074,52.45020104191073,100.0,47.54979895798927,0.9984038119207245,0.1783741457506709,5939.4601759435345,6273.790325759269,True
1541,341.7001621391424,107131.35800367176,0.5648066053047653,24,10,4.519878076151526,54.37133907527343,0,0,0,0,0,0,False
1542,347.71679931700936,145214.10972237942,0.646420233878578,15,5,3.9663237998504073,59.544804270273424,100.0,40.455195729626574,0.9944024660258952,0.4099984988817391,6097.045348658402,6313.629828608215,True
1543,343.1594090619855,100077.84185001328,0.5267798583898187,16,9,3.5568686064516584,55.74324138420697,100.0,44.25675861569303,0.9991863493761649,0.15171756380547055,6113.739492729426,6483.941842230576,True
1544,300.80907866406903,116621.582217239,0.5425537867506647,26,5,3.4942080416291486,54.717850613329944,0,0,0,0,0,0,False
1545,347.5705731062547,146293.27728056,0.5802902129823174,24,9,1.825697687580218,58.61156615284159,0,0,0,0,0,0,False
1546,298.77284699589075,135791.04313821974,0.3983724608690699,17,10,2.351772764526471,59.518566125543245,100.0,40.48143387435675,0.9528367097118872,0.021258096656053344,4153.460073235647,5247.3908760391605,True
1547,299.650059925325,136238.25628263335,0.3981354301797089,16,6,2.454910493502153,58.4874344247307,100.0,41.5125655751693,0.9484997979641662,0.0074871947849543255,4394.163225301203,5478.952052248338,True
1548,330.15795256859747,146549.17404531152,0.41505078238884663,24,7,3.6355628728109215,51.48358498823853,0,0,0,0,0,0,False
1549,342.8723000496791,134641.01147908444,0.6955613679466435,15,12,4.725841178688604,44.627440723008505,100.0,55.372559276891494,0.9999368354142824,0.3178961132441126,9610.011748992603,9883.375573305531,True
1550,326.46427758931287,113636.43602391536,0.3166763855126399,25,12,4.48657869684489,45.601039056261,0,0,0,0,0,0,False
1551,342.5451318080139,101375.46316207564,0.6698114228445413,15,12,3.5117525598383565,41.72473121478962,100.0,58.27526878511037,0.9997417856982185,0.20899513686194732,7969.62700826014,8270.081143013085,True
1552,305.6628059098151,114025.15747597955,0.6411499543484042,23,9,4.462569070569909,40.7586198164982,0,0,0,0,0,0,False
1553,341.02172840535997,117273.3459758639,0.3319535468595189,15,6,4.860450780286024,43.746813744257686,100.0,56.25318625564231,0.589854898950219,0.000323340406781336,10683.964531750053,11183.329364909016,True
1554,320.9497563595867,105590.23430255154,0.33228657980339843,29,10,3.4407692477032272,42.322350660808205,0,0,0,0,0,0,False
1555,348.40790357192185,144923.49288319127,0.4500736899873192,26,12,4.42008060137334,48.775314067922224,0,0,0,0,0,0,False
1556,315.80506870823257,119307.98118920569,0.5528089056031211,25,10,1.8931249994632815,59.7234328901568,0,0,0,0,0,0,False
1557,306.83632638848684,142756.19198913546,0.5783933406322261,22,9,3.168767723210147,59.00121742974655,0,0,0,0,0,0,False
1558,333.01780195929695,115941.67055840278,0.6454723235087809,23,12,3.209141160961824,52.58812779799678,0,0,0,0,0,0,False
1559,342.65613462300007,129102.36454396193,0.5144751105925611,15,6,3.6493359382566517,44.444057097700366,100.0,55.55594290219964,0.9246810813504037,0.0017245084007568485,7951.067175892214,8351.208834314117,True
1560,326.13602717474635,106958.64065394351,0.5301426940998695,16,9,2.979579926047793,59.81138701444062,100.0,40.18861298545938,0.9987919430699952,0.21524657483409654,4848.843907774086,5453.963377785966,True
1561,317.51320708665105,132290.92203479723,0.5138419707927608,18,9,1.7456337926864522,41.16481235024559,100.0,58.83518764965441,0.8708537102467041,0.003581403791990898,5022.882307736543,5776.250857638818,True
1562,326.2381991060063,123617.82972887138,0.666007421503793,20,9,1.417777711185102,47.49042971657221,100.0,52.50957028332779,0.9944968768193001,0.30280068019981227,3852.6187841685987,4374.734257515018,True
1563,301.4367444248867,103779.99621095422,0.3400462553609801,18,11,4.684781357689512,47.50506882352252,100.0,52.49493117637747,0.6463691444075931,0.001547998310259449,9604.429914299508,10677.553705335755,True
1564,307.3069756082993,108897.1403971945,0.6251605279310267,18,6,3.681781895985943,44.50478212315753,100.0,55.495217876742466,0.9973651735753626,0.16103454936259706,7879.506216799099,8694.820836377841,True
1565,327.6906405226703,137562.34471236716,0.6218866905403295,27,11,1.7103693385294654,48.8843980058167,0,0,0,0,0,0,False
1566,316.05110951794967,147697.41812238732,0.36269904724675794,22,7,4.789394690541044,46.05364887317671,0,0,0,0,0,0,False
1567,303.2362360767829,107095.32865569806,0.5073647035771461,25,8,4.282565835965208,50.8907695436237,0,0,0,0,0,0,False
1568,345.615278413589,100860.02195073392,0.32164275826161476,15,5,1.2920527700314655,47.23786327052764,100.0,52.762136729372365,0.6074863923877041,0.0023712815501824636,3911.0421486034406,4348.682893293103,True
1569,305.5069194524425,128087.43501191569,0.3517337464695088,23,7,4.437742183356309,44.103100654197114,0,0,0,0,0,0,False
1570,298.72908190687895,138460.51270373113,0.47456516341602395,20,6,1.5898712714840375,59.79936151166685,100.0,40.20063848823315,0.9660118263532346,0.14417657838671216,3178.493931561502,4200.391483608981,True
1571,339.4985116920751,117750.65711553764,0.5469838832439797,24,10,4.342923578882532,40.897739453920366,0,0,0,0,0,0,False
1572,337.00404986293785,121452.72764592427,0.3490500493284833,16,10,4.817615747461132,50.24670302690092,100.0,49.75329697299908,0.6978986638086191,0.003627435547031308,9251.287920450222,9811.33132376226,True
1573,306.66483859474783,146958.2677286973,0.48276474029505206,15,11,2.9093845645586818,56.64655870216472,100.0,43.35344129773528,0.9968188148150418,0.08932774762236931,5140.62104172808,6062.766921325612,True
1574,307.45410636232936,122410.81606756306,0.5439388015898562,22,10,2.1026913450683944,56.91319663323617,0,0,0,0,0,0,False
1575,346.9828051561984,113439.26858613927,0.513012049233337,29,6,3.485348177043864,50.51293253080488,0,0,0,0,0,0,False
1576,325.3870853581668,111422.42945402913,0.4480911927588239,19,9,3.988447189419638,57.992417546207534,100.0,42.00758245369246,0.9992339647949787,0.04885678361104495,6352.5691301315455,7043.184810772241,True
1577,305.90705567542454,135879.8519826196,0.4059620448984483,15,10,3.0329464868328078,49.16276127937922,100.0,50.83723872052077,0.7837824052578731,0.015273071773564259,6469.5409882941785,7444.983783400155,True
1578,297.31444210708696,114379.93350441447,0.6156087843753564,19,13,3.0609695716563614,41.44329858667839,100.0,58.5567014132216,0.9998987473841876,0.07260293694342201,7207.754149826408,8170.88420833723,True
1579,330.8151104276621,109549.13293883488,0.4215924366344436,27,5,2.949413832270749,50.410685784740274,0,0,0,0,0,0,False
1580,343.60781133200834,119082.30239258424,0.564749602177164,24,10,1.8999792260071373,59.67971389076837,0,0,0,0,0,0,False
1581,321.133776229754,109079.44800252085,0.6743266910581099,15,13,4.914540795472414,45.73186368722313,100.0,54.26813631267687,0.9999235590050121,0.28794506964445354,9728.753972881985,10318.196180601804,True
1582,330.36131335906816,140725.17182766274,0.3945640131465495,25,7,1.8978212134515973,41.91385940868958,0,0,0,0,0,0,False
1583,291.0179391572046,111416.04364698226,0.33989841847431024,18,13,4.565063658856482,50.721062242715234,100.0,49.278937757184764,0.6824339759224395,0.0071027640100785475,8784.045926551644,10001.42189138375,True
1584,299.68299193843364,138477.23655818484,0.3069669847168556,21,12,4.328577210721198,51.362806839588124,0,0,0,0,0,0,False
1585,294.48148174099583,113243.1502373505,0.6975678198259448,16,8,2.422254567439672,52.46247039334704,100.0,47.537529606552965,0.9986380302550262,0.42476080752365947,4932.43492248006,5845.642864732947,True
1586,303.7720626038753,111046.02579185693,0.31994801134262524,29,5,4.819955514997669,53.64609174902985,0,0,0,0,0,0,False
1587,335.64381789278065,133696.5435762014,0.3406726276258563,25,7,4.288372699973059,59.32890282869178,0,0,0,0,0,0,False
1588,300.925795745153,101852.21438108855,0.38293658638945927,20,11,2.3400122659662332,48.06673605727323,100.0,51.93326394262676,0.7357841558522773,0.0017065410303223475,5513.925758240955,6571.258628291815,True
1589,299.0003359272431,124114.38467058624,0.5670092911833209,19,5,4.214114165211967,53.51135390861556,100.0,46.48864609128444,0.9942208048763127,0.1958293878815341,7356.217721383863,8311.10919191551,True
1590,320.09734349911633,111143.7706019938,0.30390347415126046,17,12,4.332618114110295,42.02698028683853,100.0,57.97301971306147,0.5208897514306012,0.00458758276500453,10094.83440235717,10918.138459312295,True
1591,328.0275123145087,114328.38301668334,0.35296021040726805,16,11,1.8361014881316557,43.341000546078455,100.0,56.65899945382154,0.610598318853557,0.0161544238093595,5194.845374541756,5874.550970620263,True
1592,293.23285716435555,117269.80950684201,0.3924172215026429,15,11,4.1381807865163776,42.811026137615215,100.0,57.18897386228478,0.6757314954024971,0.01395311729878749,9420.63190905145,10565.407470287475,True
1593,348.23519306439914,108844.53071446286,0.4822959569762799,17,7,3.9351873397688726,49.151094515784926,100.0,50.84890548411507,0.9475686516329674,0.0009680588565057795,7689.995898130268,8028.249758627022,True
1594,294.6038430764231,115847.70988028466,0.5333538260481874,18,9,3.5033235147038333,53.71424991733113,100.0,46.28575008256887,0.9993724996407161,0.13178866498139769,6318.641568306499,7361.741568927143,True
1595,323.5607341203984,114137.0778685321,0.6058127116566225,25,12,3.864689965488356,41.82960896748651,0,0,0,0,0,0,False
1596,304.89443023832484,140953.4960653791,0.6629704536818395,19,6,1.332098452392301,42.29971087899864,100.0,57.70028912090136,0.9836977462395453,0.22546325751337198,4092.8746185600703,4908.669144462243,True
1597,349.1070891545095,127445.40241355466,0.4898804820758882,22,9,1.3151736609406202,45.78509707282813,0,0,0,0,0,0,False
1598,295.38342968077365,104775.38136319687,0.6655774664030053,27,10,3.951095301940301,54.321323020031016,0,0,0,0,0,0,False
1599,306.20067093289674,110190.1068311178,0.325068189708404,23,6,2.328802986207065,54.390461203454926,0,0,0,0,0,0,False
1600,342.61076240674237,143165.8596022706,0.6069454875360112,18,6,3.7599264275378754,52.168153302350724,100.0,47.83184669754928,0.9967903186515545,0.2495028848212475,6905.635548016914,7230.709873422127,True
1601,318.39408673818235,102222.6314667174,0.5143104851436294,16,9,4.794854327011218,55.46981131674087,100.0,44.530188683159125,0.9995864448220915,0.12473431040817774,7822.042120952946,8558.51233581252,True
1602,295.8599436919276,120462.34894737939,0.43662642828708004,28,7,4.520940350032444,53.70320969287839,0,0,0,0,0,0,False
1603,327.410879748802,136805.21080819613,0.4138466189147971,15,7,3.8217430085445603,57.8082589734928,100.0,42.1917410264072,0.9709525298811241,0.0072589820765209,6204.362785923965,6892.264828381032,True
1604,343.11963393848674,107085.56260949337,0.30786234749823993,17,9,2.9372144677246643,41.430425383938484,100.0,58.569574615961514,0.5249285203210151,0.0009993102305979483,7526.864855911748,8003.627883941267,True
1605,330.5478827071649,127863.81048829184,0.5794521121896173,21,9,4.293267401953077,47.55889877196998,0,0,0,0,0,0,False
1606,325.4016708222572,122321.35969244319,0.39421800868868867,20,6,1.6869888191394655,44.47981927859947,100.0,55.52018072130053,0.7099288529227025,0.00014535150298773932,4760.086351142341,5462.644339044765,True
1607,313.1063747719577,125713.42103109427,0.6829570477411613,18,8,3.2902317280071216,53.34005309784625,100.0,46.65994690205375,0.9992487802209238,0.4062765647954357,6068.479290334283,6750.75827681277,True
1608,311.78145001630674,110051.8482752696,0.6618245853715888,19,5,2.930398724071291,45.88571516433991,100.0,54.11428483556008,0.993557208252146,0.27060438305895135,6455.616321935002,7178.338718488448,True
1609,309.6380910279638,126775.83878258514,0.5986611633219128,25,5,4.736948507088678,40.41467725386909,0,0,0,0,0,0,False
1610,313.41620991400407,113676.29072057207,0.38755819569032,20,12,3.4953969328264494,50.558763221253656,100.0,49.441236778646335,0.781840815745757,0.001986978545391188,7015.524853269825,7901.829978711486,True
1611,293.0477959005665,113384.82743842852,0.6316736074864207,20,6,2.7270415270082164,52.283131947881174,100.0,47.716868052018825,0.9953895801913972,0.2997245020041025,5395.775017166401,6375.954432199302,True
1612,320.2893213747187,125554.45559905496,0.5167175951438865,29,5,3.6346361588811433,45.074563187687204,0,0,0,0,0,0,False
1613,345.56561576283116,117727.28241618865,0.4926085337475534,15,6,3.513844657404289,46.421292030510514,100.0,53.578707969389484,0.9177355586014283,0.0019471501644074628,7454.623966467901,7823.259577835446,True
1614,308.97773207500484,104921.14975729924,0.3761725711791899,20,7,4.221967282013818,59.398554497812874,100.0,40.601445502087124,0.9262248581073198,0.00020263139411589592,6524.529546689601,7496.062860445485,True
1615,326.33296724166985,112991.71325170418,0.48438036706462284,21,6,2.7612808518943908,57.77073934090329,0,0,0,0,0,0,False
1616,319.92833730626666,144570.87475963464,0.3806651193016385,18,9,3.089997431632113,59.11956981227921,100.0,40.880430187620796,0.9256903121733381,0.0037909931102543216,5145.8513092119065,5958.727726932326,True
1617,321.01327711033707,141801.9748880557,0.32406336443159806,15,11,1.8169661493977751,48.00312339435091,100.0,51.99687660554909,0.5952979025870625,0.030262980744327705,4743.89854296124,5543.396264494284,True
1618,310.0236890836248,121473.86650380751,0.6549763605016732,25,12,3.769180759128596,46.34974092648882,0,0,0,0,0,0,False
1619,330.58705902232435,121523.71611742725,0.483549117892882,22,9,3.535891516966217,50.86851939408103,0,0,0,0,0,0,False
1620,328.1097499634132,115962.12815827708,0.620319820310303,25,8,2.6007568532556986,58.86993274434775,0,0,0,0,0,0,False
1621,317.80526465579334,138249.4404780564,0.4360734872752413,23,11,3.3249232480716016,43.19911038200263,0,0,0,0,0,0,False
1622,316.0374519192911,131441.2704217998,0.45043403403974214,19,10,4.59862033731839,55.155468754367675,0,0,0,0,0,0,False
1623,305.0879638836131,123143.24505033263,0.6773340371374854,22,12,2.168459076832067,53.60073748829901,0,0,0,0,0,0,False
1624,304.4065697877269,133199.1755189696,0.6087730234651536,24,5,2.9730892793575636,56.06484153161638,0,0,0,0,0,0,False
1625,300.7285819062404,144193.74402891943,0.5882681526887648,27,9,2.6103313301630195,42.658761381587375,0,0,0,0,0,0,False
1626,316.3573687085067,123592.43940450274,0.34324041634416347,25,7,2.263772691420442,51.22461460478114,0,0,0,0,0,0,False
1627,312.7523296955906,122125.02097179915,0.5146903675394671,15,12,2.9511292924559767,59.42317320997195,100.0,40.57682678992805,0.9991354224675816,0.18388198385427595,4860.320937337489,5664.839796532982,True
1628,340.0108673327278,110452.44098465616,0.3131635840508383,21,13,3.7709068825929615,41.032713397700206,0,0,0,0,0,0,False
1629,301.74873576742016,146456.26833520702,0.6793539546590419,27,11,3.534920889037167,49.78753370164041,0,0,0,0,0,0,False
1630,341.40030358408535,139145.83577190913,0.633430933933066,22,9,2.288665550603397,41.1445632092716,0,0,0,0,0,0,False
1631,295.7452154866888,140588.6876372089,0.4811983351389656,26,13,4.985468993442018,54.68258952188111,0,0,0,0,0,0,False
1632,335.6817276190535,141640.6937983965,0.632768359362353,17,10,4.104505557140916,50.056171669756985,100.0,49.94382833014301,0.9998468903833025,0.2665137452893705,7727.411167246271,8137.915474336372,True
1633,349.3305499930723,131516.94634419243,0.6280371301054348,22,11,2.807866837036483,40.358183533689896,0,0,0,0,0,0,False
1634,298.94118573219316,104637.21281705171,0.5953130798991986,15,5,4.856737826228055,57.21161992440801,100.0,42.788380075491986,0.9954498939056857,0.29605191364704886,7603.151476601875,8529.760785596667,True
1635,319.9634904935247,149260.07675398677,0.5508152362172014,26,5,1.4392519688302488,56.757031340648304,0,0,0,0,0,0,False
1636,343.9686787229082,149539.99619659255,0.6735787780395118,23,10,3.0474702916721785,53.66296513870829,0,0,0,0,0,0,False
1637,345.42387852192445,130553.9473330201,0.6183907328604454,18,7,3.044951448939957,55.16277920280123,100.0,44.837220797098766,0.9975027229173736,0.3102423421669125,5500.108650446604,5772.2787740299045,True
1638,337.09966748968856,104751.8596511746,0.6063254202282071,28,8,1.4136268652089625,57.085714006738314,0,0,0,0,0,0,False
1639,340.75773936674847,137675.54132078215,0.6734445851574906,21,6,2.963954054880178,45.26514560031692,0,0,0,0,0,0,False
1640,339.0448818812764,105032.6996345609,0.3565451233627389,15,13,3.621333489216161,51.89283097154832,100.0,48.10716902835167,0.6717780200396197,0.06430995381509606,7131.260380610734,7644.687100797759,True
1641,342.78132194333557,107105.53280924486,0.38700141445006386,17,7,4.388125494048753,56.511105249643435,100.0,43.488894750256556,0.888823864640142,0.000823303815126202,7262.194167333907,7731.589023791036,True
1642,316.43475921608916,129612.65255810566,0.6435863731093601,23,13,3.9353734290962716,43.21645295060785,0,0,0,0,0,0,False
1643,310.09824666442483,147854.5158392966,0.3923414086358846,19,7,1.501115643163257,54.03627792685266,100.0,45.963722073047336,0.8500210095934171,0.0030421545786007437,3587.7754889728053,4524.087586816131,True
1644,306.38612310889226,120849.46150553408,0.37075632113744167,15,7,4.59930472572604,49.066599795449804,100.0,50.933400204450194,0.7268832141651818,0.001080713334203565,9077.633632680412,10068.073652912857,True
1645,337.00136671715916,126977.11620824627,0.4831823203734741,21,12,3.2378033708797425,53.67668418522002,0,0,0,0,0,0,False
1646,314.87757568144167,132964.91257592087,0.5780409893329361,28,6,3.7501640399723897,50.01069417242398,0,0,0,0,0,0,False
1647,347.936527547567,105157.91622260952,0.5441786884536326,24,8,4.774422493710297,49.32268367699954,0,0,0,0,0,0,False
1648,307.8423891559273,105040.76554865869,0.38304673783389614,27,11,3.6140173798450475,55.93115094832271,0,0,0,0,0,0,False
1649,347.641486998848,136994.98669426434,0.545557135758842,16,12,1.3686946815927206,57.75979668948253,100.0,42.24020331041747,0.970279286458032,0.23495487907934312,3051.837886841686,3332.105357326562,True
1650,317.0958209507551,117302.83453715037,0.6377406222068551,29,7,4.755972369617068,54.83824849053599,0,0,0,0,0,0,False
1651,325.7861695218132,142341.71224475565,0.6421106302157001,15,8,4.013785084302445,44.38234189025654,100.0,55.61765810964346,0.9993752687431183,0.19440090008803199,8453.205378357634,9005.37722579655,True
1652,321.6988920925619,127855.58359522023,0.6117482413442562,22,9,3.0746427961963807,59.634005049521505,0,0,0,0,0,0,False
1653,329.00839258827386,116681.68015362562,0.3054635290076375,22,10,1.807813964203492,59.19901084090054,0,0,0,0,0,0,False
1654,339.77855992974145,101413.98597889443,0.5676413506322102,17,11,2.0650987304316812,55.2818971120447,100.0,44.718102887855295,0.998737797733509,0.21892360704091704,4155.573012209811,4545.183299186524,True
1655,342.10713780639907,128320.31848453489,0.42353522929902915,27,9,2.3710344114237163,50.261188868429144,0,0,0,0,0,0,False
1656,307.9428416491517,108601.91078046602,0.6325109727324418,19,6,1.7786801018432183,45.445182812563246,100.0,54.55481718733675,0.9894141669080884,0.2040544019428802,4605.181422164158,5401.979318439227,True
1657,325.753048781733,119667.59609179207,0.5433615391161208,24,11,2.1742700598958313,46.67848487610921,0,0,0,0,0,0,False
1658,315.24015494211176,139919.068424522,0.6925498995698203,15,8,4.303969050539759,56.298992767627155,100.0,43.70100723227284,0.999556196637027,0.4542422382359076,7026.164677047425,7671.5306792006095,True
1659,320.51469507514526,116233.16572719028,0.5021814259450724,17,10,2.7785323563953783,51.43408241421089,100.0,48.56591758568911,0.9977875488001594,0.03418567632255551,5564.771011367182,6294.398236840318,True
1660,335.7487154914817,143898.73089824035,0.31928809345777254,24,5,1.8392009220704328,52.57305481521885,0,0,0,0,0,0,False
1661,323.3590779548521,127166.60953131056,0.4666279526111078,15,10,1.928763046802365,49.728992879905405,100.0,50.2710071199946,0.8856911515755549,0.04300017140686826,4565.6629333733,5263.372306977213,True
1662,296.94379477987115,128513.02436791675,0.6152508017583604,29,5,1.5830520926213492,41.23822532239031,0,0,0,0,0,0,False
1663,301.51333647233616,112468.34388826138,0.42509425161195313,24,9,3.3220882749802927,55.851367926019094,0,0,0,0,0,0,False
1664,341.0588721960569,100984.09150900567,0.34883409980224434,20,5,2.6372342612679667,41.76951541208729,100.0,58.23048458781271,0.5990457187766189,1.6884781618932944e-05,6856.552321368637,7344.938914881596,True
1665,313.6097716668092,105111.79367807324,0.5999362044295413,25,9,4.54438459404025,50.64090958330043,0,0,0,0,0,0,False
1666,325.26095925581524,107850.07414357776,0.34382128912878057,20,13,1.9904145679252818,56.67019485393327,100.0,43.32980514596674,0.7754965845424753,0.0137644154535684,4094.0705342572273,4837.979056164255,True
1667,311.39815718322177,125497.42183962624,0.4305295260379493,22,12,1.545228233905959,55.49843780447677,0,0,0,0,0,0,False
1668,311.77597922839675,102453.25233804078,0.6165566293361484,27,11,3.6693698826227505,56.541780680124326,0,0,0,0,0,0,False
1669,349.68539072727253,118802.79383716117,0.30814207714312847,18,13,4.477914877754332,44.60754141190577,100.0,55.39245858799423,0.5522275955142948,0.005043367415752296,9875.600218775005,10252.687925819137,True
1670,306.2892379760755,122753.59537606951,0.39846881214880076,24,7,1.214255351832851,54.53994875449566,0,0,0,0,0,0,False
1671,349.0558407698878,142500.60768267018,0.45644614857004007,17,8,2.181031496737015,44.974771417153256,100.0,55.02522858274674,0.8273131547614044,0.0027038711566433793,5484.035924635713,5809.46024005449,True
1672,313.0641542326464,138330.9203098014,0.4428616682856879,22,6,4.577727892143638,40.01298229566081,0,0,0,0,0,0,False
1673,293.39675087725874,142223.02966644606,0.6803785926651208,15,5,4.702563880220311,48.732292832244326,100.0,51.26770716765567,0.9969469100168975,0.3473400884066237,8867.181551020833,9809.656020168026,True
1674,341.9908994108589,130926.59998726338,0.38942164228533366,27,5,1.9953952482616542,42.19772380287744,0,0,0,0,0,0,False
1675,293.94153884317114,104741.5190540734,0.4445777118316313,18,9,2.952850258377869,44.03163385615367,100.0,55.96836614374632,0.7934882640591895,0.0010811233812679836,6970.240715098752,8081.861592967129,True
1676,337.6284407504429,113205.0375568775,0.42560932644676713,29,5,4.599912088937034,42.87455885682681,0,0,0,0,0,0,False
1677,310.051021966306,132494.26963932428,0.6523692297014865,19,9,2.0018096591821326,52.425592505726925,100.0,47.57440749417307,0.9982469435038591,0.33849730505478404,4330.178503184777,5074.780899319578,True
1678,337.95395835186787,140177.20774503276,0.3176276544435641,17,7,2.9625083476777183,46.78801162190935,100.0,53.21198837799065,0.596538384608544,0.0004229196310917176,6827.988639659112,7384.512602984512,True
1679,303.029471259755,143748.11109999882,0.6395754858966574,21,8,2.938703770465313,52.352744596261545,0,0,0,0,0,0,False
1680,313.7886784265845,142089.40852975543,0.4359331606376402,20,8,2.617448422239482,45.334023775079444,100.0,54.665976224820554,0.797256680899237,0.00023330257167349469,6226.584765475883,7075.6639205974925,True
1681,332.4473077881048,148168.17185534805,0.392876336736326,22,7,2.6836035317076234,50.278706776313335,0,0,0,0,0,0,False
1682,313.6827934773178,140052.85368416877,0.31891873722759523,17,8,4.597000022742839,58.92824187613127,100.0,41.07175812376873,0.775124568874242,0.0009538322313136834,7263.755220071944,8193.988305591172,True
1683,345.34578929304433,109907.34317512046,0.4614942575970579,29,13,2.873452899967302,46.6081428318366,0,0,0,0,0,0,False
1684,314.44334958039303,121961.94968363023,0.49788097522441654,20,5,3.3923094859855585,42.090702965095694,100.0,57.909297034804304,0.8597486602066281,2.482016015028587e-05,7924.554200098151,8730.178114233702,True
1685,316.1574173534308,144599.03227487492,0.5841048702768377,20,8,3.4276801670633583,44.83086457663884,100.0,55.16913542326116,0.9990430556133647,0.07347991272825409,7405.369757738307,8138.554362268886,True
1686,304.1500342890432,144836.8024389671,0.5039369879702336,16,9,1.318805642571611,56.32951804283411,100.0,43.67048195706589,0.9680728143495729,0.14410860165412032,3090.135078971893,4021.248954641964,True
1687,318.59290609802446,113273.34301132876,0.455376734510443,28,10,2.0296138502693486,51.566464133847276,0,0,0,0,0,0,False
1688,344.4592024409841,101113.57266302347,0.5245131558235455,26,7,1.3716998163460543,50.32026815489369,0,0,0,0,0,0,False
1689,295.46799032860304,128313.87722382593,0.3594153395077076,22,8,3.5592134241930227,56.93939035097682,0,0,0,0,0,0,False
1690,322.69891154054864,143882.4597942991,0.6774110324161865,29,12,1.2701170177337011,45.5021396891769,0,0,0,0,0,0,False
1691,303.96872353194203,136250.99980021006,0.6184132555303092,18,12,2.108113980470425,40.27528556850191,100.0,59.7247144313981,0.9987456060343521,0.05444545555368434,5627.9906988736175,6505.144646642164,True
1692,331.73107106677315,113307.92408600725,0.6380327157514676,20,11,3.8444369215372927,46.447356463133744,100.0,53.55264353676626,0.9999211862004586,0.22078405682202484,7863.496948707353,8332.294203510557,True
1693,320.86646917852636,108570.12142567978,0.6246764115664538,23,5,4.401350557980561,52.774534599813784,0,0,0,0,0,0,False
1694,342.5703265553204,118657.75776648459,0.5392571240927011,17,13,4.207018703035832,55.80352601861091,100.0,44.19647398128908,0.9999341092631596,0.17438964965650083,6975.366764190676,7344.477915634957,True
1695,335.49731406925673,110576.58995436286,0.5282667316758597,24,12,3.9824213818884298,41.89397245214518,0,0,0,0,0,0,False
1696,302.86369137540606,142191.94928944897,0.47887225200265215,26,9,4.84583083138198,49.24976597091413,0,0,0,0,0,0,False
1697,292.2402176789266,115333.39350567118,0.31677252074536427,15,12,2.402957730415541,50.62954303951818,100.0,49.37045696038182,0.5986611096539038,0.04189434040589383,5439.104336440666,6645.579483539577,True
1698,307.50300832300854,131755.41161530223,0.48726960276945913,15,12,2.4195784226269232,40.93683413592067,100.0,59.063165863979336,0.7827884822858238,0.06091615218944117,6374.213713821517,7264.243551779884,True
1699,310.47326687136547,112080.5833882888,0.3028295103011185,19,10,2.8677365693180685,51.308307914042615,100.0,48.691692085857376,0.6208479371879644,0.0010297016680673144,6080.643671037895,7053.690582104596,True
1700,310.1649366998836,147436.79549818995,0.356847572239122,16,5,2.5803506884995464,41.37625835355225,100.0,58.623741646347746,0.6085554170764115,0.00021702780466052084,6787.168214344783,7721.731525214912,True
1701,309.2577400811578,147402.66401283877,0.4361702125969633,19,9,4.6157730441461,55.55447210113208,0,0,0,0,0,0,False
1702,326.65298068178924,139466.98054619736,0.6094922942921894,18,8,2.9336979882023506,48.04808214673261,100.0,51.951917853167394,0.9986662351676112,0.18869867066530024,6196.014478671659,6754.431412682459,True
1703,313.16505738496625,141308.7724025261,0.30425470558380646,19,7,3.7800852130922022,58.84091180414313,100.0,41.159088195756866,0.7388857836662197,0.00023182912479174914,6251.277203540314,7196.156603911972,True
1704,315.6933568302234,139526.14453494092,0.48755541220993814,20,11,3.0116273879267315,59.82970786734819,100.0,40.17029213255181,0.9996306473655785,0.14373588625984926,4884.774155525538,5671.032918210285,True
1705,324.58606104320415,145813.9380462421,0.5792352560081826,24,12,3.6986173075651436,49.99185800142987,0,0,0,0,0,0,False
1706,314.5821284233003,109325.61838148606,0.37826091528725725,20,7,1.7560245421949796,52.96169822300257,100.0,47.03830177689743,0.8032881691088815,0.0007721879345325852,4077.924940697334,4956.877763325545,True
1707,346.8678213288705,130477.05493763516,0.47607435737487347,15,12,3.570709605285982,42.541932113681455,100.0,57.458067886218544,0.7969971344286287,0.04262180154839315,8269.57759985701,8607.298157242189,True
1708,298.3766767540498,130320.45393063343,0.5190698555566216,18,7,3.875634047697358,52.715035065688575,100.0,47.28496493421142,0.9980148405282743,0.08945853016876763,6990.77517551732,8000.469752896266,True
1709,293.02375589184356,100380.16634933178,0.501848758472242,23,11,4.837207401608923,52.09084502311859,0,0,0,0,0,0,False
1710,329.34528240589157,104439.70013173159,0.5331542996999936,17,12,2.3609143269329658,44.28541874043395,100.0,55.71458125946605,0.9322034630980426,0.031107828239938077,5755.622498614768,6334.499368339311,True
1711,314.04886137165363,128494.0251665874,0.6761975765772903,18,6,1.9721396860524587,44.519467078545745,100.0,55.48053292135426,0.9930923781204991,0.2812788185878088,5005.441674081253,5688.9673354252445,True
1712,334.00827332014137,114253.61568350888,0.6219284929747041,21,7,4.855976458056298,56.2152897595702,0,0,0,0,0,0,False
1713,348.8790774018678,130261.80427892,0.48255631808637045,18,5,1.4653406013844075,54.675581499941345,100.0,45.32441849995865,0.9364402827109275,0.10629332245537192,3431.7280530439807,3740.7713167408815,True
1714,346.7986341385463,101455.44735943007,0.6172501844290221,16,11,1.323244292665801,54.09092055737681,100.0,45.90907944252319,0.9907892182450444,0.3002136864932662,3239.222269913348,3492.5693335184005,True
1715,296.3907224409501,121731.12271224303,0.534920017158246,17,12,1.3865308031693457,52.188553955010036,100.0,47.81144604488996,0.9721772597738159,0.13433499621093423,3478.9963200670422,4494.95885889184,True
1716,315.8930831088729,108927.28182768167,0.4203865758641322,17,13,3.5777718316031164,47.773242973590285,100.0,52.22675702630971,0.7843260826208698,0.022521868562098184,7543.601226551696,8369.34909554646,True
1717,306.78869541467276,115907.95335697153,0.6902123587885428,15,7,4.485658666621479,46.8649146757388,100.0,53.135085324161196,0.9992498960718137,0.33982796974513035,8836.188441664419,9602.96504053557,True
1718,316.5399482489618,106315.77380704937,0.4936005575450223,21,5,1.3859110418888456,49.99326778522723,0,0,0,0,0,0,False
1719,301.05965238819294,142027.6040967662,0.42866439066372075,29,11,3.8676505626883895,59.64358484094693,0,0,0,0,0,0,False
1720,334.5290130702944,132698.76523449455,0.37445824203283307,19,5,3.446782639280009,53.12264054121829,100.0,46.87735945868171,0.798705198814454,9.126748635680377e-05,6562.0208405971225,7153.755168528003,True
1721,301.2172549609692,106031.48492765971,0.6355363261150994,19,11,3.816709239607304,57.637702018033295,100.0,42.362297981866696,0.9999123974465629,0.3677288928714843,6184.751394285741,7051.704239332151,True
1722,297.6702657328239,136588.24600057103,0.510367284328078,16,6,2.527950305860765,52.54264060835233,100.0,47.45735939154767,0.9902430667476468,0.07694280345222217,5085.388734450213,6111.393457021573,True
1723,306.5865143704587,111289.43495209652,0.6792214718793518,23,9,1.597651996019812,52.26406154397231,0,0,0,0,0,0,False
1724,341.57224264468215,114935.73244779005,0.5142004991310032,16,12,2.8443359577882967,53.61723980870307,100.0,46.38276019119693,0.9984346928957678,0.09528804572923996,5406.417372144063,5815.578611063476,True
1725,311.16010988062106,136688.6246276403,0.5546682916744792,27,8,3.161861729725798,46.32524641429994,0,0,0,0,0,0,False
1726,347.82826788235127,119006.62372621686,0.47256304383385006,24,13,3.6846495947910505,40.169341646221696,0,0,0,0,0,0,False
1727,326.77227194179267,145418.03713414207,0.44373527739847235,20,6,4.227539246025021,42.899598142808664,100.0,57.10040185709133,0.7770996478294497,2.0343675133411353e-05,9428.973051052448,10086.262122209593,True
1728,332.71785622868623,122082.6666719187,0.5938898043407177,23,8,4.959259720151215,40.76332986793579,0,0,0,0,0,0,False
1729,312.7900276957418,114037.54824801207,0.5369005444709812,19,6,2.2422205910152737,50.43099470685231,100.0,49.56900529304769,0.9891228721851345,0.09239996713493719,4882.643021897908,5686.802029556729,True
1730,348.2974839706162,140452.67007946916,0.6239113097008979,28,8,3.3426816236617807,59.40122975679597,0,0,0,0,0,0,False
1731,299.13914491409474,130484.98275946798,0.45825943002490077,22,10,4.368080635540392,50.48671340187987,0,0,0,0,0,0,False
1732,295.0462389278705,104209.94961553335,0.43372481987939815,16,6,2.5690975500769797,48.5618197420174,100.0,51.43818025788261,0.8420054743284707,0.001265402957408152,5737.5245804952665,6848.507476993116,True
1733,341.0246369864535,130026.83823670393,0.6299267109010289,18,9,3.2174228234724795,42.68919043949372,100.0,57.310809560406284,0.9994848590505706,0.1337865463048909,7326.83414540006,7677.52370921256,True
1734,304.7790870478785,102019.0078911153,0.30932367512660935,24,13,4.310516965834013,40.664705337441525,0,0,0,0,0,0,False
1735,312.28876843987223,121849.29565291022,0.6593358229755037,26,8,1.4798586562791536,55.794650462713264,0,0,0,0,0,0,False
1736,311.9181709844543,129072.16211634073,0.3794101828211894,21,8,2.943282386113561,55.85736873605828,0,0,0,0,0,0,False
1737,293.98481934232217,113317.59626109879,0.3223864170935702,25,11,1.6157240196526463,58.35666219376874,0,0,0,0,0,0,False
1738,326.3203861284932,123099.82420039613,0.6223003393171407,26,5,1.2059561641097116,58.92399020200165,0,0,0,0,0,0,False
1739,307.5485041919339,137951.31892022002,0.5255354793817015,21,7,2.618811454574648,56.824554981442546,0,0,0,0,0,0,False
1740,306.72041592132626,101645.24890246037,0.3968211810526949,21,12,3.7341529204117263,43.973922640478335,0,0,0,0,0,0,False
1741,297.50975014880953,131205.38990353426,0.4335756651048847,27,10,4.049290686294258,43.68935288633527,0,0,0,0,0,0,False
1742,291.8702034254709,132094.06276108278,0.4614054888001436,29,12,1.374076810079696,49.59245991979173,0,0,0,0,0,0,False
1743,302.1283423072585,147657.98603884154,0.5491242267504689,20,11,3.225439552862138,58.645307185049035,100.0,41.354692814850964,0.9997937210373444,0.23132767771682475,5296.63698494795,6216.764034316799,True
1744,305.7041438426211,113803.74085097815,0.36448915613633176,24,9,3.1243298403772117,46.24734983267099,0,0,0,0,0,0,False
1745,321.7055230331455,102844.83916568907,0.6050936364079816,26,12,2.468441017993631,43.392981193160296,0,0,0,0,0,0,False
1746,327.72965047754434,118113.52297472791,0.46701910894096776,15,8,1.2807474655326871,59.789687017503624,100.0,40.210312982396374,0.9372463621063999,0.15077792437383367,2816.105105478837,3438.637464990872,True
1747,342.4146354922567,112845.98136976775,0.4022306483871859,19,7,2.5476796893188824,49.317145189944966,100.0,50.68285480995503,0.7932438865805883,0.0003910373846279148,5665.227782132743,6120.650761166167,True
1748,314.1428220143445,118290.34100958094,0.4820573926508722,17,7,1.2405041506358754,53.126360005469195,100.0,46.8736399944308,0.9431286977712149,0.07526025481901756,3221.0770613392037,4038.93103340153,True
1749,314.2932442865125,141678.81910935964,0.5532129737135973,22,11,3.1839584367999136,51.11624247970131,0,0,0,0,0,0,False
1750,302.61216064649744,117041.22273623744,0.548062274787375,25,7,2.7451298216481073,42.824067644053684,0,0,0,0,0,0,False
1751,345.7775201338809,105577.12774559467,0.3581706523750159,25,13,4.962570636019468,51.717863077136016,0,0,0,0,0,0,False
1752,319.09677623892634,117700.87648271312,0.5421062430683153,15,9,1.5878448286421483,51.156216104827045,100.0,48.84378389507295,0.9842445691158147,0.11994629788622284,3844.1553084332263,4553.79266923769,True
1753,304.99919645717716,108727.1563497099,0.4131416368999812,20,11,3.8155625265174393,57.90934894330914,100.0,42.09065105659086,0.9784000719982046,0.0023007988805744,6171.944850164476,7178.0330185630555,True
1754,348.13036675795655,141666.60823150587,0.338377294121456,15,10,1.2099351479592273,44.72694651041229,100.0,55.27305348948771,0.5910406309045246,0.02613907667653474,3958.099940834758,4340.831013099611,True
1755,319.38257546503223,131367.94736809042,0.6122271023655752,28,8,2.316134124445995,57.50126392734261,0,0,0,0,0,0,False
1756,297.915144994256,137975.9059278028,0.4061539302106921,28,13,2.3021023906285443,41.45344351580328,0,0,0,0,0,0,False
1757,296.30488685957056,145980.60287732328,0.6844301666296166,17,9,4.644157390244418,54.76775396643543,100.0,45.23224603346457,0.9998199609718055,0.42395234121406594,7738.348377283313,8635.82199799054,True
1758,312.30454620030605,110228.95659621597,0.5411147447035287,21,6,2.9568967602418788,52.734277113597976,0,0,0,0,0,0,False
1759,316.0902214854936,138360.52441670868,0.5093171428293506,16,6,4.436331782443904,57.546629599556766,100.0,42.453370400343225,0.9964002179003831,0.14998729560029336,7000.693062063742,7767.425527224382,True
1760,299.8721979840802,121386.22223869502,0.37581029626571694,21,12,4.0909171608743025,42.77142174291086,0,0,0,0,0,0,False
1761,295.4771878886477,141991.66860375807,0.4885123589862856,21,8,2.219354590088869,54.64994625586794,0,0,0,0,0,0,False
1762,290.00300552783284,129245.81767297167,0.3311808905569097,17,9,2.6718223629226254,47.94769288887499,100.0,52.05230711102501,0.6345694349519665,0.0018208459213190876,6160.494865496379,7393.960868969821,True
1763,304.52178866452226,107783.95402207092,0.6702176482222325,21,7,1.2494365115021744,51.558790931647174,0,0,0,0,0,0,False
1764,309.45764806748366,141370.71480826463,0.38641985243919974,28,11,2.135211582369471,53.23680449861183,0,0,0,0,0,0,False
1765,290.28769917670195,146252.67122683683,0.36071403356479803,29,6,3.422805806039489,58.25292802220412,0,0,0,0,0,0,False
1766,303.6145491034543,132817.9461360419,0.6832915131789561,15,12,1.2634220959772764,41.817998854078624,100.0,58.18200114582138,0.9783522028606951,0.27276957769290366,4010.0309252784095,4825.748224134952,True
1767,338.0617304295888,107598.05394164054,0.3889981549152836,15,5,2.85539972051165,44.567710094347184,100.0,55.43228990555281,0.7012652272491787,0.0006084173330106454,6827.514661897107,7346.123906531901,True
1768,293.66749076242155,135025.44351333438,0.3741094758868361,26,6,4.550142784942694,40.87066318269308,0,0,0,0,0,0,False
1769,301.6917054754328,109349.65703264088,0.6256797525679305,22,10,1.2375279956643346,52.866993419718824,0,0,0,0,0,0,False
1770,311.1515092170288,127719.98806534565,0.3716117322209922,29,12,4.497377743169455,53.796838155744396,0,0,0,0,0,0,False
1771,316.3255287356693,118332.37825927958,0.6758333844491619,21,8,1.483104660101053,53.56475736201619,0,0,0,0,0,0,False
1772,324.86078254373524,121927.51419577468,0.33023564388983556,16,5,2.3775242584855953,48.858403292007345,100.0,51.141596707892646,0.6452720926452714,0.0004779222402218387,5559.996362362494,6308.085297564651,True
1773,317.54092582838695,138998.9470573328,0.6610915817928902,21,9,3.916189704761453,46.586729529428204,0,0,0,0,0,0,False
1774,335.3787083028149,116655.89655160856,0.48719770668427986,24,11,3.649912918341726,46.57699855374801,0,0,0,0,0,0,False
1775,319.73443084592935,136763.10745924085,0.5549831817065787,28,6,1.320418098601881,48.903021279747115,0,0,0,0,0,0,False
1776,341.2077953634907,141547.80451927584,0.5517819775340074,27,8,1.7159762734510344,50.84517363336241,0,0,0,0,0,0,False
1777,335.05798733947694,121290.01103069713,0.5690646467595215,20,10,1.2364127944637255,40.57404593624947,100.0,59.42595406365053,0.950056283362217,0.011067009463666141,4070.5364895167345,4551.425063085015,True
1778,318.79836870083005,139506.97952413178,0.3316278051660553,28,6,3.4926526821168826,43.17497394455058,0,0,0,0,0,0,False
1779,325.84312317043003,101986.5371838482,0.6943468719087338,16,5,3.0749333924350717,57.53773706304554,100.0,42.462262936854465,0.9939721626968785,0.473226543174144,5251.38606600162,5751.514813360191,True
1780,348.3888279290917,140351.17733334994,0.6951789446118951,25,12,3.4623709768468,43.89994172841624,0,0,0,0,0,0,False
1781,336.4400350051254,141382.7932885925,0.5294764870279011,20,5,2.5002808652432513,57.334447564393635,100.0,42.66555243550636,0.982213276355294,0.19256438900695438,4543.813320050697,5003.467914447454,True
1782,343.17711746356275,145728.2373689558,0.4201288152486008,23,12,4.4748006578184425,58.68499802535688,0,0,0,0,0,0,False
1783,322.892476601596,137739.72790733172,0.45983852285667415,15,13,3.645623945934447,44.33703540812517,100.0,55.66296459177482,0.7658644867179105,0.07564906604876181,8182.754615200482,8873.830503882955,True
1784,291.2566543149808,106064.28439707564,0.30893838958445824,21,13,3.4462470389123734,41.32068450401778,0,0,0,0,0,0,False
1785,324.32664392651964,138485.60878037778,0.6158886184815655,21,12,3.504676969522148,55.98948659674359,0,0,0,0,0,0,False
1786,316.7031052969969,125982.10780613979,0.49352825296722813,19,13,4.453907809323271,44.641817406524176,100.0,55.35818259337583,0.8872379069659793,0.0052909154563177425,9359.83673652753,10139.877673253717,True
1787,319.03656452790875,101243.17431158158,0.46642829033670813,23,13,3.2653435925347516,52.5269291638823,0,0,0,0,0,0,False
1788,302.4538214564112,114170.05039530864,0.46759005251417707,16,8,1.2784961619612896,50.71454997539537,100.0,49.28545002450462,0.9132179598140636,0.03452383746689938,3464.4137633391224,4454.914551117435,True
1789,336.77275232344914,138029.19839783543,0.6749753525327602,29,11,3.0430825410483306,47.59667883618184,0,0,0,0,0,0,False
1790,321.5954341241267,137376.31714117448,0.5570071811121955,15,7,2.6112859140271585,55.2780217061062,100.0,44.721978293793796,0.9954407986521847,0.20229708324171758,4899.996268706498,5555.507068160506,True
1791,313.7162301650766,110026.88729018142,0.39864837573609735,29,11,2.3074569308679846,54.86482332668783,0,0,0,0,0,0,False
1792,305.61738465973264,106717.4047648583,0.6563480001694421,15,10,4.219002694367015,53.57243798765695,100.0,46.42756201224305,0.9998491530053369,0.35865917083222976,7344.4905670301305,8143.574754302553,True
1793,323.9951612412219,114711.40203314819,0.3893522399294875,29,10,2.8397442340391335,57.05228885335804,0,0,0,0,0,0,False
1794,337.46801744261586,119035.62197495443,0.4155973575039701,29,5,2.2460103555110025,44.88097935942175,0,0,0,0,0,0,False
1795,341.59205839008024,147429.57898679428,0.37719565960233936,19,7,4.946425688711877,43.990917799392065,100.0,56.00908220050793,0.673418629755583,4.599423754722166e-05,10680.909936371776,11150.630714960684,True
1796,308.52453348852333,138287.3197592869,0.6186595719404782,16,5,3.081478793696741,42.98502160451202,100.0,57.01497839538797,0.9930361915465545,0.12209232802970012,7063.897214087747,7871.221180126637,True
1797,304.0726439251716,101266.3403304239,0.6135769158753446,25,9,2.0319276940663475,57.261111111060316,0,0,0,0,0,0,False
1798,329.255914959988,133159.32058038923,0.3032763581858997,24,13,1.2258256272519639,55.670112638522895,0,0,0,0,0,0,False
1799,309.06059002543907,114735.58373884679,0.3332608907392403,27,13,1.7475427578749378,42.52766033880267,0,0,0,0,0,0,False
1800,314.59163176243567,131099.13507436175,0.6679209754949893,22,12,4.695163555831579,48.51001403619758,0,0,0,0,0,0,False
1801,311.2116401718429,126458.76943884723,0.6244488680696119,20,13,4.283561109448857,52.2941009214875,100.0,47.7058990784125,0.9999838514874684,0.2818627999526742,7639.842336002185,8390.155908397279,True
1802,306.4734687086901,134479.37774183523,0.3291000502365053,25,7,2.977549051716155,52.94857548501138,0,0,0,0,0,0,False
1803,312.32250639726817,105215.93818936675,0.5325987714980088,26,7,1.8765637778040851,46.95643986113317,0,0,0,0,0,0,False
1804,295.3605354438895,131954.01111995976,0.4786929001837642,19,9,3.984922613772028,53.60883149463594,100.0,46.391168505264055,0.9993572755984207,0.028111558591624067,7010.329616545219,8097.885488205991,True
1805,325.5984396267547,117898.72077501951,0.6139466717831794,29,13,3.3962056356620467,42.38518084934314,0,0,0,0,0,0,False
1806,301.28212812723336,102380.58800284228,0.5855510450410987,16,12,4.805294398675672,41.53081920018602,100.0,58.469180799713975,0.9852631407697588,0.02282922570115583,10320.73511359547,11257.729519301341,True
1807,309.3557172840792,104219.99462923524,0.47985409565373327,22,13,1.9481324580300425,44.21343032868346,0,0,0,0,0,0,False
1808,309.1391616695336,127302.73453967617,0.3220864844927856,20,5,4.3438001945145315,46.33328849108771,100.0,53.666711508812305,0.6001546349177488,7.5127887768935345e-06,9282.86733955515,10255.496649405311,True
1809,349.16206281104485,135598.25512992375,0.32102375990112625,17,11,2.8895452932440637,51.34490657509254,100.0,48.655093424807454,0.6521442502447632,0.0072500874810575424,6086.154880896044,6472.871535165255,True
1810,328.7070834433264,122762.23264249171,0.649523022159951,22,6,4.870343426946246,48.63498808698645,0,0,0,0,0,0,False
1811,300.796277808104,117207.28642481891,0.47398116303131776,19,8,1.4976523721273618,45.263952539220966,100.0,54.73604746067903,0.8643157669703135,0.0019682945043471463,4255.855256045075,5263.698069159442,True
1812,309.5540922148756,100282.28538602493,0.4961429827452617,28,10,4.116908215565602,54.576365171911085,0,0,0,0,0,0,False
1813,301.98709371915953,136411.39993861227,0.4490368756645656,29,9,4.662918998163382,51.89159974372969,0,0,0,0,0,0,False
1814,318.81540819972815,143466.17265312356,0.3020959697330361,16,5,3.230999555528279,40.19549995490485,100.0,59.80450004499516,0.5050683042292603,0.00010561156071108396,8275.599174032799,9117.380637374681,True
1815,346.3530260769445,147272.74277670126,0.3072759752379456,22,11,3.3124077288866314,55.50967586344542,0,0,0,0,0,0,False
1816,346.5298021347696,116324.92378260435,0.6595829539641416,19,12,2.812390632141476,47.94907360831207,100.0,52.050926391587936,0.9998913875414651,0.29016258924501415,6014.785556829405,6254.378280696704,True
1817,345.1092185287453,129729.81224861978,0.6376265686907485,19,6,3.517442747403667,49.904425431264464,100.0,50.09557456863554,0.9968907950304335,0.27698721645951646,6863.86681933598,7135.2211109337495,True
1818,319.74569460046865,130292.5928822093,0.5072022298331108,27,9,1.5804397619507045,43.157493547659215,0,0,0,0,0,0,False
1819,305.2670334697392,120369.66932914231,0.36701986139400256,29,13,2.344946869588462,46.96704739516724,0,0,0,0,0,0,False
1820,337.43781949283203,105298.32911420624,0.63243830548498,23,9,4.32530258217452,54.22132913631677,0,0,0,0,0,0,False
1821,331.97788503202315,147369.76243118788,0.5018028695873308,17,11,2.634969217031352,53.231629765891206,100.0,46.76837023400879,0.998545326404114,0.06535484759522733,5154.353495449286,5715.417972440874,True
1822,328.7377515595209,106074.31308953039,0.3489099000408195,20,12,1.9156901058768827,51.38754683966178,100.0,48.61245316023822,0.7120173377059202,0.0054119993170125115,4521.23956624626,5205.784427846839,True
1823,299.7896420047007,117215.27816846452,0.38673431686633203,21,13,4.18028935364304,45.18684737415883,0,0,0,0,0,0,False
1824,293.49383480790544,102743.8564822595,0.3819213976597133,15,13,4.051398437334684,46.7150795376819,100.0,53.284920462218096,0.6674776733083818,0.05620579475336902,8638.83385636944,9782.384897031625,True
1825,343.9556892301006,124167.47108482552,0.6805111775349781,15,8,1.3004678941364758,58.19221660206408,100.0,41.80778339783592,0.9893775508832655,0.45860850523006214,2921.808698789508,3174.6225791625934,True
1826,313.73238883571014,138406.4518009146,0.6944075587847164,20,11,1.5113381638984391,41.8476957977918,100.0,58.15230420210819,0.9984826175933985,0.2718596420221519,4427.914280360116,5106.873026849875,True
1827,314.52006212293855,116166.23852994322,0.3650504334113683,25,12,1.8860430185896817,55.883502455360414,0,0,0,0,0,0,False
1828,339.1138264474916,125931.41737935375,0.4825906123687035,16,7,4.337776821449883,56.129357438562806,100.0,43.870642561337185,0.9977240039231806,0.07995908521027376,7101.21940056362,7566.276086109991,True
1829,322.4884465775759,146317.46284237123,0.6314440945197226,27,12,4.72407123816858,59.84959069065167,0,0,0,0,0,0,False
1830,304.0130131453274,127210.07199300374,0.6676279323622141,16,13,1.8813542820719014,47.782601184003006,100.0,52.21739881589699,0.9991404326388483,0.3053440368418239,4561.1782208692675,5379.520113179686,True
1831,327.94441429551216,120717.13038681111,0.41682118877691454,26,10,3.352711202764252,53.85002311477676,0,0,0,0,0,0,False
1832,313.9270059880921,148438.26853865187,0.3206092954591827,19,12,1.7622291038159896,56.36239146078447,100.0,43.637608539115526,0.7177846612413946,0.013103915681981177,3841.75457979882,4759.749690882909,True
1833,296.84963390625046,134081.067644962,0.49399638444856414,29,10,2.4810746722404087,46.618845585922365,0,0,0,0,0,0,False
1834,345.8788157776202,132152.85981540696,0.6613796114616919,28,12,1.4228799591760979,50.94805224715137,0,0,0,0,0,0,False
1835,342.7709583296315,147071.8539114131,0.3541755362736272,24,8,3.5737764451104725,54.19784845347322,0,0,0,0,0,0,False
1836,308.2413727267118,111245.19403369825,0.47249782917454264,19,13,2.061415940648991,44.93214088925007,100.0,55.067859110649934,0.8450310156360475,0.015915560847950143,5265.914942283211,6169.799350942985,True
1837,329.4031367001042,111666.81756329018,0.6463053990117762,19,8,4.8317697282216905,44.01325383789965,100.0,55.98674616200035,0.9996347936298845,0.19685483424225886,9897.012638606446,10396.676463598518,True
1838,294.17712468530306,123246.35838860123,0.5555470084695,20,13,3.1821423060704106,53.005976321323004,100.0,46.994023678576994,0.9999400959034271,0.16155572182669706,5957.048817605641,6986.954490814041,True
1839,331.7087985781472,139212.42303469422,0.6598238754574929,29,5,1.5031203554104395,40.87359797968658,0,0,0,0,0,0,False
1840,301.6432854746261,113346.78072613945,0.37028122860131807,24,13,2.553037191276088,58.7380446193508,0,0,0,0,0,0,False
1841,349.5620172909169,108779.00651119431,0.555987852518139,18,6,4.6293542513372445,56.805584905574364,100.0,43.194415094325635,0.9970370016834896,0.2206084196072255,7374.7833513433125,7625.339903599708,True
1842,306.0555207008221,138110.505371925,0.6906314557175439,23,9,1.8154941079950189,59.559549358327644,0,0,0,0,0,0,False
1843,302.15521880815623,146043.08062323366,0.36028196010227476,25,10,2.624603320897591,54.78377386525599,0,0,0,0,0,0,False
1844,291.9882202074204,144015.9505939742,0.30863367599108615,22,7,4.951130976574507,55.66247215326883,0,0,0,0,0,0,False
1845,320.4237029058525,126899.27828308848,0.42638625017820164,19,10,2.0700899195331726,54.19126165295751,100.0,45.80873834694249,0.92192154096962,0.007505732483456385,4331.473325884973,5106.768431420717,True
1846,297.1850309777065,117173.60175263464,0.6728155431583507,18,7,4.63005657613922,50.61145050600881,100.0,49.38854949389119,0.9992318806360637,0.35428621424720325,8429.378050690664,9328.104318749045,True
1847,290.0280927448835,115789.37590973538,0.3202355792691596,20,7,3.7759488985700393,58.66846962810035,100.0,41.33153037179965,0.7746156794324364,0.00012879361020929795,6237.9013391977805,7494.058090707084,True
1848,311.30299422992607,102603.24989579023,0.5773884645570166,16,8,2.0403197205116266,43.43713481400785,100.0,56.56286518589214,0.9929476737186033,0.03623119961905961,5220.31611108153,6028.603650259184,True
1849,326.7059850780303,105657.83826327148,0.3904375876085546,25,8,2.9309650723708596,58.578995380556904,0,0,0,0,0,0,False
1850,316.0072880902428,139484.30329342777,0.609297840090496,26,8,2.5500413685916814,54.74610778230789,0,0,0,0,0,0,False
1851,301.8793405159557,135445.06183348736,0.5845113790207863,24,12,2.548653070244397,45.32945948952261,0,0,0,0,0,0,False
1852,325.3337923055158,143032.6653639461,0.4276558251158622,25,11,2.0073940020663916,48.310329259013756,0,0,0,0,0,0,False
1853,348.37864964930776,125634.68927735402,0.41055240414354954,17,12,1.5299610660570835,54.07844351962808,100.0,45.92155648027192,0.8222951842006259,0.06091600927105874,3643.06931950089,3995.9693203350225,True
1854,331.7965896597535,142855.84642712088,0.6678117016501046,25,13,3.1888589386995854,47.113535606291386,0,0,0,0,0,0,False
1855,317.0177109823853,123238.73772483719,0.3936407313799374,29,6,4.132605819418332,47.92000710851723,0,0,0,0,0,0,False
1856,310.23830211904846,110729.0243232898,0.5205793299914068,25,11,1.8900249494504058,49.945264389977154,0,0,0,0,0,0,False
1857,291.68795934165877,149617.29982625868,0.3196472028500382,23,5,1.3036529374580414,54.552154748102225,0,0,0,0,0,0,False
1858,333.30086796903174,113081.24515996432,0.34072770352291804,28,9,3.455815233728578,42.97417394941554,0,0,0,0,0,0,False
1859,309.7464172998497,101961.24298119971,0.47325829524177954,28,10,4.449169217983287,40.7423360310757,0,0,0,0,0,0,False
1860,334.68150216345964,132413.3152947813,0.5903513124867015,16,6,4.958514020174949,46.309694774924296,100.0,53.6903052249757,0.9980065653299037,0.11772280627924289,9700.760415966926,10165.453851708753,True
1861,338.23141726718546,109967.43729045328,0.5102487380244682,24,8,3.737436083443325,56.899353040611615,0,0,0,0,0,0,False
1862,321.16643781195063,128572.97769029412,0.38621041025662933,21,10,2.5904461213921284,48.65389741056855,0,0,0,0,0,0,False
1863,291.28701428217084,126806.7230421937,0.3180547648394545,21,5,1.7748202682660437,45.08947431481456,0,0,0,0,0,0,False
1864,317.6495430676208,149334.92954760615,0.5877781637712581,28,9,3.172873999460042,45.07986858892931,0,0,0,0,0,0,False
1865,337.2764746637565,124789.32167110748,0.3292219254133349,15,5,2.3284825798993447,43.36016702576984,100.0,56.639832974130165,0.5808408212125628,0.0005414594668820534,6116.119727157549,6673.152541798645,True
1866,303.25038446244685,120810.10383822463,0.676909542033111,25,9,1.9879524262221242,50.83299700561474,0,0,0,0,0,0,False
1867,305.5265445873632,136692.22989153507,0.30799468153129345,24,8,4.076589192889416,46.2797920579271,0,0,0,0,0,0,False
1868,318.08928139400655,149124.41100214503,0.3589212703358764,24,8,2.6677296228342655,55.29128901673954,0,0,0,0,0,0,False
1869,325.24988342766176,143112.6904113973,0.45472168611523894,29,5,1.872310888742973,44.05890411224489,0,0,0,0,0,0,False
1870,301.3207398689277,145165.49833371773,0.3822151885769698,23,10,1.445234441655796,59.71311199123804,0,0,0,0,0,0,False
1871,300.0301430415846,106268.09431423352,0.5970876590150223,19,12,2.8050152559177137,47.39347515043745,100.0,52.60652484946255,0.9998526483785487,0.1500146664574376,6067.279350961115,6996.812204515168,True
1872,312.0989816041754,111706.6171441781,0.45244654931447525,15,11,3.1653183476709357,46.89948657865852,100.0,53.10051342124147,0.8267663686049155,0.028628580802698065,6930.387733408814,7790.992881400903,True
1873,343.83656119448233,146393.84407755005,0.4379692268844746,28,13,3.8004920296295177,51.95102057455979,0,0,0,0,0,0,False
1874,333.2052687049628,146266.35153100823,0.35276234818671864,17,9,2.6303266815818236,42.89534068856791,100.0,57.10465931133208,0.6165585968310571,0.0015825183360390716,6697.057548682678,7302.469960341747,True
1875,321.88990028598425,124409.19171331215,0.6663165865186398,28,5,3.842676992313236,59.72717710539172,0,0,0,0,0,0,False
1876,322.3343862125892,137908.09293041617,0.3897252823764662,16,12,1.684792681740995,49.2946482356261,100.0,50.7053517642739,0.721282083640486,0.04868038483396033,4336.647130415505,5081.080556149568,True
1877,313.090307889767,129210.68954830809,0.4974337965367428,24,9,2.887223950445347,41.10716312832159,0,0,0,0,0,0,False
1878,335.58266615334264,141148.08184626614,0.6460127075495635,20,9,1.395106090454002,57.97053018663937,100.0,42.029469813260626,0.9925676569883913,0.39475562722962126,3056.0478775079523,3448.792439748898,True
1879,327.96261359761263,107914.18469347197,0.5583761565695355,18,10,2.3036922794256003,59.26869650489701,100.0,40.73130349500298,0.9987596254046216,0.25573135728445234,4079.705959748975,4638.604901564497,True
1880,315.1324432162626,122844.24765158254,0.31938449124967605,17,13,2.8033953246703445,58.79177247459437,100.0,41.20822752530563,0.7292207842424405,0.032124833886732575,4987.034038151671,5886.66173908011,True
1881,340.3040136977269,107509.70706498183,0.37963845510828426,28,12,4.981126924114347,46.51054831397497,0,0,0,0,0,0,False
1882,325.4860929632256,147872.42584796686,0.47696214662332403,19,13,4.90061950906322,43.48474526004448,100.0,56.51525473985553,0.8407898588085198,0.004096081529855815,10424.012257405922,11085.393532255153,True
1883,315.46759358994007,102244.88158265139,0.40823605280163444,21,8,1.5163444424447223,47.88226750190964,0,0,0,0,0,0,False
1884,321.39595066427773,148990.1396393557,0.5172063805244236,16,11,4.157380630843013,54.50492184703531,100.0,45.495078152864686,0.9997386716495239,0.11442249169871518,7112.1733156542,7806.481025811363,True
1885,324.2644859947621,106534.01307623553,0.33432626561287543,26,10,2.847781417081692,51.44666889801531,0,0,0,0,0,0,False
1886,298.04475169565956,147995.8437620252,0.44363864009722026,23,5,3.300138486807552,48.35172076202457,0,0,0,0,0,0,False
1887,307.219241604591,106988.96739011891,0.40917229934949906,24,13,3.9238619867808904,45.15685574859207,0,0,0,0,0,0,False
1888,329.9132240759669,112716.28746495812,0.5519454247652311,22,12,3.126924911362128,53.83360524879231,0,0,0,0,0,0,False
1889,349.6315673263947,142637.6398412566,0.5534956325873435,17,11,4.329609542874023,59.47928651437171,100.0,40.52071348552828,0.999886483709445,0.24938876035822002,6545.8679443525525,6792.712640169779,True
1890,338.9650557129642,109234.31821934058,0.6604190762898362,16,6,1.916129201816375,41.49248346432066,100.0,58.50751653557935,0.9915145330433058,0.19354658067551353,5180.816311986863,5537.912064941537,True
1891,336.7780055614931,132911.0065742789,0.3334973590386219,28,8,3.651518369314994,43.83542882730367,0,0,0,0,0,0,False
1892,334.9426564796222,128709.98269594638,0.5237225826077121,19,10,4.0198170279168295,50.16678726457957,100.0,49.83321273532043,0.9997276889366141,0.050864514094730695,7582.571970929909,8091.102448674021,True
1893,315.5101254988337,131412.91049304756,0.4196300693863269,15,7,2.134780429343479,43.56118175646308,100.0,56.43881824343692,0.7410363967073552,0.0032098273999549816,5619.7009455761345,6448.847691739649,True
1894,347.5474474328535,144487.10563571667,0.5574872520997083,29,11,4.976125772364978,58.99537738136282,0,0,0,0,0,0,False
1895,337.7048547281183,124758.27591296218,0.6014499247403153,19,5,4.677966551407044,45.35810226203008,100.0,54.64189773786991,0.995796157843428,0.12636659680690868,9412.352691603583,9826.38612001012,True
1896,330.8677297476564,100047.124589807,0.3124115368268533,25,12,3.996904933067178,46.28333813645344,0,0,0,0,0,0,False
1897,291.9170489535564,148911.28659705454,0.4395271312518001,27,5,1.8346986950461117,52.40619073806871,0,0,0,0,0,0,False
1898,304.62715968896106,136544.54512823824,0.4776681447591794,22,7,3.0872149177124384,59.584115645043866,0,0,0,0,0,0,False
1899,329.3130209430415,127091.59447763885,0.36355987593630246,22,8,1.513710051879742,42.33468124750596,0,0,0,0,0,0,False
1900,305.85432142673386,118733.17597894391,0.4300552150755786,18,8,2.212553235168181,59.613347516571004,100.0,40.386652483328994,0.9905276927322653,0.05034738394503814,3940.5773467303898,4914.656187821076,True
1901,308.64292369131334,126053.75958481783,0.42807748340411467,24,8,1.8160141653885558,58.06761025386485,0,0,0,0,0,0,False
1902,338.26700054804667,111768.69057139484,0.6161127964803097,29,6,1.6951879126077827,55.82488789681805,0,0,0,0,0,0,False
1903,302.7023304120519,138308.929851277,0.43502126793511553,27,5,2.0782908588772755,54.90558218844222,0,0,0,0,0,0,False
1904,320.9983040459598,140293.08959384455,0.44120363000608076,20,11,2.1508000609953,47.76824904398934,100.0,52.231750955910655,0.8419316514133376,0.003027624950568979,5143.2951954172295,5892.409745861063,True
1905,335.2379773619512,114080.86439532782,0.5092494282999271,16,6,2.9766767211156675,47.55246730993153,100.0,52.44753268996846,0.9682374729476847,0.003041745040499606,6364.37411543095,6881.834765814181,True
1906,339.5596787704874,130420.41482213676,0.6160647017867609,24,8,3.2425617741095527,48.24056262163657,0,0,0,0,0,0,False
1907,300.3818173114575,118164.51028444756,0.5605315896106271,28,10,1.844236874657383,41.27969776521517,0,0,0,0,0,0,False
1908,294.84623505187795,117949.52947257637,0.47925618793081914,25,8,2.673266607355158,42.445675692003135,0,0,0,0,0,0,False
1909,326.5060599436275,109573.11782597139,0.6879814040790255,19,13,2.4547177847761152,57.778813606642295,100.0,42.2211863932577,0.9999127360856819,0.46004134949409264,4421.150120153834,4916.310174756205,True
1910,308.656874695974,118211.30617200107,0.5035075681089041,18,11,1.419980686623034,52.10213674311154,100.0,47.89786325678846,0.9707266330339985,0.07398564358562827,3535.2022413792947,4417.573921425506,True
1911,293.92136674874183,119443.41916802185,0.6020877703674063,20,10,3.398751082638001,56.94097803006083,100.0,43.059021969839165,0.999738143983461,0.3013825745079674,5741.194942071243,6727.989766472845,True
1912,340.1145545764312,103984.52717907235,0.4534979419964179,24,9,2.280115908381865,47.40634773254479,0,0,0,0,0,0,False
1913,331.8839600138687,148650.31617055836,0.6223566286520779,28,10,2.58463176723472,47.702893834521745,0,0,0,0,0,0,False
1914,348.1989640334684,124890.63104417353,0.38632653869140227,21,6,1.2475594461010524,57.389673383982476,0,0,0,0,0,0,False
1915,333.46734708798607,115921.71513651637,0.6842453587712151,17,13,4.383265114321265,50.58840793546289,100.0,49.41159206443711,0.9999814698093453,0.37585396454444064,8062.326970720878,8469.2996222699,True
1916,311.39051715448124,135648.70008011535,0.3939544114525999,26,5,4.78994601936222,58.695996276226396,0,0,0,0,0,0,False
1917,302.07361553716413,118458.17613715184,0.5786137510035874,17,10,4.013309454294766,52.682782431827064,100.0,47.317217568072934,0.9997976847321544,0.20032602250006531,7190.2976913039,8097.786192482092,True
1918,316.75240834484003,109490.19841976045,0.40904044046222715,21,10,4.825524849348727,59.56367375605364,0,0,0,0,0,0,False
1919,327.7270975960187,121375.40289163965,0.5162013331762497,27,5,1.8602812623669438,43.75303378400807,0,0,0,0,0,0,False
1920,343.88866461752315,136874.8522307836,0.3973258701579708,25,7,2.5118097324477597,43.21422115961695,0,0,0,0,0,0,False
1921,331.8365926707327,124278.34238993718,0.5677553709319412,24,7,4.838138942944695,48.99070314891483,0,0,0,0,0,0,False
1922,305.24474343442824,139423.6917140653,0.5967601134963114,17,7,3.376433807738694,50.3394709612267,100.0,49.6605290386733,0.9980936533092282,0.2008406150391827,6590.152164609074,7444.6673747891,True
1923,339.0743961484632,100590.57966998675,0.6497826385551337,23,13,1.600651879839229,40.521071415609974,0,0,0,0,0,0,False
1924,324.6717499884305,103530.15944857692,0.6952431848465913,21,9,4.829960197984427,45.0380938338858,0,0,0,0,0,0,False
1925,341.9028541795309,143008.4636466012,0.40659881597079506,19,7,3.1128533759355994,49.65186575243443,100.0,50.348134247465566,0.8073249941853162,0.00025491405186842673,6509.443230322338,6971.323809990002,True
1926,309.3360428772496,129054.21216631855,0.3723805853399741,19,10,4.703333830742125,53.71978913085702,100.0,46.280210869042975,0.8037742230743585,0.0007308022788395596,8302.216045436093,9258.824144164333,True
1927,317.1854489035265,117841.09821981651,0.6957885060912423,23,13,2.8514066335412616,46.93934168504669,0,0,0,0,0,0,False
1928,337.2991157719433,107834.76236536537,0.45857813451139484,16,11,1.3029959280538919,58.7110224299662,100.0,41.2889775699338,0.9095609150813784,0.14142117164294424,2935.5719935070215,3422.9360121049986,True
1929,327.0962567893327,139669.53298731003,0.5693149051974616,15,12,2.041361161122512,47.32377222949857,100.0,52.676227770401425,0.9610503674735706,0.1332659312402427,4895.938286307042,5473.903558120726,True
1930,304.8137710362902,129577.44844284203,0.6458260444005295,21,11,1.2125946151412708,49.77754286174109,0,0,0,0,0,0,False
1931,326.97384834295065,145117.20038419685,0.6963046471364033,28,9,4.535356050696547,50.545641897953345,0,0,0,0,0,0,False
1932,342.4781692635469,117691.49361067689,0.40287497286831025,21,10,1.5200246211507031,56.86479441999471,0,0,0,0,0,0,False
1933,315.39150892878183,102595.69942493533,0.46180844821432054,29,12,4.990799583218145,59.71003310251601,0,0,0,0,0,0,False
1934,323.4444045005126,112971.6410871855,0.3698179796251191,17,13,4.238527624910755,42.28386842017492,100.0,57.71613157972509,0.6316962852275263,0.01236276954107816,9748.943144709801,10486.295723885061,True
1935,331.0467441562886,145717.67944790542,0.6575658956213396,20,13,4.549166545567715,50.68130843262466,100.0,49.31869156727534,0.9999881131978839,0.32435007397320603,8295.154535333511,8753.032564694315,True
1936,333.5122975392203,107558.56420297625,0.5107139335529948,18,12,3.6320512100436284,43.74849922050889,100.0,56.25150077939111,0.9020786323590384,0.0074894683618423,8055.401606172949,8587.880642819799,True
1937,315.62934037706094,132805.27575903543,0.6062277750836214,23,10,3.463455846016636,58.44737173250401,0,0,0,0,0,0,False
1938,305.2951734414787,110124.18355659157,0.6854634264968875,21,7,1.4778686044532776,40.38131236870223,0,0,0,0,0,0,False
1939,310.78050500165966,131691.48919432663,0.6564423705284711,17,6,4.320092987513758,43.80963052230439,100.0,56.19036947759561,0.998216879619262,0.21808087043010124,9064.278772952655,9808.81498440246,True
1940,297.2974596428572,103703.88100294166,0.3841633379238171,17,9,3.0477498557071345,45.81841152055344,100.0,54.18158847934656,0.7076061106956771,0.0016834333026740048,7000.142260383352,8102.390303082845,True
1941,341.34559563856334,101141.13010980228,0.3421512635976944,28,7,1.2653647852056387,57.41609763615892,0,0,0,0,0,0,False
1942,320.84152162192885,105749.73307676976,0.31200495086480745,28,9,4.380007197546767,48.54687425749276,0,0,0,0,0,0,False
1943,291.1850268235567,147529.05869470572,0.6641137176191522,23,8,1.3609004770044817,54.5281694862794,0,0,0,0,0,0,False
1944,340.46973015073195,142762.6489993965,0.628514506758713,21,9,4.816835222961613,59.16531721760014,0,0,0,0,0,0,False
1945,303.7465384054722,148662.2358655859,0.6796366487598466,24,7,4.448190374832999,43.08681727866156,0,0,0,0,0,0,False
1946,336.15838764496755,110855.20004342904,0.5772539742550726,23,6,2.678289805377836,56.40862573053341,0,0,0,0,0,0,False
1947,301.1333926099848,113378.4976598178,0.35325679867957355,22,8,3.829436497069291,49.52570394062295,0,0,0,0,0,0,False
1948,302.993329385044,108620.68780446197,0.43126663381829905,15,8,2.9090835082805873,40.69824411836912,100.0,59.30175588153089,0.7250886756605809,0.003136682927724849,7380.606325384965,8372.130781628952,True
1949,345.6546645221482,116603.51057466773,0.45940595029065734,22,6,2.0277856891755386,43.658894897379795,0,0,0,0,0,0,False
1950,343.2693903516591,121786.93610446548,0.6660859336940833,19,7,4.334021596281023,56.44514738756351,100.0,43.55485261233649,0.9989660652457769,0.40922521570508924,7043.245824620374,7316.409820281525,True
1951,294.32168005303083,103213.53042034728,0.5815696049431,19,12,1.9841287386300381,44.21615346998876,100.0,55.783846529911244,0.9988782148105696,0.05505909207961876,5046.797494442533,6073.554422508379,True
1952,290.2266597193141,121089.7279198941,0.35414445313325105,24,8,3.5241215649944504,57.35125071279589,0,0,0,0,0,0,False
1953,347.52415040409244,144108.7600016537,0.48282753947888934,28,8,1.863536081554908,49.83979983258453,0,0,0,0,0,0,False
1954,301.7305934769627,134830.33552210516,0.5180591229649434,25,6,1.4551644003727042,57.04994892275619,0,0,0,0,0,0,False
1955,313.1280863396774,141312.36623579863,0.45102202135956704,15,12,1.6651346226003307,50.709403566742814,100.0,49.29059643315719,0.8063311411962075,0.10565724021183248,4130.1971527124715,4964.338794900604,True
1956,308.0560644935366,127764.66767394196,0.49954940994098684,29,7,2.1388807498613547,57.05718238013451,0,0,0,0,0,0,False
1957,312.07706645206025,143764.10515730493,0.49827921930113084,25,12,4.708502776985793,45.285495438879146,0,0,0,0,0,0,False
1958,294.4082177398495,126545.58854124993,0.6748687740726957,17,11,4.216432173376206,59.20832764415445,100.0,40.79167235574555,0.9999395083513221,0.4509108351531256,6449.629983450585,7374.389849291546,True
1959,347.8805223563916,111175.03102320305,0.6037847369125162,26,13,4.872153977000713,54.95064923074661,0,0,0,0,0,0,False
1960,328.0355481096498,119637.01522729556,0.6908409049171815,15,5,2.6421094155970906,57.04225603506281,100.0,42.957743964837185,0.9923620328164574,0.4637695552374171,4750.016725213969,5222.176382130748,True
1961,333.16361566048295,123006.8652123803,0.5293349383495477,22,5,2.281818424008689,44.03343826595106,0,0,0,0,0,0,False
1962,319.13179294481057,102002.0247818547,0.5164961630673794,28,5,2.534573829119313,41.554818070367865,0,0,0,0,0,0,False
1963,334.13445729542957,139929.6003000533,0.6319566227934247,15,5,4.681222676372512,57.763404759648964,100.0,42.236595240251035,0.9955319790197648,0.3661104041230288,7280.060810745487,7702.6294047451065,True
1964,308.8390782378269,120204.94098845762,0.4722351636335529,19,6,2.218003627348423,55.20152339447283,100.0,44.79847660542716,0.9839514251025265,0.05696547665566621,4384.6013006594285,5288.781483367464,True
1965,306.95886514242625,141399.10595768545,0.4961952947685415,28,5,2.06057410713151,44.737548373970704,0,0,0,0,0,0,False
1966,345.47310727684754,137358.91127652407,0.5260242689200038,18,10,3.0068880518647827,51.27203138297595,100.0,48.727968616924045,0.9992977474986536,0.07622356702381108,5918.829570688318,6267.060658025452,True
1967,326.20729013158007,132477.98350516555,0.3692343363645307,21,12,1.7443756935492596,44.5826150947909,0,0,0,0,0,0,False
1968,338.07956695730553,129116.12196734936,0.5754037402520318,18,11,2.203863153593855,50.78684814556739,100.0,49.2131518543326,0.9991562409061501,0.16478205450709188,4779.899815934148,5197.331315389121,True
1969,336.02836020050853,109898.8359956782,0.49771105319128783,23,11,2.755724957508491,40.84773486573805,0,0,0,0,0,0,False
1970,318.6302606355396,106622.37995042177,0.5101746387446391,15,10,1.6818518237251419,44.664838368014735,100.0,55.33516163188527,0.8850167924000265,0.04578541231751757,4602.479732167024,5338.618806198487,True
1971,321.8380204433801,139221.4050783396,0.6924338522675977,19,5,3.865926973603333,45.65025423053237,100.0,54.34974576936762,0.9961932410785264,0.33078759465682395,8022.420342266677,8588.723718361913,True
1972,343.79244746215767,112982.86759628967,0.4947803354727709,24,5,2.516646958091643,45.68692667845982,0,0,0,0,0,0,False
1973,327.7864555711069,107604.0653882042,0.341848955786494,27,7,4.907986070111107,42.201117427368224,0,0,0,0,0,0,False
1974,312.592956973748,110080.24545554083,0.5963106677118506,22,10,1.846217786011004,56.31981571110863,0,0,0,0,0,0,False
1975,336.20890025718217,121983.77441165027,0.5188994227883116,16,12,3.801208295668131,53.73101721988482,100.0,46.268982780015186,0.9996409271810842,0.10490295477296253,6733.772705586234,7217.466844520382,True
1976,348.73245728863526,119845.32239621476,0.47583753781642263,25,9,2.9475642760183822,59.57823590383908,0,0,0,0,0,0,False
1977,344.80915739851866,113836.45022345077,0.3239674325665106,26,8,4.95224835267397,45.889526764801296,0,0,0,0,0,0,False
1978,296.5580829843772,102793.18349103417,0.5299875043116492,17,6,1.6182073503280126,50.31093614617985,100.0,49.68906385372015,0.9771374476872227,0.08835259125121725,3962.502183551,4987.143292986776,True
1979,313.2555052636053,118786.93665411668,0.5058914487820718,21,6,4.926657889088676,42.15689485705734,0,0,0,0,0,0,False
1980,300.9952511127223,149891.43970633968,0.33263045476011605,20,9,3.1860218492319192,51.845805904934295,100.0,48.154194094965696,0.6904357613163589,0.0003026193132765868,6449.432201687959,7538.87875067617,True
1981,323.9535768418757,112896.7707428621,0.6365689137124576,24,5,3.637012113444042,43.07421593949299,0,0,0,0,0,0,False
1982,301.36542438378234,105498.70078012791,0.43895022204454986,28,5,2.4074144246888842,45.044633027780506,0,0,0,0,0,0,False
1983,331.9169253165752,142072.88194902212,0.6953552891250452,26,7,1.2048642364177338,51.17943773863202,0,0,0,0,0,0,False
1984,311.07036788546844,126280.46904357595,0.3233591626703636,29,9,2.1550936219042542,57.07619793293233,0,0,0,0,0,0,False
1985,343.645981205028,148287.78046050068,0.3603388356708317,23,5,4.004222029030119,48.034552859509354,0,0,0,0,0,0,False
1986,307.11806286497284,136042.53663731954,0.6570898724671861,20,12,2.583058670230785,59.50837382015678,100.0,40.49162617974322,0.9998569972270455,0.4238589513330965,4397.609330961231,5170.784960158571,True
1987,333.7202663475908,129677.54738228575,0.6426978152920676,15,12,3.715035970684789,52.489814556088206,100.0,47.5101854438118,0.9998751873426228,0.31940325819931376,6789.965539833958,7218.090197677641,True
1988,337.2910298884182,111723.1878599241,0.47063315065086375,25,6,2.6955406202345533,46.386677446147914,0,0,0,0,0,0,False
1989,316.55672865824084,144496.6291543794,0.39552475881234106,27,5,4.395569386354732,58.65073364816334,0,0,0,0,0,0,False
1990,332.09047960931235,136572.03027490005,0.47789964559739717,15,5,3.5547552714641686,57.57528056533488,100.0,42.42471943456512,0.9876450726180372,0.10227546891042785,5872.503229308245,6437.932310215435,True
1991,305.30778012083664,113783.08328904865,0.4214509679403154,22,7,1.9449979316472232,42.5080448361457,0,0,0,0,0,0,False
1992,307.9250099456318,134852.8320899524,0.526982989349287,18,6,2.405711964661258,49.608780722856466,100.0,50.391219277043525,0.9902854215857961,0.05637167760147514,5212.631010364973,6094.819804862084,True
1993,309.68165503082446,104168.91073963873,0.5147831625788484,25,6,4.5270722333216336,42.801388989529364,0,0,0,0,0,0,False
1994,304.41642387003174,103654.442854217,0.6613481555047067,15,6,4.166609796760256,59.4730997949776,100.0,40.5269002049224,0.9977636596106098,0.4321037662588524,6349.562304557858,7155.165752657915,True
1995,340.26389986327774,135532.89012159064,0.30397081133969267,18,13,4.89655391410849,40.19108809110787,100.0,59.80891190879213,0.5056959570046567,0.0037809968685070345,11533.46534586193,12054.249851941326,True
1996,313.7961327600163,105648.98495084772,0.6201780345781052,19,11,2.251674700439062,58.65735194650019,100.0,41.342648053399806,0.9994858820831005,0.3528358948603834,4075.0964931242283,4785.874356417699,True
1997,329.5541864792995,109273.54721549712,0.6638682630713073,16,11,1.2735683031036438,42.83484437573119,100.0,57.16515562416882,0.9915958581128282,0.22649727307129844,3946.495596666824,4430.967585574293,True
1998,304.8061808970685,116063.89349864562,0.43748267289471293,17,11,4.594673393927325,48.28904250559644,100.0,51.710957494303564,0.841414591646838,0.004931416409623232,9042.368236922974,10018.81020346968,True
1999,318.37928084837085,133123.17087428606,0.6248924621777505,23,13,2.570667822733193,46.9760670626241,0,0,0,0,0,0,False
2000,296.05815466560506,144627.4887086804,0.6124103090918033,20,10,4.393179968905939,53.21735988344199,100.0,46.782640116458005,0.9998733252044038,0.27179725885555533,7647.6084958349265,8604.01810301315,True
2001,297.42536831850106,133712.43453385588,0.3368618777151626,17,11,3.6127801571092926,55.454449961584025,100.0,44.54555003831597,0.7477094870184796,0.006835411970940392,6520.195104000724,7660.011371512353,True
2002,329.1589974854951,109404.73331989616,0.37599040317825616,15,11,1.8521102136194134,48.51943833986085,100.0,51.48056166003916,0.6926120176307146,0.040045891379514614,4696.39219622624,5349.398734154747,True
2003,295.5516178017087,146124.20756646368,0.3894975653299151,16,12,2.5084297280340717,40.879150324601895,100.0,59.120849675298096,0.6437847694343909,0.021738810784260897,6677.872158595919,7789.097376999426,True
2004,346.6625604440077,129837.23562976153,0.6478964919211352,20,12,3.8055102226841218,53.675118703035906,100.0,46.324881296864085,0.9999562357847837,0.34404766577306006,6747.485959299642,6985.178579258967,True
2005,297.6274315844964,148509.45429646922,0.5433544887077598,23,12,1.8787714054503952,40.91074216149459,0,0,0,0,0,0,False
2006,297.4695651696606,110309.21340615161,0.42189756465264583,26,9,1.9097405899613478,56.79656277036139,0,0,0,0,0,0,False
2007,325.3668458186701,134489.11652368406,0.6581823416887067,23,5,3.970936667613409,49.856829455940094,0,0,0,0,0,0,False
2008,295.6861019830065,113602.5607013088,0.39086327462958126,24,8,4.6700487631045435,40.00140392053746,0,0,0,0,0,0,False
2009,319.16068821350854,142214.8375058103,0.3690316092611549,25,7,1.6808869788207856,48.80985630723763,0,0,0,0,0,0,False
2010,297.3214585903849,105415.75759377125,0.39292302859072964,18,8,2.6066458712057266,51.21312468758943,100.0,48.78687531231056,0.8041937161215968,0.0011378032842280957,5534.095617187733,6640.483050801036,True
2011,308.08757382775406,135995.15578812588,0.616932716724797,23,12,1.267185526097611,45.8342860242715,0,0,0,0,0,0,False
2012,343.10305928477374,100764.11521558813,0.6132253182642331,27,8,3.305570202473059,51.59453224460859,0,0,0,0,0,0,False
2013,330.0820822864823,115194.97357190687,0.6467609864243852,15,5,3.8546740639217907,44.96952042719362,100.0,55.030479572706376,0.9953087968777894,0.2202327320737293,8105.664805816473,8592.662885887903,True
2014,338.8227987381385,141210.249030318,0.6850589317477712,21,10,3.6277789055309313,45.72124169721346,0,0,0,0,0,0,False
2015,324.7789854649866,105438.34401586802,0.5806585228963741,15,13,4.8613401624843835,40.4008257195624,100.0,59.59917428033761,0.9227979329288399,0.07594695090108262,10757.218942148811,11364.371696706019,True
2016,342.01642274707035,137176.64747857756,0.615170067213309,25,13,3.7897349790974335,46.9839669736049,0,0,0,0,0,0,False
2017,305.31598798119956,110209.62763623781,0.6041940547921881,15,9,4.9207965276078784,53.95828883412424,100.0,46.04171116577576,0.9997415389263339,0.2666799568551307,8263.043599662102,9104.727372511634,True
2018,327.26740752548176,124380.01953918206,0.44424436653504096,27,13,2.351293141097467,48.934845636050404,0,0,0,0,0,0,False
2019,341.8965004097165,144369.9139454396,0.5649827927786761,23,5,2.0396183965108756,59.36310502917941,0,0,0,0,0,0,False
2020,302.08548149290397,145953.8028639009,0.5241021984811599,29,11,4.274832969310974,55.03524803892037,0,0,0,0,0,0,False
2021,305.47619609024923,121918.99778621328,0.6426151833981584,18,13,1.8408897996864033,44.910447139574345,100.0,55.089552860325654,0.9994313809587644,0.20491929020123303,4744.182121645297,5568.165438047032,True
2022,337.1316421921122,123371.86341961403,0.5347269093743368,26,6,4.016981310746905,46.063345332308295,0,0,0,0,0,0,False
2023,349.4999796900214,147564.17780771546,0.6753990799458708,18,13,1.8085331252213233,44.56874234881601,100.0,55.43125765108399,0.9995180835674585,0.27228288167073295,4719.1503191105385,4909.75668999771,True
2024,316.0758122185993,148214.99145270739,0.6973085038284671,22,11,4.628048795080269,51.08267948658785,0,0,0,0,0,0,False
2025,337.3899341081599,120809.19776528394,0.6283581603702126,21,5,4.310863469851953,49.89159568916502,0,0,0,0,0,0,False
2026,329.41464895549797,149025.1323621797,0.5315295994372125,17,9,3.2960438832453054,44.22570165888658,100.0,55.77429834101342,0.9505871514386987,0.0030494314987247447,7338.0360286426785,7923.437634976333,True
2027,296.3253139713762,112651.24957619632,0.3719648580591286,20,10,1.928998802817548,47.97337509108087,100.0,52.02662490881913,0.7138065997447655,0.001242092145527395,4859.619532877289,5985.053942635539,True
2028,308.71908744160476,137871.47629701428,0.6544570145650902,23,5,1.322361763251546,56.071480654240005,0,0,0,0,0,0,False
2029,300.70737051485986,104514.78927928375,0.5450462039163645,16,7,4.895566932386334,48.55805196937861,100.0,51.441948030521395,0.9987614195564818,0.06437003008255608,9194.83305145754,10161.30525693901,True
2030,340.58518742973564,143837.4268856329,0.63814795609965,21,7,2.8017511021718,52.441807998199884,0,0,0,0,0,0,False
2031,334.2075308268773,126632.1433765268,0.354485507924985,28,11,2.1483594348271335,50.33239106382953,0,0,0,0,0,0,False
2032,331.2129062230269,100791.15828107402,0.6559186332752761,25,10,2.3950367509377446,59.84420953913695,0,0,0,0,0,0,False
2033,330.7581622872054,149194.1628285337,0.4064427473857748,18,11,1.9320489165907189,41.59097178360947,100.0,58.40902821629054,0.6919076690495598,0.0055454459961168795,5478.334522101959,6091.374940245294,True
2034,341.8545803198243,108335.59701682992,0.35947291798719905,17,8,3.823435557057751,42.2421302549938,100.0,57.75786974490619,0.6220453810019135,0.00045658841998673453,8993.76040478428,9465.424060512249,True
2035,340.6613464820485,136954.68917627973,0.44441727962954447,16,9,3.138328975463046,47.693582793697466,100.0,52.30641720620252,0.8449967094244812,0.0050953634114709765,6761.387791694565,7222.326053006277,True
2036,305.7577258071705,126613.30039680196,0.6294825456045988,28,12,1.4932737006094001,59.66272936668747,0,0,0,0,0,0,False
2037,309.6667757481517,120006.83873815714,0.5004682126532652,20,10,1.6424837504071332,50.07067605696797,100.0,49.92932394293203,0.9851042937180676,0.017182150656267936,4011.826419614494,4894.004552080994,True
2038,319.5157101189922,111935.92647957073,0.4453499455748663,22,5,1.3839340768571105,41.246891638510135,0,0,0,0,0,0,False
2039,348.5986493695592,121933.63056210558,0.4321740432866111,28,11,2.3488081081180465,58.12954164383221,0,0,0,0,0,0,False
2040,328.91882580325955,101690.63711459046,0.6494396154109648,16,9,2.620066697084294,40.74814235059326,100.0,59.25185764930673,0.9990590935357425,0.14104777037130373,6502.664693673007,7013.6857241016905,True
2041,307.72650934486427,113335.21498051818,0.519848299355869,29,8,1.6643564085142435,49.028674963872156,0,0,0,0,0,0,False
2042,313.8476576799865,135944.2090902198,0.33105087488603746,26,12,2.2405418215313375,44.92256472810021,0,0,0,0,0,0,False
2043,326.75777198325255,145395.9114627808,0.48081317873138973,18,6,4.635413900340441,49.15572370074583,100.0,50.84427629915417,0.9454654864087741,0.0002237712434190489,8783.990940753012,9438.486281735106,True
2044,326.79554379517003,107271.5248052991,0.5658256478558907,22,6,3.683915131227465,58.980965599777406,0,0,0,0,0,0,False
2045,320.5719719385568,108428.14552905632,0.30474891909479745,27,7,4.068955866793054,45.51380878259282,0,0,0,0,0,0,False
2046,295.9383981243204,142478.5777189651,0.5908458575268991,15,8,3.8412921416368446,47.90712748331664,100.0,52.092872516583355,0.9991240102429296,0.14688825151843785,7645.507078757444,8632.027558507558,True
2047,344.6334070253997,121277.55285382063,0.6472211819784133,17,8,3.12406816668837,52.61183664771437,100.0,47.38816335218563,0.9989363181083624,0.33042689964513544,5924.886592785488,6193.671836938842,True
2048,296.41197964094164,112637.60279887711,0.6843639801216661,21,7,3.328237912177369,45.69351665543393,0,0,0,0,0,0,False
2049,334.8384622052376,114109.73810944693,0.4281298773212268,23,9,4.93745630226196,49.39146169566065,0,0,0,0,0,0,False
2050,300.8892589193492,115852.7265879803,0.6024157117067388,21,6,1.2661739937926262,55.4248480412827,0,0,0,0,0,0,False
2051,331.6045646723566,125358.4748375044,0.563107474481211,27,10,2.1453812893237822,55.03992151197305,0,0,0,0,0,0,False
2052,334.49267241455334,140029.9769947551,0.35772942236332195,17,9,4.06114352957636,48.367698765740556,100.0,51.63230123415945,0.6917339917463372,0.0011815328234834987,8359.455318736662,8950.9013442174,True
2053,314.8227412945143,104991.11366444075,0.5198387315935096,19,5,2.2533238815058114,46.356317961590676,100.0,53.64368203830932,0.9681892323614495,0.0010339275362235413,5325.502681135825,6125.497048965654,True
2054,321.4489096911944,135184.44575441186,0.42677961694754674,29,9,4.4639219656636575,54.05387917329975,0,0,0,0,0,0,False
2055,306.95376928603804,115601.57318140405,0.5945929896718897,18,9,2.0814710775548337,47.175997559947206,100.0,52.8240024399528,0.997902935499119,0.1430073958855081,4935.953632488918,5776.76770688712,True
2056,315.937334918159,137536.88360319336,0.6521878881309718,28,5,4.859474518085013,59.617958824109635,0,0,0,0,0,0,False
2057,320.3231742601372,138425.62707654628,0.5943210599077611,28,5,1.204337624793529,51.326231028021226,0,0,0,0,0,0,False
2058,312.40164139316636,133815.5337122059,0.6894176279098543,17,9,3.6764315796857305,57.38292458881683,100.0,42.61707541108317,0.9996932420538995,0.4589825974929102,6041.0328015372415,6725.276358856944,True
2059,325.18813584802643,134025.76112606085,0.34933113178527103,27,5,1.301202329028305,43.17175585621961,0,0,0,0,0,0,False
2060,303.30780812205796,130941.70372965475,0.4208087674045121,17,10,1.254174587359532,44.631976113097316,100.0,55.36802388680268,0.748959900878258,0.013723353775817348,3959.6620689754423,4956.074270482803,True
2061,290.4299974885419,107538.64283228804,0.5736409180417736,23,11,3.70635173921716,43.91071087529918,0,0,0,0,0,0,False
2062,301.381360165578,121488.24844335833,0.4005551813788194,15,12,3.7731955255967398,43.28266842460308,100.0,56.71733157529691,0.6824598514796365,0.031150003289792737,8671.34617729851,9699.047512607922,True
2063,321.29040590000926,103467.58048955425,0.4820970985587315,16,12,1.8284303793153374,40.68918464224581,100.0,59.310815357654185,0.7816761686298341,0.04541217067764879,5295.335529949211,6000.119698230334,True
2064,318.0319794681804,103075.3238161852,0.5227308508627649,17,5,4.390432320925007,47.08748723615961,100.0,52.91251276374039,0.986565201042646,0.0014809813419801399,8670.04085699457,9426.157166214618,True
2065,291.6701273887857,107414.62311928642,0.4357153926096093,29,13,2.6653282487207957,44.645882920128386,0,0,0,0,0,0,False
2066,337.3199455403884,140255.65775496175,0.6915242868052848,21,13,2.440036370343355,42.00650706977599,0,0,0,0,0,0,False
2067,335.5288390296432,118660.84343293049,0.39649620149824666,22,12,1.3537764719427823,48.670890674960816,0,0,0,0,0,0,False
2068,296.96405963758707,100148.2040976133,0.5521511285592466,23,13,3.4730181213008136,45.391973518901985,0,0,0,0,0,0,False
2069,323.3317919480257,144855.94899248684,0.5928432207438936,19,7,1.7412154951212235,45.8767712731774,100.0,54.1232287267226,0.9904203960242371,0.12381288816301604,4506.179730470275,5127.533237093971,True
2070,331.78607952754675,106590.92586568986,0.4270692562341987,21,8,1.4706365300773938,42.16156916811457,0,0,0,0,0,0,False
2071,307.62670881040987,111107.5942364338,0.6739826557149218,19,13,3.714711161522694,52.0023459489242,100.0,47.997654050975804,0.9999793541762687,0.3730909793935623,6859.004573196961,7620.977943404019,True
2072,293.37285489025413,116674.95613709147,0.5329857491616606,15,10,4.1290075757284175,48.075023885243425,100.0,51.92497611465657,0.9973791722715908,0.03143165193281766,8076.8233946471155,9152.407699133517,True
2073,341.42662491876393,119496.60869963223,0.6190277598769676,17,7,4.107245617761109,52.61863941695961,100.0,47.381360582940395,0.9986887611690564,0.27715537321823647,7336.720390064917,7670.397958907037,True
2074,292.29013648335956,119984.20969154782,0.4793204648047088,17,6,3.4435418139351563,54.96185892016672,100.0,45.03814107973328,0.9940856829762413,0.057506120231374816,6073.646409857327,7194.907807636184,True
2075,307.5562816116296,137150.51140279695,0.3628077294397485,25,6,1.9119969550749998,42.24850504836364,0,0,0,0,0,0,False
2076,310.4571016434095,125950.04278121854,0.36704757616569944,29,13,2.635799815088136,50.1633001908864,0,0,0,0,0,0,False
2077,346.2552502587378,114280.94564988269,0.30255803126201664,19,8,3.9077240402054976,43.49318799299246,100.0,56.50681200690754,0.5353632588470029,9.522539321598368e-05,9041.953458346716,9475.124635536196,True
2078,290.33086684112175,147443.75523752862,0.40842333269176667,17,13,1.5997532712950902,43.040448021807165,100.0,56.95955197809283,0.686911595738343,0.039873686480822255,4740.184834064973,5908.822335867604,True
2079,297.06249776653027,104380.83265374578,0.32620316298420754,28,7,2.35047112961924,40.79420153914384,0,0,0,0,0,0,False
2080,306.1985430241174,114540.7138597936,0.5488360568461725,26,7,1.2740703169421974,59.16089314643767,0,0,0,0,0,0,False
2081,331.59743068791414,116865.65538973213,0.5068828799358616,26,9,2.2596198804516483,47.987360341109,0,0,0,0,0,0,False
2082,303.4394630269791,115423.82366358893,0.42194467600901064,21,9,3.978665100095216,44.76905792582619,0,0,0,0,0,0,False
2083,321.7754385001432,114743.71606467236,0.687257803658153,23,13,4.448436825951195,42.03166495261082,0,0,0,0,0,0,False
2084,343.54281298511904,122850.67466793576,0.6441156408609083,19,11,1.7321153503215365,59.98735179072273,100.0,40.01264820917727,0.9985443920945626,0.40770554900179473,3314.496202844571,3593.318527710849,True
2085,307.61279657058446,148585.21077351668,0.4340389851616219,26,7,3.052973675717632,58.40062397963174,0,0,0,0,0,0,False
2086,307.66031591622533,132334.62289638934,0.5542358246994079,28,9,1.9552611359843137,45.52409180946362,0,0,0,0,0,0,False
2087,317.2706918488401,129691.80558139876,0.504899321923191,18,6,4.106570768399915,43.47056105628418,100.0,56.52943894361581,0.8930655892103435,0.00013600696891120906,8939.534841406612,9705.710536124696,True
2088,309.56392146031305,121511.28997502924,0.37311532973351813,24,10,3.8208962042048737,53.114152689548455,0,0,0,0,0,0,False
2089,340.378179384187,126074.50727110586,0.41893658939865736,25,9,2.725758892612405,41.923927400490854,0,0,0,0,0,0,False
2090,330.6269050422622,109126.34930137281,0.6059633506360508,21,5,2.3311918543406227,42.423591690002084,0,0,0,0,0,0,False
2091,325.3621971665221,109936.91720929208,0.43309471116766507,23,11,1.685512406769432,48.02165964103378,0,0,0,0,0,0,False
2092,309.9617184739074,121532.12384368421,0.5262721304031135,16,5,3.888899793297858,46.32829673392609,0,0,0,0,0,0,False
2093,319.9866578871328,119322.27375593253,0.5840375124990895,20,12,2.2593431003312228,52.841913002706384,100.0,47.158086997193614,0.9996475239932137,0.21313052843279826,4659.1163321126605,5320.959932057529,True
2094,296.87539037232784,147120.41998610733,0.646197812358067,26,13,3.9878417977735188,49.18343763277441,0,0,0,0,0,0,False
2095,301.56356568406756,122252.97393237965,0.5213576001308005,29,6,1.2027267479249741,56.00039151337685,0,0,0,0,0,0,False
2096,323.406014751111,117868.56109727989,0.41861184233299265,15,12,4.039362783879588,49.85155688704894,100.0,50.148443112851055,0.7960382473626165,0.038935420842486246,7958.83040469293,8677.84840772717,True
2097,308.47672386159627,139699.4423150686,0.653075314940475,19,9,4.641700113427748,58.93338399719842,100.0,41.06661600270157,0.999781257840023,0.41147989097908466,7022.691131806578,7781.176734233415,True
2098,324.75749932898736,145065.38797204732,0.5259041787371903,29,12,3.906191877984779,42.63012247775368,0,0,0,0,0,0,False
2099,311.8923747593497,121873.27975921992,0.3555463934486286,27,11,4.155413916559942,57.88975496533229,0,0,0,0,0,0,False
2100,335.5603504867081,112811.09239724762,0.5063517073888979,27,13,1.538874903485546,59.275112084048246,0,0,0,0,0,0,False
2101,303.1350549536046,149175.15559137065,0.4507093638729436,19,12,3.219178795475992,40.948001473131356,100.0,59.05199852676864,0.7612076720385957,0.002940114807202251,7889.75575057712,8869.386677416258,True
2102,300.6965399520041,100259.02375545539,0.66893168318863,25,12,2.2078843483641584,49.34143828417697,0,0,0,0,0,0,False
2103,345.30633912810924,120394.02512326004,0.46366618525269154,27,8,2.495281790144464,59.1354682786346,0,0,0,0,0,0,False
2104,332.72084603927624,148553.49455174318,0.3395831597228265,29,6,4.777011688680354,54.35145416940606,0,0,0,0,0,0,False
2105,337.8520532501225,133299.8483966414,0.4889714546986802,20,6,4.540717670594853,54.60649482550733,100.0,45.393505174392665,0.9963564485900473,0.06720357786578637,7629.336269537246,8111.608170391121,True
2106,325.2909355370588,131985.6665105853,0.6489970077310442,22,7,4.0605384772387785,43.83185952739814,0,0,0,0,0,0,False
2107,318.87411118617865,116611.80360204198,0.6886011053079397,25,7,1.6402884029680849,50.315945087981156,0,0,0,0,0,0,False
2108,295.4146751252247,124807.75787913933,0.5565224292193257,29,5,3.42318593433402,53.18728265188779,0,0,0,0,0,0,False
2109,308.94560168070115,146248.88370843345,0.32130434542161274,24,11,1.7292521491651591,54.27862933583635,0,0,0,0,0,0,False
2110,324.01180816412,106764.04394939802,0.6031257305917662,29,10,3.7833386439846546,45.74573791338482,0,0,0,0,0,0,False
2111,308.53585205477304,130774.55236054787,0.4971004281466542,15,13,2.5863941924313516,56.43277770013538,100.0,43.567222299764616,0.9340575642119672,0.15975389441352605,4800.9317065581,5672.164556932713,True
2112,328.82631971996926,149344.53649133985,0.4690722914643046,25,6,1.485695578390338,46.405002965751834,0,0,0,0,0,0,False
2113,291.5907723597272,135394.12030486614,0.4233969895802897,22,7,4.407687246393682,57.13616325437076,0,0,0,0,0,0,False
2114,306.15650066338446,131832.8357144352,0.6076446819736312,24,7,1.2034865352210695,43.202393127756935,0,0,0,0,0,0,False
2115,342.3587363773707,138878.24838508284,0.5209425024508124,20,5,4.210205162342341,54.664687474673144,100.0,45.335312525226854,0.9924390417069282,0.1299342771396157,7171.087724659684,7558.724244337949,True
2116,341.43844737412036,115990.01720842462,0.3876126031667428,23,5,3.9456090310831424,55.34528297267812,0,0,0,0,0,0,False
2117,296.9864064148066,103348.53188195868,0.5228181590900055,19,7,3.9123098068116864,52.76433631908216,100.0,47.23566368081784,0.9981070354534071,0.0973081322916975,7035.877330501427,8060.266987176299,True
2118,307.0497561418957,105771.66311305044,0.30184686061699895,25,11,2.0011039439616964,59.105302984228686,0,0,0,0,0,0,False
2119,323.8934887595344,137324.28020414538,0.6157247410663522,25,9,1.3490052298772242,42.6400049964599,0,0,0,0,0,0,False
2120,332.1915162631212,104523.16873070305,0.3422553470563162,23,5,4.666961533890047,57.214413542987096,0,0,0,0,0,0,False
2121,326.8617738373091,101307.85697651167,0.3122544432641497,24,11,2.1918797936575425,55.445271692780096,0,0,0,0,0,0,False
2122,305.2179226308993,100336.55343509416,0.43716296300312174,25,5,3.9046101916652516,58.45963130019143,0,0,0,0,0,0,False
2123,315.9009844549198,140366.67398090765,0.5468938825700926,16,5,1.5282011855039774,41.210560206911005,100.0,58.78943979298899,0.9276684091080141,0.0037144927882669264,4572.591885332185,5334.109253499128,True
2124,344.301016328496,130724.68607608101,0.4938298251097274,28,8,4.42787566788781,58.581417855073525,0,0,0,0,0,0,False
2125,338.59700680777394,135152.3028893382,0.4873642130302667,19,13,2.418717880227523,55.41431208908558,100.0,44.58568791081442,0.9992855341431831,0.0754598248041783,4620.725913528749,5091.696832527925,True
2126,315.9466031879923,135372.94065838226,0.39740131345138496,20,6,4.680169311668263,55.9724222215264,100.0,44.0275777783736,0.9025529056186287,6.692105886573053e-05,7730.846328611296,8587.898261489534,True
2127,293.4151674371917,146484.19733640554,0.4741228625485068,29,12,2.658528068123631,50.910196140877275,0,0,0,0,0,0,False
2128,290.48423564022255,117090.5477464937,0.46452792526537756,19,7,3.930494755889958,50.19830012809543,100.0,49.801699871804566,0.9325497079034052,0.00021887803711167104,7546.943184358427,8706.173907206208,True
2129,309.12292700331403,140006.28725574713,0.5743848778855221,15,12,4.7374550793351045,47.41676456862584,100.0,52.583235431274154,0.999558179682018,0.1028617057754072,9145.182203078042,9975.112344280824,True
2130,340.6228955018827,120502.85767209264,0.4213491750639616,18,6,3.5804499501848,49.4900593663134,100.0,50.50994063358659,0.8339837872207891,0.0002147280747321402,7240.41513249636,7715.661495154191,True
2131,304.3601170635022,117788.88167517517,0.5082352785217111,20,10,2.309068691644659,46.2004115456757,100.0,53.799588454224306,0.9430956931012954,0.0018555393284028232,5460.273461369345,6406.562776299185,True
2132,345.8171619560016,102534.17857202115,0.5892853506555298,18,6,2.277701106878331,55.85226189408093,100.0,44.14773810581906,0.990373815959426,0.2722512563509967,4395.048897678772,4678.726470324544,True
2133,297.7619764331912,122103.13800378308,0.36808892036013396,29,8,2.9777547614464916,57.293975444538326,0,0,0,0,0,0,False
2134,338.4630460298417,146474.8590600696,0.500515440082456,21,11,2.5388163712348253,41.87806706721676,0,0,0,0,0,0,False
2135,332.42280262988385,101926.67153108012,0.4070840411383095,28,13,4.978867983204916,41.91980657084154,0,0,0,0,0,0,False
2136,319.7846734538633,148340.23251476366,0.6753065489863338,26,8,2.1274497556492786,51.608856260677655,0,0,0,0,0,0,False
2137,337.3625315707528,133212.22100839415,0.6066032144453868,20,12,3.0861656269745366,49.19249539204779,100.0,50.80750460785221,0.9999016715402594,0.20039253130077161,6292.702090186432,6699.888218110119,True
2138,290.94760792362655,119992.19094041554,0.3391352555373315,26,8,3.2613096939615964,43.94380687286303,0,0,0,0,0,0,False
2139,331.3105252880023,124963.83279652616,0.36931194990876576,24,9,3.2117647209746236,52.14376453473295,0,0,0,0,0,0,False
2140,347.3773843069897,145855.1452391708,0.32540056471892675,23,11,3.5968635957964645,56.00743440785341,0,0,0,0,0,0,False
2141,342.96514703825255,121412.40211585745,0.5258328167941257,25,5,4.153217812996657,44.84250975021992,0,0,0,0,0,0,False
2142,309.47313064012354,125740.21344478466,0.41019796903381556,17,11,3.4799975742735256,47.4550264739619,100.0,52.54497352593809,0.7749744887955363,0.006295097299651969,7438.439241749481,8362.14876494899,True
2143,290.609147917444,121030.6351365538,0.4560792295025195,15,13,2.11636403775901,54.722039105114106,100.0,45.27796089478589,0.8274935700709752,0.1487716224591066,4420.713275381,5550.660132498251,True
2144,336.41396015027857,104244.74583557677,0.3465702938782646,23,7,2.426463891963224,42.62640023775498,0,0,0,0,0,0,False
2145,325.0090073925373,134728.3321847573,0.5856695615666976,18,7,2.8222090039286707,57.568172229824825,100.0,42.431827770075174,0.9966876694944867,0.2827200997682197,4919.285452990123,5501.869310700197,True
2146,338.9852978081155,113014.13331719817,0.4795869798300762,25,12,2.524555676384128,59.95045776766614,0,0,0,0,0,0,False
2147,310.31185818595094,135800.43533153864,0.5915762682431553,23,6,4.184997308320402,42.26445160657375,0,0,0,0,0,0,False
2148,349.9612125516,141056.01139358061,0.5363870395219017,20,13,4.692662809431272,57.62045079825574,100.0,42.37954920164425,0.9999790225253311,0.19541789692653266,7312.3645753063565,7569.7359486610085,True
2149,344.1252266256614,115078.67356378186,0.3418228778726307,25,12,4.029228526524838,49.33064926406979,0,0,0,0,0,0,False
2150,294.9983552882677,105072.1944327935,0.3979797461628155,17,12,3.291469758449738,58.90024695031411,100.0,41.099753049585885,0.9329139359078298,0.024704184597790082,5420.641131527963,6563.135748234685,True
2151,345.29345550154727,136402.55681102202,0.38480297031900723,27,7,3.5627129338436045,47.71036636123509,0,0,0,0,0,0,False
2152,308.5958267664367,105936.573324371,0.4613359650549554,23,5,1.341124069862947,43.53446087408475,0,0,0,0,0,0,False
2153,334.6234031495912,143229.64368064838,0.6483053907022458,27,7,1.9335500777362973,51.2931370911475,0,0,0,0,0,0,False
2154,332.68739225369967,136910.4040263168,0.32758403075284154,29,7,2.8066400624281247,40.394546118759656,0,0,0,0,0,0,False
2155,290.1877490240688,149105.15793261875,0.5946525306754489,19,11,2.129249607940709,42.11780010393574,100.0,57.882199895964256,0.9989774713748634,0.0389622141197151,5491.180844594822,6563.853076259314,True
2156,322.6878037897417,129490.52917173196,0.531956208474391,27,10,1.869045163547832,56.878543675437825,0,0,0,0,0,0,False
2157,295.388064278281,101875.07342633612,0.5664584755770412,28,6,3.799611727598406,44.37913884602635,0,0,0,0,0,0,False
2158,316.24237296311486,111912.31779245163,0.4238930153880201,15,12,3.716274853943502,48.56636829764835,100.0,51.433631702251645,0.7852222480931635,0.041228384873064204,7652.721618054253,8468.488503126306,True
2159,332.03100958635144,138891.41274189242,0.3835774497100797,22,8,1.3302926754143198,42.86381854950022,0,0,0,0,0,0,False
2160,334.1212195985454,144043.20211848602,0.656772228383045,28,5,2.95005059608366,51.82859831017575,0,0,0,0,0,0,False
2161,296.5246788066683,134589.5297973379,0.38020565413187785,16,9,1.9140001573323469,53.945664664064026,100.0,46.05433533583597,0.8101825338459538,0.013128046838312389,4216.703021618639,5341.5320271340515,True
2162,341.10686113090884,133858.5003461453,0.6483861140762786,16,12,3.8621406050632823,54.239234016786504,100.0,45.76076598311349,0.9999357726545917,0.35178933165992365,6743.896567146225,7061.051555621447,True
2163,321.11865308712413,132308.32154274048,0.49046576793308694,23,9,1.95426583656176,48.44711378510252,0,0,0,0,0,0,False
2164,335.4915121418514,129411.3045756311,0.600225739555218,21,7,1.9736261757699864,56.2640099863483,0,0,0,0,0,0,False
2165,339.8437031208243,143059.21115319442,0.3779278560486121,21,10,3.8163084574576267,41.525184558290576,0,0,0,0,0,0,False
2166,321.49683542292064,138710.40896425938,0.43327761119437697,22,8,2.9190544169806305,43.166164286437045,0,0,0,0,0,0,False
2167,302.71461043807096,130130.62168959415,0.6540313514992646,26,7,1.932948074122467,58.55235706067984,0,0,0,0,0,0,False
2168,317.88715338015567,128627.3284483393,0.6400111835185787,20,9,2.2728668282618565,45.2835612796852,100.0,54.716438720214796,0.9987816575513648,0.2065112246439769,5429.315790803655,6089.362917928029,True
2169,296.70325961254605,142155.46372241588,0.49518800585787925,23,8,2.597613711626245,54.72922226582041,0,0,0,0,0,0,False
2170,346.05728842962407,145900.74504338583,0.36520945313890696,19,7,1.7174295594573925,41.63815272625372,100.0,58.36184727364628,0.6255629108232201,0.0002872005797111373,5117.660975331926,5521.473511848626,True
2171,307.4212039891753,119056.73784460634,0.5977794810738444,29,12,4.844550648280654,57.48160526811734,0,0,0,0,0,0,False
2172,319.1819368654344,145510.57404230794,0.5934196505354784,20,7,4.432320767866319,55.429097454764545,100.0,44.570902545135446,0.9987561886912514,0.2674876118258728,7340.712001505727,8001.613466532366,True
2173,328.31998676611255,114567.79966044119,0.30149236965063503,18,6,2.2716502692702685,52.23313991273534,100.0,47.76686008716466,0.6307835654371267,0.0003582230206121269,5039.5819460175435,5755.767655043999,True
2174,311.7160771332587,115728.51020006266,0.463319697226354,23,12,4.642154790654547,53.966016045444675,0,0,0,0,0,0,False
2175,334.38138002758757,141552.98609880678,0.5585898416749278,17,9,4.397410369146572,52.14485973844245,100.0,47.85514026145755,0.9996362889254204,0.15382610106149608,7829.4710311011895,8310.541672423398,True
2176,304.48492164319674,149785.13668213872,0.6686389463547218,23,10,4.653185106566309,48.18222457437027,0,0,0,0,0,0,False
2177,323.8327767683541,119612.55067556855,0.3853750666772225,24,10,4.855026024086008,53.35204095792879,0,0,0,0,0,0,False
2178,322.15948610189275,149413.51089492635,0.5290527038392755,29,11,3.8695307350620043,57.89515765373574,0,0,0,0,0,0,False
2179,310.8985559577352,119734.01232076081,0.6118231804780911,18,12,3.8571672242940345,54.59451151321379,100.0,45.40548848668621,0.999948279936016,0.28902511572691636,6684.675679683257,7445.432144892411,True
2180,324.2910747390277,144973.80612486514,0.46045306952310716,27,7,2.9288025037035146,49.788134075936235,0,0,0,0,0,0,False
2181,301.614270489477,103596.17104642112,0.6322525146265583,29,13,1.6126514160234187,56.11093202256704,0,0,0,0,0,0,False
2182,295.6568840911346,136181.9498703473,0.3153974465102503,18,6,3.6315199075434625,40.81778180685173,100.0,59.18221819304827,0.5328952192162143,4.488986355016739e-05,8939.404661857237,10098.652442243572,True
2183,345.20358142328763,132971.40622187284,0.5385145429969349,16,12,2.6240190569106367,57.94092591269532,100.0,42.05907408720468,0.9994202262485306,0.20393945472938363,4620.4997458790185,4946.6476964087715,True
2184,307.4278046562976,114507.74185535542,0.5294233733711842,29,6,3.691921083457215,55.899737758620624,0,0,0,0,0,0,False
2185,318.9446345597131,140387.67019341557,0.3969429955274043,21,11,2.5699402003027334,58.24496244369932,0,0,0,0,0,0,False
2186,305.8513550690938,135508.42736349755,0.5201425395281456,29,9,4.9699206499213435,40.78729136092763,0,0,0,0,0,0,False
2187,346.3109486534134,135011.2855922241,0.6996609974175242,24,13,1.5195724498458154,41.656194604127066,0,0,0,0,0,0,False
2188,340.28577770377973,144968.4662915674,0.49243217866819233,18,10,1.9469375060397853,56.93044792395831,100.0,43.06955207594169,0.9951800913024073,0.11209047828398594,3851.0452151671866,4287.455045233151,True
2189,333.92690456753746,139700.86820146485,0.6814887011356819,23,9,3.0203859864408997,59.443000947782416,0,0,0,0,0,0,False
2190,347.7278879586526,138642.16757411504,0.6175396826575124,18,10,3.2824732971601422,40.7088061323971,100.0,59.2911938675029,0.9996585657518263,0.06096825771439221,7696.639537857242,7965.6501990541965,True
2191,341.221135768395,118034.29343610423,0.30075813248675537,16,12,1.6231062313869646,52.242835444377505,100.0,47.75716455552249,0.588902753133403,0.037354567031197425,4060.2821072775187,4573.237283900849,True
2192,331.2051758609557,143620.73529063712,0.5920681325347084,17,9,3.8319963051928267,46.64063265412642,100.0,53.359367345773585,0.9995762585509549,0.1258518785420742,7815.5818906744935,8327.759303583489,True
2193,343.04740482881175,111003.28745552649,0.6302462042087131,29,12,2.1394510310877886,56.153111246966986,0,0,0,0,0,0,False
2194,322.4554666458965,115178.69240310165,0.6042764764552638,16,7,1.940516451563211,47.58732485325364,100.0,52.41267514664635,0.9930504408956354,0.17607284547323557,4678.389886424769,5299.091814953796,True
2195,311.5299925694219,146307.29991529195,0.5873459133699332,22,13,4.348013910886098,51.76909862716445,0,0,0,0,0,0,False
2196,324.8396563547856,128354.29727953543,0.5710550389034241,27,7,3.8418048573168315,56.74217046799508,0,0,0,0,0,0,False
2197,334.60004340087426,144037.28121922413,0.39342951111830216,26,11,4.6551085162900785,46.155954270219716,0,0,0,0,0,0,False
2198,294.24297158280325,135678.2266047525,0.3881078810643797,20,10,4.063146219014209,54.020914745220836,100.0,45.97908525467916,0.8434350630435243,0.0005625902422018985,7273.67736928449,8428.9927544266,True
2199,347.85492048709256,131902.88922901227,0.4324910039214818,24,13,2.893795152924339,51.62128367921963,0,0,0,0,0,0,False
2200,346.2341906461637,103547.05393882997,0.5308148237765938,21,9,1.9827782229774105,48.71448170519919,0,0,0,0,0,0,False
2201,334.41148585584085,113922.66694840888,0.42552869036216334,28,9,3.350960822125187,44.20299975000909,0,0,0,0,0,0,False
2202,320.4350736616449,119699.26584202774,0.5482794338433961,25,6,3.6591655258047178,49.883103713491835,0,0,0,0,0,0,False
2203,294.7759886934926,139012.81243564712,0.631520868714604,24,10,2.728575630983311,40.438203107307075,0,0,0,0,0,0,False
2204,319.0279194568398,121105.57106254721,0.6207590136138006,16,13,2.9112549025663657,40.327802068263175,100.0,59.672197931636816,0.9840516745398237,0.08319358205749147,7098.379950715049,7767.281118369629,True
2205,345.84696559934844,136381.97182842478,0.5163397323032473,19,11,2.6852233114564243,46.787330071332775,100.0,53.21266992856723,0.9654809034238323,0.005513254497905873,5987.376848062559,6343.581618787686,True
2206,343.7748340790369,117826.68122138683,0.3293637435098189,19,8,1.5522028243419221,50.81705850217932,100.0,49.18294149772068,0.6679701093059058,0.0016466020499635488,4028.4723572708654,4495.723386266183,True
2207,295.2221770394051,146061.95726791339,0.3032819586287458,16,9,2.4572369094745357,41.74428707130205,100.0,58.25571292859796,0.5189818676399864,0.002264972158812458,6577.861748766038,7751.297007028522,True
2208,293.90472255115617,127203.76036168216,0.47101233850645263,18,6,4.160375337169376,59.909142869320036,100.0,40.09085713057996,0.9955052852558478,0.12001661003620442,6276.730656822026,7371.089633339016,True
2209,314.6894109615392,131148.95046764193,0.5089721877426014,17,6,3.5862676066579073,51.612646007707355,100.0,48.387353992192644,0.9950530365560254,0.05326192834088771,6733.494369292274,7535.9809880537505,True
2210,346.51537261659956,121224.8521944524,0.6770121684811878,25,8,4.446280167553064,47.96710885288701,0,0,0,0,0,0,False
2211,328.6820223471378,103024.0716211808,0.624769456958095,23,9,2.6711139870200338,45.782854709641555,0,0,0,0,0,0,False
2212,348.07596194842114,131938.28761654248,0.6838647552143231,27,8,4.705207932119111,45.62053622651788,0,0,0,0,0,0,False
2213,313.331988523825,120255.67835239573,0.5958552609201927,22,5,2.8982096583513903,44.7770382068513,0,0,0,0,0,0,False
2214,309.0251928002258,122997.84283655664,0.4301442179392364,22,8,1.2948790333130222,53.19488684436354,0,0,0,0,0,0,False
2215,313.2976529714241,116195.42847560729,0.5529119439237933,26,9,1.7369321218405347,59.45068914313289,0,0,0,0,0,0,False
2216,290.84733270901506,110761.06943000601,0.4252299983309739,27,7,4.716376742676433,45.6188846914049,0,0,0,0,0,0,False
2217,313.1967011593861,127176.2766314763,0.3592161870909696,25,8,3.1524936568342388,53.362068540976864,0,0,0,0,0,0,False
2218,338.30121604867117,136132.00508785344,0.30682966864385947,27,9,4.633660045089336,59.85710482851261,0,0,0,0,0,0,False
2219,339.17974067381624,126006.65899448488,0.42102124697457577,19,8,4.840039422983319,54.33498742804982,100.0,45.66501257185018,0.9216156310447677,0.00031479177578720436,8214.124568060506,8720.895815333022,True
2220,310.68759491321623,140947.56566425934,0.6928138094535645,29,5,3.5386317508931047,57.38553841493473,0,0,0,0,0,0,False
2221,303.87211757987365,111637.8456861675,0.5229122420259806,21,13,3.8624828807754517,40.85622851301949,0,0,0,0,0,0,False
2222,326.55272419866526,126014.54472090452,0.611940485588805,20,9,3.939738845578253,57.04427105197618,100.0,42.95572894792382,0.9996295521722456,0.320001348663216,6431.970948898817,6975.6942148506905,True
2223,345.508890605938,108501.85374467452,0.4480076123686097,16,9,3.8630754430114784,56.472032763930684,100.0,43.527967235969314,0.9971772785765338,0.0246878765804615,6419.915753376145,6819.241907765935,True
2224,327.18392795880504,114389.10461082413,0.5195353616865739,26,6,1.5065476823946433,43.35839577098206,0,0,0,0,0,0,False
2225,317.59520396388575,149565.6084033547,0.5077715199008741,22,9,1.7936458768929375,47.83699949776057,0,0,0,0,0,0,False
2226,299.72107026290803,130512.81249471974,0.4114665732483702,29,6,2.6875603214237107,52.37773067799536,0,0,0,0,0,0,False
2227,301.7686527891293,131050.55948792443,0.5467584792470918,15,10,1.6572564952352635,40.04737482777042,100.0,59.952625172129586,0.8852011918952724,0.04009536107378015,4940.637255152702,5881.667743428849,True
2228,290.1309935552083,114363.58745578265,0.49782408329454164,24,13,2.2551344737509575,59.76827001634282,0,0,0,0,0,0,False
2229,316.17421548885574,101230.61282725814,0.48640418533156027,24,6,4.422447034657747,55.37652922361451,0,0,0,0,0,0,False
2230,307.1001818477492,123357.42258718677,0.54462421560043,26,8,1.3765493460306755,46.76491964368367,0,0,0,0,0,0,False
2231,334.84696731661546,115275.3839074414,0.4736403381681751,19,12,2.6970744921120606,45.95885458990419,100.0,54.04114540999581,0.8708864960867725,0.006546383733191283,6212.317752094285,6744.2877215496255,True
2232,294.2779539087793,139558.25449552492,0.5715346386251536,26,11,1.5951606894358765,50.748712494601556,0,0,0,0,0,0,False
2233,338.8800805868683,108914.44853967313,0.6948409863906063,28,11,3.483587982870853,59.786551261896335,0,0,0,0,0,0,False
2234,321.5387398845556,114915.05028428548,0.5062335991106558,21,5,2.8243851587577815,45.13139050939327,0,0,0,0,0,0,False
2235,309.907722771816,129480.62639609672,0.6291501533694739,17,12,4.2815586603974785,56.29529749193296,100.0,43.704702507967035,0.9999597212833028,0.34127327545550373,6996.456122808284,7755.396700152123,True
2236,294.6938721026502,137234.0470028768,0.36636375813257227,27,10,1.73617352282458,59.609234254993694,0,0,0,0,0,0,False
2237,347.9769281288978,147969.51611283683,0.6166063782935352,29,11,2.6333128157129018,46.07230978969551,0,0,0,0,0,0,False
2238,346.330379612641,105528.64212798608,0.36569742786454507,23,6,3.528713806596852,54.483636522296315,0,0,0,0,0,0,False
2239,295.111725703194,133381.55463446229,0.5860705554702255,24,7,2.6825736297046516,53.999868734433036,0,0,0,0,0,0,False
2240,349.73364480752025,148065.89203674486,0.4812582244631704,21,9,4.903976470015472,44.9547131730006,0,0,0,0,0,0,False
2241,330.9039872288665,143138.02599440672,0.6050162481531571,26,12,2.3626826959972527,58.1278471639884,0,0,0,0,0,0,False
2242,297.48575273505355,126337.31303120207,0.4323419775588395,24,13,4.553511284134815,43.06781761541979,0,0,0,0,0,0,False
2243,309.71171497018673,133007.9618361217,0.6620525264195292,21,12,4.652390909541257,50.7564511582894,0,0,0,0,0,0,False
2244,342.33314087983354,106655.6989197346,0.5077175485969282,26,9,2.64341049590496,47.925149948469354,0,0,0,0,0,0,False
2245,327.24855382985805,110902.38162084064,0.40385091018097435,28,12,1.7194846168086166,45.35142044735324,0,0,0,0,0,0,False
2246,347.40518134500326,111361.81567307768,0.5284283027984134,18,9,4.461602306099434,52.15035586886966,100.0,47.84964413103034,0.9995989866287744,0.09611023309823186,7921.742001065901,8236.792955596162,True
2247,309.17120886538146,115185.4829705545,0.37468122856109237,18,9,2.9600577235372616,58.12304011871853,100.0,41.87695988118147,0.8902082692582967,0.0032517744214314113,5138.275961634495,6103.929754496285,True
2248,294.04175712159434,128580.30988396847,0.3276991695524168,23,9,2.71586690446013,49.13111273604878,0,0,0,0,0,0,False
2249,311.35340948446543,145132.10515348392,0.4635758972313235,20,9,4.638764389351155,43.99293327517882,100.0,56.00706672472118,0.82760189248125,0.00013765904555944876,9894.096360374922,10761.471725534739,True
2250,331.73848807609625,149886.27869160502,0.40467274731288355,21,7,1.7178924248348955,52.82016056943402,0,0,0,0,0,0,False
2251,295.77981984053395,118628.5825959282,0.6615251755734198,15,8,3.3853957941942268,44.94199649896768,100.0,55.05800350093231,0.9992428034648241,0.24779028371844947,7319.556159184036,8252.634187264739,True
2252,292.51376835024735,127879.4093480609,0.6326040106552683,15,12,3.2511280789335038,50.05036600094762,100.0,49.94963399895238,0.999767054297486,0.26617527617073683,6436.3929603246015,7426.472864213735,True
2253,292.4652881113704,134276.35467926238,0.6780003499529836,23,8,3.213380951623982,49.95450657326649,0,0,0,0,0,0,False
2254,339.8572703721827,118300.61673008275,0.63616708290451,22,13,1.4861360796261986,42.663576398559265,0,0,0,0,0,0,False
2255,330.57877702949645,143328.77437014802,0.5340266711734726,22,6,3.4383724488157448,59.176572657552086,0,0,0,0,0,0,False
2256,299.465332931665,133964.3819362861,0.690882027648736,15,11,4.46910373964149,53.858170169842325,100.0,46.141829830057674,0.999934428302681,0.42610809639598834,7648.938740619251,8502.669528732122,True
2257,330.32841848686104,130226.4213944717,0.5586578059114289,16,11,2.1049695714468992,44.98807584822313,100.0,55.01192415167686,0.9753939700138682,0.049070879695707455,5204.481265062689,5756.572450638413,True
2258,296.67019669611705,142885.5937190611,0.5954977720289083,18,12,1.3264727556920832,54.05059758954417,100.0,45.94940241035582,0.9945738732767064,0.2562370088330389,3243.9331767575204,4204.04209923287,True
2259,322.2009796786529,102372.73738039353,0.3886279322691477,26,13,3.638771568181653,41.95681290021227,0,0,0,0,0,0,False
2260,343.35389427142775,111276.6374078887,0.3738495876654838,23,6,1.3922261763545056,50.371002722192415,0,0,0,0,0,0,False
2261,341.879175659661,146352.1740034946,0.3435284966703028,21,8,1.9848261511942369,45.58394495800894,0,0,0,0,0,0,False
2262,302.92324402615225,126905.88340401532,0.5097693192530937,18,12,1.524897671477456,45.470955560228674,100.0,54.52904443967132,0.9055084047572033,0.03519674305480191,4253.737145542058,5208.069781467672,True
2263,335.9874736942203,113532.05665956154,0.4952782305863397,28,8,2.9439863259796333,57.09585715723985,0,0,0,0,0,0,False
2264,348.17269062075985,136590.40670450171,0.6213415416192437,20,6,2.1905684584005556,42.76740444741293,100.0,57.23259555248707,0.9920355244835644,0.12525428248701723,5544.2493283969625,5795.397084406065,True
2265,307.60230290772176,147820.43388934992,0.3940752489003427,20,8,3.6155063936862506,50.66174121425888,100.0,49.338258785641116,0.7985588539263277,0.00015931942968089728,7168.726392585445,8133.354094697159,True
2266,342.23574610043534,140071.89358139015,0.49596634235195347,17,9,2.0252646483787364,58.468508706356964,100.0,41.53149129354304,0.9940178354690838,0.14219279457137324,3813.177253720425,4213.724708454294,True
2267,304.24152191684516,132896.39543305556,0.6470624144156566,29,10,4.008776344999883,59.44778700366538,0,0,0,0,0,0,False
2268,336.6837003884016,131461.54195607314,0.6015740029646908,23,12,1.9560848303211504,50.15495266006515,0,0,0,0,0,0,False
2269,298.9135422274528,101976.89700091918,0.5694771666361726,19,5,2.223681267994965,58.42970891622107,100.0,41.57029108367893,0.9837813038719816,0.2747141404425515,4075.9710535533973,5019.950755163602,True
2270,325.8989505953497,100301.08801295787,0.3937653158181468,19,6,4.785872513877492,49.4626005737161,100.0,50.537399426183896,0.7791125261613195,4.643070721644987e-05,9233.618587919424,9937.542178971373,True
2271,321.263277739288,147221.18824489173,0.6561802088206642,26,7,3.4431755025738937,59.93851065973912,0,0,0,0,0,0,False
2272,333.25160153614746,124425.79057463729,0.5254732534354233,16,6,3.5342990292860526,56.32100197681271,100.0,43.678998023087296,0.9947910107788721,0.1615038667873442,6009.752601952145,6523.305423094364,True
2273,301.813084191187,112920.79033236939,0.5898531653819239,15,12,2.768738715468698,58.8099276442947,100.0,41.19007235560529,0.9996301986377059,0.30284667784025276,4705.519021909014,5597.292404022595,True
2274,326.03014822694536,141109.42849383425,0.4239662337865052,22,12,4.299938309838129,43.961184134691976,0,0,0,0,0,0,False
2275,310.55607283055707,126252.56700578285,0.6344483601695445,17,6,3.5556262562521663,48.1262541665824,100.0,51.87374583331759,0.9971707453310145,0.24348254479888393,7167.145511095826,7924.4766189472575,True
2276,309.1108159203626,138138.66521088826,0.40355769740004604,27,5,1.5694775290580343,55.229633696617825,0,0,0,0,0,0,False
2277,318.3359322472162,110119.13121005744,0.4258194363337878,16,9,1.4541820711495874,55.665493026287976,100.0,44.33450697361202,0.9004929021582959,0.0477667404006064,3364.7886190145978,4160.4031912802175,True
2278,311.62373245936686,109587.84063454911,0.37914815514995004,21,7,3.899062339425778,54.54628243306511,0,0,0,0,0,0,False
2279,296.54532986200917,134259.47755305414,0.5916030522321545,27,12,4.965876145907504,45.05938866897767,0,0,0,0,0,0,False
2280,341.1412326655766,118645.65595309294,0.30217091559126785,23,9,4.79992725581478,56.24824349392868,0,0,0,0,0,0,False
2281,302.4430901925948,128008.86609776328,0.6861086720139871,26,11,3.1670804509202295,53.31594492998316,0,0,0,0,0,0,False
2282,290.27546284894186,112569.41615825132,0.3572047196298606,18,6,4.7350869201839,51.19411605552876,100.0,48.80588394437124,0.7318032405853148,8.204707640394163e-05,8902.96661134252,10122.925112669978,True
2283,341.47067671403505,119826.98709057388,0.3452525658652271,17,12,2.6269730823645725,47.861989443176256,100.0,52.138010556723735,0.6500106343102913,0.013267787681242671,6083.236518828008,6571.716240806026,True
2284,349.9376159091458,134694.5007834964,0.3768073010448654,25,12,2.2902480415147424,51.25411305176641,0,0,0,0,0,0,False
2285,328.2657820229131,111613.1905515091,0.3076944246996087,22,10,4.826239403958924,40.615665216001595,0,0,0,0,0,0,False
2286,343.7008908560669,123833.76588204067,0.6629552709624205,21,12,2.913137001063382,47.12858321395521,0,0,0,0,0,0,False
2287,309.64450575925974,110188.9028426846,0.5192730010893677,15,5,1.8129678459874963,41.331138800088056,100.0,58.66886119981194,0.8833124009807848,0.0025370314105246797,5119.930195463331,5979.525855823174,True
2288,322.1295312063786,116746.6025718564,0.46913785441092026,29,13,3.9176565146686197,54.06280070184657,0,0,0,0,0,0,False
2289,325.1396851260672,103263.70405557085,0.44595596690473766,19,7,2.744052646601249,54.85589928943996,0,0,0,0,0,0,False
2290,320.1515305284101,123465.30006619071,0.373497673174485,15,9,3.973636136638338,41.41671028944894,100.0,58.58328971045105,0.6351919025873685,0.0033355265341805857,9390.909335566399,10174.435270645397,True
2291,341.7934244735217,106777.80470368895,0.4036471797595845,18,5,4.671545259690751,41.132511625169734,100.0,58.867488374730264,0.6856692299934097,2.7072459044857178e-05,10689.265831693005,11140.316367653682,True
2292,320.1337905253997,126426.6583512419,0.49551468176868096,26,7,3.1042218616241,57.72352132315913,0,0,0,0,0,0,False
2293,309.49875770113044,108159.9257650549,0.49692129726838163,15,9,3.670099549637248,56.74554493487756,100.0,43.25445506502244,0.9989336934343465,0.11425322922484986,6124.090779020743,6995.009533075037,True
2294,309.53906883603764,127754.37670311937,0.5799904608941373,19,12,3.253048898178034,54.14455784363533,100.0,45.855442156264665,0.9999051018866189,0.22436179244303053,5911.3172572260055,6715.845381005012,True
2295,337.7473994520251,107707.97512350038,0.4158124375554731,27,5,4.19967221357429,44.532885002914725,0,0,0,0,0,0,False
2296,322.54699217200334,114979.51350174138,0.6395106724893659,24,13,4.807127876739881,52.16495908488339,0,0,0,0,0,0,False
2297,319.0557481178481,117084.37609535511,0.6848703977023073,27,9,2.5939250515867176,51.98325529933824,0,0,0,0,0,0,False
2298,300.8608113342962,142908.1255435624,0.30644527341991046,25,12,2.183116597233881,51.21161966746122,0,0,0,0,0,0,False
2299,324.9662151079687,118247.30863195458,0.5815124161146707,25,13,1.4633759419254515,53.101788580135334,0,0,0,0,0,0,False
2300,343.557626610924,114755.58838466604,0.6782133576399983,27,9,4.537085751208935,59.418838573051744,0,0,0,0,0,0,False
2301,292.89174055794,103786.61021428194,0.4234976852231862,24,10,2.0877407287177756,51.62410304177985,0,0,0,0,0,0,False
2302,292.3498987381888,142832.0511668742,0.3909131547881394,19,11,4.099446529333464,55.703041861199544,100.0,44.296958138700454,0.8796473384274016,0.002252934293941884,7012.601862369255,8194.453601629348,True
2303,302.6398888883697,108475.66312390068,0.46555684176311496,26,13,4.308919867741012,49.24329547089356,0,0,0,0,0,0,False
2304,297.78859374051785,125214.6089832425,0.6243093871069006,16,11,4.270879446991715,46.505121299626396,100.0,53.4948787002736,0.999891875165027,0.1922688422538537,8546.524934347952,9482.730581350057,True
2305,290.66617736933347,109156.70121062364,0.6895827380417248,26,5,4.114990661158249,59.97402904846892,0,0,0,0,0,0,False
2306,334.7117117976497,109062.35542534247,0.6297907897466927,16,12,4.359385483532257,57.60454855468353,100.0,42.39545144521646,0.9999503215384401,0.3573630718468289,6886.8874603237555,7303.55781127531,True
2307,343.2286223870376,105393.66902475983,0.5275451428692419,29,9,2.257251807797467,57.37394350365601,0,0,0,0,0,0,False
2308,308.2925461763306,128233.70220821258,0.333196480665635,15,5,3.5159564152872704,58.94738726836209,100.0,41.0526127315379,0.8096788937376758,0.0013643445740310187,5825.586078532689,6825.059354962524,True
2309,309.31053161932164,114485.21717471392,0.4493576781016739,29,13,1.8902479690545024,50.652256425870505,0,0,0,0,0,0,False
2310,333.3904543724375,109191.93853606521,0.42373545685569064,27,11,3.8726108475972385,59.065785752715996,0,0,0,0,0,0,False
2311,341.83118162355845,146768.87834120626,0.628590818362565,15,8,1.476180082198005,50.49219158494095,100.0,49.507808414959044,0.989807777838295,0.2744167019397943,3723.869167613029,4046.6527740427646,True
2312,338.3228271659133,104020.56985598837,0.40703502851679707,20,7,4.487565586237503,56.788189676717906,100.0,43.211810323182085,0.9417477837408841,0.0001719840245646303,7274.925355415672,7805.088012709099,True
2313,344.94162702430816,120590.98632462922,0.66068321376361,22,8,1.9100120857807037,55.25440073540437,0,0,0,0,0,0,False
2314,321.31591136257055,128275.97372883347,0.3074983088320225,24,11,4.576880047847465,53.323988149315035,0,0,0,0,0,0,False
2315,340.76090938263894,127222.79250456156,0.3846081206101233,23,6,3.142895993075658,58.0333898000249,0,0,0,0,0,0,False
2316,329.12353328013666,141612.85542864347,0.6109279988811049,17,9,2.520715319840848,49.86730930335847,100.0,50.13269069654152,0.9988430725970128,0.22094753398861838,5351.124649890053,5870.357980031073,True
2317,290.80244653839395,127650.06477759588,0.5606333053045403,19,8,3.3051756225084503,59.650847699624954,100.0,40.349152300275044,0.9987141514094258,0.26430559142096777,5266.602851269244,6322.630538535226,True
2318,303.46724026774615,137625.2284226953,0.6062469353151048,27,7,3.058900016229696,43.19162466585069,0,0,0,0,0,0,False
2319,297.72507975053475,141723.4271688693,0.6399156899737425,19,8,4.583719143242249,41.40221493107073,100.0,58.59778506882927,0.999613513844755,0.13082116397410834,9918.027407499589,10852.432494634331,True
2320,297.9656095008161,103132.8485621451,0.30377022322053415,26,6,4.653452854140873,44.6863847926248,0,0,0,0,0,0,False
2321,342.51726208570193,127720.49977653666,0.4594976605414562,26,10,4.369640441671973,41.513239464799796,0,0,0,0,0,0,False
2322,296.2806183010965,145190.652504014,0.4006942995667613,25,12,4.358004873218746,48.46960430003021,0,0,0,0,0,0,False
2323,324.1699956589391,111756.81689491312,0.6653777716799498,27,6,2.068593334378656,53.43472165351538,0,0,0,0,0,0,False
2324,292.69856963597067,118052.66708842927,0.33816601563810217,22,13,3.2860039432533528,42.68651127025472,0,0,0,0,0,0,False
2325,335.0004191618782,146186.9622402223,0.6876933073091509,19,13,3.7429693389751915,40.41898532429271,100.0,59.581014675607285,0.9999791054498368,0.2273496222213385,8565.33299944704,8961.992501596029,True
2326,318.23490852840513,100184.96981145133,0.4461464863490112,19,10,4.889918511171386,47.29341288808308,100.0,52.70658711181691,0.8459445912746818,0.0005872624856514651,9695.24148892282,10481.260187279013,True
2327,335.4528183128695,134172.07898623025,0.5753303204299205,21,7,4.9619652799966865,56.04223685299662,0,0,0,0,0,0,False
2328,331.1550177150114,149638.38501373673,0.4302291317396608,26,12,4.481069590969584,46.63391007767463,0,0,0,0,0,0,False
2329,298.2288539102845,126565.40594313464,0.5327508084879856,17,5,1.540715017770895,56.77753873788326,100.0,43.222461262016736,0.9646620044519169,0.20395541424915614,3353.4859196471384,4336.3097340179265,True
2330,323.8447879586197,119791.88314857738,0.31211635754853156,28,5,3.459784320733678,44.36375743917786,0,0,0,0,0,0,False
2331,324.8552156101626,125427.34636936866,0.4035020804615319,21,12,4.229918864798534,54.46852804090659,0,0,0,0,0,0,False
2332,325.95468962380926,128062.85323077814,0.584178828788575,23,10,3.9342468477716954,48.1151140701908,0,0,0,0,0,0,False
2333,308.54590707581787,147029.3335100448,0.5578622413435714,28,7,2.075361396858479,56.02892073351682,0,0,0,0,0,0,False
2334,293.84617678207456,135048.0814312565,0.5272918991722425,19,7,2.0937552293084662,47.102711823341565,0,0,0,0,0,0,False
2335,305.1423274156064,129281.90921268413,0.6498453465132431,27,8,2.5262673915013236,54.37780667511167,0,0,0,0,0,0,False
2336,314.54533176873997,110369.2112851111,0.6227908029527953,23,6,1.6328735840808675,54.359373475851704,0,0,0,0,0,0,False
2337,291.7114882160833,118183.9342594518,0.36437305425489086,17,6,2.5224034932513346,59.0885827488871,100.0,40.91141725101291,0.8875777964410061,0.0021271395551334706,4467.197606452021,5677.963615213278,True
2338,327.229566976389,143582.30164902002,0.5744546907729786,17,8,2.9194524369663863,58.15400804246221,100.0,41.845991957437796,0.9982223006454848,0.2695233328638206,4973.142084454371,5532.055347908693,True
2339,307.98302992194135,135724.40537312784,0.4554475085152376,26,7,2.0477218158450015,51.71306741689525,0,0,0,0,0,0,False
2340,310.15404787515257,132513.86091957917,0.6671107366962461,22,8,3.881963133855252,49.24502153348733,0,0,0,0,0,0,False
2341,294.2299685975364,134201.82873861853,0.3370030254244771,28,12,1.4011132089186755,59.45770962887423,0,0,0,0,0,0,False
2342,291.50270586062356,132601.17286670822,0.5532886862955684,25,8,4.222822171736413,52.41188009346493,0,0,0,0,0,0,False
2343,300.8355706479962,107371.7990445179,0.6755056966064388,28,9,3.6164591486659443,43.766256880315815,0,0,0,0,0,0,False
2344,303.78355713743275,121685.51749307248,0.6491270173082688,17,8,1.8893033863180406,54.232377260881805,100.0,45.767622739018194,0.9965219233156577,0.3559546876429105,4011.0948511449565,4837.998712357796,True
2345,292.225479810085,102422.22116114614,0.41802465903747676,22,5,3.0592585486705866,48.13244777692094,0,0,0,0,0,0,False
2346,325.77807656977285,120161.74940225475,0.48889957904419634,19,7,4.077457769099944,53.344976579024404,100.0,46.655023420875594,0.9978414994391854,0.0437807756356827,7183.435599462976,7844.95636935467,True
2347,346.1811890278592,141842.48119330418,0.5636331915045096,29,9,3.3746275212809875,59.35139060346201,0,0,0,0,0,0,False
2348,327.90682391028776,131406.03926892305,0.4678719928205991,29,11,1.8326241931809002,58.39630777656651,0,0,0,0,0,0,False
2349,293.163663695358,139033.02811006713,0.6790443442194698,19,8,1.5733364960582814,58.98969922204054,100.0,41.010300777859456,0.9951009699746332,0.45931836839038187,3202.0947248129637,4139.256580998522,True
2350,316.6693182503479,102189.30755985227,0.48369486005977247,21,10,3.7507199036298626,52.31204089159752,0,0,0,0,0,0,False
2351,299.1933119339777,145932.71220413683,0.6649944520014441,16,6,3.034258224696848,45.758940906359825,100.0,54.24105909354017,0.9968514354912152,0.2716232060967103,6637.0084076389285,7521.8107541416775,True
2352,310.51192221149904,106153.66408213071,0.47471681567437174,19,12,1.829795372948049,47.4218460766513,100.0,52.5781539232487,0.8894366524866919,0.014901659336721789,4610.659765316326,5487.5762250689995,True
2353,325.423703481421,149232.41097217315,0.3498863231474321,15,9,4.622370692923783,42.10918716615998,100.0,57.89081283374002,0.602505723837122,0.002590928480257155,10532.565959119092,11253.01278356708,True
2354,335.320445871114,102081.46912568525,0.4474263507944404,26,12,2.856518293896479,43.43261676872751,0,0,0,0,0,0,False
2355,332.84051515610105,132885.82110747264,0.5465496263221901,29,9,3.220299000540664,59.699776207048664,0,0,0,0,0,0,False
2356,304.2231596102478,123634.52935051161,0.5124576719450169,22,6,2.988060318186544,50.50432605998827,0,0,0,0,0,0,False
2357,346.30306985249183,117380.13848245557,0.6911724731387511,26,8,1.9744423774659783,41.67059553482615,0,0,0,0,0,0,False
2358,297.20787358076484,145265.94654653265,0.44849825934548815,18,6,3.6626220689475426,42.0443341511825,100.0,57.955665848717494,0.7737969047760717,9.44097617924895e-05,8540.417653543593,9603.167632774414,True
2359,327.0749386532748,140992.9136106046,0.37669677181886396,19,8,3.0506778961470524,46.515714929543314,100.0,53.484285070356684,0.7040781311443823,0.0002706963094699791,6918.504327651404,7608.020460544192,True
2360,334.13832474210744,112256.7643936008,0.6631063558201831,20,7,1.4520344788705328,56.27906800337168,100.0,43.720931996528314,0.9886965279122336,0.4101686869785531,3257.299053729675,3661.2678072520434,True
2361,326.42544648703125,103674.8209531073,0.6414934986307792,29,6,3.8610225389247876,40.17458145398988,0,0,0,0,0,0,False
2362,345.8523191084247,100448.57387022908,0.3567620148084783,28,12,4.781723736200659,42.18428885227348,0,0,0,0,0,0,False
2363,318.0741785018092,143699.2290057774,0.6637727439522813,28,11,4.127852826941789,53.52716441307013,0,0,0,0,0,0,False
2364,332.89741614723243,149607.66571581576,0.542996305357481,25,9,3.8713722495424188,40.641578967643284,0,0,0,0,0,0,False
2365,298.6305577738628,131992.67045187735,0.34279305190173437,25,11,4.150352807650269,51.91337541465333,0,0,0,0,0,0,False
2366,324.5651510661617,127354.34561346397,0.4937025360026486,19,5,2.9147805213604805,53.65618585169426,100.0,46.34381414820574,0.9853865816877636,0.0690115370485841,5516.291881172423,6186.277961426188,True
2367,337.07297837193397,100677.61472322959,0.6535852391378392,24,12,2.784178199728811,45.62839605791173,0,0,0,0,0,0,False
2368,337.8021625608437,102717.07584366841,0.45516586732406344,28,10,2.0231362863854203,52.93925604333129,0,0,0,0,0,0,False
2369,333.6588098093364,131844.0541821355,0.5792988250551718,27,8,2.6572679467356783,40.579387919773,0,0,0,0,0,0,False
2370,312.3351675318563,117361.84024448025,0.31332881757852504,25,11,4.434183592417953,49.54275765464583,0,0,0,0,0,0,False
2371,346.17113621214213,103056.69115385336,0.4063233930839545,18,9,1.8223427718480556,41.974541020030934,100.0,58.025458979869065,0.6987989399673822,0.002007087410132146,5233.700906501027,5618.076897286526,True
2372,313.50789051123377,140884.96434911515,0.6770895410128124,21,8,4.04469572044,48.89663541886275,0,0,0,0,0,0,False
2373,316.81479503949606,101381.18522713502,0.3960509141570546,16,7,2.9931306645030666,47.799230216299144,100.0,52.200769783600855,0.7575766819920497,0.0012351611482985878,6604.4014322421435,7434.2596555598575,True
2374,317.6766505509649,121674.44982930945,0.6524818531330132,16,12,4.552957514972518,42.205134557921625,100.0,57.794865441978374,0.9999227469224171,0.1766861382484918,9727.583508273452,10386.902906409963,True
2375,309.26003883320993,133777.38248404136,0.4695732336284509,25,9,3.440467960883349,57.197099541895966,0,0,0,0,0,0,False
2376,332.29098748651563,147043.10076295558,0.6450234847023407,17,5,2.410887692858686,50.744377701795344,100.0,49.255622298104655,0.9896163907217187,0.31054094685805944,5103.634277892712,5550.823194684235,True
2377,300.33556180626323,112260.95580764845,0.38739209489096016,27,7,1.8530580609252443,43.61348254668281,0,0,0,0,0,0,False
2378,307.77587693429325,147947.78420148138,0.37282710104942285,15,8,1.7435097148891074,52.51433039030896,100.0,47.485669609591035,0.7706491559246599,0.013100896635699608,4119.414572082617,5091.679089384668,True
2379,292.03614048811903,144261.02795257265,0.5346762671367877,18,10,2.4295588001728383,44.78471989058235,100.0,55.215280109317646,0.9638224278946572,0.005584364692687347,5783.671570345698,6875.374426653128,True
2380,303.815657022492,100019.94281485351,0.673116337705477,29,6,3.678308802678962,59.05535476286576,0,0,0,0,0,0,False
2381,337.59838735345573,113267.79776282112,0.6632389245790183,18,13,1.7904779189445081,58.909644774275684,100.0,41.090355225624315,0.9995511882899142,0.42865626616569374,3475.7205447373753,3829.701394859235,True
2382,293.097095624094,130622.20543937781,0.3803973934537088,17,5,2.8386207608067338,58.7000568381647,100.0,41.2999431617353,0.918896468472908,0.0015394538433653139,4885.562063516273,6069.273118033039,True
2383,344.53744402496204,125120.14363475131,0.3411790459654822,19,8,4.927346490344359,56.402758984178234,100.0,43.597241015721764,0.7822758091648795,0.00022862280322611374,8156.282010925216,8616.023276785232,True
2384,318.6981466748979,110598.92438971408,0.5884398897336562,22,6,1.6904770189800995,40.98672581810956,0,0,0,0,0,0,False
2385,302.0319559756259,104329.22249304963,0.3158309861923877,17,8,1.6583436005773966,41.5207444548924,100.0,58.47925554500759,0.5392571992417478,0.0011501239740451064,5066.586987761377,6138.940982552621,True
2386,290.9544471956035,111433.34679098145,0.38604126319518217,16,13,4.412256721419121,50.07340820138477,100.0,49.92659179851523,0.7418113649094606,0.031315711723300194,8581.993551121754,9766.954471555751,True
2387,332.75049226452956,131008.34812252106,0.32044973373595403,29,5,4.728091097589314,46.754214256418265,0,0,0,0,0,0,False
2388,331.5230475320055,124362.43439257276,0.4893734564402037,21,11,3.2626726555254812,50.147166204915905,0,0,0,0,0,0,False
2389,319.80318203678524,120303.90369677519,0.3559529921415795,24,8,3.430467842450091,47.23498588214113,0,0,0,0,0,0,False
2390,305.07143979136583,122057.4867585792,0.6687360199249293,20,9,2.8005409116257614,45.63993034549164,100.0,54.36006965440836,0.9994330242736966,0.27485533783488547,6262.719362049611,7069.603316375423,True
2391,291.84485981740966,120797.26829512235,0.34083107704068255,26,8,4.867876009980401,50.649826039638846,0,0,0,0,0,0,False
2392,300.5561064219739,113913.59666788162,0.3330981550128309,19,5,2.2848450743260544,49.372167610793625,100.0,50.62783238910638,0.657852665346601,8.472490370741162e-05,5344.368347190104,6436.357555318201,True
2393,303.57654739415835,118008.49853565678,0.5231509957860575,21,7,3.9181262075349386,47.60580514292203,0,0,0,0,0,0,False
2394,335.04129587262935,117322.96839076278,0.3738033758995781,25,5,3.3954128408550934,59.3180325894901,0,0,0,0,0,0,False
2395,343.0109339622483,110506.70919861941,0.30226160642902505,15,11,4.823216984942487,42.16869656617647,100.0,57.83130343372353,0.5166457231887803,0.00824950569673333,11001.352436499206,11482.094098646861,True
2396,314.9557798630574,141061.62545548254,0.3528928187140071,24,8,3.835697514593967,55.106229246517316,0,0,0,0,0,0,False
2397,349.30030443429223,103450.37510122437,0.5540499792631737,29,5,1.5808336636944271,54.193130386282036,0,0,0,0,0,0,False
2398,301.9036506785147,140342.95420543387,0.4433967452121653,29,9,4.833069375599835,46.72982595871861,0,0,0,0,0,0,False
2399,304.02395211512055,123197.86479060099,0.620637179130451,27,6,2.5879485084570124,54.56576874987552,0,0,0,0,0,0,False
2400,309.8155754787798,100126.95544403847,0.4759063020996125,27,9,4.587658829585475,49.42275895056216,0,0,0,0,0,0,False
2401,331.41693877553735,110608.930089776,0.6195440677441657,17,10,4.312832271456521,56.50472184044475,100.0,43.495278159455246,0.999849884561071,0.32679857737510476,7004.327141265754,7475.535888178013,True
2402,326.4793974273652,137346.9829581813,0.6208756785799256,15,8,4.482135240243521,42.25854664416908,100.0,57.741453355730926,0.9993586860585392,0.10370487276344971,9595.818593315375,10161.158741576266,True
2403,315.67070880289424,134004.8115320743,0.6718843984623977,28,8,3.825391293178356,54.3622192339801,0,0,0,0,0,0,False
2404,312.02187696992524,105900.43801141954,0.5551569531578342,23,6,3.464154266590186,50.45381954510091,0,0,0,0,0,0,False
2405,341.1191874153757,148136.7039511874,0.6157916301513042,27,6,3.5855863591439974,51.66060067104276,0,0,0,0,0,0,False
2406,337.94670231927876,131532.1413508213,0.4947016229928211,16,6,4.340343366017198,45.98736852663544,100.0,54.01263147326455,0.9153670490993004,0.0006408396759969215,8895.059448995307,9375.26713258419,True
2407,303.65939343100496,112666.87682711786,0.4317173246031569,22,12,2.6798878564864745,52.90291434691571,0,0,0,0,0,0,False
2408,298.5803565505245,120081.44067534519,0.6931918270052558,27,9,2.582045102946113,58.62905923275899,0,0,0,0,0,0,False
2409,318.63859601197254,143145.80797384732,0.3016224959037613,21,10,4.772206615312332,57.286311036931174,0,0,0,0,0,0,False
2410,339.5841667463187,138393.67543946143,0.3089942922712242,27,9,1.868377504931622,44.79843637549716,0,0,0,0,0,0,False
2411,345.8264879098249,130717.26203604919,0.3146073719806982,15,5,3.1311762274118458,52.36469976164093,100.0,47.63530023825906,0.6596520775789725,0.0007266769880327975,6322.545894499234,6767.014312686096,True
2412,317.45934653396847,133758.51858665218,0.533974172355054,27,6,4.226174030753309,57.967914205664755,0,0,0,0,0,0,False
2413,310.94082030432537,122316.63373031431,0.49640346711227307,20,12,2.7800653920272618,44.13779419396239,100.0,55.862205805937606,0.8862057777496919,0.0030684043028265727,6547.550662166117,7405.299537974092,True
2414,318.6535710814633,115236.74417784804,0.5875701136678682,18,6,3.19460612690432,42.97740274767008,100.0,57.02259725222993,0.9959500497172232,0.04572024296716973,7256.101247545216,7957.014937536251,True
2415,328.62796547036316,124022.25010579803,0.6902433482625209,23,8,4.578528854466249,42.22499122631485,0,0,0,0,0,0,False
2416,345.94755718981355,147915.14775062684,0.5113458746360423,17,5,2.934365338209431,44.12434656895804,100.0,55.87565343094195,0.9147903840050957,0.00047413194170584913,6779.998738605594,7131.7993864437,True
2417,320.9167353508136,134134.7733059498,0.6174003373015708,29,11,4.318443610109595,58.47828007977617,0,0,0,0,0,0,False
2418,349.5096422285911,138614.43135105824,0.41721505764032757,18,10,2.571813290671493,45.375401911136855,100.0,54.624598088763136,0.7614072266427178,0.002864174210926667,6178.241202596072,6512.144306900562,True
2419,313.3985334773187,116254.46176159485,0.5964732332823417,26,8,2.3904001269142245,53.61552270571194,0,0,0,0,0,0,False
2420,292.1222087756989,126877.07366794234,0.43632675117617914,21,13,3.3473484457034166,46.44224491457715,0,0,0,0,0,0,False
2421,318.2640565026429,106297.3554347102,0.42535173817518046,23,7,3.1461892380638945,58.55911605020201,0,0,0,0,0,0,False
2422,293.50899873644,132455.7733664029,0.30400002343099475,24,11,4.178358019573955,49.50727021009697,0,0,0,0,0,0,False
2423,343.8174468269946,100934.59258236874,0.46037774372582074,16,9,3.458776085007904,55.39744204772614,100.0,44.60255795217386,0.996769707801612,0.028484547281495888,6032.03228243436,6449.232071868395,True
2424,346.4120258848518,125451.80090340466,0.41465312670020904,28,12,2.4566450448976815,45.42965980959266,0,0,0,0,0,0,False
2425,319.58911948104867,101057.09286219858,0.5334500876587571,16,10,2.453856535526702,41.14300348032988,100.0,58.856996519570124,0.8972470286766131,0.013015008011188703,6290.356912401503,7004.4703298250615,True
2426,305.03099576652306,116720.7604409737,0.6927085561380648,15,10,3.458397021818251,58.86084753207541,100.0,41.13915246782458,0.9998042023205268,0.4780726545347032,5559.510807570691,6337.112344717339,True
2427,322.11870962703335,149678.40745247505,0.6417897133896635,22,9,2.6554347075606586,51.37149288598115,0,0,0,0,0,0,False
2428,332.14568705053966,113489.18737073478,0.32673872529373854,27,9,4.748863255985044,46.171429831883245,0,0,0,0,0,0,False
2429,302.76680857939084,137723.0599858649,0.6800734062607123,17,12,4.485079325849011,43.375198261624476,100.0,56.62480173827552,0.9999685876308025,0.26245659555302747,9414.052997125234,10245.320307058455,True
2430,300.6712617239686,135555.7369938602,0.47835253510909054,16,11,3.576048945025809,47.47132681998886,100.0,52.52867317991114,0.8967969780169157,0.015320977613058864,7438.69191647169,8446.82808809059,True
2431,348.71504015940627,105681.30504755992,0.6229312437707241,26,8,1.5485720516409036,41.77258551744686,0,0,0,0,0,0,False
2432,332.3683609458651,117054.1156040968,0.48296235003525173,28,8,2.5258632815506585,45.65939586882627,0,0,0,0,0,0,False
2433,303.48358273058454,102100.05585802857,0.6028461750700596,27,9,3.7901878375696585,41.42397859098916,0,0,0,0,0,0,False
2434,332.75668658705183,106703.0811082143,0.6354315785516991,23,9,1.7272218023833368,45.97713973031025,0,0,0,0,0,0,False
2435,311.9651160812781,107626.01396744541,0.3627708490360726,20,5,2.8630780176965915,50.0801894337188,100.0,49.9198105661812,0.7266683938591624,3.9740406835308656e-05,6138.410615796452,7057.095674243358,True
2436,336.2521611033202,138661.9147947372,0.4468006249579466,19,12,3.598046961481323,44.15120291661335,100.0,55.84879708328665,0.7975693790841202,0.003094126092388237,8085.29278341476,8604.642860103051,True
2437,344.1155450662807,141486.84729016456,0.39313171984192197,22,12,3.9421521456033535,55.7821546028015,0,0,0,0,0,0,False
2438,303.0179286158807,125964.99515156027,0.37191450943456555,22,8,1.6095840805232013,58.41853899910446,0,0,0,0,0,0,False
2439,317.77866097240906,116634.85599735244,0.3295744348114725,27,7,2.1568662840227066,51.90475292209664,0,0,0,0,0,0,False
2440,338.60463116492474,129097.42112028002,0.49110973092955423,22,7,3.792771773820177,41.35878303260261,0,0,0,0,0,0,False
2441,293.3503216900791,144176.91638227936,0.5949994738123887,15,11,4.519320817792738,43.5439397714556,100.0,56.45606022844441,0.9993865722214587,0.07066965897997457,9445.787074621194,10473.422471090837,True
2442,336.6128005170535,118267.52203116645,0.5203751922514108,25,12,1.8651577286966972,46.197337753535834,0,0,0,0,0,0,False
2443,302.2078970988323,144111.93692625614,0.5967094125723659,28,10,4.5891620505728845,45.84414308188524,0,0,0,0,0,0,False
2444,305.4567079591493,109114.87114738308,0.6028952690471856,22,5,2.0409202982122308,45.75231857528999,0,0,0,0,0,0,False
2445,326.871229801217,110341.65917581946,0.6398218538268903,21,6,4.0954972351684225,47.71245340594093,0,0,0,0,0,0,False
2446,334.642611940328,139643.276642804,0.6391994088676266,27,5,4.406916720274998,49.38030549434441,0,0,0,0,0,0,False
2447,302.4203885797094,131704.63913993278,0.4175923641190446,21,8,2.4966806002876956,52.033590605456226,0,0,0,0,0,0,False
2448,294.1653133791066,147790.796259873,0.3456202054894691,22,9,2.9214088285328628,44.715194061285935,0,0,0,0,0,0,False
2449,347.60467493179056,104423.41957320512,0.466805304409619,19,8,4.858961149966258,59.58876996549166,100.0,40.41123003440834,0.9990856376278301,0.10583508445403347,7177.8272578639035,7519.897416111318,True
2450,298.82266895519393,100711.7859087092,0.5682051066058007,18,9,4.751440402081789,59.45498867491459,100.0,40.54501132498541,0.9997123787206107,0.2739410241256428,7068.4671206150415,8015.45673665502,True
2451,333.7979867611708,142092.01495183058,0.4782447491395194,16,10,2.8866078229477505,52.70889947540867,100.0,47.29110052449133,0.9853223325005,0.023302390133949018,5588.613203152783,6143.318586244889,True
2452,296.03730878015085,147239.66051110282,0.42622254648639113,22,11,1.2011648248345772,45.43594158614191,0,0,0,0,0,0,False
2453,305.83579182981185,126194.1594010725,0.46447793710066393,23,13,2.6847487359790585,56.34981472270691,0,0,0,0,0,0,False
2454,296.23893464968455,140624.42849372956,0.5726621647518804,24,11,2.4748857527970536,41.308173505472325,0,0,0,0,0,0,False
2455,311.4493137724573,128854.62373688314,0.5224735974994956,26,6,1.377515901775731,41.690192668091115,0,0,0,0,0,0,False
2456,292.1683272036441,107226.99685755788,0.6896675152315107,16,7,3.0395669000013257,49.49218919937858,100.0,50.50781080052142,0.9984753244123794,0.37452279323190324,6186.159519652876,7136.716949189401,True
2457,312.1544652443751,140863.62149302504,0.5992443993606872,15,8,2.2001152087522184,58.94017219705473,100.0,41.05982780284527,0.9967432111886017,0.3223327481014592,3985.4134564303686,4732.2652705149685,True
2458,295.0301746113635,124435.35744098117,0.3175346778635047,23,11,2.063356860581948,53.36941309714898,0,0,0,0,0,0,False
2459,316.4100683069452,113877.6264000813,0.5839265130433802,19,13,3.28968332589524,52.35162710861675,100.0,47.648372891283245,0.9999469086522178,0.20528035583850543,6195.300619140086,6907.263863566963,True
2460,344.97648297400815,107772.33429363395,0.6585091763435866,23,6,3.570254268494187,57.07522174169334,0,0,0,0,0,0,False
2461,325.6752911647398,116170.78212452948,0.5698526793386619,29,9,4.3716143128536205,48.8479972781606,0,0,0,0,0,0,False
2462,298.693216785982,148107.66010946044,0.3935448469179866,16,9,2.926260335560886,52.20395222818753,100.0,47.79604777171247,0.8170565477311348,0.00579397425678163,5889.644869272551,6977.3853068701565,True
2463,345.7332613051965,111875.71287923158,0.3412253545790479,21,12,4.713033436983607,45.740501024270095,0,0,0,0,0,0,False
2464,323.26477997012927,117598.60620140194,0.48784132068232666,22,11,3.377463739404906,50.815393245674485,0,0,0,0,0,0,False
2465,307.2943570300537,110109.8052692948,0.5935229826262141,29,7,3.617575689063613,43.69535148419275,0,0,0,0,0,0,False
2466,329.88291662440605,141428.38757955367,0.40087010246396526,23,9,4.987651068550068,59.659114572074444,0,0,0,0,0,0,False
2467,338.43821104686646,123102.69370896374,0.3849328742436564,26,10,4.082150164100888,40.67151794552489,0,0,0,0,0,0,False
2468,308.4095198312529,147924.6387659007,0.33182925230392296,22,9,4.053072470052353,46.212549351505494,0,0,0,0,0,0,False
2469,319.87409241254915,147241.42894050345,0.6330696793972532,15,7,2.715026157738239,52.78829565372141,100.0,47.211704346178585,0.9972240937990099,0.30738504071432166,5319.331100264144,5945.239081402562,True
2470,344.34757289341894,115062.98417435067,0.3947010793059109,16,8,2.4042590475941066,51.23861296353162,100.0,48.761387036368376,0.8041179804613132,0.005079069920658725,5220.886423178181,5652.077890141905,True
2471,290.8249407737062,146360.34079512215,0.6887406484729368,27,13,3.8269736871000797,48.93797025351917,0,0,0,0,0,0,False
2472,326.4995326659034,143993.07886738895,0.4431754971200983,25,12,2.7130741189871244,44.115695073491025,0,0,0,0,0,0,False
2473,305.0966521311561,107119.88898635014,0.36403887365396315,28,10,2.7361379076663703,52.13733624092514,0,0,0,0,0,0,False
2474,326.2806347534159,104101.77527842387,0.36199760308126494,15,12,4.721596294072037,58.62506970221977,100.0,41.37493029768023,0.8223642295041028,0.03709528078414867,7423.12883903011,8140.299526487886,True
2475,311.80877484403004,133675.61300085203,0.44411091711056966,19,6,4.380750302190096,59.832187689175306,100.0,40.16781231072469,0.9953022479257919,0.07406806614264344,6557.629979947884,7436.4212064585045,True
2476,344.1798038683043,120940.04563386309,0.6648778100101246,23,12,1.2180142065358612,44.00457154647319,0,0,0,0,0,0,False
2477,319.62277294176806,122111.8815715518,0.5968885389151174,24,11,1.9437102039767347,40.82156367595485,0,0,0,0,0,0,False
2478,297.0315718854246,149947.8168045009,0.5581952168183117,19,10,2.3096932421607086,56.359328641365416,100.0,43.64067135853458,0.9989461604096028,0.21691051823156718,4378.875429288407,5362.182140108687,True
2479,349.80899355418387,116337.95577038711,0.6003742786956066,16,7,4.174669459825839,49.17059172783465,100.0,50.82940827206535,0.9986431608164155,0.18866884569827375,7974.613997267501,8204.706511149525,True
2480,324.6055844976197,138001.96002694045,0.4273734371992165,25,13,2.2184106992801893,46.54205670867357,0,0,0,0,0,0,False
2481,316.6400611102387,103495.02537187032,0.47312007961978697,23,13,4.181853991202121,51.57596770688868,0,0,0,0,0,0,False
2482,313.13921504197737,112699.8765734866,0.6093638524728209,23,6,1.6393684848172378,44.82579633907016,0,0,0,0,0,0,False
2483,342.0425707306988,111543.24645373493,0.3339860862596464,21,11,4.575422078406468,49.77115370744787,0,0,0,0,0,0,False
2484,316.34596142494644,136228.52655973614,0.6032391820461184,22,10,3.0671234288599596,53.2843439743214,0,0,0,0,0,0,False
2485,341.3744902314976,117414.5035494591,0.5591459636101318,19,7,1.5498124467945753,58.74198318213258,100.0,41.25801681776742,0.9805360094252324,0.2631790319674608,3201.9201095648677,3565.445622832824,True
2486,328.2922066571119,100352.85312335861,0.45439711571461294,20,5,1.9901600386539826,55.36247096374255,100.0,44.637529036157446,0.962500103343158,0.0447318155923423,4077.7329788814145,4720.16639644233,True
2487,335.13850662985936,143642.65616940163,0.48487649780836795,15,13,1.4262471442882094,48.390256362408145,100.0,51.609743637491846,0.7725000887987148,0.1781162214217672,3958.287267682584,4446.952037798756,True
2488,298.2712224176912,127899.87940231957,0.6051277119226774,20,6,4.614238721032912,44.84420536850118,100.0,55.15579463139883,0.9980810362948529,0.12180042586136118,9389.597039989458,10340.244846840968,True
2489,309.1983654543169,115542.01142710925,0.3816340433995446,18,5,4.327172688798312,52.90995571313433,100.0,47.09004428676566,0.8103357681962892,9.234809298194199e-05,7881.844892471745,8834.722672455864,True
2490,341.4144175004583,144009.97043289812,0.3288815522731291,24,8,1.6918378814158639,46.76068584180234,0,0,0,0,0,0,False
2491,335.36832768392617,110805.13243047839,0.5616479569117636,15,9,2.809703007964239,44.027478581848754,100.0,55.97252141805125,0.9864102183765646,0.021665236583340304,6482.1552729156465,6966.220114320232,True
2492,295.6275263685445,143564.05916763094,0.3112693898038296,17,6,3.9262707200911358,46.131120982280294,100.0,53.868879017619705,0.5777302377960315,0.00011430797042274977,8612.291188451853,9780.213359343288,True
2493,340.8959894782053,109053.04729989203,0.6900675068143488,16,12,4.203590202481436,50.039838572123095,100.0,49.9601614277769,0.9999586469949185,0.3806697251079831,7879.794052449672,8178.883046986472,True
2494,325.1772386112285,115300.86129375291,0.3564362704703054,25,9,1.489463210477579,58.78349356555533,0,0,0,0,0,0,False
2495,324.50712304705553,103940.34906640732,0.5095567232449918,20,13,4.7975501317620814,46.41076247140023,100.0,53.58923752849977,0.9483690851511617,0.002867605334701062,9519.037799638738,10187.745252958923,True
2496,326.01300968611343,106301.62134208788,0.6883698381942968,24,10,4.977799097467878,56.36767466160998,0,0,0,0,0,0,False
2497,316.44260378686914,146053.05455781872,0.5101168890198835,25,8,2.6455843087792044,52.630552198918146,0,0,0,0,0,0,False
2498,304.3454589419224,124938.34929817315,0.5590283178481059,26,8,3.951952321492702,45.15410851172726,0,0,0,0,0,0,False
2499,302.7949200095239,126444.88878725866,0.4865973126040225,29,9,3.8030602130508564,42.183343986131796,0,0,0,0,0,0,False
2500,340.64523361910705,109036.1321224273,0.6167427990498148,18,8,3.9563298630379515,46.854173878940124,100.0,53.14582612095987,0.9993413279210606,0.1827660112337979,7985.0119439666805,8342.049970264712,True
2501,291.66590897394536,130404.93831830031,0.5537955284080261,21,10,4.289660886238834,58.769993454915806,0,0,0,0,0,0,False
2502,343.3184315343743,112390.20667971364,0.4385662524747294,20,10,1.4264926008036687,54.25604790355666,100.0,45.743952096343335,0.9248176319219227,0.02859812226355623,3416.6877976828637,3846.1621999570425,True
2503,338.5143890732448,149698.98923529786,0.4571643428677444,22,10,1.9146629639784125,47.09527835137473,0,0,0,0,0,0,False
2504,332.5421041834993,144234.90873725005,0.592165046354582,29,5,2.23854011457768,41.07474172258392,0,0,0,0,0,0,False
2505,320.6846192048484,103801.27141379754,0.37037400529815756,18,13,2.1728290417566516,56.33829808302934,100.0,43.661701916870655,0.8061951017049138,0.03262071516778969,4355.568608570587,5147.665016164687,True
2506,328.9454504770903,145973.8484543669,0.6303549175602728,29,9,2.5435175138207464,45.37188502766234,0,0,0,0,0,0,False
2507,347.96706970042453,128444.85514978055,0.5628359430647696,28,5,1.4349396225757387,55.81965637228237,0,0,0,0,0,0,False
2508,316.41667797408286,117359.60795489243,0.3556244531948045,18,12,2.3803662664924676,51.06629718403839,100.0,48.93370281586161,0.7155921770518971,0.010689954321450125,5273.731690162633,6131.619896318147,True
2509,336.6732717763944,121955.92542024229,0.30781774780944854,26,10,4.592020307057802,52.81480432288217,0,0,0,0,0,0,False
2510,308.2812925174534,148866.4865280524,0.4955834322553997,26,6,2.4443101542731887,54.071492006254594,0,0,0,0,0,0,False
2511,331.8303007413514,122507.55647387328,0.6980030527277306,17,12,3.702453233634529,41.69232909165333,100.0,58.30767090824667,0.9999514328529269,0.27571763939682087,8310.723405554172,8742.240010979136,True
2512,297.7065457986846,119740.58654077208,0.6347408544897151,20,8,2.3942945633820933,56.96206262249113,100.0,43.03793737740887,0.9980191300971013,0.36026442193873437,4429.673076137261,5342.828374502884,True
2513,337.7582735645972,139533.67967614904,0.46627235274795686,19,6,1.4422494183809795,47.635945467292686,100.0,52.364054532607305,0.8886579970896703,0.0019745298753528835,3963.5869360398233,4460.094127886429,True
2514,340.6962698051692,122891.17878448206,0.5925592123207799,25,8,1.6276315879417451,57.428629173814045,0,0,0,0,0,0,False
2515,348.1240682816024,130398.83687132175,0.35231526216614195,19,12,2.047388982102338,52.5825437119902,100.0,47.41745628790979,0.7319524088037481,0.009969647547904945,4595.989272739719,4986.784639228769,True
2516,349.8690519967041,145630.21320102614,0.5720501799842201,23,7,2.050864885923719,41.08905969856154,0,0,0,0,0,0,False
2517,310.01392595472186,138903.91496683517,0.5342437438743961,25,7,1.2421793155637368,48.52288879064637,0,0,0,0,0,0,False
2518,328.55774511475585,148036.2731276915,0.5576884167105054,21,6,3.8190102102042207,47.31174357490042,0,0,0,0,0,0,False
2519,344.3783652268051,119394.28351814859,0.45919201775234175,15,7,3.085397642231152,44.85149772514503,100.0,55.14850227475496,0.8305505712046509,0.002578110628544137,7055.054929625064,7450.118663638516,True
2520,292.6560810968019,115389.66228770335,0.6930602399229939,21,11,4.360636052876178,47.177332577653466,0,0,0,0,0,0,False
2521,302.84613507031844,124656.05336858326,0.3106356215947705,29,8,2.3142893726972877,42.682799794306916,0,0,0,0,0,0,False
2522,342.45229638393994,136938.5645385448,0.6057308351316326,28,10,4.862800792274154,40.85503882358696,0,0,0,0,0,0,False
2523,334.01671871369444,133167.2382618189,0.4993606143875736,26,12,4.265529345064958,54.18532779365852,0,0,0,0,0,0,False
2524,304.14662884039,140315.30102368913,0.6078282117103402,22,13,3.4944809978145974,48.90507383948673,0,0,0,0,0,0,False
2525,304.9685114393416,145407.1730854056,0.6984235298761561,26,13,3.54707082656473,43.31276004872665,0,0,0,0,0,0,False
2526,318.7680534052381,124550.36134929543,0.6387419924412945,17,7,2.1430413940404627,43.890415933342354,100.0,56.10958406655765,0.9957403745124007,0.1823512734124566,5350.223854974189,6001.485094840736,True
2527,329.4503839525919,140285.62978105582,0.3359610515705741,27,7,3.137421282559516,42.775757921976066,0,0,0,0,0,0,False
2528,335.96075507408494,111200.34648643111,0.4566565591534299,24,12,4.894107844726199,43.822084533016465,0,0,0,0,0,0,False
2529,303.2129775313539,102644.23012524552,0.6537324024284027,21,13,3.3601776820454683,42.1951212739736,0,0,0,0,0,0,False
2530,341.9364458608039,126704.3072572338,0.36055481606766826,21,5,3.5680803910374346,54.73998395920816,0,0,0,0,0,0,False
2531,297.2597725899303,110391.63826717217,0.3540147736542209,18,12,1.9752968933599893,49.74859114104217,100.0,50.25140885885783,0.6925816858714889,0.012026580187423575,4782.281415475756,5905.021509401789,True
2532,332.4815532182778,136652.83311215253,0.31515282618843243,20,7,2.968159204200758,42.23155635380076,100.0,57.768443646099236,0.5455166568775295,3.8940597371058717e-05,7466.076056802038,8101.31160421615,True
2533,312.4659153293495,115368.78330062037,0.6546527814369436,29,7,3.348696900072877,41.388145969662176,0,0,0,0,0,0,False
2534,290.2591928885724,106088.70715339208,0.5341102595849334,15,6,3.7129731716144025,45.0113682217016,100.0,54.98863177819839,0.9690729813728297,0.0027636967872508044,7906.841676946338,9023.217005260203,True
2535,349.833253438633,117658.11174912716,0.31748510859053936,18,6,2.2261625768522575,54.65487630976314,100.0,45.34512369013686,0.6992894657553808,0.000717427630436821,4674.84868687399,5059.148003234646,True
2536,342.8878793689529,142860.67493031043,0.3464995636673416,29,5,1.5579958923318593,56.440561828914994,0,0,0,0,0,0,False
2537,334.53272208975676,104531.36293556947,0.3721614023916854,21,7,2.0571799900084193,55.181125171074186,0,0,0,0,0,0,False
2538,317.2575922505795,112803.69266748018,0.5919972965787473,23,13,4.433575306178642,55.20450268555603,0,0,0,0,0,0,False
2539,310.61482205002534,103114.49385501664,0.3807669856400619,15,11,3.445294491282964,47.14612054325354,100.0,52.85387945664645,0.7031197767763696,0.019389136094696276,7504.025879682236,8423.17595434667,True
2540,305.0212701369343,102768.46057468904,0.3350809915208216,20,10,2.1010196454603998,51.60628225217975,100.0,48.393717747720245,0.6910348159261791,0.0012865008775832464,4801.128443399487,5833.364165931025,True
2541,333.50747940199534,141570.43852844505,0.4658745827905306,22,10,1.8876854415758997,45.465828521730266,0,0,0,0,0,0,False
2542,341.81975065470226,101041.214412427,0.5153977102630364,18,11,1.5093901762809803,40.99192917227222,100.0,59.008070827627776,0.8624177657349692,0.015863509484247508,4611.133342709149,5012.924066661659,True
2543,343.68899028852934,131606.57763372367,0.5517426943856827,15,11,3.3538532636800156,48.15883446511489,100.0,51.841165534785105,0.9979495878288184,0.07139613569444157,6844.249850030357,7205.907783177656,True
2544,303.8076968252786,135522.28474040458,0.37481608623008966,28,6,3.625365010456165,54.448286393956344,0,0,0,0,0,0,False
2545,337.8174338464825,104911.78514928967,0.6899998717954149,28,6,4.803724653831126,53.621625118218944,0,0,0,0,0,0,False
2546,319.15120446519563,123400.6701755832,0.5328051294085618,21,11,3.2001735751203952,50.727506771434584,0,0,0,0,0,0,False
2547,318.3236233771262,142424.66630733357,0.5332429482155681,15,13,2.7191038140313273,58.24010015261285,100.0,41.75989984728715,0.9967185421276762,0.20091078071096893,4710.75793036382,5425.141649297033,True
2548,304.3834154164005,137406.2973777511,0.6706591044302339,27,12,3.3822872171395657,41.88924745099845,0,0,0,0,0,0,False
2549,314.3630695925422,105458.57836429105,0.6271565846645177,17,9,1.6151497357585107,48.43016840103321,100.0,51.56983159886679,0.9956337156376323,0.23479120190893846,4091.5422183749897,4803.07444079299,True
2550,340.2115359904529,108749.05349145841,0.6010846117942186,27,12,3.5657636153917514,47.644038700741504,0,0,0,0,0,0,False
2551,300.01257450533166,119125.20042684268,0.555363358310764,24,8,3.9860957161677666,50.45753346947198,0,0,0,0,0,0,False
2552,348.5249096999656,105995.90543687835,0.4723783928432168,23,9,3.6662199727167586,47.15802670211013,0,0,0,0,0,0,False
2553,327.8637536578026,123563.3578391469,0.4674887359994745,22,13,4.743634483728288,43.777282931603494,0,0,0,0,0,0,False
2554,316.2516125819572,107797.94657338722,0.6764870077642953,17,12,1.9176993344939217,49.351840560275164,100.0,50.648159439624834,0.9995204398458395,0.34496883535716827,4479.540549419983,5128.5083292956,True
2555,340.610561094456,123047.35012859767,0.5238826466235431,28,12,4.247340822320296,50.6985698517464,0,0,0,0,0,0,False
2556,329.58317463596666,111226.37780788871,0.5542473139742314,19,6,2.214459022453227,50.679952180994036,100.0,49.32004781890596,0.9890896936743712,0.13105702324384114,4816.556699366054,5371.05055405224,True
2557,297.93817286938935,101349.86982611497,0.6713257487288454,25,12,3.6194230227453925,52.32692583867497,0,0,0,0,0,0,False
2558,337.21870002595597,104287.97369524524,0.4750005011017828,26,12,2.231168802433565,51.80252295964365,0,0,0,0,0,0,False
2559,313.4310952771235,112241.03744039647,0.6151007700035865,19,6,4.00930773298446,42.07130129691301,100.0,57.928698702986985,0.997677915610262,0.08832420140698632,8799.831228646286,9548.96390379746,True
2560,343.4473456011784,102214.85230613608,0.4165286017154259,25,8,4.098523476275435,54.81471730686372,0,0,0,0,0,0,False
2561,299.7661485290541,118796.44297903919,0.46594179443247,15,8,3.2169241758808127,48.95386581352962,100.0,51.04613418637038,0.9070397969154221,0.0059940829354247814,6648.6257657429605,7680.467084499909,True
2562,317.86428650106785,145491.95149309107,0.3336291162213159,27,9,3.1986233363745944,42.32549126910961,0,0,0,0,0,0,False
2563,307.2280168205399,123729.37590315526,0.6807287681369258,18,11,1.5754867555326624,50.37659524914598,100.0,49.62340475075402,0.9985640617284728,0.3676456798088366,3874.9427365807414,4638.766202053996,True
2564,306.4048282546532,125082.06446152012,0.31565607975193366,19,11,4.62750884003009,43.22081173139143,100.0,56.77918826850858,0.5555033389778513,0.0005689827520532828,10395.554509142808,11408.96818749929,True
2565,334.2921616066959,119156.02029162057,0.5909407164662721,26,11,1.7240591540320551,53.016726507347585,0,0,0,0,0,0,False
2566,298.93212747708225,132996.148505962,0.432846035897828,25,13,2.944268179530632,51.04293466131605,0,0,0,0,0,0,False
2567,290.64278373242286,131430.3752882047,0.5152793271404561,22,5,3.720083475613408,50.405021657639274,0,0,0,0,0,0,False
2568,333.833381098354,113493.62891140062,0.35752993318856285,22,13,3.5215867757734456,46.14927559939143,0,0,0,0,0,0,False
2569,332.439396607011,125542.72839345683,0.4387780009584861,26,13,4.361456607575227,54.083798383002026,0,0,0,0,0,0,False
2570,318.54606914569405,123022.30650985579,0.317900039105178,20,7,1.85672945929661,45.85328021789518,100.0,54.146719782004816,0.5869871947331838,0.00014365548598640015,5014.649211088747,5857.338549010751,True
2571,344.06290457761236,101631.25149146836,0.3355624909452911,21,5,2.969354319527439,56.26039799237766,0,0,0,0,0,0,False
2572,315.7844367489838,122701.84411500845,0.5627714291675672,29,5,3.5367969322405397,43.26597151095058,0,0,0,0,0,0,False
2573,290.98970568535583,110321.24174974667,0.4540175479215058,24,13,4.69299106510854,55.50578476044258,0,0,0,0,0,0,False
2574,314.832893214892,108060.90800592255,0.5029934582748364,19,10,3.195453037858387,59.17428197777002,100.0,40.825718022129976,0.999469786438991,0.16046417869281057,5192.144681028959,5978.697065541524,True
2575,296.7604167834477,115580.62965260612,0.6250339676604761,27,10,1.9346738768242444,42.48460501121558,0,0,0,0,0,0,False
2576,294.43734353066196,130234.15063884563,0.5472625360827673,25,8,3.8523237192046142,45.705550930670114,0,0,0,0,0,0,False
2577,316.1974680126785,148858.27219818436,0.31295589541572955,23,6,4.546328263818442,54.2651393293674,0,0,0,0,0,0,False
2578,345.6715481783419,120684.45169553073,0.3173231425038559,21,12,4.65139875614792,41.786354130791565,0,0,0,0,0,0,False
2579,312.3737851978805,133324.29561190185,0.5866748303132252,24,13,2.385532054435098,43.81583847150401,0,0,0,0,0,0,False
2580,347.059434967846,100885.45944909462,0.5851330618614563,28,12,1.9045631784335029,42.426399789653395,0,0,0,0,0,0,False
2581,297.3912623772794,105140.99913788005,0.3618599656825184,18,5,1.2914043695669635,59.142944859091784,100.0,40.857055140808214,0.8652668994998924,0.014094049532574796,2913.914137479238,4045.792840571106,True
2582,322.470825224249,121809.52672052689,0.5276119375780006,22,10,2.353647149200728,56.46729016865407,0,0,0,0,0,0,False
2583,328.01210403526983,120037.70127947693,0.6197772418031477,23,9,3.3390159158450885,50.97184280222234,0,0,0,0,0,0,False
2584,341.1483369261853,114958.87300891589,0.6965313310006405,21,10,2.726700973544526,45.34631611954062,0,0,0,0,0,0,False
2585,302.05782647377,139967.4138296627,0.6879039430867793,23,13,3.2404142103434594,41.171988533963294,0,0,0,0,0,0,False
2586,339.27410193192213,138343.1323713287,0.4009888859257229,21,12,3.410884396004745,46.89060336651369,0,0,0,0,0,0,False
2587,323.92604160410133,116402.53695592901,0.6472967296486231,16,6,1.9623939052759236,53.87619915671968,100.0,46.12380084318033,0.9910811082085291,0.352980656677757,4149.425180559645,4708.026439968464,True
2588,323.81039700728536,121715.68987337757,0.5958270394193091,25,12,4.954895934153089,52.46776778718251,0,0,0,0,0,0,False
2589,306.2242509844509,133529.5532430456,0.5730416991777465,16,7,2.0384383494204754,49.08953878777474,100.0,50.910461212125256,0.9929915726485752,0.137525744415322,4695.690242446754,5559.533222844929,True
2590,329.2214179458914,124565.28104512047,0.3136798859564917,17,7,4.479414525799618,47.980878441448276,100.0,52.01912155845172,0.6028129242841515,0.00021278322023178265,9223.299752899335,9914.481979410442,True
2591,322.34022611875235,128892.75600985721,0.3682080592850755,29,12,2.642689671538678,50.20946614919795,0,0,0,0,0,0,False
2592,328.1935011480448,103745.11624245216,0.4320954204302979,17,9,3.174979369031973,55.67855012397425,100.0,44.32144987592575,0.9668847893208704,0.006401507696199598,5648.07117757046,6313.447024998857,True
2593,309.8629474201476,111648.36966929128,0.5971203746748656,26,8,3.757593681929311,44.914950877791014,0,0,0,0,0,0,False
2594,331.4561982031763,107973.0042066641,0.623751637968899,26,5,2.8333365126364956,58.142276778216754,0,0,0,0,0,0,False
2595,307.591111984884,119545.37447845476,0.3796920169114359,16,13,1.805503083756858,42.34700126759539,100.0,57.65299873230461,0.6193969545543451,0.05334786282539236,5223.335473709515,6172.164379055625,True
2596,342.85979850219724,115261.57145833585,0.4244886539054979,23,8,1.5232349720945184,41.73846484440472,0,0,0,0,0,0,False
2597,307.631232001817,124538.13720816298,0.6690073640143184,24,9,1.4758279706064106,58.757370948424665,0,0,0,0,0,0,False
2598,310.65341741206976,104260.4086999398,0.46165263169991677,25,12,3.702728575944332,48.97229929861887,0,0,0,0,0,0,False
2599,322.03383459328984,144908.76946685175,0.3045167392516244,29,13,3.279493366412482,55.45747878738684,0,0,0,0,0,0,False
2600,323.652383833821,111944.2557750809,0.5607149570124417,23,8,4.85130525466392,57.52332523177894,0,0,0,0,0,0,False
2601,347.14610881761496,125893.32671544896,0.5644459268232054,23,13,3.4293853372621985,50.094252628354646,0,0,0,0,0,0,False
2602,331.00093621978186,124082.6642153553,0.309909541667143,26,9,1.7687081380234928,54.59989260080601,0,0,0,0,0,0,False
2603,298.62450757883585,139476.73814023222,0.32528720866012806,18,10,3.0911318454052177,50.02711417549395,100.0,49.972885824406056,0.6492672262404419,0.0016588524429577208,6577.423609347348,7700.647336049817,True
2604,348.4385790768677,103828.55804528545,0.46778286648945255,16,7,4.869361260718601,43.01001754248471,100.0,56.989982457415294,0.8204043400926392,0.0005470163818426122,10492.1524911326,10819.898117059382,True
2605,307.3663003699433,128954.54099278584,0.497198474896267,23,5,1.7725330465121742,53.292615302325856,0,0,0,0,0,0,False
2606,332.9673755772671,142369.13550569647,0.45080001243131107,25,6,3.908105546307123,44.81572258508838,0,0,0,0,0,0,False
2607,331.8673382937132,122692.70429189093,0.3050725584770581,26,6,2.8998529358040424,49.65598280462251,0,0,0,0,0,0,False
2608,347.89785131155713,113892.86570311859,0.5902837882492414,21,13,4.9441865065873625,53.926067753044194,0,0,0,0,0,0,False
2609,319.44445955067545,139289.17180727486,0.6364786326804786,18,9,1.9579737913782176,56.73591354611346,100.0,43.26408645378655,0.9978024749705012,0.36095054055237336,3880.7256777620714,4505.5544377207425,True
2610,321.0976634336566,101518.37268605619,0.6199543436964603,27,10,2.758086680806759,52.55589355486336,0,0,0,0,0,0,False
2611,291.1706483895487,138091.47483059549,0.3045846653347138,29,12,1.3364374720200365,56.08684654028859,0,0,0,0,0,0,False
2612,308.70701655192505,117195.44182781914,0.3015500182803984,29,7,1.532997374655021,41.654894524700595,0,0,0,0,0,0,False
2613,302.77080077279504,130072.43974948773,0.6182062426185405,29,8,2.746093849505737,47.57896102256383,0,0,0,0,0,0,False
2614,311.879710375278,146159.05201530276,0.46401546921466713,17,10,1.2271543484022245,54.44668774093732,100.0,45.55331225896268,0.921966322864413,0.08086577742634088,3124.6610439474425,3982.043017701524,True
2615,322.86727835923614,113579.92897589182,0.5126083974955837,19,10,4.070853206018979,50.21579657065571,100.0,49.78420342924429,0.999688787227402,0.029691119353602493,7652.195173565533,8343.490044017128,True
2616,324.6972866369142,102545.56953697855,0.6515238750388911,20,10,4.303293189840359,47.44005411928909,100.0,52.55994588061091,0.9998887257181754,0.2655624604893951,8448.801566460068,9003.719361121837,True
2617,318.2782004474245,147574.82384264612,0.615963802363171,15,5,4.711767293265004,54.511577356821164,100.0,45.488422643078835,0.995633271406624,0.2991399358377367,7882.540469836744,8539.971679055065,True
2618,341.1621367156744,111358.85859879872,0.35047080792840685,18,13,2.5354438979170086,55.092699091954444,100.0,44.90730090794555,0.7531005807395502,0.022283417477214927,5033.845123347211,5532.743995018183,True
2619,321.02823131104947,144121.04389660223,0.50285609888854,16,12,3.3008403982052315,48.63795507895691,100.0,51.36204492094309,0.9437403896498111,0.037267672586808166,6774.379341463285,7489.58937071241,True
2620,291.6513144043874,112553.58547051474,0.4523164580060176,22,7,4.593420784750281,44.45170800217374,0,0,0,0,0,0,False
2621,314.31784940517554,131582.84878034616,0.3457335316706667,21,10,2.605144265976969,59.62737504145555,0,0,0,0,0,0,False
2622,301.4922788280551,125058.26821564607,0.6725725301141185,17,6,2.283102438097706,57.330476855567326,100.0,42.66952314433267,0.9943493062235307,0.4330829023697957,4251.255772299282,5088.255405755875,True
2623,303.0655866818915,123458.19841423974,0.3048849434734757,20,10,1.382009610899884,55.76189540767871,100.0,44.23810459222129,0.6839768934009725,0.004137701447138263,3374.5147643277173,4455.478021281809,True
2624,320.2821399817918,107183.16870523676,0.3512708151524405,19,6,4.111874653741541,57.25746061410983,100.0,42.74253938579017,0.8216562711370073,0.00013339580546503394,6852.115356150358,7670.262890803488,True
2625,303.32435396287565,144794.3162531649,0.3524463449028511,23,8,4.532314273475495,45.86318367201757,0,0,0,0,0,0,False
2626,300.6449289672395,139275.34278998876,0.593756727363687,21,13,3.693059210495786,50.12740454986071,0,0,0,0,0,0,False
2627,348.67172446987297,123879.15202455965,0.6288053347385962,23,5,4.011750593325578,43.77469641083515,0,0,0,0,0,0,False
2628,338.3370705576438,128754.40935421696,0.5655002486684662,26,7,4.96295203474798,57.7140743442965,0,0,0,0,0,0,False
2629,298.8365338306534,144076.50177967577,0.3563930865134134,23,9,4.208694119591504,41.284270540956015,0,0,0,0,0,0,False
2630,324.52604368263025,118312.71054302684,0.6212272299356634,27,9,2.147013218037076,51.791140327919194,0,0,0,0,0,0,False
2631,339.5625307112621,122498.48465428174,0.5599309604280827,27,5,2.748880516327697,52.31768931585806,0,0,0,0,0,0,False
2632,336.0098209227722,120616.143843279,0.4548503863341782,28,11,4.22897633355476,46.534236848754475,0,0,0,0,0,0,False
2633,342.4213160542556,104467.15574440917,0.6107714841932612,19,7,3.5307438733226935,52.438240728522175,100.0,47.561759271377824,0.998185065369382,0.25938465886474465,6534.051411174329,6859.25832333882,True
2634,310.25214238512746,114858.09942049345,0.6397182267848989,20,5,2.7775781424761545,54.55156399037697,100.0,45.44843600952303,0.9916416887113677,0.3465198265370362,5213.15074932696,5960.911623593506,True
2635,325.7455376171266,144438.0779907256,0.38885230335644755,26,9,3.5602803473620375,49.32723389171141,0,0,0,0,0,0,False
2636,327.58676294212023,101281.45415910087,0.4358515279096403,26,9,2.0996378182193967,45.253485082250194,0,0,0,0,0,0,False
2637,299.4407115305397,113996.16263749558,0.5879128810373798,28,11,3.672866552002839,54.03383150232357,0,0,0,0,0,0,False
2638,344.31826580970085,139859.5434685123,0.3886467778781017,28,7,3.809407972346312,59.03885174896532,0,0,0,0,0,0,False
2639,313.7487025759167,136066.24866594566,0.4157593150502308,27,8,4.569880173441255,56.839412577219875,0,0,0,0,0,0,False
2640,328.75204086032096,127235.80100135949,0.31883320696934647,26,11,4.79301567430125,58.91889448218015,0,0,0,0,0,0,False
2641,331.13427794640324,121176.2451607562,0.5323325730535,15,5,4.400552571313141,40.76731303252532,100.0,59.23268696737469,0.898322062948139,0.0005852002735575392,9896.58293700486,10450.412221098046,True
2642,347.4906247107435,106937.43862777381,0.37758471184052367,24,6,4.205564098131831,42.05728789411647,0,0,0,0,0,0,False
2643,327.3988973611495,136678.36986230913,0.5531846826032009,26,10,3.9776914554043348,43.9599843591068,0,0,0,0,0,0,False
2644,347.06109920302515,113856.86727140499,0.6940806025789941,19,6,3.774184683605033,50.90465865159432,100.0,49.09534134830567,0.9978056863303584,0.4011510133936886,7107.719634961608,7314.791505235626,True
2645,332.32688843776293,134306.66353528237,0.6946755494446488,26,5,3.3191492719462934,48.425236385524016,0,0,0,0,0,0,False
2646,315.61644658653165,106727.94414874878,0.5013696247215681,16,11,3.826411326843675,58.15029604899824,100.0,41.849703950901755,0.999706712700919,0.1427186274464668,6122.495405163417,6902.095244782394,True
2647,325.68136871380835,140751.83500226366,0.6279520175060631,15,8,2.299148734163235,48.37168256191604,100.0,51.62831743798396,0.9975011796097983,0.23352347976741308,5165.463750460056,5722.160945734,True
2648,292.56206033169735,105985.52056035977,0.4330309689727956,27,8,2.8371436205619838,43.894270291196655,0,0,0,0,0,0,False
2649,346.8114575243344,146017.34412308244,0.6302165359793002,16,9,3.639393281394667,57.30785140355685,100.0,42.692148596343145,0.9995497332325692,0.35507763355362065,6003.93104193043,6246.0297069746475,True
2650,295.3481783840408,142262.16029649813,0.44750193072659783,18,6,2.322088679067252,56.02568376418069,100.0,43.97431623571931,0.9832313156410224,0.027005365509965226,4443.824977739311,5551.390623443993,True
2651,297.26369019706925,149472.5892983217,0.6131558842731961,17,13,4.618149411263537,47.34541905058772,100.0,52.65458094931228,0.9999625115105112,0.1829623483921912,8966.378181229826,9917.200059732366,True
2652,318.383615755108,105429.15804466984,0.32241642118395036,19,10,3.157640675022283,53.684862874134964,100.0,46.315137125765034,0.6947166949825695,0.0012252015248909152,6157.4067468036465,7010.286529303854,True
2653,327.520943523288,141710.11769369215,0.41635913194683505,27,6,2.3412076541674356,57.03453272060828,0,0,0,0,0,0,False
2654,314.81007188679865,101580.48552307683,0.6797004603003176,18,8,1.4648726554990348,57.13003604919963,100.0,42.86996395070037,0.9935624533505558,0.44418086441585497,3207.2750383187763,3865.5234152610346,True
2655,307.08553193403435,137760.4160076042,0.44581795628807797,20,10,3.982171978700599,43.09651938574422,100.0,56.90348061415578,0.783229271008736,0.00030890827363258235,8946.740351239112,9879.562352599696,True
2656,307.17333533750576,135340.76091979464,0.5750398132261629,17,7,2.971152614596154,57.06626608908038,100.0,42.933733910819626,0.9970522148749792,0.2575385334242158,5171.02791031325,6005.595877163882,True
2657,315.0075503224414,136986.54834865025,0.4672226992213906,28,10,4.801996892366393,41.75054921078652,0,0,0,0,0,0,False
2658,314.92548655833275,143535.78930846328,0.3598795016495774,21,12,1.331331353353481,59.069814066849645,0,0,0,0,0,0,False
2659,318.85034655851643,101564.16676460592,0.3110346982391143,29,11,1.6461880118894694,51.41682822395579,0,0,0,0,0,0,False
2660,338.173944006059,131595.98338779004,0.5413240730455713,28,8,4.941119254198943,55.054580653451836,0,0,0,0,0,0,False
2661,294.44889916109946,113477.61070458227,0.34194306392515156,18,9,3.671893815078527,45.17447628271558,100.0,54.82552371718441,0.6232773612719416,0.0005049362366238853,8267.671268140077,9431.872142013406,True
2662,290.5177824828273,145056.6990936747,0.6774895116315185,16,10,3.5693150197204355,47.149488948553426,100.0,52.850511051346565,0.9998275078989491,0.31617643908458803,7319.823791481698,8302.880064331599,True
2663,328.3900506625662,118758.08673244524,0.6153372604289509,17,6,1.691518566766488,41.59802623627371,100.0,58.401973763626295,0.9861495091950132,0.0947294489972145,4778.619878548442,5320.192672624008,True
2664,308.68403734972026,140464.62456591974,0.5399425033288069,28,6,4.252449673335829,54.73505454764634,0,0,0,0,0,0,False
2665,317.5369724397513,148520.51155062916,0.4774102321987638,28,9,3.556258353796876,48.88076318536221,0,0,0,0,0,0,False
2666,338.12383946347586,108388.67503882483,0.6105949674832011,26,7,3.6362157274659923,44.66314210117859,0,0,0,0,0,0,False
2667,335.6601104810203,119224.50381690389,0.5683472129412426,21,5,3.46664847836802,57.74472326306867,0,0,0,0,0,0,False
2668,318.5631840664506,149543.3607482588,0.3770969727822266,25,5,2.8475660597225643,56.257874701707536,0,0,0,0,0,0,False
2669,327.75040546335083,108261.66193682961,0.6997433468242056,20,10,4.059081448664181,56.623467309876176,100.0,43.37653269002382,0.9998826696700891,0.4698210027218138,6651.530660763453,7123.466612023216,True
2670,338.42283370336213,120630.70353990504,0.5511720386753319,22,8,2.5038570248317704,52.66906742150057,0,0,0,0,0,0,False
2671,322.5274195550834,117513.097774217,0.43422628667264696,17,13,3.8116516252410797,53.60679944095538,100.0,46.39320055894462,0.9018208207154301,0.029546139358209392,6901.5927130851105,7635.722603894873,True
2672,314.784228816426,108651.93718359958,0.416262954771011,20,9,4.167504288025812,44.175438488886,100.0,55.82456151101399,0.745552532092837,0.00013975134462038428,9156.736047796676,9999.604377990741,True
2673,349.24078786161925,132463.01421539125,0.635140970720509,27,6,4.682119698220169,55.58805798478952,0,0,0,0,0,0,False
2674,328.537977968771,128711.91352027819,0.4822254300102361,16,9,3.460311686462134,58.61231264956661,100.0,41.38768735033339,0.9988648552275121,0.11741082145146596,5596.641521847502,6209.241377978028,True
2675,318.5792713073506,123220.43550113733,0.30294887422028854,16,7,4.956852266465525,40.96899119642608,100.0,59.03100880347392,0.5130491758204265,0.0002217268926110792,11491.444835800847,12336.995862747825,True
2676,315.29222426346655,115474.79017677481,0.5976316874712657,15,9,1.709895905940353,44.70276782393148,100.0,55.29723217596852,0.9922868475726927,0.10943050633723446,4549.50160485722,5280.598617374079,True
2677,321.67066997529554,142986.9848591798,0.6461121129078284,29,5,4.032284671960523,51.24419719317119,0,0,0,0,0,0,False
2678,340.798476970559,118502.37187848325,0.5381416650031561,16,10,4.906736092749997,58.38182957879006,100.0,41.61817042110994,0.9998131179617504,0.20903368673918918,7451.3034918055755,7842.002208931209,True
2679,294.4678685587526,108765.38081157711,0.6109814813699865,27,13,4.0666542695622585,42.31067683114536,0,0,0,0,0,0,False
2680,291.1968851811651,128225.7188130546,0.47560008049236346,28,13,4.835017624379197,45.49246306493875,0,0,0,0,0,0,False
2681,340.5981115471651,102952.69135248668,0.3685551492400647,16,8,1.9058942474050204,54.47271387829382,100.0,45.52728612160618,0.7976365630234854,0.009938072145403388,4165.386898172632,4668.110499621723,True
2682,337.3849211739185,122711.29925012254,0.40684906973678775,27,6,3.6608346510638654,58.23845733734618,0,0,0,0,0,0,False
2683,303.4573656041877,117777.46716913875,0.539290889770433,15,13,4.179609380179967,42.09786231913284,100.0,57.902137680767154,0.8725365486204877,0.080938442498526,9322.523014190601,10239.602062910186,True
2684,336.7005546741518,141945.79621895103,0.34106207474562605,17,11,3.8579746409817863,44.08657569356314,100.0,55.913424306336864,0.6072559216937544,0.003458330682527004,8784.738812795958,9344.711686118562,True
2685,299.60787851574787,147016.9371141115,0.36303547184215795,22,13,2.7216087710862777,49.59086646912738,0,0,0,0,0,0,False
2686,298.4449837896649,123802.54307591736,0.5256686769966955,17,7,3.68934682278027,47.32873723104156,0,0,0,0,0,0,False
2687,305.2021554489471,122879.61359155242,0.5711840005207571,21,7,1.9707096838418616,58.82563165610897,0,0,0,0,0,0,False
2688,317.78670358578745,149287.81862456456,0.6317205852892134,15,8,1.7407929908573672,48.84811201906655,100.0,51.15188798083345,0.9946873484015111,0.2516359896009317,4254.233579161499,4914.831299214704,True
2689,340.14840785887424,110473.68775987942,0.6763340125349399,17,13,1.3422013901950156,54.69653940791343,100.0,45.30346059198657,0.9975160889677732,0.41030907139925543,3217.9082016386205,3531.2258058427233,True
2690,349.8240114810995,141356.9538021424,0.4520295993163461,18,5,3.778385241688767,41.83260339371654,100.0,58.167396606183466,0.7770781584325228,5.7532035841484136e-05,8779.912671903196,9090.236136098125,True
2691,348.8392730685495,103401.9545975953,0.33779662323366605,15,13,4.9043307430734,50.46460043871848,100.0,49.53539956118153,0.6362585796891211,0.044830497303613305,9425.13337373097,9799.71149146791,True
2692,302.17681152643826,105712.8712158458,0.5377476383471904,23,8,4.539470870802099,52.06761193648825,0,0,0,0,0,0,False
2693,330.6083921901352,102638.74151079934,0.6085172340557767,20,5,1.2401014820979273,50.92474143070273,100.0,49.07525856919727,0.9620330100617737,0.2678368017137772,3358.89143096102,3850.708365278022,True
2694,290.43885783091775,128936.94800056866,0.6106596434264053,23,5,1.2534068332301214,55.98467140704814,0,0,0,0,0,0,False
2695,330.02746736759764,138730.25575221196,0.5461657670924205,17,12,2.186261224893482,58.1570413295873,100.0,41.8429586703127,0.99923199006054,0.2201918161896435,4041.6646509687466,4582.206827213797,True
2696,345.63487477913543,133260.4812072126,0.6747382587388916,15,6,2.490034859798924,51.82095913187017,100.0,48.17904086802983,0.9948927445574728,0.3770839504230612,5102.136954996821,5339.781998843935,True
2697,339.5235037810447,100003.99757206163,0.6130269275080866,25,10,1.2840203310680585,46.177991339814845,0,0,0,0,0,0,False
2698,339.60860528389765,106550.68798109933,0.5443142986638176,26,7,2.357503962742098,40.07450402342795,0,0,0,0,0,0,False
2699,342.1334313143265,135464.89803843625,0.5886081656163209,22,6,4.2610208189908185,59.53981636546442,0,0,0,0,0,0,False
2700,348.7849860467027,143651.45000027947,0.3510595615976362,17,10,1.2076908457418523,50.223126811056005,100.0,49.776873188843986,0.6860467599962814,0.019049539372196105,3518.147273554667,3893.3218065869532,True
2701,340.174846597623,134750.74685208948,0.6290292150968257,21,8,2.4203734922372075,56.77470785686296,0,0,0,0,0,0,False
2702,315.4212318359414,107965.6629658413,0.43735666395613526,17,5,2.793200997555891,45.483097817402005,100.0,54.516902182498,0.802028682877513,0.0002574540836692905,6506.250245476767,7332.365629295183,True
2703,298.8876270867035,101500.52871905902,0.40495288735244217,16,8,2.649349017461814,45.921123868254405,100.0,54.07887613164559,0.7467868362711648,0.002394008727455265,6263.20911714442,7332.777364029996,True
2704,313.6541332737106,134614.29446690378,0.621711663428588,27,6,1.6223846362633054,45.99560389523091,0,0,0,0,0,0,False
2705,336.95501763697837,127376.55456541709,0.4641219170143719,20,12,4.660561052458528,54.59023387292094,0,0,0,0,0,0,False
2706,290.76319826721425,135246.7321197527,0.6025255335172222,28,11,2.433961729250704,52.779331313872575,0,0,0,0,0,0,False
2707,298.6681589495222,116839.33238457704,0.3065229915879994,23,5,2.7414508939368156,58.196838767485715,0,0,0,0,0,0,False
2708,302.582638199153,101535.42926158533,0.625469475863947,23,9,2.089129759283759,59.863675539399495,0,0,0,0,0,0,False
2709,319.23228519916347,112068.72245677451,0.33666959219696585,26,10,2.0456290594222786,46.42594759772399,0,0,0,0,0,0,False
2710,304.5748446053797,120739.48667544458,0.6085819508531505,27,8,3.2490761167376174,54.46643903276834,0,0,0,0,0,0,False
2711,291.53582564024794,142936.17364763393,0.6409061949816205,19,11,2.656453314668286,48.26262705663615,100.0,51.73737294326384,0.9997719073328808,0.256203277722326,5734.162352439469,6732.455496592649,True
2712,342.8718504623948,100552.60819601633,0.42030198336911057,27,7,4.8311500650629355,46.003213615039165,0,0,0,0,0,0,False
2713,314.94594268980745,119905.95407372936,0.6539557812388895,25,5,2.471488355594892,55.4769539305328,0,0,0,0,0,0,False
2714,322.0964487831167,120311.98221249474,0.43738714286115815,25,11,2.43774226830522,57.51959725765739,0,0,0,0,0,0,False
2715,316.4965150804668,133985.24382829212,0.6496092178341599,24,13,3.8515502225036116,40.396525691548625,0,0,0,0,0,0,False
2716,316.5200076388443,116121.48937966708,0.6113040695381156,26,13,1.8371402345095014,47.36326908290004,0,0,0,0,0,0,False
2717,346.96223323216185,148721.16803877545,0.6918350780327649,26,11,2.66738090838412,44.45604578629452,0,0,0,0,0,0,False
2718,332.6170577636729,108901.30493373536,0.48413582589819326,16,13,3.806264969447443,41.03064000206286,100.0,58.96935999783713,0.7939479808458334,0.03887211218991233,8928.87446935669,9472.666281477572,True
2719,320.20138878792307,135768.70165244845,0.6098729620266388,29,9,2.0744264898025633,47.60125757817262,0,0,0,0,0,0,False
2720,345.19325599796184,144959.112524136,0.36472726692389124,15,7,1.5323034125032744,47.91937390096372,100.0,52.080626098936285,0.693997400748595,0.0068645011885763016,4217.580600731561,4642.007593158969,True
2721,307.75980404742614,115430.7090301562,0.5263300168017129,27,8,4.700672352870419,59.29655859839518,0,0,0,0,0,0,False
2722,323.96791941043716,115570.75213437612,0.4619736981781042,15,12,4.979876173429904,44.71725673178537,100.0,55.28274326811462,0.8108635840916394,0.030647833132145644,10385.942588124093,11071.405270596848,True
2723,298.6823218602232,132128.48658416656,0.5218245857776768,20,12,4.147727060066417,44.16312884175474,100.0,55.83687115814526,0.9332339400167979,0.001649824215435292,8833.130593695832,9844.070535418005,True
2724,342.80861944850534,108454.43644593137,0.572176886735958,17,12,3.7675107156735343,50.59319310861021,100.0,49.40680689128979,0.9998871564180103,0.1544834974894436,7139.5885391702195,7491.462838474741,True
2725,341.3130908637366,134435.87788933932,0.4128197833275904,21,10,1.7209030547588298,49.75965553219424,0,0,0,0,0,0,False
2726,290.1027383627783,145271.71802595106,0.5848849804788883,17,13,4.146208411009591,45.516247226215135,100.0,54.483752773684856,0.9998645311652224,0.08811846257412123,8498.675329067115,9571.959679154146,True
2727,308.7222115681706,145087.95975736855,0.47002628138837005,22,9,3.447639629241756,48.57273790632674,0,0,0,0,0,0,False
2728,318.507596914925,139587.05910529583,0.30470020723680713,23,12,4.313837866192196,43.921630961632786,0,0,0,0,0,0,False
2729,332.90355473612925,135482.14423106454,0.48016459364846076,21,5,1.9912843704301946,40.48252528079639,0,0,0,0,0,0,False
2730,309.99183894860283,101099.85007445353,0.6100099272313781,22,7,2.5792093417737596,43.99820659159633,0,0,0,0,0,0,False
2731,344.840625836799,136103.12280954645,0.6930043440758359,22,11,2.4326625467896488,59.86769668743288,0,0,0,0,0,0,False
2732,308.6207335025383,129811.7921095824,0.35034174926038597,16,8,4.356174688882346,57.17053162869552,100.0,42.82946837120447,0.8153704415235914,0.0019649444470290784,7201.738478861758,8184.878132302181,True
2733,307.0388703206667,108414.1453087517,0.46637971442465215,19,9,3.8982769544200373,42.957069306834306,100.0,57.04293069306569,0.817331661211324,0.00035033330869312893,8768.862672532901,9692.225657077166,True
2734,316.10945419497506,131319.8844477702,0.5867330767537837,25,5,1.6317403483396795,46.988192337784696,0,0,0,0,0,0,False
2735,310.5065661860594,129864.16083891483,0.5975979368842226,22,6,4.334814680899085,44.42966364893536,0,0,0,0,0,0,False
2736,305.33687216931816,107460.96183277015,0.59320672775713,29,10,3.7013254829605824,43.869480167774036,0,0,0,0,0,0,False
2737,299.1109797953915,111457.19820123697,0.6762784211115184,25,11,4.207642617255378,58.00015963016283,0,0,0,0,0,0,False
2738,344.65168279608724,148170.97978221258,0.5988342339100421,27,5,3.4679305793566897,57.297133309288625,0,0,0,0,0,0,False
2739,298.09067453751044,109834.66619778107,0.5565677295375193,29,7,4.44047841911009,54.31244577542968,0,0,0,0,0,0,False
2740,304.6834229920631,104091.10998079655,0.6746749538196563,29,5,2.0838697154814447,45.59485122892867,0,0,0,0,0,0,False
2741,299.84152252566923,147172.60213988848,0.4583240826089356,20,12,4.880536596092723,49.08415151861026,100.0,50.91584848128974,0.898860050731515,0.0013424031640306912,9262.153534241157,10298.002662292094,True
2742,348.95468274461825,144504.99560988485,0.31611799205796287,29,13,2.768340218748743,44.88565846609211,0,0,0,0,0,0,False
2743,323.38249459812846,114798.52131436861,0.6794471073793887,26,8,4.814777904909941,56.51909464886167,0,0,0,0,0,0,False
2744,347.9543028878522,137302.73145686765,0.5037320239211174,29,6,4.9705518320021325,49.36835529969924,0,0,0,0,0,0,False
2745,325.2955353565544,134593.86137646958,0.6682556768090836,29,12,4.290659996394189,56.41834725192848,0,0,0,0,0,0,False
2746,312.8299056443219,127419.56872658076,0.5285462674879434,21,12,3.0998877013020243,52.41714174809144,0,0,0,0,0,0,False
2747,346.95046949347454,129755.16209559595,0.5803866685497073,22,5,1.5340551197520278,47.66327598678734,0,0,0,0,0,0,False
2748,322.7785969308424,107173.24438064845,0.6934680142013454,27,7,1.8644390057268039,58.27699150417523,0,0,0,0,0,0,False
2749,310.7199849763904,110441.22991752616,0.5452470923278683,17,10,2.783738494621657,42.79518095377195,100.0,57.20481904612805,0.9479425914166895,0.006945643045233329,6632.265242253441,7467.908767581725,True
2750,306.48482073675893,135779.9758388868,0.5735579705970832,23,12,4.268361400963661,53.83723068677064,0,0,0,0,0,0,False
2751,321.9421509752768,149008.62592116336,0.4293287319213044,25,13,3.0555228099366185,57.158967572137605,0,0,0,0,0,0,False
2752,320.0425992405309,101828.10331739488,0.5888374247166559,19,6,1.6377762727481504,40.960618322316535,100.0,59.039381677583464,0.9829676471455641,0.020737627948586395,4737.515440761529,5420.702621759895,True
2753,321.2378151832012,131661.45109044222,0.36715142393091577,23,11,3.6002898942063233,50.67419326465876,0,0,0,0,0,0,False
2754,317.75880440366717,144353.77057107788,0.3402084820214513,17,12,4.2178036677447235,46.781097838315134,100.0,53.21890216158488,0.6333883691533523,0.006683011261432686,8951.838831858748,9793.312283659789,True
2755,324.5725243941897,129527.70144061472,0.542468449093048,17,12,2.1852329981247385,41.789645961745265,100.0,58.21035403815473,0.9100153021069076,0.030512760618646793,5723.606518970994,6361.37620841069,True
2756,297.77630807462776,126646.2874465931,0.6095415404094926,15,10,4.889549958740038,58.511520011548214,100.0,41.488479988351784,0.9998618142478782,0.33277916685763076,7406.392300671652,8335.905692381468,True
2757,333.996402798471,127081.18177700396,0.44082614396811737,25,13,2.4948904878745575,50.59642965251769,0,0,0,0,0,0,False
2758,338.54211469753835,144411.90378742188,0.3597437991439198,27,10,4.8784466150704615,59.89534648427422,0,0,0,0,0,0,False
2759,307.9292638835463,110063.46904103016,0.5680150379018292,20,13,3.235358159785492,57.461605626095476,100.0,42.53839437380452,0.9999464954153625,0.24825944956316048,5460.851097153527,6290.8937660023075,True
2760,341.4889832253962,140983.83228396822,0.30760748493560275,27,7,2.1379095456303343,56.95384365629382,0,0,0,0,0,0,False
2761,309.76548617820555,141258.5255615799,0.5702396308290363,15,12,2.8096056781485332,48.27377696461917,100.0,51.72622303528083,0.996039853060831,0.11399966331958042,5977.884305523783,6799.739559573842,True
2762,301.4170276890454,114524.2539982955,0.5061426465054889,24,6,1.7029558255782788,49.69873121696919,0,0,0,0,0,0,False
2763,336.81587861140355,119076.17977458399,0.6809000001931871,20,8,1.4816232163014587,50.353318672108756,100.0,49.646681327791235,0.9934894290049846,0.372697569685861,3739.56846247309,4100.879882048793,True
2764,326.6184602223086,145868.55068012443,0.4775131334936292,23,11,2.5646787030302725,47.62671824676249,0,0,0,0,0,0,False
2765,319.6561174581963,101358.7058104186,0.384251834083847,19,5,2.4174310035462083,53.66753356461075,100.0,46.33246643528925,0.8290254450202668,0.00027325048265548085,4959.408488734291,5765.05520952007,True
2766,333.0873795874348,105945.26597288856,0.30914110941803696,29,13,4.432097618295815,52.262382402271655,0,0,0,0,0,0,False
2767,337.7779266416417,117978.94311607037,0.5390451578676533,29,7,3.2278426681391164,52.287035122235075,0,0,0,0,0,0,False
2768,338.1378262917582,108691.45913321251,0.6585813259524789,18,8,1.7015891782139385,52.69510856552502,100.0,47.30489143437498,0.9950046336042984,0.3565712568096499,3877.742969436271,4232.123738290787,True
2769,317.7132295067239,118834.81950356862,0.6209463406941866,19,7,2.8750150906159506,45.80693466837941,100.0,54.19306533152059,0.9976541044720162,0.17528042044415382,6368.2808466135975,7045.010698420287,True
2770,321.94730306405495,147288.35336160107,0.5953641992814892,19,10,3.905250156015464,57.49185471180411,100.0,42.50814528809589,0.9997980384239055,0.29633517028652445,6320.281329695911,6938.838764955818,True
2771,298.29886714031136,114112.69373425152,0.4622951037415053,23,11,3.092256973303746,44.32577418433571,0,0,0,0,0,0,False
2772,337.3736315489267,117870.80560250451,0.5246872584818947,16,10,4.192350961100043,40.09126641130539,100.0,59.908733588594615,0.8722977776976113,0.005250211795135741,9669.73507674563,10133.881849261905,True
2773,338.58403351733693,134077.43813368905,0.3547481134892206,23,13,4.5165240953718095,44.766571959974435,0,0,0,0,0,0,False
2774,324.4225186292576,148277.07482864603,0.40244280218680584,23,10,1.5075127872167466,56.77153271162541,0,0,0,0,0,0,False
2775,324.10893995631073,101946.71548244011,0.362247418773217,18,5,1.5588560837514507,58.322086586602836,100.0,41.67791341329716,0.8603194447615073,0.006310383392495149,3322.3225356358394,4080.3884191211073,True
2776,325.64858468259195,107215.51786595241,0.4557262404428346,15,6,2.814336585262648,48.92907279225744,100.0,51.07092720764255,0.8897050674725471,0.0027584068311840514,6036.342709419313,6715.657809462112,True
2777,331.5429476746499,122064.54304715036,0.4802961348032889,15,6,3.7174404105621592,49.264562592419,100.0,50.735437407480994,0.9442875851334064,0.002473111466853261,7339.122784176179,7924.6936503974775,True
2778,303.35644733420935,100485.18505540628,0.6017427361648429,29,7,2.6073275818727053,50.203712364942234,0,0,0,0,0,0,False
2779,294.3177914621414,138585.0599276445,0.6616921396487019,25,13,2.0142475769780495,41.905363478731935,0,0,0,0,0,0,False
2780,333.58598904324623,107153.72137992055,0.5196439249691976,20,6,2.0804133837062215,43.38500235609685,100.0,56.61499764380314,0.917683601786773,0.00024078785153045426,5375.658886250349,5904.815474316348,True
2781,295.7547718040489,139370.91909326985,0.3680001936648404,21,5,2.143284535581417,41.70980937579209,0,0,0,0,0,0,False
2782,291.02721175667887,120218.40641462065,0.32177332793779695,28,10,4.0593385956656824,51.88488533777798,0,0,0,0,0,0,False
2783,300.1139538267718,130189.98299090654,0.3232191344440759,17,5,4.064017850181493,49.001270601071845,100.0,50.998729398828154,0.6337001615103584,8.217302652914204e-05,8325.231123637639,9428.326262751629,True
2784,297.83385033384184,114983.96438910338,0.5695764043196805,23,11,3.745838651471942,56.2541931801919,0,0,0,0,0,0,False
2785,300.2844247554289,139865.28716691223,0.3868837823759251,26,11,1.8832593465144136,42.85749180634753,0,0,0,0,0,0,False
2786,329.13560407029826,129711.14347829635,0.47144769527064306,27,10,4.304609176342006,46.669042877021596,0,0,0,0,0,0,False
2787,300.07157525997314,129004.16682457832,0.6337031455960538,16,7,2.6997530777992247,53.22012156167767,100.0,46.779878438222326,0.9973540187499644,0.3140583120193685,5248.861149283841,6136.598339520798,True
2788,300.20319434519246,103834.29639385753,0.6969577548899848,22,13,1.6412656292565029,58.45120228883271,0,0,0,0,0,0,False
2789,345.94307745938374,118466.27823629798,0.33377384694759304,28,5,3.46757628696298,49.683380916992206,0,0,0,0,0,0,False
2790,342.3870365810175,128834.38790928278,0.4503921751554095,28,11,3.8337023062651063,55.11600905696391,0,0,0,0,0,0,False
2791,302.41375564041675,122283.12371557672,0.5763827551062191,19,8,1.3435202965627389,59.60203067735805,100.0,40.397969322541954,0.9838504269031174,0.3002035155503738,2879.5043974611185,3770.4924848885107,True
2792,343.746259449585,123539.30118215222,0.6419335448150941,29,9,3.3707919653867195,54.62764785685047,0,0,0,0,0,0,False
2793,321.75141922711697,142609.43683439086,0.3721535656802008,25,11,3.893622123618208,43.7379280057257,0,0,0,0,0,0,False
2794,342.47473423414124,136283.24216076007,0.3902235945739477,18,6,2.3591445166064853,44.80044880088383,100.0,55.19955119901618,0.7067307610348917,0.0002494217051422592,5919.154080581249,6371.02011172755,True
2795,342.63889444396966,139846.91447505297,0.4716765549834217,24,6,2.8809657817874577,52.82889745180438,0,0,0,0,0,0,False
2796,330.990226513429,136966.43084980088,0.47817961663026176,27,10,3.026666173039044,45.21170438076818,0,0,0,0,0,0,False
2797,336.97445436262194,121398.6205664271,0.3043451107226025,21,9,1.521070490904599,58.42319806834,0,0,0,0,0,0,False
2798,333.2705235040728,147488.43903326656,0.3356046479342233,17,8,4.557297145289502,55.74691805491148,100.0,44.253081944988516,0.757337647641218,0.0008248292653175186,7792.306153457431,8423.596477911806,True
2799,303.6409882627332,130457.49183860834,0.6866416050315151,16,5,3.011846892992149,42.52281472562978,100.0,57.47718527427023,0.9946946273022322,0.2702531205004554,6997.173275921391,7812.246479381336,True
2800,326.51905360478247,124060.22171157668,0.6445916021370488,16,12,3.8592080513857843,40.3423123632907,100.0,59.657687636609296,0.9998037101298801,0.11928261232475601,8786.876131570245,9336.413661226756,True
2801,302.545074325633,123893.05283860792,0.4994620482475538,18,12,3.5036152087024846,42.88427812741492,100.0,57.115721872485075,0.8692460858266675,0.006940378121482906,8000.470967289445,8966.725853130707,True
2802,317.4952889310565,142441.0123412332,0.677920031704131,24,7,4.733148053684975,58.34082839841671,0,0,0,0,0,0,False
2803,292.2965717428315,143867.7333881738,0.5078685754010416,21,13,3.5100961538633406,48.49976036033114,0,0,0,0,0,0,False
2804,334.72645442345475,147744.9313673333,0.4331366908032838,17,6,2.841059670145783,43.45549425813877,100.0,56.54450574176122,0.7657476405965085,0.00034306022118546763,6872.87721527523,7419.81495854205,True
2805,312.27998696968496,127049.2523112456,0.6407125931187957,19,13,1.2760208924658116,43.674580778469384,100.0,56.325419221430614,0.9954117433936102,0.18326612494087302,3889.5227547331197,4626.770262771291,True
2806,341.5353404974718,137962.71704568333,0.6224842035042544,24,5,1.2997430047087881,44.600346945385084,0,0,0,0,0,0,False
2807,323.64065178892105,108359.31725218332,0.35130630595007883,29,10,1.2585585851469034,51.69672027296555,0,0,0,0,0,0,False
2808,335.3478480363597,105558.0325606519,0.6974235947387668,28,11,4.1248118636899465,45.83938466069592,0,0,0,0,0,0,False
2809,295.2458697724029,133310.58680446842,0.6236704907451684,17,6,1.4841959956311532,48.06861968816389,100.0,51.9313803117361,0.9840063548523744,0.23437689673617038,3923.6561518516824,4886.61915722401,True
2810,322.0086857279839,117016.96564394014,0.45535254465899055,18,5,4.876486036186928,50.831771609307616,100.0,49.16822839059238,0.9259964523816526,0.00013555183404868624,8891.91202516839,9628.027947203469,True
2811,298.1606631811633,113291.36143012438,0.5523921618192145,25,8,3.128862488961065,44.890490458169566,0,0,0,0,0,0,False
2812,306.2516620948469,145773.47128187655,0.35235160756222533,20,8,4.460777868360442,56.54581600543417,100.0,43.454183994465836,0.8106636825227332,0.00015027715688190825,7455.290560905447,8469.765090355982,True
2813,339.4662795997326,105468.95227634608,0.4279411803094212,28,9,2.027167942299635,55.140712679809425,0,0,0,0,0,0,False
2814,322.2722419649144,115611.49479154646,0.5356867187344578,16,10,2.4052707151848396,41.4793943579849,100.0,58.520605641915104,0.9054243123597486,0.014044331826696413,6156.961871356806,6833.1054662941115,True
2815,306.78121592137745,116509.49752323974,0.681766711309163,29,8,2.0660385022180665,49.03623358464278,0,0,0,0,0,0,False
2816,309.38621143352725,136793.91535883208,0.42279930770987206,15,12,3.4033426992048676,48.70175346518655,100.0,51.29824653471345,0.7814898965491434,0.04498661027543761,7130.368783198771,8041.305161034431,True
2817,325.9430834847742,140784.31194878626,0.6925752184667909,29,8,4.80061891518886,43.838494985211135,0,0,0,0,0,0,False
2818,341.95342457112554,118993.12055728066,0.5785545417947089,22,13,3.470221338976139,52.99410594894188,0,0,0,0,0,0,False
2819,311.5949991032346,149868.33124064188,0.6465890037136347,18,5,4.319276096354504,40.97288268003449,100.0,59.02711731986552,0.9963512173288854,0.14270816255620658,9524.268204488519,10271.739228802193,True
2820,318.1762880312018,126946.44737701543,0.6352302367207361,20,5,4.142821966159267,48.110643852781536,100.0,51.88935614711846,0.9955551738620286,0.24660323673853804,8096.213368433046,8750.362388065889,True
2821,346.47820980180865,141921.7754070912,0.4576980380958595,26,10,4.24998732931305,41.95037488678536,0,0,0,0,0,0,False
2822,344.896143414335,124981.1127101835,0.6905300264835931,15,10,2.4702356602142177,50.382804640700314,100.0,49.617195359199684,0.9994560050472605,0.38629863137112935,5219.471468215482,5460.495425475745,True
2823,306.14377527655756,137073.24391857797,0.6040847224082138,22,13,3.9759223325970883,48.68074555662227,0,0,0,0,0,0,False
2824,312.01993666210933,109100.93385943818,0.4909852389410252,16,6,2.04363663278963,48.05272046066912,100.0,51.947279539230884,0.9408032820742778,0.004729459100421604,4851.584578121599,5704.873010891947,True
2825,332.28481972382644,106611.26039660252,0.5502584550392824,20,6,4.668771899316474,59.759988457072836,100.0,40.240011542827155,0.9969857770097268,0.2494496701909629,6918.548498862299,7420.864221759388,True
2826,302.22340592482107,128263.90773884216,0.4921562365565258,21,12,2.5073396468973415,49.02535092289689,0,0,0,0,0,0,False
2827,340.35585113533125,128726.2633427473,0.6588018109158288,15,11,2.7890748484611203,47.543301220478234,100.0,52.45669877942176,0.9996371555805786,0.282740144142088,6024.936060497914,6354.603887396057,True
2828,331.62415652391417,117791.7264470213,0.44847587543825057,24,13,4.787074836678784,50.77837600093636,0,0,0,0,0,0,False
2829,323.6939321625536,105701.38965970259,0.6334900274384158,27,8,2.5185935640390724,54.70497878084587,0,0,0,0,0,0,False
2830,340.7181297889973,142966.32295874963,0.40450166244782915,24,12,1.8536994793343888,51.21911742582253,0,0,0,0,0,0,False
2831,301.9944751635281,119529.28883382578,0.5782911080044735,28,5,2.4508648811116163,50.87647345876265,0,0,0,0,0,0,False
2832,333.3654309193279,118844.22783509595,0.5170040424566527,27,8,4.116172339072001,42.996746523344605,0,0,0,0,0,0,False
2833,328.34325034829857,135298.03144857037,0.563474653308558,17,5,1.9692004319584837,49.394753516072164,100.0,50.605246483827834,0.9789442089333705,0.1378322127213304,4574.827901022907,5139.656398953874,True
2834,310.7972296139571,110034.14755765472,0.6756636767151989,19,5,1.5243037991300028,58.846652509779936,100.0,41.15334749012006,0.9815419679078348,0.4617532834832975,3161.174727494437,3872.770157167235,True
2835,343.92423432133035,113732.00729092074,0.37840814306816467,25,12,2.842670763169151,40.33802398503221,0,0,0,0,0,0,False
2836,305.57311936830206,101629.90894366695,0.44296285174083455,18,11,2.6091345631265623,54.34245299432604,100.0,45.65754700557397,0.9550898125764323,0.012679185794987422,5041.929982118155,6015.583546035559,True
2837,306.2604678777733,109020.45539847141,0.3810947935953638,21,7,4.745887308888966,44.26992281306543,0,0,0,0,0,0,False
2838,345.08963203050416,108993.04559681665,0.4567747049784844,24,11,3.711999875030738,46.418511601224914,0,0,0,0,0,0,False
2839,331.4041063542528,126147.89306586856,0.48935844943439855,25,12,3.7053281279147283,41.696093742725004,0,0,0,0,0,0,False
2840,329.0502836527931,107193.3163992817,0.49224568064516777,23,13,4.101169206215497,59.313681885890595,0,0,0,0,0,0,False
2841,333.953471289798,124846.39860334105,0.6230929491565904,16,13,1.414652212117984,47.821488225743714,100.0,52.178511774156284,0.9740396500247522,0.24017396873798122,3840.010816303372,4280.761069311212,True
2842,342.70666136836144,143069.37601330585,0.4612034284007379,22,10,2.5571605695286967,42.33945574546415,0,0,0,0,0,0,False
2843,344.18013293658834,145874.24337177404,0.33939858145700197,19,5,2.7316373518854693,57.151700373866305,100.0,42.848299626033686,0.7917143840338327,0.0002882096999327796,5039.086831212598,5506.190041172819,True
2844,343.2462515727179,112946.31098212188,0.651431029742677,26,6,3.9837796112983863,48.32423996911144,0,0,0,0,0,0,False
2845,311.191487346844,142183.92001294674,0.5446502643457907,26,5,2.677034945313457,49.981248052247565,0,0,0,0,0,0,False
2846,320.7818200770583,147936.9014887077,0.6415726470616082,27,6,4.720560445311292,47.327536106553914,0,0,0,0,0,0,False
2847,336.9107528953785,110525.71510934779,0.3813484864091879,19,13,4.163028503873688,45.99009401517611,100.0,54.009905984723886,0.7026076766821749,0.00407065092452567,8906.892575548389,9447.45088121576,True
2848,326.0698873053106,133433.5573190509,0.3101410540454975,25,8,2.982303307637739,44.111608305443454,0,0,0,0,0,0,False
2849,320.7595131464458,145732.43939579692,0.6867891371634641,25,5,2.306037970339969,46.146649398712356,0,0,0,0,0,0,False
2850,324.95411836477683,141628.68233695178,0.6176091301136812,24,11,4.944724562869077,47.82831245900841,0,0,0,0,0,0,False
2851,345.17038436553526,148154.95676814503,0.36796647733896204,19,7,3.362847363228866,47.619679295238555,100.0,52.38032070466145,0.7023681689637257,0.00013467366460252785,7299.635401063752,7724.222269397528,True
2852,320.77690819816837,113092.31097749293,0.47054480029971935,21,11,4.9860792666525,53.779875859052,0,0,0,0,0,0,False
2853,318.89166745936706,119355.57833787627,0.6339777393562925,23,7,1.3436536927300948,42.292016011837575,0,0,0,0,0,0,False
2854,294.872890081358,110249.37783380566,0.33643537375926097,22,7,1.938106665624941,51.34868747849289,0,0,0,0,0,0,False
2855,303.7337996691869,127551.87364776825,0.443318612160556,24,10,1.246080559197426,58.90470849664109,0,0,0,0,0,0,False
2856,345.00864065980335,137596.0044276758,0.6949960489310221,18,11,4.234841569617138,47.89544798182402,100.0,52.104552018075985,0.9999486991691041,0.36324388166214067,8267.383697669622,8506.6311368076,True
2857,291.8537308272867,143104.9793265934,0.4892731196270637,29,11,1.5364760062174776,42.13780758412733,0,0,0,0,0,0,False
2858,327.9393911788225,129896.42310492895,0.41212330806300757,20,5,4.001672927819835,58.088430740390066,0,0,0,0,0,0,False
2859,336.59914718761434,107883.90775736567,0.39764384748665865,26,5,1.2238202471676576,57.205833029775334,0,0,0,0,0,0,False
2860,293.09165380153445,107440.50281896512,0.33129350499855437,21,11,3.552714959018954,40.08753182996836,0,0,0,0,0,0,False
2861,339.3805692689969,125108.48638847348,0.6443431840684026,16,7,3.896799055100961,45.679245670779444,100.0,54.320754329120554,0.9987864825724223,0.2228467675963046,8064.48378997529,8421.190739623915,True
2862,333.22485823186486,146794.7321126139,0.44835721323772765,18,9,2.439238879680607,41.814995237934994,100.0,58.185004761965,0.7695644364521278,0.0014021272435095487,6328.683154859049,6888.101337166718,True
2863,320.55257852256796,126533.71285308381,0.37523707861833355,28,12,4.047851086194883,44.09973309049212,0,0,0,0,0,0,False
2864,343.31575933936415,131572.44803908712,0.5904884093448053,24,10,2.2894017330605734,53.29667809262915,0,0,0,0,0,0,False
2865,315.2351697487218,138262.61129845536,0.6359482268991358,19,11,4.850571889770139,54.27111650401274,100.0,45.72888349588726,0.9999530610609316,0.32923751878628343,8109.1886000927025,8794.426948132175,True
2866,333.60731842287885,137821.170187854,0.6737942171706675,21,11,4.024158819628063,47.77669235461533,0,0,0,0,0,0,False
2867,306.076165082291,129937.42942576212,0.49158833601744184,20,13,2.4426365807810155,45.171036979900556,100.0,54.828963019999435,0.8903048815926365,0.007601476573379837,5848.360842044715,6775.251725169037,True
2868,317.82885525428935,145241.96828297962,0.3688401584462086,20,13,3.9277596501303043,47.456870497877546,100.0,52.543129502022445,0.6998952042451325,0.0023064028643548853,8273.30978246879,9100.970844184587,True
2869,311.11363591107505,130271.10999115222,0.362505514235307,15,12,4.253759048077385,59.25174235364362,100.0,40.74825764625638,0.828006336263505,0.04238068529517702,6706.541913202877,7639.880870553141,True
2870,335.8395111401726,113863.35685106105,0.551492368806987,18,6,4.291733512942743,44.41662599953758,0,0,0,0,0,0,False
2871,349.8602024417707,130970.8412597549,0.4281937908795418,17,13,3.080638212863213,41.21316836926889,100.0,58.786831630631106,0.713391486032375,0.02138260114813233,7650.52940597036,7964.071088706542,True
2872,349.9907833496167,147215.70645346324,0.5984098463421742,29,11,2.355226581130923,40.33520575777063,0,0,0,0,0,0,False
2873,292.00082625524425,109281.65076654521,0.5133973379944079,21,10,3.9316311638603016,54.8031603685846,0,0,0,0,0,0,False
2874,300.7606154681816,126987.37583242655,0.4143190646590113,18,7,1.8714489352245576,54.91783867004157,100.0,45.08216132985844,0.9141481654771222,0.00401854307128583,3992.9283558316783,5048.730951440444,True
2875,315.9739457401992,125068.36417637064,0.32798457914586854,16,12,2.3109476457271834,51.99276610094386,100.0,48.007233898956144,0.6515727545002302,0.029201541080392066,5112.189103124136,5987.112427009753,True
2876,320.7969355803077,140161.11534786475,0.4991671488751198,21,10,3.321472645285385,47.86687343950079,0,0,0,0,0,0,False
2877,304.91043180954557,124664.31379386596,0.6579133798904879,29,12,2.527530332141244,46.87263362085896,0,0,0,0,0,0,False
2878,333.00413612090324,124589.76574324706,0.32153710771370037,26,9,3.105968488339731,52.75121637586962,0,0,0,0,0,0,False
2879,320.45074653448984,124493.94923023215,0.515955022627749,19,5,1.6456671505297171,44.74794442695426,100.0,55.25205557294574,0.9330730929070559,0.0009460599662608039,4492.369338921182,5212.230445420592,True
2880,308.02712253678885,118851.88114963261,0.518554031146391,17,7,1.695878319019234,55.88559215537622,100.0,44.11440784452377,0.983632571842243,0.15143972263076172,3617.348929013611,4487.609814902071,True
2881,329.0370594444362,127701.0880971585,0.3160770394287655,29,9,1.2909856785715472,57.6140133801714,0,0,0,0,0,0,False
2882,309.33174928182274,112052.80231351049,0.389802672336742,24,10,2.662574041868231,46.02408483584365,0,0,0,0,0,0,False
2883,322.0453167051172,117613.66028760998,0.4344635878699582,24,9,2.9232346584713556,45.77563791860705,0,0,0,0,0,0,False
2884,305.99972644266666,135415.14277915398,0.41058606686016563,28,13,2.932777255205788,57.82290161938823,0,0,0,0,0,0,False
2885,313.3114747242241,148298.87141666742,0.40980254899414603,21,7,3.959282760824217,47.24809896355749,0,0,0,0,0,0,False
2886,316.68818842592935,120123.3003125239,0.5593245447604331,22,5,3.7656503044508494,44.068181471317615,0,0,0,0,0,0,False
2887,347.42466585748645,128092.89140627814,0.6350550263126041,27,12,2.7911381677622034,55.55795017444371,0,0,0,0,0,0,False
2888,312.4176120414922,119097.91838908939,0.39899541533972194,16,5,1.4464489630237858,47.408301529494935,100.0,52.59169847040507,0.7570885479326388,0.001752740081652068,4076.8882703848153,4966.272276651275,True
2889,292.67957994714624,140131.96632047862,0.4620800402018635,27,7,1.7965246173330054,43.617139889752025,0,0,0,0,0,0,False
2890,294.0804260293354,127256.43410958454,0.4627499340412639,18,6,3.096766986588855,50.63524378610133,100.0,49.36475621379867,0.9368994820725437,0.0005176521037154324,6210.4400773202715,7324.29151802979,True
2891,308.1001024735098,149806.26351546182,0.4417448789835692,22,9,3.887940178200055,57.4850876394928,0,0,0,0,0,0,False
2892,294.34177870389203,113149.7863853843,0.4531933781592515,18,6,2.31268502489908,54.28295401008624,0,0,0,0,0,0,False
2893,300.96164411245417,138084.87721800036,0.5655348642398978,18,11,2.9811416165151083,43.03356474208057,100.0,56.966435257819434,0.9871803992964232,0.0073894223647549,6893.009316905286,7850.126230497741,True
2894,305.9295663795127,102568.15650235993,0.45446810903180296,17,9,1.2151471339659665,45.462322711261564,100.0,54.53767728863844,0.8224215781961669,0.013065433345544683,3788.153940693238,4733.842121268023,True
2895,343.2051961801889,146607.82993363906,0.3403798159465346,22,8,2.8517069861495767,54.90272924403523,0,0,0,0,0,0,False
2896,344.83748168627716,105285.58785151069,0.5055135736778461,25,5,3.6784797119871655,42.40291547612045,0,0,0,0,0,0,False
2897,304.2573899431109,100897.57011363174,0.6684520587492737,28,6,4.300649904963398,56.30773839323433,0,0,0,0,0,0,False
2898,315.3020113365907,130215.42560365066,0.4305613512404931,21,12,4.1158523294868985,56.47835011493122,0,0,0,0,0,0,False
2899,344.2738368353668,137125.59806851705,0.3352433183375793,19,5,4.484097938790314,59.04991946345288,100.0,40.95008053644712,0.8185377377529782,9.232521217515404e-05,7046.456308776177,7517.317972102123,True
2900,296.21126228429625,144695.12610405535,0.34797148665959027,15,11,3.272346046291113,50.046449533731995,100.0,49.953550466168,0.6766147584289343,0.019938703452347516,6841.308973426222,7979.8560273761605,True
2901,348.7188626480535,127594.29100363888,0.6673339247343394,19,11,3.0145333136753623,54.21060980940521,100.0,45.789390190494785,0.9998399136097851,0.3864804027397269,5571.845269983211,5767.354193338484,True
2902,324.3039218959276,129848.09451349109,0.6312678006084771,22,11,4.38632548212989,56.78121193487715,0,0,0,0,0,0,False
2903,296.80169738213425,131343.0914302444,0.3241501251516068,26,13,3.78624098872615,53.84024892446308,0,0,0,0,0,0,False
2904,317.2064234667504,115058.76961281933,0.3927515653325496,29,8,1.5517099341049454,55.05862625000326,0,0,0,0,0,0,False
2905,307.18671941560376,143189.17829454507,0.43812296524813016,28,9,3.605625643099792,45.236231111856156,0,0,0,0,0,0,False
2906,326.6247752669535,116574.44578860363,0.5939891330962572,16,10,1.4494596797410404,45.27746064579066,100.0,54.722539354109344,0.9876139617934482,0.11824429742047875,4073.6027633437843,4649.089884222284,True
2907,292.85041501026154,103049.40236462769,0.5084183927816249,23,11,4.78500071397877,49.59653329890226,0,0,0,0,0,0,False
2908,344.6402403053522,121704.35816964519,0.66081051023871,19,13,3.8820865836161573,46.34248143040816,100.0,53.65751856949184,0.999979134953903,0.26810412510841336,7940.029069883406,8208.586141187385,True
2909,332.0836225010824,128807.64741320268,0.40232367430122007,17,12,4.95162075880025,43.155558126758805,100.0,56.84444187314119,0.7031387674941938,0.006091099308557449,10805.357688807071,11403.177521416468,True
2910,303.56268019770675,118517.68933685453,0.499690378271073,15,10,3.1780174186412777,52.357982731390756,100.0,47.642017268509235,0.9961180613418357,0.04795617472129078,6038.2319638243425,6998.91384064486,True
2911,326.4499015772339,108884.24861841195,0.3163102754653149,20,13,2.346510762831145,58.88479330483198,100.0,41.11520669506802,0.7542477975584833,0.01053153359539881,4361.72101272049,5105.273470570548,True
2912,306.01606151776366,126343.7126935732,0.6387043157967708,29,13,4.8026227551511305,55.523501759954854,0,0,0,0,0,0,False
2913,315.09571460015445,132656.98827638713,0.6949357026681489,16,6,4.045561405081482,40.95816871155363,100.0,59.041831288346366,0.9983404361463446,0.25757302322371334,9032.53855878316,9694.409364995478,True
2914,324.8067218317783,128282.33707427331,0.35604701011482376,28,6,3.4274627686852455,40.35573518684069,0,0,0,0,0,0,False
2915,325.08769056763066,122664.14674796176,0.5581409683014769,29,5,3.2418295140448725,58.269479347078985,0,0,0,0,0,0,False
2916,315.55608097616823,130383.23752265803,0.541748689606012,21,13,2.3333820698622794,53.496988565862736,0,0,0,0,0,0,False
2917,296.6903198134161,132783.2194151924,0.3584798296444721,20,11,2.3264480206336984,51.741572016922674,100.0,48.258427982977324,0.7405649709604631,0.0021173559949775093,5099.3223943470875,6232.797948649731,True
2918,306.35972456173465,119068.72926333355,0.6436501277918047,28,12,3.035546692619981,48.65804977874117,0,0,0,0,0,0,False
2919,337.2283583728439,114193.5795269192,0.48456136775053527,25,7,4.778070491867319,40.941350103553845,0,0,0,0,0,0,False
2920,325.1093018322001,127698.26759543938,0.5947464900009276,19,9,1.8386501004361424,52.299243605872746,100.0,47.70075639402725,0.9965454243906176,0.22827757803050938,4107.204666960322,4690.134167620258,True
2921,297.33748323171676,143443.0997809486,0.4661046889984341,25,13,4.8295241917000595,57.79386934696416,0,0,0,0,0,0,False
2922,294.0135658385916,104366.45808055071,0.4345721218172269,23,6,2.461883981226065,46.48706688359801,0,0,0,0,0,0,False
2923,325.5461996552232,133349.02367672249,0.3445158235574362,27,11,3.118188423789717,53.73889395130075,0,0,0,0,0,0,False
2924,330.44127960609563,142576.96195177926,0.34293718922816374,23,5,1.5316022847874573,52.76355703783329,0,0,0,0,0,0,False
2925,326.9903061450943,129536.9472873461,0.45929405511245947,20,11,2.552416825682352,42.31947069727944,100.0,57.68052930262055,0.7952526319120431,0.001393022615544184,6453.932444734757,7099.996484278987,True
2926,310.8722494625003,107029.77324044344,0.47428025313356104,28,7,4.579813804450161,59.87682932276946,0,0,0,0,0,0,False
2927,294.6813740792099,124542.93049693311,0.31196318481409907,26,13,4.176268030831994,49.81913913490082,0,0,0,0,0,0,False
2928,324.1338015806419,144866.2154443491,0.42824398557171717,23,5,4.164768117898532,56.02063950777691,0,0,0,0,0,0,False
2929,300.7823494299267,141331.02810325226,0.5572473009047475,19,6,2.079970858703391,52.701835693551445,100.0,47.29816430634855,0.9886643490074163,0.1700717837187595,4426.246950361181,5366.774494806932,True
2930,294.61010482714784,111133.07072666589,0.5520291334178443,24,13,1.9254451076609942,57.13342369558262,0,0,0,0,0,0,False
2931,295.31832170257326,147869.548322066,0.3214857784430891,21,13,2.990907174976754,46.55613629026864,0,0,0,0,0,0,False
2932,291.31969259939194,135423.0178876262,0.623159166968958,20,13,3.2984262279572203,43.781793566203945,100.0,56.218206433696054,0.9999616456866598,0.13931355553532654,7324.435382969893,8350.148351581855,True
2933,330.80327592055437,105347.12865317793,0.6722472000677059,25,11,3.349343284785088,55.28673363639615,0,0,0,0,0,0,False
2934,301.1868445427688,133396.91382765354,0.598335451772338,27,13,4.798425736433551,40.367251706438246,0,0,0,0,0,0,False
2935,312.22633312263025,110354.85888155029,0.6501017022795222,18,9,2.122371938379356,49.70122651484096,100.0,50.29877348505904,0.9985326571893428,0.2974820173788739,4761.725866910182,5482.791438368288,True
2936,346.4994520509897,140089.09447722335,0.36397819488986527,18,5,4.362902242904016,50.914631418136345,100.0,49.08536858176365,0.7414521808484434,6.747188647604592e-05,8360.903560013601,8772.023850673982,True
2937,293.8922842632308,113706.30750956463,0.3764598521790957,26,6,3.908717557435052,46.92138060792348,0,0,0,0,0,0,False
2938,326.6945242399019,120832.45253649648,0.3376684373017013,17,9,2.9331927327629677,47.95487719900255,100.0,52.04512280089744,0.6471819295054981,0.0017558825824876086,6587.493112707029,7303.436106768489,True
2939,330.5144018060252,110750.34802741246,0.40478831929268955,24,9,3.4700789540997254,53.88650466528011,0,0,0,0,0,0,False
2940,295.71455612220126,146444.71587442936,0.6004731571879887,27,6,3.1032964249270614,40.60261317857169,0,0,0,0,0,0,False
2941,315.7044464880497,116902.89970201104,0.32125852085824597,26,13,2.2073760376317457,50.79359196105463,0,0,0,0,0,0,False
2942,306.3420675528315,136720.9146671801,0.5289214101098676,29,9,2.6617092720067816,51.57818817533534,0,0,0,0,0,0,False
2943,342.07725023684617,101557.66030732512,0.4762928685038372,23,10,4.402414075863137,40.622811396356276,0,0,0,0,0,0,False
2944,301.7937722761458,128342.6019141394,0.6457350558328618,19,9,3.1366898563192622,40.298233525850385,100.0,59.701766474049606,0.9995485759376532,0.12155686100300296,7486.292755954115,8365.822241683649,True
2945,340.6721290289242,136148.1729110285,0.40250413505852844,23,13,3.9484137097931997,41.86682087599657,0,0,0,0,0,0,False
2946,329.35744142271295,121302.92501657835,0.325454320580957,27,13,4.999596731437442,59.111275624435905,0,0,0,0,0,0,False
2947,322.2300166549946,121893.34504974139,0.5766986035261839,19,12,3.474282201079971,51.10146748574551,100.0,48.89853251415449,0.9999184471629239,0.17172178176931563,6631.487612262357,7271.862149362076,True
2948,321.6436745001035,126202.94625600749,0.3914742410777156,29,7,2.8600253153135204,43.35449761329607,0,0,0,0,0,0,False
2949,336.7193372475001,141192.0671612192,0.5550768448491761,19,8,2.160842489360123,43.88169839655439,0,0,0,0,0,0,False
2950,292.25263144300897,146876.86920475907,0.31398852543848604,22,10,2.8053226733432304,52.55619924689268,0,0,0,0,0,0,False
2951,321.96186656678776,126962.4575446662,0.556785605302602,19,13,4.688008341208715,44.27758532652154,0,0,0,0,0,0,False
2952,345.53955386045436,110077.75152392431,0.5985839729812468,26,13,2.5960519776760167,52.887600201364684,0,0,0,0,0,0,False
2953,298.6047969594697,105754.21344135662,0.6742613050334736,20,7,2.794099716659555,40.42922266244842,100.0,59.57077733745158,0.9982041331178443,0.19694875919210048,6853.23068559691,7747.713653870839,True
2954,299.4019443641986,130851.17099187133,0.5356083092089654,18,9,4.378480503544691,54.88849268471154,100.0,45.11150731518846,0.9996303224562852,0.15423870940676532,7354.715658736383,8330.171890722198,True
2955,344.3609555075045,107763.26877960977,0.5176031631116101,17,8,3.374031602302006,53.649623158548536,100.0,46.35037684135146,0.9983209210896083,0.10229400236861087,6147.202740819917,6512.123170693968,True
2956,308.3125899289595,111841.52548216411,0.6775287869137343,29,5,3.953137142065918,58.754634673834225,0,0,0,0,0,0,False
2957,297.1200699511862,138724.62271796327,0.4224907278179874,16,8,3.0412352763589086,47.869529362110256,100.0,52.13047063778975,0.8082062020923874,0.00244284000090055,6621.557623219198,7708.78159382783,True
2958,317.9082949324405,132003.0860466212,0.47598087804745204,25,12,1.3939138031819707,40.25211256979857,0,0,0,0,0,0,False
2959,326.38500862762834,127827.81271854325,0.4361158986333558,16,9,2.852533788166226,41.93750651717178,100.0,58.062493482728215,0.748477455415179,0.003651660173684771,7097.171980641923,7761.118861206845,True
2960,319.82478220829483,116543.54642905534,0.36773407815832215,19,6,3.1568958200000905,42.36333988676849,100.0,57.63666011313151,0.6379882418695285,4.513000202132457e-05,7719.229793087324,8512.428420368777,True
2961,345.5163039809729,106564.45592783784,0.31635940519477973,22,7,4.813243896484792,55.90719431731044,0,0,0,0,0,0,False
2962,346.5489376102208,133496.06056549482,0.43180264591063566,24,10,4.194200935319481,52.91540772339805,0,0,0,0,0,0,False
2963,340.4840314196069,131103.0279640239,0.6704267166817488,28,6,1.5911002829307814,58.2884841409212,0,0,0,0,0,0,False
2964,346.7300435763953,113581.94565737204,0.4426293771473912,15,7,1.9126950100455051,49.58269689560507,100.0,50.41730310429493,0.8676289183126878,0.010479594322251089,4568.7678963118115,4941.390611814697,True
2965,305.2874168863985,116977.77597986169,0.34772178162156153,27,5,4.330086095063588,40.29575383784122,0,0,0,0,0,0,False
2966,293.8618465726057,113840.34561690374,0.5134577220041864,15,11,2.9614526456114953,44.28189940861539,100.0,55.71810059128461,0.8936206490988972,0.03513628346925682,6834.664324344034,7904.450133764514,True
2967,348.58894610987676,109083.82600788705,0.3573516381649469,19,12,3.686014699998835,44.18959688480337,100.0,55.81040311509662,0.6386585262098938,0.0020679642587562333,8425.34701114562,8796.869436450736,True
2968,317.6129718573169,104576.39277836698,0.3018344287632205,21,9,3.6650951104421354,50.73437619010522,0,0,0,0,0,0,False
2969,330.7330499328401,127496.32793142043,0.5083114994162452,20,11,4.620807284228433,58.817641848767096,100.0,41.18235815113291,0.9999054937556385,0.16411122569444642,7016.215050368744,7575.208238716391,True
2970,298.46410691979787,119592.6669971492,0.39477780222509073,19,5,4.19645215505544,41.347469773450634,100.0,58.65253022644936,0.6730689187301951,1.4554416312226339e-05,9774.801342059021,10849.048844769573,True
2971,322.3900245421476,140838.36868126114,0.4204512187588026,29,11,2.5885244530175306,42.13564888948571,0,0,0,0,0,0,False
2972,291.22118653585375,102880.17791209731,0.39184409832744177,27,13,3.036463584211181,56.65503959608895,0,0,0,0,0,0,False
2973,295.90564179423103,148257.37578938104,0.6141564481610661,18,10,1.2259119100345615,58.967228949908936,100.0,41.03277104999107,0.989902090984674,0.3526914800219977,2774.3964929168656,3722.5633866972657,True
2974,336.1394654968555,107318.89612372298,0.6880027092761061,27,10,2.7006848616111325,57.127646305759484,0,0,0,0,0,0,False
2975,304.5917687617607,137293.58526977967,0.5236515157399869,16,9,3.8911800708193303,50.99993565431373,100.0,49.00006434558627,0.9992256938742807,0.06670775693369836,7265.531925303553,8193.789297424993,True
2976,308.3082296174695,120855.37964547957,0.585781089643157,22,8,4.3021820082887166,57.43541414327026,0,0,0,0,0,0,False
2977,318.43744875454587,101754.22567713058,0.6218380913031865,24,5,1.7461178165898383,56.67595075510975,0,0,0,0,0,0,False
2978,299.390955045026,112432.91997941108,0.5397099819155706,16,7,1.358573549334421,44.562339497227406,100.0,55.43766050267259,0.9554318814946876,0.02254913831806286,4000.4184777659148,4989.311069293859,True
2979,330.3765350353655,128055.95694236994,0.4261183345721334,22,10,1.6740720212746234,54.012816096918954,0,0,0,0,0,0,False
2980,311.0093507654165,135854.63326681728,0.5900640929043947,18,9,4.733566157264383,58.95104488941212,100.0,41.04895511048788,0.9997290873896931,0.3048050011622847,7134.056617694754,7903.44859721348,True
2981,290.20226599809445,114097.28480311944,0.31072201549076073,18,5,3.7109296110602497,49.855633869464825,100.0,50.14436613043517,0.6196059130279373,4.9778599843217926e-05,7628.393556802297,8874.637291831941,True
2982,323.74090556929326,133891.26423557353,0.34552884888295937,15,7,1.7481815293064562,40.0548059948523,100.0,59.945194005047696,0.5749231108133678,0.002222385683955065,5348.120112757578,6093.204979150934,True
2983,290.115656271201,135925.82140433652,0.5051077920145992,29,10,3.784243501898822,47.43543989534226,0,0,0,0,0,0,False
2984,317.3388372879614,129148.69977009903,0.3031537419306771,25,8,2.622307457533165,52.72557555833889,0,0,0,0,0,0,False
2985,332.00896628904695,134777.17121812433,0.4654942109132396,25,8,2.388899728955562,40.517803481161884,0,0,0,0,0,0,False
2986,323.7667617967529,103953.91658369597,0.5610367996693966,15,9,3.44495806627456,53.08175885879545,100.0,46.918241141104545,0.9992060796155333,0.17374225243584218,6322.201778088799,6949.691548122349,True
2987,343.7243052749449,112828.79409842426,0.3448928776844979,28,6,3.0291289030681394,50.46239683792474,0,0,0,0,0,0,False
2988,334.8755036458779,147318.61141887348,0.4880833602595469,26,7,3.6632406591691016,53.245878868781844,0,0,0,0,0,0,False
2989,347.44115610425615,149774.3834282057,0.5666851357247598,24,7,3.711213720879768,43.9042869412482,0,0,0,0,0,0,False
2990,348.55496433596886,105107.04220873713,0.3677975032347195,22,10,4.512863569994065,56.23999254726719,0,0,0,0,0,0,False
2991,320.9417090217368,113964.13265449472,0.47091895340764445,29,6,1.9773158498150165,48.627372207258865,0,0,0,0,0,0,False
2992,331.01905562155105,128178.00341858243,0.3057325216169517,24,9,3.9142869447283895,57.7559923322235,0,0,0,0,0,0,False
2993,334.6287011759481,141569.22808556372,0.6788973984593539,23,10,3.1404843544296033,55.23404191454722,0,0,0,0,0,0,False
2994,299.71278182786585,138219.17129757925,0.3700760700019766,25,7,3.968790975963274,57.33712063362187,0,0,0,0,0,0,False
2995,298.7156196546518,102203.26774634984,0.42242474598325536,25,9,3.0863632081546015,59.75255516897771,0,0,0,0,0,0,False
2996,325.1640965896219,145748.94997067392,0.3218847621684517,15,13,2.497560441281571,43.71409977270044,100.0,56.285900227199555,0.5247921670098832,0.06062308531470425,6425.748084753238,7156.416620723228,True
2997,349.13590786593136,142242.02374359546,0.6609041192480417,22,7,3.3792590145950134,55.22131684876563,0,0,0,0,0,0,False
2998,322.14001661295856,148019.46736036974,0.4949009444376621,26,8,3.0687116450144667,49.45834978430575,0,0,0,0,0,0,False
2999,327.2985072997684,125324.03131145108,0.4140421765598561,26,11,2.539954464797875,58.16476779813925,0,0,0,0,0,0,False
3000,314.72598809078335,137690.8409998778,0.5038818303396599,23,11,2.46381091871565,53.923258800571745,0,0,0,0,0,0,False
3001,342.1405558271329,132715.50528575087,0.5635247833530075,18,12,1.2797703976001722,59.9466998489467,100.0,40.0533001509533,0.9847715426938091,0.28206960893233635,2776.7321924082453,3124.8024692383074,True
3002,347.80155595071653,118875.00394973531,0.3235957721920861,17,12,4.80937175676604,51.77228055187866,100.0,48.22771944802134,0.6637197519618334,0.0067584930085548564,8996.67486055764,9404.258070920107,True
3003,332.2360905667794,149152.97698060767,0.690148849321875,25,6,1.4127202743031386,59.9405770460383,0,0,0,0,0,0,False
3004,338.8108586273284,129878.23730360052,0.5504704606839439,17,7,3.1389315317806594,53.653492109287214,100.0,46.346507890612784,0.9969301125867409,0.1648168994754526,5818.062797283984,6237.585021029077,True
3005,308.3295293616489,119500.33403955946,0.4651894936997696,27,12,4.576023382956425,42.82916058360797,0,0,0,0,0,0,False
3006,298.3310825755445,101312.51176349599,0.6982018814524144,26,5,3.144337627084093,42.64700370805008,0,0,0,0,0,0,False
3007,317.277814456417,103569.6059096689,0.4258834965528929,25,12,3.3611333134271835,48.863586199627555,0,0,0,0,0,0,False
3008,328.52790107322596,129150.87661130886,0.32658956075057377,20,5,3.959953211327817,58.53083714297753,100.0,41.469162856922466,0.7874756149060106,5.4981268337674706e-05,6486.591441214446,7197.484990876813,True
3009,320.2555991101689,133403.7202986611,0.4826920674284796,29,6,2.6858415294016753,51.313810868513755,0,0,0,0,0,0,False
3010,345.11996707260715,100667.82932571262,0.47903881903572304,23,11,3.613185037050431,51.71070328276746,0,0,0,0,0,0,False
3011,342.5754303969967,113512.99229964757,0.3373631249086273,16,10,3.5499240141873685,43.422031344640644,100.0,56.57796865525935,0.5934421292984055,0.003698013312689833,8339.175336295633,8811.135368975683,True
3012,349.0246625645374,112112.8912063072,0.41044899545002567,28,6,1.4047293734520192,40.74791770469663,0,0,0,0,0,0,False
3013,306.5254593376731,144842.2997733341,0.662468583671977,17,11,3.7381227877047083,42.21747940961358,100.0,57.78252059028642,0.9999057787267682,0.20061371338553552,8298.426564223011,9097.302176335452,True
3014,312.7685709463776,144726.72544756127,0.6646362521824472,19,11,2.676006886157616,59.594312138331034,100.0,40.405687861568964,0.9997728740826093,0.43740951886020857,4502.19465638001,5195.73633198648,True
3015,342.1881714234426,103361.50590294425,0.4246686617809881,29,8,4.974999672201704,50.808399862625556,0,0,0,0,0,0,False
3016,309.43385339386253,124050.05499292118,0.4171802387195322,29,6,2.0133083879791767,52.384190862238,0,0,0,0,0,0,False
3017,325.0593909358098,101034.53776637401,0.35468933628129673,19,13,1.9935920951191566,43.81608979960618,100.0,56.183910200293816,0.62469852595642,0.008466136116111881,5427.942223029492,6152.435195135564,True
3018,319.13869738043417,109361.49673651355,0.34046222486798144,15,13,2.2353817119326655,47.13754754806756,100.0,52.86245245183244,0.5761978370377289,0.07609660941573171,5551.50333114658,6359.643794658472,True
3019,304.95321659599165,114162.15864635837,0.45095130848995196,28,8,3.9872983568223184,49.17858262187199,0,0,0,0,0,0,False
3020,337.12391376383437,109244.6413826706,0.3956208784436524,28,7,2.3306499334205815,56.43867086176332,0,0,0,0,0,0,False
3021,298.40136420387284,131925.5087038717,0.4401503099797393,25,8,1.2161296024703578,53.09144331479689,0,0,0,0,0,0,False
3022,302.98293678257124,106571.93908097563,0.30868289785040304,15,9,2.1877201092726497,56.855375010966625,100.0,43.14462498893338,0.6973070341944833,0.013776670619687147,4396.203936543614,5475.193413751697,True
3023,295.7328735693168,109671.6542051241,0.4755644086455353,20,12,3.5582898142518244,54.84739845972844,100.0,45.15260154017156,0.9998522494293332,0.04392844211656438,6238.536569890233,7320.460383276566,True
3024,310.59909446976826,103159.43646033511,0.5863670894410271,17,9,3.932631368227793,50.11496939559699,100.0,49.88503060430301,0.9996108162646062,0.17501962416641167,7458.812586020646,8251.938142026569,True
3025,298.0561582761801,130497.68798688662,0.6853270281113332,16,12,3.6823133503161003,40.69473915907507,100.0,59.30526084082493,0.9999089398557601,0.22687121295459284,8416.787402778022,9308.588331118548,True
3026,310.419884780147,128147.80528662699,0.5048385581336219,27,11,4.672896674849353,55.80839770715025,0,0,0,0,0,0,False
3027,303.9804568279942,127187.83422712862,0.3030720679388806,18,7,1.9509097626922438,48.7118114085535,100.0,51.28818859134649,0.590450968579596,0.000493932645741748,4904.528181890512,5965.486756818665,True
3028,311.7333275129793,147081.827479163,0.5436539695515407,18,8,2.587742276708455,49.98507123916291,100.0,50.014928760737085,0.9974729292142129,0.08957650758045106,5441.805610211608,6257.261750211893,True
3029,312.9182253474629,127427.9071383095,0.6111610123624232,16,5,2.8588684335508763,59.54216645863458,100.0,40.457833541265416,0.9903876181477878,0.3534834308628307,4741.843542335251,5468.5230050625005,True
3030,324.7183258037649,146239.72562164144,0.6235324101826445,20,12,4.4908097115229575,57.81951062924814,100.0,42.180489370651856,0.9999693608287106,0.3489141807065979,7019.964803017263,7580.249009958387,True
3031,300.57529473401394,109333.75483361298,0.44567689092436735,17,7,4.410301947782457,51.7344712270511,100.0,48.265528772848896,0.9226968816060425,0.0006553478097117547,8041.362626961048,9079.441062501182,True
3032,315.8165912281289,145146.48927472593,0.5229627692421928,29,7,4.494245870494045,49.36334568368068,0,0,0,0,0,0,False
3033,334.24974736869905,120629.08610057447,0.3321815099026205,25,10,2.2414246870997734,45.93299792568476,0,0,0,0,0,0,False
3034,315.59456926835634,124191.28278366814,0.5010390240233662,15,13,4.684212386899771,48.67571820324383,100.0,51.32428179665617,0.9026329624221906,0.07760191049333559,9018.36584753666,9799.649445334342,True
3035,332.5653635586513,103815.85855521828,0.3666910193640276,24,9,3.1500069225068232,56.85945867651584,0,0,0,0,0,0,False
3036,305.7827030388895,137420.02549801095,0.665163379989054,23,10,2.5796791696169183,45.81266124725643,0,0,0,0,0,0,False
3037,304.3690392682514,111371.76661728002,0.6717007611886111,24,7,4.2553008449711,40.72009440738077,0,0,0,0,0,0,False
3038,348.1762647408237,107287.23083548184,0.3372457406778038,26,7,2.639430343082152,59.2805601472104,0,0,0,0,0,0,False
3039,325.90870134320824,145805.89835813385,0.33149425584429426,19,10,3.8643759818074974,55.84072738097265,100.0,44.159272618927346,0.7493071682764719,0.0010855763026370007,6814.559731965586,7556.783001625492,True
3040,348.4672771309324,111782.04622100736,0.36835062444987654,29,9,4.47707664830531,59.54913841904964,0,0,0,0,0,0,False
3041,299.6262598109931,135280.52128125788,0.3856561565761862,24,12,2.5306158829561567,41.77793579147242,0,0,0,0,0,0,False
3042,327.44431945798135,119552.56268023187,0.36720997243807835,23,13,2.4499769606320867,42.276828830170224,0,0,0,0,0,0,False
3043,316.79197693134347,108539.28111205705,0.5177527018630422,19,7,1.9568992971846277,51.762611422173784,100.0,48.237388577726215,0.9890845658720205,0.0785284729961192,4333.373042172157,5096.6104244735425,True
3044,312.0460800410136,125077.1461589158,0.6541720434278885,21,9,4.094022168753988,51.2669794061146,0,0,0,0,0,0,False
3045,341.5770762340467,134143.48281258895,0.40040441606915944,24,5,3.974087693161117,46.848327696870506,0,0,0,0,0,0,False
3046,326.74703473665306,135118.0392964358,0.528573269823657,20,8,4.414816314396945,51.98901654921032,100.0,48.01098345068968,0.999251748216617,0.09389902404576754,7880.957530187529,8496.759791423576,True
3047,311.07937240570857,108004.82629659133,0.6308836503587235,25,7,3.831714916532757,50.204838000445285,0,0,0,0,0,0,False
3048,320.2378764707001,105734.59632178406,0.559540222041473,21,9,4.60566205151664,59.83646379832885,0,0,0,0,0,0,False
3049,322.25052961051296,104954.51345886296,0.5717474049449534,22,12,3.749604772584454,57.63350941829055,0,0,0,0,0,0,False
3050,311.58311941687896,147154.10025110457,0.6658091237877476,28,11,1.5183156514434153,48.03617479228865,0,0,0,0,0,0,False
3051,307.902856876923,142490.18087114784,0.6382140042541962,28,9,2.5461643232162965,40.204328230700305,0,0,0,0,0,0,False
3052,323.1720605510198,107246.76345509765,0.5083810308865695,23,11,2.1259810567222597,54.52723110607414,0,0,0,0,0,0,False
3053,330.79069292843826,137196.68884052627,0.4468893563153352,17,8,4.118674811632083,59.77788733113673,100.0,40.222112668763266,0.9984816788220364,0.07574526887818941,6242.37182322904,6850.083437296336,True
3054,347.78725914824804,103088.48062234612,0.41295558679181354,15,8,4.910561138157302,41.37034719060976,100.0,58.62965280929023,0.7032827808206513,0.0015071269706206653,11067.59176685384,11423.716515479311,True
3055,315.37428145216893,143708.02858974566,0.41193436066006495,17,9,4.3391758049929745,49.91084516698362,100.0,50.08915483291637,0.8209258357701885,0.001482225525432462,8387.938829529676,9234.047478774797,True
3056,315.7573860902999,141044.47622151638,0.6263252805849743,27,6,2.231818146164832,43.64209964532477,0,0,0,0,0,0,False
3057,329.29072863674565,121992.09980250754,0.3482838667964703,27,10,2.85744836247561,53.635333291319036,0,0,0,0,0,0,False
3058,322.75513695119446,143529.32579586544,0.44632031897354063,23,13,2.372182721217473,57.96104884067213,0,0,0,0,0,0,False
3059,324.4005517251451,100263.65489993524,0.4294418052080922,21,12,3.41722165245797,50.256788996884225,0,0,0,0,0,0,False
3060,328.45855521749843,141436.14904893964,0.6259961947093533,27,5,1.9262709610677384,53.40770083375732,0,0,0,0,0,0,False
3061,310.3673459792557,116665.24958272437,0.3611491556776691,26,7,4.100265726246018,41.74210404275603,0,0,0,0,0,0,False
3062,304.7074000796119,139979.83851445658,0.34902638978060463,16,6,2.73361879569377,51.0353454463855,100.0,48.9646545535145,0.7119508910082079,0.0008278397175794479,5831.570071748064,6859.674476034255,True
3063,327.01681628655217,140266.39953560458,0.5002016300421134,22,5,4.671892618303002,50.06520233453646,0,0,0,0,0,0,False
3064,295.6990284304632,108315.56199839892,0.6500070504951707,19,7,2.8446735428509875,42.581563935579396,100.0,57.4184360643206,0.9980444803783872,0.18070341039525223,6693.899640584623,7642.094345312879,True
3065,301.16206983186134,121972.97922644355,0.5440994393347458,28,10,4.2166638375988965,54.83506612211802,0,0,0,0,0,0,False
3066,297.7421016267121,122783.67929339796,0.6025639575490722,28,13,1.4572344253122027,55.435825925892324,0,0,0,0,0,0,False
3067,331.9383071613625,127064.22515959105,0.6396239174546761,26,10,3.753423747543045,40.980791797475135,0,0,0,0,0,0,False
3068,294.3776750263113,115697.02076404793,0.6424345970604021,16,10,1.5471713132207277,54.70068583104762,100.0,45.299314168852376,0.9969220555151275,0.348872921059889,3499.6421563659956,4451.876584051729,True
3069,308.43501469285934,144166.52025622223,0.5524021969965356,18,7,3.5087985550900456,55.79053054806991,100.0,44.20946945183009,0.9977494926036543,0.19950262795483492,6044.66505890407,6883.101449775711,True
3070,309.9211041366962,117908.50688047995,0.5429319838647185,19,11,2.0625420624162687,43.928459419592684,100.0,56.07154058030732,0.9621438180030336,0.007845109718854828,5246.630040039753,6096.295767939941,True
3071,311.8573548203502,116389.54247479512,0.4015472558915122,18,9,1.5726236990333464,48.72660270951633,100.0,51.27339729038368,0.7786447060072281,0.004741598221906576,4165.724597609777,5063.167535671295,True
3072,303.7554291995349,111924.898791426,0.5870228505025245,19,11,1.7526507562052558,44.06684462830297,100.0,55.93315537159704,0.997842441634838,0.06555895935083225,4668.827411882149,5567.545787851663,True
3073,337.92326253564113,121434.05378716576,0.6276394939103522,23,8,4.585913851090435,47.18710874392335,0,0,0,0,0,0,False
3074,335.5892991008285,130307.0771908864,0.5181722885961265,27,11,1.3179984076902462,54.727725055954494,0,0,0,0,0,0,False
3075,328.4609138289077,118534.28722073868,0.5869581683619098,16,11,1.491878146216801,57.58158341061413,100.0,42.41841658928587,0.9944739144218072,0.28675588890751036,3207.633028178471,3740.699879679085,True
3076,295.94524048558714,143419.2847310947,0.45627183630677165,25,10,2.990264902586379,56.991716571480616,0,0,0,0,0,0,False
3077,296.8906813536855,141112.6999212724,0.4266200532242802,24,7,4.473067000245863,44.72303705163212,0,0,0,0,0,0,False
3078,336.82477477019677,127035.03375093176,0.4916145232511173,19,10,2.3002345729451226,51.298341855399784,100.0,48.70165814450022,0.9944848486669536,0.014172921450842077,4877.429646684967,5383.035773838654,True
3079,303.8339301583622,125693.36232603266,0.36681116902981975,29,5,4.585483614309672,43.538398374244146,0,0,0,0,0,0,False
3080,326.22016934041835,142455.48215511933,0.4996332446356918,19,8,1.4508858618975364,40.427606742339854,100.0,59.57239325756014,0.8377451476432409,0.0014096006522672825,4566.327710931255,5202.4978970930715,True
3081,326.641198056436,145387.00887064237,0.4639309481115278,29,5,2.409110530858607,54.22899093318316,0,0,0,0,0,0,False
3082,340.1308102487801,118948.609613624,0.49386356473645665,23,9,3.3204392756847554,56.06210133864086,0,0,0,0,0,0,False
3083,328.8395748092303,111349.83608002368,0.4393871182904538,26,5,1.7664180523054298,50.030289606241766,0,0,0,0,0,0,False
3084,345.21386072250766,149466.4937045348,0.5615297224446233,20,12,3.421817544440178,49.069043563329444,100.0,50.93095643657055,0.9999062151167897,0.1065113969491504,6826.145963407326,7154.813300685239,True
3085,314.5087864741906,146119.22876780605,0.43667052934289513,27,12,4.375832427992458,40.83068923753209,0,0,0,0,0,0,False
3086,306.80191673395944,128814.45887209666,0.5457332253980337,22,9,2.2047214158267296,54.9243260456458,0,0,0,0,0,0,False
3087,314.2628274713498,140677.4059018587,0.4085370915855063,15,12,2.438520244555344,41.49961374182412,100.0,58.50038625807588,0.6659334401868913,0.04569553733863952,6457.413645129375,7297.822646922527,True
3088,324.90720726951105,143717.97476854743,0.33658046490589033,28,8,4.212120094512404,48.536368360515084,0,0,0,0,0,0,False
3089,318.60860112435734,146029.86301098595,0.6897826877224448,23,11,2.1229467019208665,55.046151243121855,0,0,0,0,0,0,False
3090,313.82014450709534,117500.59677344933,0.5425607800475145,20,8,2.731236981363253,40.806940784738615,100.0,59.19305921516139,0.9164301258665548,0.00024358556664515307,6809.565128234858,7601.523766046364,True
3091,328.88871527188803,105818.66207751534,0.45699719218032575,17,13,4.967131209341632,44.259585698177574,100.0,55.740414301722424,0.807737104191945,0.015270076908958406,10454.990875918518,11074.984086752402,True
3092,328.5845894521463,102466.35924390453,0.39709421406348977,17,13,3.26869079259326,48.86936710046491,100.0,51.13063289943509,0.7536546038733684,0.024044643789942314,6919.559031652234,7575.629128659559,True
3093,310.322543285581,139346.93368249602,0.6463389943703055,21,9,2.4464100609093817,43.648972914158726,0,0,0,0,0,0,False
3094,328.72955009693663,137218.69171792248,0.4195872730057625,29,11,4.20177402148987,57.32418530939249,0,0,0,0,0,0,False
3095,295.3159086768035,140201.61497119116,0.4906641839208773,18,10,3.2435336397961914,50.123593783106216,100.0,49.87640621679378,0.979472549637004,0.0042806489602825425,6443.386062370688,7525.557817030682,True
3096,324.17643213291217,104855.8039231104,0.31311132475275477,15,7,1.7276950011274543,53.88224473976407,100.0,46.11775526013593,0.6712769711553659,0.0065582000327178945,4035.3628635045447,4807.520143687602,True
3097,292.45964304411143,142648.5232014006,0.5881790302807197,21,10,1.9612721365239012,48.015239556682,0,0,0,0,0,0,False
3098,323.85493112800407,115318.64466797019,0.4093351968263304,27,12,4.314708098116913,49.11394131786806,0,0,0,0,0,0,False
3099,300.82143921508674,121079.82817522678,0.6942064252464906,15,8,3.410596592502551,52.84954617979862,100.0,47.150453820101376,0.9993396322051347,0.42197769056583617,6304.19351848064,7139.17790870417,True
3100,304.8334154942097,134468.5934795608,0.346127849212258,26,9,1.8849477160812946,48.09266170561797,0,0,0,0,0,0,False
3101,334.935217828831,144384.12146231582,0.5733263861191513,20,7,1.7256564064942808,41.13869530553697,100.0,58.86130469436303,0.973074324309045,0.001396944179385989,4890.742294598668,5375.405991647164,True
3102,335.6579673081255,138763.79109692283,0.46575073595585736,21,6,4.1113829974534974,43.52726442031391,0,0,0,0,0,0,False
3103,320.0541217248654,143854.67737919456,0.37761633345829687,28,9,1.7967065072687118,56.924642776836436,0,0,0,0,0,0,False
3104,292.06108679079466,108403.20723193235,0.5764715586899485,15,9,3.58894647478514,52.0806855893995,100.0,47.9193144105005,0.9993879552848887,0.1873437155977876,6666.001392671058,7706.251023280914,True
3105,312.26642037265617,102178.70123426481,0.3229714744554693,23,10,4.321204391256349,40.62662439726016,0,0,0,0,0,0,False
3106,349.1761013752898,100157.27504299744,0.6690753538283608,16,8,3.7551912890460404,58.146391838375706,100.0,41.853608161524285,0.9993029681387265,0.4313785195866306,6033.240936249381,6217.753783231326,True
3107,323.2352417457688,115005.56239645771,0.3184193537836901,19,12,1.942838779861773,55.33269395133027,100.0,44.66730604856973,0.7001975273436774,0.010229754267844147,4200.020823874297,4984.325043611731,True
3108,293.46856398665966,105087.65741117278,0.3486623665769978,16,11,4.364681140411578,40.111446457651944,100.0,59.88855354224805,0.5788013282703856,0.005052768896041536,10425.5020789688,11591.840968561,True
3109,347.7067706343067,106108.25056543354,0.5443641258940132,28,13,3.054712289745933,49.90215182623989,0,0,0,0,0,0,False
3110,312.3861798820764,102898.08129330911,0.3014063521903889,20,9,4.372796913228192,43.93569217381163,100.0,56.06430782608837,0.5375493216824563,7.545637828888526e-05,9819.019201696467,10757.541130960755,True
3111,338.28223036017505,144988.57389022317,0.5115204180891081,26,12,4.5973862638764995,41.67294736712935,0,0,0,0,0,0,False
3112,331.08004837789485,143815.8539413592,0.5779965129620939,16,10,3.031844236412308,40.779916690383104,100.0,59.220083309516895,0.9677250404612111,0.01204353054118136,7286.670970895134,7821.196805166364,True
3113,303.5890981103477,132535.5398361437,0.3727538871106913,17,7,1.4870146949544905,58.619785238458334,100.0,41.380214761441664,0.8779264050692221,0.016142794025184388,3195.8723481710763,4236.127738370373,True
3114,345.96748237983394,102070.80197759348,0.4122644212996723,18,6,2.975806479750517,45.10632559026759,100.0,54.89367440963241,0.7508758756659412,0.00018079206820919118,6922.028235276228,7312.434868226709,True
3115,295.17921748678594,133724.00411366788,0.6474167957831672,24,10,4.991074532401662,44.19469292929349,0,0,0,0,0,0,False
3116,339.7354388057655,111536.01665697098,0.3660615764801926,21,12,4.775357487092332,55.91736221981947,0,0,0,0,0,0,False
3117,346.36802210187466,116706.74885923925,0.5012606896989001,27,11,3.5152913309888945,58.48913755072799,0,0,0,0,0,0,False
3118,348.01801984425396,123971.00912248722,0.5603587185636913,24,10,4.832225790711787,47.75990403441008,0,0,0,0,0,0,False
3119,333.76166525798374,120998.34527054401,0.6963545626020673,16,13,2.3862791204684575,45.226204129222324,100.0,54.773795870677674,0.9997609294163621,0.3288940623974777,5622.14718407142,6023.077304148017,True
3120,296.8248259427991,114805.00211126971,0.3422350435311942,23,12,3.6468276799228567,49.299453949743565,0,0,0,0,0,0,False
3121,333.7736698178647,102780.14689600312,0.41936879897398693,26,9,1.8064706035552776,40.59236866963567,0,0,0,0,0,0,False
3122,346.692049321629,141988.65451833684,0.456088355195278,21,8,2.128255858366469,59.76140141058461,0,0,0,0,0,0,False
3123,309.23142499951473,126766.8010646982,0.4607328550993492,18,12,1.3143368224632026,47.46697744005013,100.0,52.533022559849876,0.8431229982409888,0.03753294542943343,3798.879989494163,4693.72883429964,True
3124,298.99941371392373,138849.98458032767,0.3559074740694943,21,11,2.5327482660559433,56.55008945828429,0,0,0,0,0,0,False
3125,316.29302629890384,116314.08716526287,0.42304621651345864,28,12,1.2578919902316352,50.32778977998053,0,0,0,0,0,0,False
3126,329.97574703939387,125836.3675641041,0.6420145960339152,18,7,3.78825317329758,44.85747137121457,100.0,55.14252862868542,0.998764137556452,0.20346837678410656,8005.056280564213,8498.096749430362,True
3127,348.51996578593355,122517.82908067227,0.36072542437448596,18,10,1.5101816519654347,58.58685834876819,100.0,41.41314165113181,0.8273169494430511,0.030906855098864455,3256.9671228507177,3642.128948551107,True
3128,321.85272588669346,133361.05197588395,0.5335603281176837,21,12,3.355175356836117,58.481158517067556,0,0,0,0,0,0,False
3129,322.1762745959742,125156.22830150626,0.5205031115768182,27,13,4.998926101008603,54.863714388910346,0,0,0,0,0,0,False
3130,293.05433689849826,135257.18458831156,0.5108232588638699,16,5,3.413890292742451,40.19987314033178,100.0,59.800126859568216,0.8540148301808482,0.000307345015834271,8231.827947798389,9313.705431654924,True
3131,338.57478495603704,105311.82970180613,0.6276803997394634,26,13,2.663385882470187,56.76204921947013,0,0,0,0,0,0,False
3132,336.8817430242312,104985.22822480761,0.42937316063149844,29,12,4.309285068066234,46.34400357521133,0,0,0,0,0,0,False
3133,346.62918513869374,104841.22041060287,0.5734563749692301,29,5,1.268737140350494,48.525564787415895,0,0,0,0,0,0,False
3134,331.06089830233896,147606.5984787845,0.46945221350662547,24,6,1.4080851804018504,54.11660127406912,0,0,0,0,0,0,False
3135,328.7635764919709,127841.65557047373,0.6114596323459347,15,10,3.6299824795358884,53.83146656656404,100.0,46.16853343333596,0.9997039353705565,0.27848189269834495,6479.439201198674,6997.015881237673,True
3136,341.7890421979011,107542.57343645493,0.48771023239143263,26,9,2.021618629600253,58.27210070353867,0,0,0,0,0,0,False
3137,292.27098587193296,133502.28805165095,0.6066686926734008,23,6,4.405543699414022,41.8608501931201,0,0,0,0,0,0,False
3138,308.5046033682903,101997.06440271846,0.661601313820047,16,7,3.2318415749084135,42.459985190298646,100.0,57.54001480960135,0.9985026301603956,0.2050468184355786,7382.859598760418,8155.997438934387,True
3139,299.15647691053346,136771.10524865193,0.674606380497947,23,11,3.095807317710543,55.62473928392958,0,0,0,0,0,0,False
3140,318.4552646776371,149319.83446245466,0.6988839693772464,23,8,2.411830944343577,53.43889638507764,0,0,0,0,0,0,False
3141,335.02066463649766,112198.8811006083,0.35371666201518936,24,10,2.4438306443462654,56.05508781394016,0,0,0,0,0,0,False
3142,331.4881441891415,125531.02432506101,0.4901819031600978,24,7,3.7449710451377234,42.762977574551044,0,0,0,0,0,0,False
3143,292.414376730622,146754.0295275918,0.6872861630077621,21,6,1.3625069421205802,59.4373635897998,0,0,0,0,0,0,False
3144,338.04585636120436,103338.49821326944,0.6622718916732889,28,6,3.0760127389966496,56.45908790816112,0,0,0,0,0,0,False
3145,311.47080006323915,110862.97303271243,0.35483962615582204,23,12,1.4102222103863902,55.642926208958784,0,0,0,0,0,0,False
3146,294.89814318838927,112226.34071681516,0.33401662029565793,21,11,3.7180936743470205,44.53899742715589,0,0,0,0,0,0,False
3147,291.4518867124633,145643.30710294622,0.4354486928089548,15,6,1.4772211655304992,59.354388812640195,100.0,40.6456111872598,0.9447705575164592,0.08667356854312014,3087.18559025764,4239.327919008162,True
3148,334.0891696623787,135869.56898339107,0.5879683763361534,20,8,2.3670445664016295,58.497321350937256,100.0,41.502678648962736,0.9970679602712196,0.29772080983099547,4238.235875120523,4689.816073617711,True
3149,310.5349408900881,144099.3772540699,0.3640892085114039,15,8,1.5000564306868722,56.66611299525086,100.0,43.333887004649135,0.8061897950047118,0.026006273738994477,3406.2407834324413,4347.509597794841,True
3150,330.8894157548226,104079.89657157855,0.31300820015048975,16,10,4.601676230862981,56.04717237761698,100.0,43.95282762228302,0.7063217111311032,0.0045676499089316895,7860.051204417166,8536.703868245564,True
3151,312.5286406101636,127882.38003550578,0.38042631677062116,22,8,4.141428105160474,56.33582582483411,0,0,0,0,0,0,False
3152,328.27135355165916,132130.80198329623,0.5604432337547867,26,10,3.005636342649776,48.99234545658122,0,0,0,0,0,0,False
3153,318.52277753303593,112046.45879957202,0.43777987123448797,22,10,3.1308395440738543,49.645108237772284,0,0,0,0,0,0,False
3154,304.59806402526937,106223.32209425065,0.38395570568463233,20,6,4.018383188862032,42.03426947577042,100.0,57.96573052412958,0.6623738744581329,1.455240767670245e-05,9342.618663569741,10340.49688842323,True
3155,294.7092852864635,119452.91808669142,0.5843873366023644,15,8,3.179109889584738,43.84371159692123,100.0,56.15628840297877,0.9979604542863351,0.05464373420024106,7116.3691837127235,8136.08549190884,True
3156,347.8082725735207,149201.6869693055,0.5069749513640766,16,6,4.701463920740691,47.438834059760765,100.0,52.56116594013923,0.9636484952325437,0.0010213247802120778,9153.201000869067,9485.774964897964,True
3157,296.6477779523267,107582.74366492259,0.5431889017602038,26,12,1.5779032426186232,40.31777645735022,0,0,0,0,0,0,False
3158,311.6385787507605,111957.42622928349,0.33621891159147477,18,11,2.9250519641805903,57.27008487246101,100.0,42.729915127438986,0.7780717899302073,0.006546875363378049,5297.108100680529,6243.525558243498,True
3159,295.1413533417114,103036.44424905731,0.3996890317797121,21,6,4.647313510599931,58.18129995058539,0,0,0,0,0,0,False
3160,339.13953670019544,134392.16209964035,0.40457392915050006,21,9,1.3466637000769413,47.814659810124795,0,0,0,0,0,0,False
3161,348.5711643235112,126300.41604015796,0.473316521649358,27,7,2.000258472372982,47.3549102812705,0,0,0,0,0,0,False
3162,339.3760491045306,130839.71237887829,0.42169997280085314,15,10,1.6744995304583077,52.24569946497402,100.0,47.75430053492598,0.8291407030416043,0.049286465565158095,4000.284747588314,4485.301634480424,True
3163,344.5490067960458,117565.58972957377,0.4304271662292346,25,9,1.5494680859860708,50.62714906354584,0,0,0,0,0,0,False
3164,316.9828908422321,138121.82171041172,0.6788576835516864,22,10,4.756520801750951,48.38250541968874,0,0,0,0,0,0,False
3165,330.7214554952273,102140.04396111335,0.47369138826985135,22,12,2.2395894299583654,58.29214903503099,0,0,0,0,0,0,False
3166,343.33393420461084,111447.35745707869,0.4174281938147991,19,11,4.075406063149733,43.01348441535477,100.0,56.98651558454523,0.7316882931933276,0.001080307070171717,9199.679260437033,9624.202325169965,True
3167,315.14660016200946,145890.4024723289,0.36967018017521924,21,8,4.867073273219575,41.79463073946772,0,0,0,0,0,0,False
3168,324.3844198954179,106045.2376175437,0.3852000636199853,19,8,4.905578331977124,51.731619140011304,100.0,48.268380859888694,0.7978527814437296,0.0001739352707768333,8974.5719570025,9708.207750301965,True
3169,324.03139801085524,124734.4538450457,0.5471845423485044,28,5,4.612816742798956,59.63994373578886,0,0,0,0,0,0,False
3170,322.9380958477482,111600.47573264976,0.5648953266519301,15,5,2.1662517084947543,49.2843239752602,100.0,50.7156760246398,0.9823876363790136,0.1352548088600727,4885.531591466062,5526.219319497763,True
3171,321.8654305041671,105302.6528963807,0.6557969438861202,28,12,4.137913472934172,58.332855340514165,0,0,0,0,0,0,False
3172,334.2096708722478,121119.8648238527,0.5557254161007112,17,7,1.81918448313357,52.95994712863623,100.0,47.04005287126377,0.988228076354606,0.1715722206082655,4029.7348033701146,4511.4223156179,True
3173,333.4479653985314,143085.5218496538,0.3437390287806394,29,8,2.3054317588612228,49.667436740941085,0,0,0,0,0,0,False
3174,314.74132750689165,148045.9912764829,0.6840734794770991,20,8,1.2121141065944112,44.79081220411761,100.0,55.2091877957824,0.9892913711716972,0.30786188146686855,3710.2684800350758,4377.547114811281,True
3175,333.15197085759746,112876.00584568665,0.6647666195756617,29,11,4.5789989639131266,44.36562486132644,0,0,0,0,0,0,False
3176,303.2818328275055,109210.90620907616,0.36590590966076536,19,8,3.6429215286743073,54.041199775020665,100.0,45.95880022487934,0.7957420996845458,0.0003568036672584423,6720.428663837852,7764.842215080292,True
3177,331.33182775102193,133424.09905793896,0.6967085999068894,25,7,2.8265949261179335,50.51074813671872,0,0,0,0,0,0,False
3178,311.9571034437348,113108.81890958987,0.5173230330734363,19,12,4.297819745755168,49.23448495460502,0,0,0,0,0,0,False
3179,317.4315487625986,143873.68627541224,0.6350269727355288,26,11,2.0951924990820245,46.90420567226207,0,0,0,0,0,0,False
3180,315.3671235472334,122594.26261648929,0.5029301208369794,22,6,2.996675926497792,41.220526022276864,0,0,0,0,0,0,False
3181,309.4186381769621,108814.03422434861,0.37771358331258525,29,9,4.854318033856438,53.746173380671166,0,0,0,0,0,0,False
3182,324.2115239476635,129459.33243491883,0.637141795073942,26,7,3.461303449555394,52.42903757805045,0,0,0,0,0,0,False
3183,336.04908584094835,130100.04087992564,0.4499159302853789,24,10,2.1657370984648776,44.422305187619585,0,0,0,0,0,0,False
3184,334.4407832358545,125656.32663749596,0.5630394897067834,21,11,3.1903406058602943,53.553902613760464,0,0,0,0,0,0,False
3185,294.0220781499093,119276.71099054559,0.511136251243208,28,8,4.563584494567124,54.89253719439458,0,0,0,0,0,0,False
3186,296.4029815199109,149365.97075447853,0.6580193086280717,24,7,2.7168576665513875,56.641556210894606,0,0,0,0,0,0,False
3187,334.30571561038516,118586.75133979449,0.39548180626590135,19,9,4.1844547580155975,53.30322673626385,100.0,46.69677326363615,0.8462605284556903,0.0005737750155528118,7560.501611158252,8147.283604906954,True
3188,333.9190813022644,135203.9089194541,0.49568500607231525,29,6,2.181781895614418,47.87660668091543,0,0,0,0,0,0,False
3189,346.3925662805572,114666.45935091285,0.37821175735603835,17,12,1.3169373819120942,56.722810902543415,100.0,43.27718909735658,0.7805070101180329,0.07127713228441358,3165.681743769372,3562.422117424824,True
3190,330.71423822358037,121810.06978667434,0.628171333749141,16,5,2.7598545831926007,52.499080950874436,100.0,47.50091904902556,0.9908524832719391,0.3000188581144725,5423.934549173939,5902.887181509842,True
3191,290.39163006016724,138937.260301174,0.552546837613557,23,12,2.4082063424074196,56.01132396801941,0,0,0,0,0,0,False
3192,304.7847988722559,114456.97500500822,0.580528811980564,23,13,4.267095293560415,42.72731161280167,0,0,0,0,0,0,False
3193,324.0350914748068,127365.45430192504,0.43984370346780993,15,8,3.6791997318251086,48.50723301735593,100.0,51.49276698254407,0.850395396788898,0.004024936269401188,7519.096789639976,8226.768761939371,True
3194,343.76275669104047,127613.96568875502,0.3183460240211023,16,5,3.4968723217265953,44.74398862244755,100.0,55.25601137745245,0.5760055247668315,0.00015303322129639387,8065.624776630803,8530.769155998572,True
3195,291.32670428177715,125503.12323009531,0.6537898476604089,15,10,2.651598088306186,46.04514531781686,100.0,53.954854682083145,0.9994352851515199,0.24876628044295887,5972.426924491039,6966.285136361978,True
3196,319.53710680697907,139329.6683355713,0.4595902900831443,24,12,1.2064984364044333,41.840027847084116,0,0,0,0,0,0,False
3197,330.128980971298,145552.68494366895,0.47455177759701317,24,7,3.773446341921024,50.754079896689895,0,0,0,0,0,0,False
3198,290.7347964234722,101615.72204023693,0.6020457685756335,15,7,4.054734918409438,48.02902029232698,100.0,51.970979707573015,0.998676788192152,0.1728605128273192,7964.676267916684,9007.326825911725,True
3199,307.5739746577435,130445.2170940805,0.45209482459883593,20,13,3.878470452034467,42.221215533791565,100.0,57.778784466108426,0.7806982128542406,0.0024273378000284705,8898.842471969409,9819.907221074009,True
3200,333.2838245510053,115114.52185920418,0.35627722161364794,24,8,1.9820334340868113,47.891847556791475,0,0,0,0,0,0,False
3201,330.4005235984732,131372.43878661393,0.4845331508496489,18,5,3.3727801089999776,56.97320911043875,100.0,43.026790889461246,0.9874547991870312,0.10471227834303007,5718.122407526225,6303.861006238369,True
3202,327.3111323346559,103759.15702733495,0.468664916625535,16,5,1.4003786503960707,43.18568347479366,100.0,56.814316525106335,0.823315321133605,0.002099901873385974,4275.636298037227,4914.647125943787,True
3203,349.67552029855466,102709.6217970064,0.5225553954803307,29,10,1.9271579961623324,55.63533733367613,0,0,0,0,0,0,False
3204,298.3458561912542,142696.38814909424,0.5918889253815214,17,9,4.748368367197506,41.081267586480266,0,0,0,0,0,0,False
3205,291.2435829009748,127125.72699344349,0.5796928199909668,20,10,4.675166054623037,58.344417538745404,100.0,41.65558246115459,0.9998680372214226,0.27970417788643787,7165.529518710574,8202.432723425984,True
3206,333.07768411239084,123570.80842392807,0.643093635570916,26,5,4.2215612808286895,46.87800097270001,0,0,0,0,0,0,False
3207,347.07727017911327,145567.84261701273,0.5508862724595873,23,10,2.7344202273377007,57.2004039805724,0,0,0,0,0,0,False
3208,316.1666299789101,141274.43328038778,0.5723448447387058,19,8,3.628933394392827,52.83492719514197,100.0,47.165072804758026,0.9990347349314662,0.19144574293834232,6618.758706174018,7342.166768148859,True
3209,297.49000387562035,143017.5345742536,0.3011317186391113,26,9,3.7818054764346174,49.289163431660576,0,0,0,0,0,0,False
3210,335.4338358379181,146847.71466285334,0.5268598406425201,22,12,2.536652163615324,54.181765182041424,0,0,0,0,0,0,False
3211,345.9759832405997,135830.71439183786,0.5991944098235331,22,7,1.424930989095882,55.12423125595424,0,0,0,0,0,0,False
3212,304.92065944146646,124746.49338357734,0.5494722966859551,22,5,2.491394082067007,59.53104218439087,0,0,0,0,0,0,False
3213,316.7188077157739,116963.72438989695,0.47243940805707585,21,12,4.807915415184073,59.65341890932185,0,0,0,0,0,0,False
3214,336.33172648714765,122012.94525215933,0.5786648789780876,25,9,4.285977484423137,46.582670667081196,0,0,0,0,0,0,False
3215,307.1602817703821,110585.67354166108,0.33785709287906407,25,10,1.7946054301218213,59.43439877290837,0,0,0,0,0,0,False
3216,331.57795420494114,121092.25859612103,0.6631715946190736,16,11,2.7019441949302534,41.33915373297498,100.0,58.66084626692501,0.9996395994171635,0.18570652007711616,6582.581877251861,7044.11472491951,True
3217,323.6028374199678,101476.52036759669,0.5156151729397204,18,10,1.9679749313543913,42.16455221812796,100.0,57.83544778177205,0.887285353053875,0.005817981155051212,5321.4406213477,5990.648594024427,True
3218,333.12517553135865,135695.568262733,0.6486170363169779,17,8,1.4331326601056924,54.02624534116019,100.0,45.97375465873981,0.9909626396803048,0.3572975749562377,3397.088333314609,3826.613434708511,True
3219,300.93739641348003,127685.85899857787,0.30125891439526686,27,8,3.1757710993542245,48.4427394781691,0,0,0,0,0,0,False
3220,293.3690445457759,118823.89038703272,0.4552557273522372,18,5,1.3116340196066727,52.967852742003345,100.0,47.03214725789665,0.9307409804031381,0.033053068193715736,3342.7553243270295,4464.628918813338,True
3221,327.1738793887337,141815.89662569627,0.33073001805104457,29,13,4.245217764643131,45.17905381725417,0,0,0,0,0,0,False
3222,333.3731865607375,100093.9164016966,0.4065539232684921,26,5,1.6241824360592898,48.34028309176926,0,0,0,0,0,0,False
3223,302.7273717755289,109731.49497647132,0.49543645152435634,21,7,1.4592637675945703,59.226358568438734,0,0,0,0,0,0,False
3224,292.71966308614947,145594.03071607734,0.41518650422547504,28,10,1.6197814006378382,42.91316696725625,0,0,0,0,0,0,False
3225,348.93835889562155,103516.91890565425,0.36045758982381754,15,12,1.6884768550643354,51.75396012458256,100.0,48.246039875317436,0.6678345805738327,0.07391521181356782,4162.803567005791,4520.943256406483,True
3226,321.72566688777016,112142.85176610661,0.5430896500843404,17,7,4.514811662761299,57.53212367867141,100.0,42.46787632122859,0.998485585787191,0.206936257025748,7100.976362935607,7762.0999153520925,True
3227,327.192032081687,143911.04241575563,0.493418250968802,22,8,2.7081904166369344,55.21024843911526,0,0,0,0,0,0,False
3228,312.43952306754164,132483.04073077114,0.47173359679351706,15,6,3.4838255856083435,56.16015789775514,100.0,43.83984210214486,0.9929302987844436,0.06486974857195053,5967.12928780495,6821.5182409734825,True
3229,335.47835729533915,109954.47720192908,0.6130445643163247,15,7,4.812804392941155,52.5484584045942,100.0,47.45154159530579,0.9989783420731926,0.2645442230525872,8362.120979947491,8785.597367498032,True
3230,308.13956390140123,100874.01692000906,0.4930262617230452,27,7,3.134373718236254,49.04259144172463,0,0,0,0,0,0,False
3231,295.8720993346546,112429.24598804693,0.6682364803466562,26,12,2.6814197198087806,42.23568140298504,0,0,0,0,0,0,False
3232,326.1197434305262,102930.70303555806,0.5488859266368852,18,9,4.526431314724884,50.32812702166963,100.0,49.67187297823037,0.9996672210025779,0.1039776710530484,8320.909231910206,8932.580668648387,True
3233,291.7593853423338,142050.63262183522,0.3992489916474786,29,8,2.091454648832636,40.14279264390445,0,0,0,0,0,0,False
3234,319.44865035819487,144910.55455821156,0.5181372234582132,17,11,4.87434780525937,46.68781520083659,100.0,53.31218479906341,0.9666925064972641,0.005945709897080226,9559.501859948325,10295.270423118443,True
3235,308.4621112038976,149117.41646817038,0.4002476224603143,25,5,3.30332209288143,59.68544876858907,0,0,0,0,0,0,False
3236,330.69304808622843,143395.38311692257,0.4499858283950905,20,9,4.054337979433474,52.468261963358245,100.0,47.53173803654175,0.9462380433308586,0.0004315700975817563,7363.84714656683,7980.718042891975,True
3237,309.6032873428954,115483.25903099582,0.33041906245796915,22,7,4.083174113910348,58.102474507172204,0,0,0,0,0,0,False
3238,337.57353817232604,131279.69238916188,0.4819558999137429,25,7,4.766076721244461,58.536837551050965,0,0,0,0,0,0,False
3239,291.60769928695447,106964.31675524097,0.4080344179321025,22,13,2.77841757880763,42.561232338293124,0,0,0,0,0,0,False
3240,332.47760689112306,114002.7983376891,0.6480996146492246,17,11,4.037917778160429,49.7612868779412,100.0,50.238713121958796,0.9999211397940003,0.2929026391198169,7671.513939117867,8117.207727033922,True
3241,332.556883478362,129998.8384408115,0.32313083833578465,24,12,3.6924828059454793,52.38912235338136,0,0,0,0,0,0,False
3242,327.69470519622917,132545.37471562793,0.3517900729885657,20,5,1.4186552288272047,45.79253035068253,100.0,54.207469649217465,0.6488703809775151,0.00011851650616395613,4218.260242824955,4909.843627991623,True
3243,312.30815103530097,144245.81408538105,0.32847095153348704,25,7,4.469532885562945,42.64826246386149,0,0,0,0,0,0,False
3244,307.39562331902874,103622.09863706664,0.4879716891057789,18,11,4.998071770030132,56.719538361809626,100.0,43.28046163809037,0.9998990716971626,0.09732966573872145,7868.5939896175105,8776.7078083506,True
3245,341.2598314424938,107956.25298569046,0.32785746688664524,26,7,1.997410091553925,45.197424762623996,0,0,0,0,0,0,False
3246,338.6811081734108,135910.19155273057,0.5415824880611304,20,13,4.223574217503385,41.39256632405079,100.0,58.607433675849215,0.9219869535667943,0.0029566524418205603,9428.68646853128,9870.688819842904,True
3247,329.3679091617533,125944.25532209736,0.37547961384993916,15,7,3.8275208431534393,42.57595847763626,100.0,57.424041522263735,0.6531387667539438,0.0009890379162372177,8914.103388284419,9564.890267105879,True
3248,315.5139417654209,136096.86188395982,0.5462849796672617,18,7,2.6661339837553033,40.58219943001743,100.0,59.417800569882566,0.9190299288016869,0.0005427515389108349,6712.7985118636225,7479.3243090788665,True
3249,334.08516991970896,118550.1563941619,0.4134409528419937,21,11,3.490827259237162,47.389978727056054,0,0,0,0,0,0,False
3250,334.86346492263874,106429.24881956424,0.6572712266187409,20,9,4.902218176780022,59.157778831788576,100.0,40.84222116811142,0.9997980969526115,0.4207925341279611,7306.807682329385,7702.893853240555,True
3251,321.1624259787643,139837.9278707596,0.5207422440084475,18,11,2.3992924694429885,58.42491064311578,100.0,41.57508935678422,0.9992073445236848,0.18026810859156692,4284.3066425999505,4969.473777979399,True
3252,295.15378593792803,148409.64129590394,0.5745899026526511,27,13,4.511964788605681,47.630274543788445,0,0,0,0,0,0,False
3253,298.4726189362691,110876.68479007269,0.49114308090340797,25,12,1.340386742808246,42.37729595517584,0,0,0,0,0,0,False
3254,347.2418468553009,134455.94635291657,0.3107059298101842,19,7,2.8642310844687255,53.78399877441795,100.0,46.216001225482046,0.6719505619223949,0.0002930888660488177,5728.419485185196,6154.724866858236,True
3255,334.57710443605674,133636.2032384251,0.6388368484885486,17,5,1.4072432434332118,44.00169317660826,100.0,55.99830682329173,0.9741897444596027,0.21205537084510429,4108.349950209738,4535.083512718966,True
3256,332.648719531924,130001.66753765655,0.3200290441954306,27,10,2.711148588180939,46.337854673769655,0,0,0,0,0,0,False
3257,298.961202106335,131010.81272456319,0.6640736480946928,24,11,3.1961569537885666,53.528288266731586,0,0,0,0,0,0,False
3258,312.6358185326329,139896.47822192116,0.5233553394491658,17,5,3.1614644326846797,51.28222762950891,100.0,48.717772370391096,0.989300858738107,0.08069195744793373,6159.129061101104,6975.488515473234,True
3259,316.1400151865365,149394.2952650002,0.6781369134178847,26,11,1.7977925655159006,51.474221916316445,0,0,0,0,0,0,False
3260,303.6492384701729,141913.1544737471,0.6007875718000003,17,6,2.7993711813531954,58.09959865293955,100.0,41.90040134696045,0.9945203656438337,0.31683484783510263,4830.910053314162,5690.327670224666,True
3261,290.21457785727034,149527.65417706393,0.6428776825848586,18,6,3.4773691350278115,59.32438209620278,100.0,40.675617903697216,0.9968922097109766,0.4001485133340063,5523.746142981108,6523.288038182886,True
3262,336.5161353929589,100107.67330758083,0.5139724171186577,24,9,3.5004952197359165,44.753920203806715,0,0,0,0,0,0,False
3263,305.3996651125474,122901.51973937372,0.5350826384587433,17,11,4.8689208541928375,53.56913849292587,100.0,46.430861506974125,0.9999009597500643,0.132193148640826,8259.588500978798,9159.336328943464,True
3264,319.01094666487234,147584.3539773253,0.5960369298022656,21,8,1.4642546130353689,45.56846285800983,0,0,0,0,0,0,False
3265,298.64654325136974,149374.6910584238,0.5283968694355587,20,6,2.4787133223053224,40.32977280660806,100.0,59.67022719329193,0.8854812008080837,7.738544973183404e-05,6437.173813576945,7437.588462836066,True
3266,314.49528061213164,115713.3700215068,0.5065635384314633,28,6,3.052380381933127,44.07517321449995,0,0,0,0,0,0,False
3267,341.0415431877062,118275.23461605643,0.3362464876779825,22,9,4.650097782351285,49.014266974010425,0,0,0,0,0,0,False
3268,305.0593779640578,106402.31895033327,0.3525842928491103,16,5,1.2990623952027955,43.151172955579995,100.0,56.84882704432,0.6196218109286813,0.0007804484869525956,4220.614985322499,5231.103010736637,True
3269,323.30252298496816,149986.34728081,0.3250360467727367,21,8,1.8067788267098273,45.2991983992976,0,0,0,0,0,0,False
3270,298.1760981628506,120678.87441372653,0.37517757297927423,16,12,2.301626939922012,55.93387876515546,100.0,44.066121234744536,0.7938854069992821,0.045308238920463394,4583.524569938244,5682.7479940013345,True
3271,311.0934081799397,149933.75170152087,0.4933102911278612,22,8,1.4296910598778292,53.98563590063743,0,0,0,0,0,0,False
3272,327.84780831767165,100220.96939137738,0.5765447550796126,25,11,2.7102552007373903,44.230554599850244,0,0,0,0,0,0,False
3273,345.14612199277076,145078.72836017358,0.6998818011763329,21,10,1.5476790575312558,53.30662970473171,0,0,0,0,0,0,False
3274,315.72724456054704,102310.93144627417,0.5934536511991368,22,5,4.065791502053277,42.44879710994948,0,0,0,0,0,0,False
3275,326.3489858231525,114159.4477160367,0.6234662235279338,23,7,2.5929419696954312,57.27287863759054,0,0,0,0,0,0,False
3276,331.6819862253021,146074.9734080824,0.6292537615843281,27,10,4.767239562947229,48.101531734383286,0,0,0,0,0,0,False
3277,322.945802059107,114239.59579304705,0.3760813497441311,17,11,2.00909021522524,59.39013418168217,100.0,40.60986581821783,0.8749212625962698,0.03498696607658396,3796.829708568959,4558.385797353711,True
3278,300.63239373485897,106523.3361272368,0.5795317661933286,26,10,2.155759527738928,52.97645527123373,0,0,0,0,0,0,False
3279,311.3835335377768,137935.1572833918,0.683119206818957,15,11,2.091661856229288,42.41329727433549,100.0,57.58670272556451,0.9990565162222836,0.25414878538137997,5397.4329989894795,6115.342805469752,True
3280,305.94247936705193,132763.79370926358,0.6370081493317346,18,12,3.2538697678104276,46.61535253940863,100.0,53.384647460491365,0.9999213938976239,0.22139139294852828,6883.226403945612,7702.56591977151,True
3281,320.6982456777789,105878.11962158867,0.6129098077190454,23,7,3.5821588917881506,52.253927363769776,0,0,0,0,0,0,False
3282,318.3511177905666,124011.21710345887,0.6081539102349505,24,11,4.228512196359306,48.345244238874265,0,0,0,0,0,0,False
3283,320.9078444159562,117005.17828365837,0.6307512609143439,19,11,4.929176582926805,57.79688107426104,100.0,42.20311892563897,0.9999512709979358,0.36116250587007204,7584.510698572105,8192.53942741427,True
3284,346.4285380435072,145916.8643273986,0.5057605622940482,15,8,4.371389223899313,53.70419436083284,100.0,46.29580563906716,0.9986875844091797,0.08081779292194725,7539.388001836562,7883.129328403689,True
3285,323.24948449102817,125684.76761469229,0.385774279724767,25,6,4.483345946758432,49.81051995341539,0,0,0,0,0,0,False
3286,337.76690163336457,100503.12609104122,0.49648937657958825,16,5,2.966814070777253,59.04450302266707,100.0,40.95549697723292,0.9842077995917998,0.15820259334843417,4940.952776619734,5404.05605237885,True
3287,339.00619283279326,116047.29929953524,0.4890635447699103,15,11,4.438847038546427,59.33637315450843,100.0,40.66362684539157,0.9996421806629846,0.13915113548906172,6703.95037904868,7156.94780411588,True
3288,339.50803487460183,104556.18628106733,0.6474810450647628,29,8,4.546232058901662,55.764308804704015,0,0,0,0,0,0,False
3289,314.9959450610104,148874.2668938318,0.561173625563895,24,10,1.8667801168773166,57.93577634460513,0,0,0,0,0,0,False
3290,305.1441183262254,109257.36641865456,0.6506905798754601,22,13,1.362855279040924,59.93295767423783,0,0,0,0,0,0,False
3291,303.04204986897963,126097.93882711421,0.45723879935639367,16,12,2.8822820619831226,50.27319926818906,100.0,49.72680073171094,0.8804799668476556,0.03858961293039222,5992.306176070005,6977.658042783537,True
3292,307.9994035534813,137017.3710275408,0.3148094316254775,24,9,3.4568627065972937,41.90826883203222,0,0,0,0,0,0,False
3293,324.05971514971696,135680.9533944915,0.30414354148216005,21,10,1.4055490807670141,48.502048273961755,0,0,0,0,0,0,False
3294,337.88230092000805,120902.04693217075,0.5183751148109044,26,9,1.99624047816972,50.61288413823596,0,0,0,0,0,0,False
3295,307.0715199460567,123624.03590146641,0.6845553971781732,26,9,3.3936013750402587,52.32855727804857,0,0,0,0,0,0,False
3296,337.89509041117424,148610.84320578622,0.46925984661663905,15,5,2.159277732743467,56.81739468503778,100.0,43.182605314862215,0.9671788586774518,0.09081806086263951,4163.9185328742715,4649.421833951231,True
3297,309.8303891479849,101806.56117533543,0.4512314325485202,19,12,3.2933756707320345,45.529812796662654,100.0,54.47018720323734,0.8251823140934765,0.0038469891607008605,7329.672505429089,8226.04723235451,True
3298,349.57592842584467,119141.53236060709,0.36631520880001983,16,13,2.1211401156051553,40.09440314530187,100.0,59.90559685459814,0.5832412611301233,0.042203310928096496,6064.124781934466,6403.8602357523405,True
3299,338.9430978583178,145677.52920168755,0.5831945736977147,18,6,2.935100725463581,45.32235259040303,100.0,54.67764740949698,0.9948249578168233,0.08659223029170215,6528.843717126898,6940.110787831032,True
3300,329.0859886138611,105899.9172943408,0.4420271929586972,28,6,2.2522411596124376,42.25568294289106,0,0,0,0,0,0,False
3301,336.27519009751614,137030.0439045207,0.34802720181869273,20,7,4.994422634384513,45.90260474989633,100.0,54.09739525000368,0.6433155852459677,2.2748311517761656e-05,10440.818712731336,11006.924097500356,True
3302,310.19033990185596,131738.36009667066,0.6740312491901762,24,11,3.1104044303790594,47.15350881932124,0,0,0,0,0,0,False
3303,310.70286230294306,101337.93672838819,0.49054142566643943,16,10,4.95403235889989,59.14937704096572,100.0,40.85062295893428,0.999758821980045,0.13885310333723963,7372.532635805487,8226.83619554322,True
3304,312.97310015655324,100838.17612928414,0.3762554159483782,28,7,2.464303027432015,53.78770790700925,0,0,0,0,0,0,False
3305,291.7016239703161,140601.7419054801,0.4485931285696865,22,11,3.9204915735743064,55.3165568890984,0,0,0,0,0,0,False
3306,346.9332874875829,144335.15961132597,0.4734406098412881,24,6,4.857778071006225,52.981009853443474,0,0,0,0,0,0,False
3307,347.4167559875688,149168.50389527204,0.39521900309321567,28,6,3.4310788500458527,57.1936952122575,0,0,0,0,0,0,False
3308,347.9088350357167,101397.9972154494,0.46851341438134675,16,12,1.803304725094764,40.45033326661987,100.0,59.54966673328012,0.7568886172851705,0.04397612234083329,5289.7878677157105,5611.433971052991,True
3309,298.9662724087162,102678.85724197968,0.4291602678258809,15,5,3.433817278160487,40.56947863639877,100.0,59.43052136350123,0.7218705332341186,0.00036764204879619023,8393.442469577965,9440.819475996535,True
3310,295.12594833775876,138255.53458819422,0.5438974421150012,21,11,3.0167017494513395,50.875484689909364,0,0,0,0,0,0,False
3311,325.0378009088871,122236.10246823436,0.35826790034163514,21,13,4.7320804369546146,49.82754929960363,0,0,0,0,0,0,False
3312,333.69051772871273,127401.73867223994,0.4748490749217996,18,10,2.5201068494432426,54.658516649577564,100.0,45.341483350322434,0.9975540782025236,0.04122381914069731,4840.23091817713,5396.40816681805,True
3313,331.44794578992884,140098.2839667194,0.307591699452021,26,8,2.0562136699836184,42.70170658643988,0,0,0,0,0,0,False
3314,306.63293263153633,101364.47378340957,0.5167800942242606,21,8,1.7524104523680317,56.713928678880436,0,0,0,0,0,0,False
3315,346.75858161536087,111300.58087459063,0.47877362704087423,24,13,2.8953610874743516,46.18103875001913,0,0,0,0,0,0,False
3316,300.047668147002,145843.16565495008,0.539498663049023,17,9,1.6787146599229676,56.96532048305261,100.0,43.03467951684739,0.9932218271405957,0.19673142154722262,3499.173618047355,4456.890021689496,True
3317,304.21158172768725,114903.72107832278,0.5737113673920373,28,7,2.859541621096663,41.646952008243304,0,0,0,0,0,0,False
3318,291.33261716079977,133566.0714460353,0.5738881741039425,20,9,1.9988397314648818,46.21946172782404,100.0,53.78053827207596,0.9975240987577352,0.08094930627563196,4890.978183090334,5956.884622241958,True
3319,338.0902866424647,111795.83000192983,0.446525472150549,23,6,1.306635968668232,53.55923434593885,0,0,0,0,0,0,False
3320,334.454327686206,108180.01152613299,0.6568056252780772,26,5,4.729986060098952,51.9353825219619,0,0,0,0,0,0,False
3321,295.2727162789596,109413.15661815595,0.6782897654660726,18,9,1.5346785962305354,51.83859863129314,100.0,48.16140136860686,0.9965370086245354,0.38261779507542415,3702.8147267327317,4620.14771873576,True
3322,293.7446915831737,120262.92163531504,0.420024964415298,28,9,3.2751257446636437,54.2974429551134,0,0,0,0,0,0,False
3323,313.8806270604853,108024.789996906,0.41036216164851647,17,8,3.6184008623340747,45.04872842446016,100.0,54.95127157543984,0.7461749365512841,0.0007322550553396003,8054.957345065543,8914.688032968063,True
3324,292.44704408891164,107327.0894153901,0.5817189180563012,27,8,2.8646620234936355,53.20607977088835,0,0,0,0,0,0,False
3325,346.89192163363197,115394.86758923363,0.4534290932679616,25,12,2.6739948718323863,43.330518009720166,0,0,0,0,0,0,False
3326,320.6367345478072,125529.52752234372,0.6533913211188015,20,10,3.60433407665336,41.83972589661093,100.0,58.16027410328907,0.9998379249288887,0.1718061560235161,8116.945606184122,8736.157079626108,True
3327,343.82838047044817,148309.4613135034,0.6528354035690572,17,13,3.414688024930096,47.37927801633044,100.0,52.62072198356955,0.9999433295606833,0.26732359683975543,7041.192777234341,7325.143076209516,True
3328,292.0757863535057,138356.7809173305,0.5053869870054585,17,6,4.276210719950921,42.10163188461259,100.0,57.89836811528742,0.8727423959232162,0.00020493202949496922,9495.415110890026,10596.528858767884,True
3329,337.6617528976804,148454.80294379106,0.6290883255652246,23,6,3.2812260109084592,44.12229814887136,0,0,0,0,0,0,False
3330,333.114223530348,123189.42093574497,0.48509631560360345,29,11,1.7069014818137291,47.57547744830023,0,0,0,0,0,0,False
3331,313.62993161487947,108163.91079420332,0.5150741779807928,25,7,4.003208861093986,57.36704670317015,0,0,0,0,0,0,False
3332,319.999020254773,117629.23179129946,0.5539555941035643,27,12,2.5618991488341956,43.29807013388117,0,0,0,0,0,0,False
3333,314.76280231074827,128760.69151625733,0.3550733244279816,18,8,4.016347749974016,51.695590421948026,100.0,48.30440957795197,0.7346312438105355,0.00041458057851599455,7703.9908171667485,8589.34288101784,True
3334,342.2738853327618,146088.03011220004,0.4003210993996746,19,9,2.3196104226825884,48.217421897800264,100.0,51.78257810209974,0.7718843742862188,0.0012857647035579545,5434.42493714447,5890.351479564135,True
3335,349.6061823625413,141964.86942575773,0.4155006230949373,28,5,1.3687987970947815,45.00351474123411,0,0,0,0,0,0,False
3336,329.2439028745688,118088.98255723421,0.38187388418753176,29,5,3.2461719095139214,47.2555419552622,0,0,0,0,0,0,False
3337,326.1218013899259,146676.1082358461,0.5775686364574171,29,10,3.1183056315495308,56.09905017966935,0,0,0,0,0,0,False
3338,335.4563675757969,129339.40915894075,0.46679858983246914,17,12,2.974738193717537,58.31777293214264,100.0,41.68222706775737,0.999224337668909,0.08623633671477662,5022.462303101543,5548.9567870198725,True
3339,348.65340761708484,108967.84640446355,0.36503167951814286,19,6,1.26078926943474,58.65565841753866,100.0,41.34434158236134,0.8397613663341161,0.03041035749921689,2922.299509739825,3304.1918316356464,True
3340,317.48129291133455,142303.49475805723,0.41819952636952545,19,6,3.575664844697945,46.450962004431716,100.0,53.54903799546828,0.7809061332871114,7.024849336061001e-05,7735.225298524389,8542.865659140592,True
3341,323.1139375602877,119805.6563174561,0.6583182171523714,17,5,2.7208578031712864,47.4245165521596,100.0,52.57548344774039,0.9923597545674985,0.2879946325205913,5939.191366981456,6509.389104359445,True
3342,325.0698992006307,122036.56144137424,0.3557302297884858,29,13,1.2547243683979865,47.385622743258665,0,0,0,0,0,0,False
3343,346.4681019870849,132525.89376700262,0.4680218305606888,15,12,3.0519885925017447,53.38810055459015,100.0,46.611899445309845,0.9185648234623868,0.07466894078019921,5820.801359071908,6177.50601114403,True
3344,326.95717083602284,149386.65581964445,0.3938834614784108,25,11,4.6448844605058195,44.75931842373912,0,0,0,0,0,0,False
3345,317.6250339725462,139820.60625204313,0.6605216265531125,22,12,2.4840614504845577,56.6766483313598,0,0,0,0,0,0,False
3346,347.3903540358031,140632.4018941256,0.46900018228226115,16,10,3.3405684994371363,53.261260809481854,100.0,46.738739190418144,0.983576491782138,0.017453745040652047,6170.7566459654745,6529.965558542508,True
3347,347.2785819444986,141708.351714039,0.5738348356976806,22,11,2.9455525802836084,55.860904187066055,0,0,0,0,0,0,False
3348,315.83593811673865,108545.37096254528,0.30941378632008276,16,6,1.4333218927219746,55.53275090152542,100.0,44.46724909837458,0.690320055628256,0.004408220622705879,3462.0439954418025,4359.9750397647485,True
3349,297.011787510164,122209.88274578702,0.506018742666387,26,12,2.4287484308168525,57.73404939992909,0,0,0,0,0,0,False
3350,316.4926335334988,136536.22083905365,0.602222791103874,27,10,3.7714838314031756,56.980462366323174,0,0,0,0,0,0,False
3351,292.57302738126464,148943.21263547707,0.45583081534862935,19,8,3.0613073420112222,57.14508793766614,100.0,42.85491206223385,0.9975238188743034,0.04960748055114325,5278.175327135985,6413.402918826492,True
3352,347.1285230022051,117811.77697616591,0.5280240301684211,27,8,3.88857648914251,40.47791651769177,0,0,0,0,0,0,False
3353,319.36552182890017,123499.7705777016,0.6760477183136491,15,9,3.8141567073290537,48.79345594910217,100.0,51.20654405079784,0.9996922575650159,0.33639739207944674,7472.376967211145,8080.391348602244,True
3354,347.0879871000105,131899.5534805318,0.5036561191404729,28,12,2.9831793409077285,58.720408348914646,0,0,0,0,0,0,False
3355,344.45372946024975,111507.04573704075,0.6049404709895747,16,12,3.9333166898278886,56.39885810630591,100.0,43.60114189359409,0.9999189164412754,0.29958793123231797,6519.71428257114,6813.615173965405,True
3356,310.54580609696217,122272.29930395288,0.6319013747820172,24,11,1.7389255103652248,55.14443211185711,0,0,0,0,0,0,False
3357,311.41072942463427,114047.79103835292,0.5055989539955767,21,11,4.285099518127535,58.13550743568511,0,0,0,0,0,0,False
3358,332.93827018827403,149446.86676246108,0.6693378912080942,22,5,2.7450390885790164,46.768379109324925,0,0,0,0,0,0,False
3359,300.4744746154478,123542.28878251096,0.5707504200443834,18,8,2.794840421713194,55.56791965193866,100.0,44.43208034796134,0.9981969338597687,0.22896498596202391,5112.627525264528,6041.943529898637,True
3360,312.6114485606689,114685.45312380645,0.37044729096018136,15,13,1.4110574765939154,53.431962083484194,100.0,46.568037916415804,0.6459017925996271,0.13037817319609196,3613.777860790959,4493.501725370916,True
3361,311.67124802889555,135363.8316019476,0.6815212723363933,18,9,1.4602397219836822,58.59196007990995,100.0,41.40803991999005,0.9955893976332596,0.4595635888695707,3090.7293241634943,3788.38116843868,True
3362,310.7356831145007,128502.25599622147,0.4435350850110907,21,6,1.3276570891905015,53.96122944315603,0,0,0,0,0,0,False
3363,291.40601704886075,131287.9987839754,0.6862913292826462,20,8,3.49057171979753,59.62029168571286,100.0,40.37970831418714,0.9993275094606013,0.4742778224835385,5496.829603815093,6451.054410027622,True
3364,327.2104927434549,133105.51380604866,0.34954524289325256,21,12,1.924160863607249,55.51771964285633,0,0,0,0,0,0,False
3365,334.27609067291144,107527.87826755177,0.6191412959915101,18,5,2.245395594305574,50.98441630891156,100.0,49.015583690988436,0.986742905170127,0.2657372643081647,4835.312040408118,5271.8585836298,True
3366,290.9002977963829,140651.6216636716,0.6393284738074501,17,12,2.890937881535459,45.89279649696839,100.0,54.10720350293161,0.9998544960230255,0.21426382765435437,6381.270962166399,7393.077373038872,True
3367,323.62622303948166,138319.67088561293,0.4017904984783981,20,8,3.0797014725545457,58.99909420636343,100.0,41.00090579353657,0.9778607422161868,0.0014766629471413709,5094.017556957313,5846.003451596411,True
3368,318.5521955225051,121463.91738049335,0.4718143873119114,29,10,4.322323417432893,46.66471046836599,0,0,0,0,0,0,False
3369,303.5548308401763,139614.69149588532,0.6220610970215541,15,6,4.679372764648588,51.781303333742414,100.0,48.218696666157584,0.9980199546526187,0.2719686703996223,8303.984057029884,9157.557824528605,True
3370,303.69537244704077,135822.7938749764,0.6488802032758807,22,10,4.606718622654961,45.828956713824226,0,0,0,0,0,0,False
3371,320.82409139578715,102656.96198507663,0.6564954960502537,23,11,4.921700397688109,42.836788699382915,0,0,0,0,0,0,False
3372,304.1964741902799,115352.50291933113,0.6342582389157471,20,12,3.333026010975516,47.689499180410984,100.0,52.310500819489015,0.9999389358361142,0.23314391297768824,6870.209777187768,7712.834903405892,True
3373,335.30628298328014,106999.527428097,0.4769145345744908,20,8,1.3798760234181315,54.497079712776696,100.0,45.5029202871233,0.9576595879350122,0.07551810980817521,3311.6761884408224,3832.9886531866355,True
3374,320.16436144069263,145608.5337598935,0.5085173993941814,26,9,2.9469299080394906,53.774422409414036,0,0,0,0,0,0,False
3375,315.27726176800815,106112.49623177864,0.5507042761186286,24,11,3.7044090341127305,51.230576334252696,0,0,0,0,0,0,False
3376,343.6533534165198,108302.33451326264,0.4475375006721037,16,8,3.046679370024612,46.191035426821436,100.0,53.80896457307856,0.8294239081190732,0.002670479380227863,6819.754607229752,7232.673798287869,True
3377,339.14265369167026,137101.2505573051,0.6252809060815255,27,11,1.8802057458901107,50.137628517518664,0,0,0,0,0,0,False
3378,343.4142485505694,143799.5598818863,0.45970155280016095,26,13,1.7184022564220323,47.686158301084774,0,0,0,0,0,0,False
3379,338.11572870059445,120959.63484301795,0.4731128362377135,28,7,2.517448578902086,48.1064392443615,0,0,0,0,0,0,False
3380,339.41641743245935,145664.5433070572,0.6517194630551184,20,5,4.349564358703912,48.26924055851787,100.0,51.730759441382126,0.9959612462670825,0.2827927827095114,8395.206150135346,8741.298772109607,True
3381,339.7970097670189,108639.55365172506,0.5868628587045623,28,5,4.8454960815576555,56.73729611233178,0,0,0,0,0,0,False
3382,307.3837111311822,118141.7431336994,0.4574749343655693,27,6,3.1654733624774716,44.10506155095981,0,0,0,0,0,0,False
3383,301.7215315550261,101000.68258634594,0.5813807073354496,16,9,2.2116106118868437,48.27664765054204,100.0,51.72335234935797,0.9978196873102819,0.13520572012343188,5037.314588796981,5956.435875428468,True
3384,297.7391632337627,146597.1154486053,0.3104345395439483,18,7,3.1156390940326473,58.37052996142057,100.0,41.629470038479425,0.7448686961014424,0.0006000756200816343,5438.976943573025,6595.257195562915,True
3385,292.04700557939697,100349.79985010759,0.6584082255874477,22,13,4.02847401585576,47.57167787190758,0,0,0,0,0,0,False
3386,319.6664018334794,128469.49280305169,0.5502212282038206,29,7,3.127782495512471,51.07116649758061,0,0,0,0,0,0,False
3387,348.2751757641378,121184.13040292638,0.3301113291600581,16,10,1.5427306472896944,42.620814231626696,100.0,57.379185768273295,0.56791682342838,0.009960918537166581,4740.229939746901,5125.635145271724,True
3388,331.6436380520888,146226.9150867284,0.5545418229790776,23,9,1.781873841727157,46.22013625636188,0,0,0,0,0,0,False
3389,327.08180971474184,103244.42364490978,0.43448375368889736,27,9,2.287710725869135,58.86702507791654,0,0,0,0,0,0,False
3390,296.1014312567167,143824.19294791907,0.3557722451483135,15,13,1.8763075625730974,59.60464203566529,100.0,40.3953579642347,0.6985334568866874,0.12347557057486966,3713.324390054723,4835.29162869528,True
3391,307.9072696792899,110943.76410056525,0.5688659775925218,24,5,4.501852753200935,58.79687018603387,0,0,0,0,0,0,False
3392,343.5168239867526,143048.3617000102,0.5847799013878396,23,12,1.6076570101991008,47.33733315321224,0,0,0,0,0,0,False
3393,334.1658442493408,142141.35037376813,0.31743353078354786,27,5,1.4984316712188588,52.30056676957534,0,0,0,0,0,0,False
3394,346.55838695030815,119642.67079064791,0.3774077074434313,26,11,2.2869627384415656,49.353487984736844,0,0,0,0,0,0,False
3395,340.39905756679445,142667.48627412895,0.5492497596929137,27,9,2.4449313528699834,45.91255982065554,0,0,0,0,0,0,False
3396,327.35643736052725,108126.16801174289,0.620962761323871,20,11,1.70863325756843,50.895355102004736,100.0,49.10464489789526,0.9984148550679257,0.2567917209602403,4032.795792412959,4567.587596202863,True
3397,341.50417205359923,148123.31036099495,0.6825286391308365,27,12,1.4160920405704198,46.79590654706397,0,0,0,0,0,0,False
3398,312.63029553988946,115828.05045754691,0.41442878023759655,26,12,3.7410886716795853,54.07493105278798,0,0,0,0,0,0,False
3399,331.29066278232887,119434.0236496124,0.5891843508339609,22,13,1.96173981707229,45.427445330016766,0,0,0,0,0,0,False
3400,345.7228519561616,142945.95449941303,0.47154017784594904,25,13,2.0819359152760475,49.05365952507617,0,0,0,0,0,0,False
3401,296.90755509227836,100847.42065982177,0.43800267726297093,24,11,4.185714439085165,59.67573916251311,0,0,0,0,0,0,False
3402,332.5913612897946,127746.76078095291,0.6619059435587014,19,13,2.997576594261798,40.105821790352095,100.0,59.8941782095479,0.999942846290007,0.15706820930588858,7257.229663338816,7708.335057279626,True
3403,321.5002622225221,130745.15722661212,0.5739736404538325,25,5,4.442915711035593,44.08319684074952,0,0,0,0,0,0,False
3404,300.4579168166948,135401.71362425498,0.6503888214158018,23,6,2.1953377863040053,49.75591827094422,0,0,0,0,0,0,False
3405,302.302283371234,119347.61981098083,0.4303137187270265,27,7,2.1062247826822804,53.256124107973335,0,0,0,0,0,0,False
3406,292.76863278136256,129301.8523298064,0.4243696181541592,21,8,2.8670727903266426,48.78663146924468,0,0,0,0,0,0,False
3407,301.12005586732766,136460.32804971206,0.3733842123647651,25,7,2.8618204410150176,54.25137096092754,0,0,0,0,0,0,False
3408,306.70092164196717,146402.80850976854,0.49600956483340425,18,13,1.210716182867904,42.927866080317855,100.0,57.07213391958214,0.8284681823399361,0.0540103794370908,3952.2344174395034,4853.255175683413,True
3409,299.5576651433845,137652.81447441567,0.5204014533308201,26,6,4.873432632508185,48.283920866689826,0,0,0,0,0,0,False
3410,340.20348391013545,132733.73707972455,0.46581066983175584,25,12,4.305904513424087,48.615658066317465,0,0,0,0,0,0,False
3411,290.1498722877627,103322.79965581576,0.30080821790885354,21,9,3.4574809322923965,43.01658009669634,0,0,0,0,0,0,False
3412,291.71791868301017,134287.84278344302,0.3475412194338279,22,11,1.2576182567499998,55.3877544330021,0,0,0,0,0,0,False
3413,319.57622853441967,107352.31588523973,0.34588786697496265,24,9,3.9695591415991043,55.3823877078695,0,0,0,0,0,0,False
3414,320.4775376520011,140567.59593265917,0.6197398271404346,22,13,3.2716114643830405,54.828031355145114,0,0,0,0,0,0,False
3415,335.69744719190936,106608.30134398188,0.3651963629194784,28,11,2.1088715466949024,42.1235701031842,0,0,0,0,0,0,False
3416,314.03591709222417,132271.2955555331,0.3903466431531756,21,5,1.9595416807609056,54.48760585436057,0,0,0,0,0,0,False
3417,308.8401760791568,111983.70190393314,0.5768406422746531,24,13,3.6400541884168485,55.53643031193517,0,0,0,0,0,0,False
3418,349.0128434727008,142351.25338790758,0.3737193827545372,15,6,2.563842944336673,48.40792870979318,100.0,51.59207129010681,0.7227187318830299,0.0017646233492993278,5855.996569022918,6219.963803444022,True
3419,330.30849488229205,104395.57311789069,0.6644294466026475,16,11,2.3341133640562792,44.98243079037877,100.0,55.01756920952122,0.999518447257,0.25458243969156996,5560.466911198295,6032.115702415279,True
3420,332.73326856522107,136636.16788784828,0.6856274741277846,21,8,1.3342404200834088,54.58184239266562,0,0,0,0,0,0,False
3421,334.7182248394865,143612.48935662524,0.584675240150005,24,12,1.7084108513714202,50.704766592869916,0,0,0,0,0,0,False
3422,346.32534073420277,101721.54853544534,0.439721988605324,16,8,4.490130487513583,44.87111451401768,100.0,55.12888548588232,0.7966636786155438,0.0011821338981256608,9530.905024090169,9904.464050809049,True
3423,325.8550710308941,105322.28968101097,0.4951126321245909,25,13,3.0819453422194023,51.8713278060563,0,0,0,0,0,0,False
3424,321.37168461676237,130670.76506303617,0.3083567027678608,25,11,2.3165072995251346,57.93877643842839,0,0,0,0,0,0,False
3425,313.44105139658666,127810.7073840514,0.5422938541730313,21,7,3.2345527955946363,43.338433028468096,0,0,0,0,0,0,False
3426,291.61295797937186,112280.3737721176,0.6055212949369,23,10,3.0734147330030526,46.77247945778373,0,0,0,0,0,0,False
3427,339.800677781906,104412.56810934642,0.48382061409845195,25,7,2.5598308557897838,52.13174941999704,0,0,0,0,0,0,False
3428,345.33919254280516,134955.80266590847,0.6536078104161539,21,7,3.727302541033178,52.88830787693941,0,0,0,0,0,0,False
3429,327.28695858505034,120145.66116630593,0.6757170936133329,28,8,1.2284462519666042,58.37709022145826,0,0,0,0,0,0,False
3430,330.604852865417,133060.9912056595,0.4098796988404526,16,6,1.64706528798575,46.8424046883775,100.0,53.157595311522506,0.7689093753377864,0.002447890291485785,4450.5551452549835,5073.412417058232,True
3431,291.37099820186626,111151.76690476545,0.5242790450911148,15,7,3.4862062059221497,47.03189042796602,0,0,0,0,0,0,False
3432,310.33173757605977,114653.08101815304,0.6556361281211163,21,6,2.414087306047228,52.66387635703313,0,0,0,0,0,0,False
3433,297.7667832125753,101912.13676824787,0.6505401909386506,18,7,2.0583829276816683,51.13306052990936,100.0,48.86693946999064,0.9956489951768789,0.3207260654930535,4534.19641249146,5441.23691480533,True
3434,340.40878395650077,140555.00265756613,0.5380089974726934,15,12,4.240564957465542,55.24748761363885,100.0,44.752512386261145,0.9997120646046257,0.1639980856892491,7108.97147895636,7511.858296300432,True
3435,306.17227109487067,148734.43794264924,0.5090729066710822,25,11,3.3312039414005605,40.94426156816085,0,0,0,0,0,0,False
3436,319.2867336739174,138678.55932221797,0.40105668749937795,26,6,4.787384656112946,59.79347092765788,0,0,0,0,0,0,False
3437,349.0459659482888,131079.4477257314,0.665306114559586,19,6,4.457189165801088,58.74611407363898,100.0,41.25388592626102,0.9978750950383498,0.4317628072228848,6826.814870097141,7014.508767249763,True
3438,319.70188543103245,147901.14734221934,0.5123154478538833,26,8,4.6252270046859305,52.83847898512863,0,0,0,0,0,0,False
3439,317.24519374500676,113001.03175150434,0.6257793109430043,27,12,3.690510281079578,50.5799011414637,0,0,0,0,0,0,False
3440,291.96344874953303,149590.45833664012,0.48598205226198954,28,12,4.984482643321945,51.36731434021795,0,0,0,0,0,0,False
3441,348.91426407288355,114410.45319451834,0.6311347545365062,20,13,2.560589736995243,43.9549235486033,100.0,56.045076451296694,0.9998944954491283,0.16093984904666697,6048.5799792301095,6280.570076613304,True
3442,339.40552162770575,119728.62030015308,0.38771783596048864,27,11,3.432955238593454,55.97664219273303,0,0,0,0,0,0,False
3443,332.3056659858555,129624.92703765219,0.6069961842891818,17,7,3.5444487598204493,50.40231209735807,100.0,49.59768790254193,0.9982449618795651,0.22199417836653987,6834.270078513051,7310.605236490539,True
3444,325.9715609582213,138174.02224742333,0.4943891188114278,25,13,4.801378103772753,57.014612854282944,0,0,0,0,0,0,False
3445,345.4077510086851,149038.2289371018,0.4874949236426076,16,6,3.071516926454863,47.02273158365253,100.0,52.97726841624747,0.9189299568409655,0.0014397663280297061,6647.110197400574,7021.103649827617,True
3446,314.1654513164817,101735.91801871434,0.35098876344216434,16,8,4.234340751658902,45.41349104895617,100.0,54.58650895094384,0.6422705608290126,0.0008716117828382433,9200.602454708907,10087.380242859224,True
3447,295.05596332751253,131826.9496523972,0.3518833698874732,20,12,1.7639214109549337,58.38446085460929,100.0,41.61553914529071,0.8270062054659942,0.013225108503934616,3603.9115546234175,4770.994542457765,True
3448,299.75424348809753,149072.98616146902,0.6663413004878382,27,7,3.1683558528414673,58.80319979272531,0,0,0,0,0,0,False
3449,327.8137047096075,146916.50611590626,0.453561859019272,21,12,1.3261491486561097,55.40366193505842,0,0,0,0,0,0,False
3450,323.3713629208153,121594.27106897155,0.561297843489271,16,7,1.4738026359528673,42.141278288696405,100.0,57.8587217112036,0.9582427546324875,0.016322969853111338,4376.595852843015,5027.968858361186,True
3451,344.4154729712238,130416.43188781138,0.6017666177157236,23,8,4.062256697671966,57.68845607264417,0,0,0,0,0,0,False
3452,302.0094581464872,147063.97711850156,0.575554852881061,29,12,1.856187411052007,50.764623278796904,0,0,0,0,0,0,False
3453,291.28256672745516,107829.98645569832,0.3915872560981739,23,12,1.4290933074597092,43.24115306961328,0,0,0,0,0,0,False
3454,299.56993946107417,107933.01780980383,0.6313870136472799,15,13,4.341928494739329,57.59803780142237,100.0,42.40196219847763,0.9999298261173863,0.36007608592471685,6865.539998509019,7756.830824956625,True
3455,333.8021544321209,126529.58530648262,0.6983557106807188,27,8,1.6435933540168965,59.4691098038232,0,0,0,0,0,0,False
3456,326.9469016098035,100695.56130360629,0.5235329727823393,16,5,4.865745700834687,52.93471360489704,100.0,47.06528639500295,0.9942544443033148,0.10501919481374523,8378.145958982414,8991.925536010192,True
3457,340.9091187747024,140045.65532061018,0.5100378042293083,22,7,3.941230995070912,55.37060640786163,0,0,0,0,0,0,False
3458,304.06130536090103,104485.69099831018,0.6632971908186327,25,5,4.717464356184725,50.285363893413376,0,0,0,0,0,0,False
3459,337.6657245650038,116433.34570015465,0.3820379233955892,28,12,4.86235027756512,49.45180786515047,0,0,0,0,0,0,False
3460,335.35568013414985,119714.59229380755,0.31109896206194315,19,6,4.5812244457753675,51.184909706492604,100.0,48.815090293407394,0.6372608816208141,3.8415450761805734e-05,8778.689953483354,9383.491568267302,True
3461,319.9123632472497,128040.4869505659,0.4840312309052113,19,12,2.9013791224104235,59.30202445476017,100.0,40.697975545139826,0.9997270451469105,0.13011787573492695,4812.832961395262,5544.708052368369,True
3462,298.28313983844436,136270.13569931837,0.6011841843133539,29,5,2.6324529675851234,45.34195255610253,0,0,0,0,0,0,False
3463,316.57758627750724,122331.9633102839,0.6659297497485173,16,12,3.8831845073794877,50.4438594934299,100.0,49.5561405064701,0.9999410310583832,0.3377961013696968,7334.833001458493,7985.523682223725,True
3464,295.3753633434041,129029.50936839785,0.38593363905416334,15,5,4.239795562548114,45.79807096193346,100.0,54.201929037966536,0.7117606457285695,0.0003187534032829609,9059.698868552738,10186.892838125767,True
3465,303.0538328691367,149019.82855922784,0.6358434482423063,22,13,3.9383170652000334,55.00249212648082,0,0,0,0,0,0,False
3466,331.2470549377712,121505.15186707627,0.5927402431102176,26,11,4.057510823903238,51.405508189322134,0,0,0,0,0,0,False
3467,321.88164047115674,107406.66780666658,0.6555393169046216,16,6,1.5642705068466132,52.72835512236479,100.0,47.27164487753521,0.9865452358410116,0.35878849548976977,3684.727979785832,4266.426481494353,True
3468,328.14049035862666,127573.80085113492,0.5105615260390092,20,7,1.8987949781398676,48.98468668364434,100.0,51.01531331625566,0.9860106146677932,0.015391982458718728,4495.8154283735275,5114.564359851881,True
3469,332.04101195761837,134388.8495305974,0.541149393295546,22,12,1.9398810740317605,42.11427350798258,0,0,0,0,0,0,False
3470,292.630288781212,132365.1230863966,0.6322265125405382,16,13,2.1130311034188303,52.996412893079444,100.0,47.003587106820554,0.9994688775392314,0.30650997881279435,4435.5618370934635,5420.143367972496,True
3471,319.2221646380025,136781.05968851526,0.3500065098352696,22,10,2.7906103894835317,51.92186885541851,0,0,0,0,0,0,False
3472,324.7362784112239,148935.1724239156,0.3010474655009976,26,11,3.132011428011121,41.54072934279581,0,0,0,0,0,0,False
3473,294.1624055207934,129772.92069998384,0.5894557081930705,17,9,4.194790539595389,47.74085742965396,100.0,52.25914257024604,0.9996771589230093,0.14040579701053663,8228.958172537468,9240.202839934453,True
3474,299.04002387441534,122070.7538823792,0.5454370139307937,21,13,3.879114644044991,53.45151042665684,0,0,0,0,0,0,False
3475,318.00405676997747,143600.44536420953,0.3298344704350048,28,11,3.8911095095644077,58.59305039991349,0,0,0,0,0,0,False
3476,300.3976323027079,123317.67366177143,0.5169098498370528,16,10,4.344854717241668,59.06197172396756,100.0,40.93802827593244,0.9997380221923947,0.18224335509403874,6632.413840940684,7602.15574529374,True
3477,329.69069094057835,105611.76835107285,0.442749351033313,19,13,2.4343547065577846,56.103883727088615,100.0,43.89611627281138,0.9703046616785312,0.02998461846846412,4598.279692051558,5231.044502976701,True
3478,349.701903596563,104934.16717852485,0.5973908175916718,29,10,2.286051505726323,41.94692185455718,0,0,0,0,0,0,False
3479,305.4314263961327,117119.05493634265,0.365618304096018,21,12,4.287271458428521,53.19880585574158,0,0,0,0,0,0,False
3480,330.48104446993,101675.46258370226,0.6113779494174332,28,8,2.5093202699724086,45.975055133590786,0,0,0,0,0,0,False
3481,308.5644058925783,113795.43910990153,0.3505007432244232,25,10,2.574292795226109,58.67460252524084,0,0,0,0,0,0,False
3482,329.4260510833787,110265.6841094635,0.4446611476419988,19,6,3.6596573040974443,51.66787438749734,100.0,48.33212561240266,0.9198213751901395,0.00019594382935690056,6939.08620456571,7574.897954789838,True
3483,335.77892525132495,110781.26058959367,0.40755455356586867,20,10,3.859663231400707,40.63455558276482,100.0,59.36544441713519,0.6863515556382931,0.00024385136046720275,9235.707049285162,9774.173076524185,True
3484,347.47761512057684,139255.96535161452,0.3434022392535092,16,7,3.25125297068449,57.6598771349923,100.0,42.3401228649077,0.8077899498464294,0.002399717577453637,5657.872637039613,6072.910359406079,True
3485,346.6136502773346,140539.56858747866,0.32827721915988883,26,6,2.3297368337444677,40.639810765399105,0,0,0,0,0,0,False
3486,322.26483923659106,146772.43581255537,0.3892235497938562,26,7,4.89058650670468,44.35506764454312,0,0,0,0,0,0,False
3487,327.75866896253956,126690.58812913705,0.4513157103932152,24,5,4.205995003336518,55.659032005727425,0,0,0,0,0,0,False
3488,339.42828839601094,135966.51355176663,0.308034805869089,27,5,2.880065416211015,54.9812801734367,0,0,0,0,0,0,False
3489,293.6089634640043,124440.27418060492,0.688966279462929,24,8,1.974233950050557,52.86023075093545,0,0,0,0,0,0,False
3490,342.04780154719396,132180.90541731814,0.3051587489562249,28,6,2.557447127904548,44.18403980636316,0,0,0,0,0,0,False
3491,297.9006654661301,142381.9747509628,0.6318302886700337,24,12,4.35402640649632,43.125100316916985,0,0,0,0,0,0,False
3492,291.0416950975835,118951.0296421349,0.6820498665941489,15,5,2.421936776777118,55.11462331593323,100.0,44.88537668396677,0.9918182930288133,0.42977442562738033,4663.674577235276,5627.910450890505,True
3493,299.1255397527111,132931.0473502716,0.6560975337459397,15,11,2.175789185097903,53.48688427766547,100.0,46.51311572223453,0.9993504380261726,0.3575990514632501,4477.879442238109,5360.953974439681,True
3494,330.4380215790855,142778.29402689886,0.6591246881775619,18,5,1.4396229358398824,42.84691797889387,100.0,57.15308202100613,0.978196403410287,0.2335043669757571,4245.904983026611,4718.423177806806,True
3495,306.4379949922161,104082.38318417188,0.3763221331246482,16,11,4.394135418011098,49.18524705574045,100.0,50.814752944159544,0.7326295615171716,0.008210183502398945,8717.284368413682,9702.576786490261,True
3496,303.1579451383373,106479.2426573982,0.409457458312285,21,8,3.2287615423711618,54.37220595511249,0,0,0,0,0,0,False
3497,315.1247687028782,145780.1051985283,0.6681261947948932,17,12,2.4420319118001235,54.00913251508314,100.0,45.99086748481687,0.9998135406095547,0.385681767782465,4798.30782994635,5462.96968720558,True
3498,345.6206002565326,125369.03863043438,0.3234179754467684,22,12,2.8385241193903243,52.78027009037476,0,0,0,0,0,0,False
3499,314.96332955676917,142676.26610393543,0.37688986486289333,24,6,4.036230299577014,43.52178410931991,0,0,0,0,0,0,False
3500,347.0082546321098,147322.19658177995,0.3382632822412543,26,5,4.667845426810121,43.19547460102048,0,0,0,0,0,0,False
3501,327.6424952518187,141162.88745744518,0.6845846171096357,28,8,4.816055593023133,42.71105397499004,0,0,0,0,0,0,False
3502,306.35298162550487,146644.7128005583,0.6847050835754643,23,8,4.909166741167169,57.71749674865481,0,0,0,0,0,0,False
3503,312.2011396519607,133454.95217448537,0.5964990549157088,20,7,4.489086134870308,58.64353718989409,100.0,41.35646281000591,0.9987551833577916,0.3128207994749633,6882.4785987796195,7631.400786287017,True
3504,306.4204364016679,142397.09260508456,0.3795121500430411,23,8,4.020403116716352,40.68733100787298,0,0,0,0,0,0,False
3505,324.35335575212764,115536.91431893449,0.4514397718561616,29,5,1.851084116624159,51.8345705840691,0,0,0,0,0,0,False
3506,328.51624785864345,109504.94473645206,0.418835155440503,20,9,2.602125681665787,54.87391310958437,100.0,45.12608689031562,0.9262240845746379,0.0015823567070163153,5002.190160943519,5667.73009754263,True
3507,308.3517252549523,144580.7544226577,0.6965699327861075,27,10,2.7709058821196644,55.616197551088895,0,0,0,0,0,0,False
3508,334.54893414740064,105334.13446713213,0.6071105291996518,17,12,3.738885109921088,56.604141444511214,100.0,43.395858555388784,0.9999304742028536,0.3059533183998188,6233.257409377768,6668.399029932687,True
3509,334.8192790632337,142010.65686041032,0.5002873334223912,15,8,4.429092662188204,51.00747103392031,0,0,0,0,0,0,False
3510,290.56034792017203,148388.88764759657,0.6719487473296315,27,12,4.241056459422798,47.271135025757076,0,0,0,0,0,0,False
3511,349.4211599979684,129328.9678845368,0.4733646007452211,25,6,3.344904342898759,50.3653931454528,0,0,0,0,0,0,False
3512,315.68072707192033,121569.0149667591,0.48555900490718956,19,5,3.694253959587668,43.9120239313852,100.0,56.087976068514806,0.8656786691993612,4.799019293325295e-05,8194.307018136302,8991.923145980803,True
3513,318.9357247104592,133769.56144263298,0.5694058687841512,22,10,4.230536018019948,48.458744341965314,0,0,0,0,0,0,False
3514,321.5526794436413,116777.35048368535,0.598724532212211,16,9,1.7935381126033958,43.04769884377549,100.0,56.952301156124506,0.9941940848906015,0.07549635124756424,4828.314301802084,5478.0893626318275,True
3515,293.0326333969818,122971.77932458936,0.30423260738960933,28,8,4.419229034039976,58.83428191767871,0,0,0,0,0,0,False
3516,321.5222617739579,136173.1899927871,0.48002394658732617,18,10,1.35727918057907,51.9992523641428,100.0,48.0007476357572,0.9452165466772339,0.05059871367586127,3469.004383071225,4189.380976693537,True
3517,348.44210315179834,125260.79792666929,0.6916555922072478,25,9,3.084705536136961,59.20617589670279,0,0,0,0,0,0,False
3518,295.97185853192184,124205.34359073578,0.5292398483477966,20,11,4.439355724810326,43.757348604236846,100.0,56.24265139566316,0.9404210737168208,0.0007452741042592541,9388.029903578634,10430.415754861398,True
3519,314.6046954917183,131393.81111747344,0.4617033017659352,26,11,2.7850474047371963,40.44527014255137,0,0,0,0,0,0,False
3520,312.06145207937965,148357.4579704506,0.5535947115303421,23,10,2.8423433654266237,57.70270981435834,0,0,0,0,0,0,False
3521,334.055265779667,121240.04156543048,0.3850105393751868,29,9,3.729520307521182,48.3583902986868,0,0,0,0,0,0,False
3522,323.8664496446432,108368.52249980738,0.567243474848466,16,8,2.1492556489480226,48.377371246556564,100.0,51.62262875334344,0.9956050230256526,0.11014299771680006,4932.255237631006,5563.598172244514,True
3523,326.4872280315212,108288.86140107179,0.6138063674601656,26,9,1.4216200480281111,43.35023324055782,0,0,0,0,0,0,False
3524,344.48091370344184,110674.86127275931,0.6752648428473539,15,11,4.849672418091045,46.83286779526823,100.0,53.16713220463177,0.9999229036526457,0.3066934578207775,9426.839662692608,9687.465633011796,True
3525,314.7059509426648,105018.22223821178,0.6343532044434441,25,7,2.896666575550237,56.112848156997174,0,0,0,0,0,0,False
3526,344.70484026016726,138889.36558126696,0.3890560151112943,22,13,1.6104094488819187,43.238374982111296,0,0,0,0,0,0,False
3527,327.5357529357376,139382.10251352447,0.6485545108874118,28,8,1.728288088604192,52.217950896793106,0,0,0,0,0,0,False
3528,335.1192987741178,128699.87521480233,0.643125315338434,24,10,2.9957276196621994,52.483307687566914,0,0,0,0,0,0,False
3529,333.9878611016722,124882.94893155988,0.5708157204707422,26,13,2.0044844793437075,46.02865793272579,0,0,0,0,0,0,False
3530,309.94234487463956,109295.06024606277,0.3302682333652434,18,12,3.9162925519258316,50.617958117586774,100.0,49.382041882313224,0.6642766970498247,0.004415859607620753,7795.261636659751,8759.02306738335,True
3531,292.1444071012256,111675.81023389378,0.4452066140028762,23,7,1.7846746790190167,44.38737987275173,0,0,0,0,0,0,False
3532,344.6610388040483,134984.89330983334,0.4277247921836232,18,11,2.9539478060867723,51.616934427420844,100.0,48.38306557247915,0.8762901751114066,0.007270122761772163,5942.531528688661,6356.63287384646,True
3533,303.91431936041744,124600.86627198088,0.4704392049341397,18,6,4.994763780256864,55.45157549843002,100.0,44.54842450146998,0.9968331721239235,0.04754445971926158,8100.030990546588,9075.225112235974,True
3534,314.487694764504,149750.2228700929,0.39347741829748367,25,10,2.105386229856089,49.306926965400784,0,0,0,0,0,0,False
3535,305.2388420005018,140693.26798571806,0.3866973009868868,25,7,2.5680029364709673,46.54688287705666,0,0,0,0,0,0,False
3536,292.622784440389,105378.17170282816,0.41474333006091046,24,7,3.0575309254600667,52.72039157437484,0,0,0,0,0,0,False
3537,301.2361844407795,106345.91286415776,0.5304307749417987,16,11,3.950171135112491,49.77344511815915,100.0,50.226554881740846,0.9994116816103599,0.057151970935690986,7536.907422778978,8507.238666936868,True
3538,349.2284830505266,116523.05672665607,0.6993905834397046,22,8,1.8365062316809704,54.47846505974579,0,0,0,0,0,0,False
3539,306.82066477475917,116982.9449148346,0.3606301609353275,15,9,3.5397468133575707,57.17204093899787,100.0,42.82795906090213,0.8294751488144287,0.009415808556219558,6089.3443631668,7090.314288491363,True
3540,290.54643479278565,131850.32583252474,0.6127989424900397,28,11,1.7110578710111946,52.90578419789488,0,0,0,0,0,0,False
3541,297.9761930491518,110408.73843667182,0.5982000672460763,16,9,4.132979966731886,55.25092780163132,100.0,44.74907219826868,0.999653202538767,0.27305342870841515,6962.5829447421265,7902.836303731108,True
3542,295.0244030491928,124853.71501827979,0.33037539601180416,26,11,3.7442107037813486,50.496836618862005,0,0,0,0,0,0,False
3543,322.87824418396235,122962.37619113307,0.4562334421271308,28,5,3.765860493046085,50.149076392763135,0,0,0,0,0,0,False
3544,343.0946322029405,128121.46969428363,0.44677602546760325,28,11,3.426428184690896,45.575595738879045,0,0,0,0,0,0,False
3545,333.2945387323873,145434.7571508953,0.4042586723238324,17,13,4.443614971970464,56.91027088728464,100.0,43.08972911261535,0.9044941430224012,0.02551011047562738,7248.423897078624,7845.76893487269,True
3546,313.70167407013935,133021.68679960186,0.5407106446965909,22,13,2.925212826726309,53.51528482288235,0,0,0,0,0,0,False
3547,338.91362810517,129019.61810972501,0.624074248197257,16,7,4.639975050304209,54.67999024502928,100.0,45.32000975487071,0.9989416677554958,0.3133757475991997,7749.095795456276,8112.727357110198,True
3548,334.80542042159595,111083.09335191506,0.4770458775696487,27,12,4.2421590176846955,58.17403595795059,0,0,0,0,0,0,False
3549,320.53843701237133,121120.67056085341,0.39536531819750076,20,12,1.6998699006814078,45.63482739540193,100.0,54.36517260449807,0.7231345449406287,0.004891742812128732,4674.515247555731,5447.178353083479,True
3550,297.87695414140757,124467.68739235893,0.41156965442205984,18,7,3.976434005233516,46.12073197321348,100.0,53.879268026686525,0.7637217837325401,0.00017845969422701022,8487.368249654637,9567.741947155213,True
3551,294.3589906387151,105674.39407092167,0.31872421203863494,23,8,2.3797408746959396,55.024968353470896,0,0,0,0,0,0,False
3552,302.7839711188748,133735.72184115084,0.5714798597830437,23,8,1.5765753852401636,44.79345373346995,0,0,0,0,0,0,False
3553,297.57385809807056,115952.2626625178,0.5968433766604009,22,11,2.02682293993318,58.28491470061726,0,0,0,0,0,0,False
3554,342.73855051675514,127015.72241930483,0.6715045630050028,27,9,1.6146626168616793,57.442523377290755,0,0,0,0,0,0,False
3555,319.8628169224653,148592.3297758086,0.36556235667475306,22,6,4.346209960250816,53.92991282183779,0,0,0,0,0,0,False
3556,325.21722363433327,106515.04553096315,0.5360555647057827,17,5,1.688803780891192,56.3820871934749,100.0,43.6179128064251,0.9670645494901959,0.20262243056675747,3579.6430708538314,4194.064828998195,True
3557,317.10895395048806,103699.68042669774,0.47111398011845107,21,6,3.852643874102098,42.35703609237467,0,0,0,0,0,0,False
3558,308.66717802383135,123523.82734743718,0.5911614001801428,20,6,1.9369538245358462,55.908202698258044,100.0,44.091797301641954,0.9882636407693064,0.2779862428841648,3934.927697890592,4737.477319453266,True
3559,337.11088217412674,144568.26086284785,0.5388934675328793,25,10,3.3980256247994953,40.64963496382351,0,0,0,0,0,0,False
3560,321.22764683336396,113525.08960868821,0.3265575165762454,26,7,3.0488687023081527,48.999416001874934,0,0,0,0,0,0,False
3561,330.83890010667204,144896.0901093277,0.4750879306881948,23,5,1.6511803157432998,50.979913773101245,0,0,0,0,0,0,False
3562,303.5055188155624,121217.15948795844,0.6933217109743014,29,8,3.5884763660626717,56.65648330107207,0,0,0,0,0,0,False
3563,324.33906142158054,120975.78280028164,0.4054870054913176,21,6,2.3975076562495703,57.981539341179385,0,0,0,0,0,0,False
3564,295.52692196121063,129420.45746342218,0.5740153267183665,26,7,3.5061990856629093,53.52391088107314,0,0,0,0,0,0,False
3565,329.28343128698816,109139.8712477104,0.568506741698982,20,7,3.438110435264874,43.82736426473898,0,0,0,0,0,0,False
3566,312.8851742280823,108670.09456785237,0.5246388150973511,29,11,3.67490772621883,43.23569450956677,0,0,0,0,0,0,False
3567,341.2349114698264,147704.10449063114,0.324920460754631,28,13,3.580133944261209,51.652621755147365,0,0,0,0,0,0,False
3568,292.42679396441844,126685.29858852984,0.3814168322347825,23,12,2.441414939903529,48.7401694550809,0,0,0,0,0,0,False
3569,308.16036965986484,108520.88700565894,0.5718602015341675,21,13,3.7632998365118286,55.04262340133194,0,0,0,0,0,0,False
3570,323.79394436101927,104019.52236599548,0.6801200605215915,28,5,3.240741884457975,51.6796835918168,0,0,0,0,0,0,False
3571,300.35863415169325,102725.69081003485,0.6549430996575776,29,8,4.824825754840895,52.04423624981516,0,0,0,0,0,0,False
3572,311.05544073141994,142411.94713561644,0.5926283087892661,24,5,3.525380205314038,48.397380071378606,0,0,0,0,0,0,False
3573,311.3672892797015,103841.30817076388,0.46767356211879685,28,8,4.112390799112371,41.51067695887082,0,0,0,0,0,0,False
3574,342.69229881292085,147397.20755324856,0.6120854825733122,17,6,4.495208841987102,49.41996336022841,100.0,50.58003663967159,0.9977604814504648,0.21735800421596596,8428.657957823909,8753.850329164783,True
3575,331.2221763662753,133596.5689502568,0.6394078666336049,19,12,2.4269238608894854,53.093367663612,100.0,46.906632336288,0.9997949075671543,0.3210153507950097,4872.390339610923,5337.07273835378,True
3576,304.314141763197,137166.97216288192,0.4608138069806965,22,12,1.38358174109116,40.48400000588667,0,0,0,0,0,0,False
3577,318.8006444482809,125240.68462911296,0.41826040925873426,16,8,4.445222760882521,42.75765976538774,100.0,57.24234023451227,0.7299905848665689,0.0009284851852156913,9916.792591651576,10699.46316149365,True
3578,323.7796827659874,145940.13511530685,0.37877392085994416,26,6,3.929817273692078,52.740343936227404,0,0,0,0,0,0,False
3579,349.9122798495841,133787.768181053,0.5479951795127114,17,6,4.8794297207160255,46.16656469488075,0,0,0,0,0,0,False
3580,290.5029321322336,118137.81981145102,0.6009160114872996,23,13,1.3531117157529022,59.64437851596619,0,0,0,0,0,0,False
3581,296.59043457459273,108191.77361765206,0.6972687863580721,20,10,2.0502146086439827,48.116089642888284,100.0,51.883910357011715,0.999294335505177,0.3715926377195849,4797.485694410943,5688.450243169456,True
3582,343.3861235464916,101200.69972799486,0.48386456783441073,19,5,3.656120388421475,59.18945064650946,100.0,40.81054935339054,0.9882173584510318,0.13610692131697266,5774.080693751974,6164.565563523587,True
3583,343.06786369707646,111657.98632180381,0.5098548511192585,18,9,1.2644215533947165,48.81232945656825,100.0,51.187670543331755,0.9466012648984932,0.05185034353198984,3552.613618365458,3943.8869385181906,True
3584,306.50402898382197,114053.45606175876,0.5372213399729522,25,13,3.7071817690048396,45.66133833656349,0,0,0,0,0,0,False
3585,309.5203584277616,118714.05797206855,0.4542299232060446,24,13,4.1241555590561925,50.43227133327942,0,0,0,0,0,0,False
3586,339.53879579666926,130874.01680315679,0.4895270557160252,20,9,2.077690719253931,55.93898471995562,100.0,44.06101527994438,0.9950078345583429,0.09138327136791709,4114.650439892248,4567.331872801462,True
3587,317.172408182965,114019.89530412703,0.3280663687857023,17,8,1.5667266913904725,47.52672492868399,100.0,52.47327507121602,0.6229501010537601,0.0024916913246009415,4347.531985532607,5206.035947580032,True
3588,334.9761360959386,129984.74252375364,0.37404841656095716,24,10,4.983673989647038,48.629747917310524,0,0,0,0,0,0,False
3589,317.56780420280325,118153.85571635143,0.6502389422561128,25,6,2.6123025290346495,57.8428511483594,0,0,0,0,0,0,False
3590,339.29448598008327,147959.26838866484,0.5758995710074315,19,9,2.4873559243299344,46.24965410031831,100.0,53.75034589958169,0.998564308432959,0.08468930489001851,5683.252758906567,6094.075881808456,True
3591,304.67533956514046,103934.96470615217,0.47726588252334856,22,7,1.5529654326325533,55.92594095580679,0,0,0,0,0,0,False
3592,347.864344426557,125275.22224413036,0.49015487767578914,21,10,1.3415289720330614,44.15747169823565,0,0,0,0,0,0,False
3593,341.1703231197562,127107.10754870776,0.39889384549806384,28,10,2.4744005606143187,50.60036355044456,0,0,0,0,0,0,False
3594,325.71439140912105,141074.67503069196,0.6405504756252991,15,7,2.343657529021675,53.211283832231786,100.0,46.788716167668206,0.9962166143263472,0.32781318498068424,4745.729761826313,5285.597695755872,True
3595,311.280124615045,114123.27903599633,0.450732459249194,24,10,2.725151740777278,51.74658647954301,0,0,0,0,0,0,False
3596,293.57093350826875,136490.09308096537,0.42076467553348657,21,7,4.251495289006696,43.42895948122444,0,0,0,0,0,0,False
3597,346.19253244938443,149214.69694146313,0.4884330065430056,24,12,2.5735950623679944,53.05096351197543,0,0,0,0,0,0,False
3598,323.820278625933,146698.25803870498,0.4814295816957751,19,5,4.0098936218463,49.367534175046146,100.0,50.63246582485385,0.9507259582892396,0.00014016084019103031,7768.236113776316,8464.81604888909,True
3599,349.3927837330139,122142.45674229146,0.5386721496600355,19,5,4.4031388305402,48.864995387967255,100.0,51.13500461193274,0.993831461843241,0.062362523429539,8385.48113113204,8670.3258570459,True
3600,318.7320713540167,101575.85178489062,0.650768587368183,27,12,4.103446215568628,43.14484008921451,0,0,0,0,0,0,False
3601,342.3229037656826,131883.55738241776,0.3341142863650447,21,12,1.8881422095863631,48.22068016629629,0,0,0,0,0,0,False
3602,295.07529269110876,107874.85338355355,0.3320294708031085,18,10,1.7574358031743502,41.971834705931364,100.0,58.028165293968634,0.5706075989407272,0.0021836884460930224,5197.05796216307,6354.718351236697,True
3603,318.41247909812313,142740.29955723058,0.43260088815509173,18,13,2.0986690505053534,56.539379077437545,100.0,43.460620922462454,0.9271249751844584,0.052462885880063245,4143.511673294816,4935.178990142863,True
3604,300.75112082672644,143510.19931804016,0.3094634414144382,23,5,4.885122327518181,43.05549446020605,0,0,0,0,0,0,False
3605,349.6434673944072,145229.9298256235,0.5460663096549732,20,9,4.302840923926985,58.87842785824308,100.0,41.12157214165692,0.9995749390952936,0.22932432914992187,6610.015323604877,6862.774482497379,True
3606,293.6878043729331,135038.8140506555,0.33275266064758713,21,10,1.2530457611494632,49.70664146781213,0,0,0,0,0,0,False
3607,298.5102046510545,106372.84068001794,0.5857288219887196,25,11,1.9830172171855782,54.7130609025614,0,0,0,0,0,0,False
3608,339.17034464952536,117585.85270914061,0.42664004055022375,20,10,4.14472748769605,43.63439979586964,100.0,56.36560020403036,0.7566910624779555,0.00029013957280293634,9189.212515061257,9673.54253123816,True
3609,299.9949570818065,125112.4075022187,0.40132992983567584,16,8,3.95834997410309,42.546799071136746,100.0,57.453200928763245,0.6977958195519379,0.0009966478833607862,9105.274464348387,10156.713163798431,True
3610,343.34657744497315,140302.41124518466,0.35710792894217114,24,7,3.361725510498891,42.398191729819814,0,0,0,0,0,0,False
3611,323.04881606114145,119010.13181352649,0.33934876383238816,27,7,3.381463726966193,57.179163172953004,0,0,0,0,0,0,False
3612,342.90388917957233,129318.34311296589,0.48703084116168605,25,7,1.3108214537154974,46.02195224912234,0,0,0,0,0,0,False
3613,332.26635805260935,108094.44757762624,0.6710762273956263,25,11,4.133762308244518,51.259518900721304,0,0,0,0,0,0,False
3614,300.6882412368782,118884.58698661269,0.43882657966959887,16,10,4.331368870226042,42.26811243192791,100.0,57.73188756797208,0.7572276003660097,0.003938843234948825,9752.604744593173,10773.56306389131,True
3615,321.8195647408391,128251.93218804346,0.3980023120794963,29,13,3.120643352741395,44.267441091881885,0,0,0,0,0,0,False
3616,316.7705476326311,133080.44577109476,0.5748949708789597,22,10,4.081420598578049,59.91504751211314,0,0,0,0,0,0,False
3617,306.085245088379,149183.58393144963,0.3207885883022874,16,13,2.2276635713321395,45.027311051371555,100.0,54.97268894852844,0.5523885583378633,0.03803434094195506,5774.641462761746,6783.969168845143,True
3618,301.83395013494794,104441.11759245537,0.507935647903093,26,9,3.424462524563559,40.93426299960489,0,0,0,0,0,0,False
3619,308.78522231523357,110377.53062196281,0.3269886620682564,26,7,2.5668672534282413,58.02035363155767,0,0,0,0,0,0,False
3620,310.63298404904873,125440.37019926679,0.3121958342159909,17,6,1.9470873125120636,48.254613572923084,100.0,51.745386426976914,0.6028429895424559,0.0005234047782822499,4934.603203662565,5896.346050328368,True
3621,298.1232247427159,142069.0888878107,0.5850722873410039,17,5,4.224399067103622,43.37724694494282,100.0,56.62275305495718,0.9951712091576516,0.049735227653680825,8975.641339078053,9951.059462684185,True
3622,341.076158829304,118673.07010500283,0.6839446721999873,29,11,3.29753933987159,50.60573643115325,0,0,0,0,0,0,False
3623,316.4730537883592,123135.72373310119,0.3450728134445138,27,5,3.6527902969314265,53.912338020918384,0,0,0,0,0,0,False
3624,326.00373113144974,149873.69327732068,0.38511057983045205,22,5,3.731247066936005,51.32311247308972,0,0,0,0,0,0,False
3625,335.5185388615912,141022.01107929045,0.3126128886961502,27,13,2.6519202672712154,43.93759451947299,0,0,0,0,0,0,False
3626,348.15854524508705,125887.01550592204,0.38025087718645406,27,11,4.910132747301656,51.63227906285435,0,0,0,0,0,0,False
3627,341.2412389221563,122367.13258469301,0.5865614536166082,20,10,2.9393083366047152,52.03913007073431,100.0,47.96086992916569,0.999546727947741,0.20594549262918652,5727.087880814515,6087.641848867443,True
3628,334.0452083054211,145488.49555408728,0.47671174752944634,27,11,4.5829873455734695,55.71378853159995,0,0,0,0,0,0,False
3629,311.90822505898467,142127.63119898108,0.6374441871854869,23,10,2.686908653655304,48.02735365132886,0,0,0,0,0,0,False
3630,331.9102267389255,125805.21388196238,0.40600436119189565,18,5,3.5166031429877416,40.50419879451713,100.0,59.49580120538286,0.6823803857972286,4.1991276249687315e-05,8607.253435000448,9203.318267891433,True
3631,348.90379558213107,135589.74396249643,0.6907902876545857,29,5,4.939607434100886,51.37754611008111,0,0,0,0,0,0,False
3632,290.83424717680595,127195.83069417436,0.47716685712786366,15,5,4.530305847286152,43.401845451017294,100.0,56.598154548882704,0.8427550176168546,0.0004279595959818696,9780.831862472027,10914.998741503363,True
3633,340.4564153981243,134949.75132435982,0.6418921406596252,15,12,3.5918299836903547,43.42780500664992,100.0,56.57219499325008,0.9996606461014488,0.17582030111186822,7874.1724567702895,8221.908337082774,True
3634,322.5410605184114,135314.28977871954,0.6547210769434769,22,6,4.233586567344551,49.31286354763647,0,0,0,0,0,0,False
3635,325.1250938027325,109981.62211117924,0.3800890278698264,25,13,3.900936486766194,42.395535831092914,0,0,0,0,0,0,False
3636,313.96369202819653,137493.72243201104,0.6215361704721091,28,10,4.1596812856462195,58.251110287310894,0,0,0,0,0,0,False
3637,318.14183352117124,144323.4013683057,0.6881596874831287,29,7,2.359768316682694,53.07009996297342,0,0,0,0,0,0,False
3638,290.6513791970803,132407.9504322567,0.3337064386985549,27,9,3.287457083656121,54.284407278562625,0,0,0,0,0,0,False
3639,335.62091887633795,118864.93361793339,0.49326291487928764,23,11,2.2979797636698116,56.04828103364444,0,0,0,0,0,0,False
3640,324.4949572334407,127955.14958917716,0.6606022105882075,25,8,4.477560693571411,57.10810326551673,0,0,0,0,0,0,False
3641,349.736609179791,106136.16468141848,0.46654894094488475,16,10,4.021483870750157,57.03969194902473,100.0,42.96030805087527,0.9992263261999902,0.06533516307434213,6539.680234105027,6857.136077390323,True
3642,314.2103394695005,104594.14612553315,0.48165333327317317,24,12,2.034090153617877,46.14105416425383,0,0,0,0,0,0,False
3643,313.6422325981471,119532.69832414786,0.3799682371583622,21,9,4.399127931738374,41.00381776332266,0,0,0,0,0,0,False
3644,314.1152143339598,139945.4520101009,0.6136082812535331,22,12,1.8146895397376839,40.808909476091706,0,0,0,0,0,0,False
3645,342.37526908544373,108390.61657242468,0.42142333857735526,28,9,4.518872460821763,42.66464188206671,0,0,0,0,0,0,False
3646,326.1738944237269,118207.76732174362,0.617053087434959,20,9,3.943621517500447,57.22887584170219,100.0,42.77112415819781,0.9996373203349505,0.33112144996915377,6409.352216045581,6954.665517908155,True
3647,292.9364995636176,139953.1782069081,0.5902087740544908,22,6,3.6219738327813316,47.655816287723674,0,0,0,0,0,0,False
3648,329.8429669678342,133649.6656133664,0.5538604484723046,28,8,3.0719488063327605,59.41083991725312,0,0,0,0,0,0,False
3649,298.78828250196887,128434.00437926709,0.6137494328838995,15,5,4.092847562659109,52.38219613575987,100.0,47.61780386414013,0.9949537031170453,0.26721743577063717,7358.487598543066,8279.230863700144,True
3650,294.11664560142214,132032.81343642404,0.30736384840453485,24,9,3.1259751384029935,57.69740320325919,0,0,0,0,0,0,False
3651,301.45989398587557,145021.8191192817,0.526534558220832,28,6,3.0228350723454427,41.5443868239019,0,0,0,0,0,0,False
3652,332.8706822905519,116933.56364286918,0.6635943923909936,28,6,3.995435496289468,46.858570002669275,0,0,0,0,0,0,False
3653,328.91536974513065,117035.8833067016,0.4495023398564066,22,12,2.229730526532303,52.60480180545157,0,0,0,0,0,0,False
3654,339.3412755998313,145364.70289463972,0.5784149141404678,26,7,3.509531155839535,48.083766049919674,0,0,0,0,0,0,False
3655,293.45569113269636,117851.31608490889,0.6927698876640066,26,13,3.946335019591115,41.437383228122606,0,0,0,0,0,0,False
3656,340.07654169972585,142272.18603871306,0.66192882840655,26,7,3.6534479155754775,47.01076965407305,0,0,0,0,0,0,False
3657,333.42758024485295,112382.39391570206,0.416423244235406,17,11,2.3982635202093547,45.38679191814538,100.0,54.61320808175462,0.7540598712723261,0.010152796552670852,5883.429289104343,6457.793785757582,True
3658,339.6631845016345,144207.39503228368,0.3115180267022865,21,10,2.6474804433819,55.81319205337938,0,0,0,0,0,0,False
3659,323.13047007804187,139412.2544925938,0.48396032892529284,17,12,4.858612712577,40.14996857215253,100.0,59.85003142774747,0.8036906012092695,0.0073440772154338444,11028.973180581168,11713.918712821534,True
3660,339.0814485078218,120248.3686979515,0.5396173826122912,16,13,1.3652992738142622,54.11397059373414,100.0,45.88602940616586,0.9245144850858961,0.21324177461949334,3341.0599266598615,3750.164610542416,True
3661,321.04727454452274,114203.38708069571,0.4145661811068314,27,10,2.912900672483964,41.30691625554889,0,0,0,0,0,0,False
3662,295.2115124873563,134161.21102873725,0.41845104499555824,28,7,3.2992436142216395,55.06711310354479,0,0,0,0,0,0,False
3663,349.26794521688856,113216.0780914492,0.3919981663975922,20,10,4.509246900650295,55.75445715041474,100.0,44.24554284948527,0.8851602805425501,0.0006373213554228729,7559.729722437213,7926.691725619951,True
3664,307.2550303511565,115681.57298518112,0.5961517396190266,18,12,2.7873118909246832,48.16371041279609,100.0,51.836289587103906,0.9998189427613409,0.16169628340431697,5950.673676352205,6784.267417942392,True
3665,322.10610549646174,132668.03417320744,0.3473499230051101,17,10,4.664349161104411,57.360889733649074,100.0,42.63911026625092,0.8103917559745517,0.003149073672805601,7588.503115024287,8381.087835481567,True
3666,320.11943983253906,118542.98475770181,0.3194718700290635,24,8,2.336126745224769,51.42366549654534,0,0,0,0,0,0,False
3667,338.75943587485784,149656.41786577596,0.32713494506619706,27,12,4.077039694469727,49.38752492075618,0,0,0,0,0,0,False
3668,306.24400774945394,139003.26307949086,0.45195534957422284,24,10,4.452143789440406,55.651265841473744,0,0,0,0,0,0,False
3669,340.04531811005063,100548.916175391,0.3855717192791003,25,11,2.4654811306418,57.675838218023,0,0,0,0,0,0,False
3670,308.2268285509287,133916.7279433574,0.5242189359780163,19,9,3.33492179288198,50.240586369021365,100.0,49.759413630878626,0.9992399753343837,0.05373601866688742,6539.014290147768,7420.3447301480255,True
3671,290.68195402970895,134094.4339246226,0.3712111424625972,27,9,4.543699751631286,47.5501178382393,0,0,0,0,0,0,False
3672,297.16334631387343,126266.09196650775,0.3294599828452578,19,12,4.296220331420851,50.94221679709703,100.0,49.057783202802966,0.6694709396683475,0.002027065981768556,8336.766596293875,9478.80013150352,True
3673,336.45452258074283,100470.40103646395,0.33841770727819176,24,7,3.3664827103216943,50.28942775318134,0,0,0,0,0,0,False
3674,343.2123081427259,122834.83898852229,0.664889948059381,26,12,4.865244367873058,57.83632864759442,0,0,0,0,0,0,False
3675,294.8598050507953,139176.43742835522,0.31162647099904495,22,13,2.9670291714761543,47.90832216241232,0,0,0,0,0,0,False
3676,329.5003791828063,108702.0804397358,0.6487800563262263,25,6,4.154861788110057,44.45406811937426,0,0,0,0,0,0,False
3677,320.4000004658216,113039.9414090874,0.6724128730958268,18,6,2.114059417010858,52.52835892605434,100.0,47.47164107384566,0.9933870108248398,0.38233800875480245,4487.10390803415,5078.770670913844,True
3678,341.6490775518403,147979.20029907237,0.37118184647288055,27,9,3.84554801937142,50.31771469530901,0,0,0,0,0,0,False
3679,318.95963165385746,122581.95855439284,0.6665825328315701,18,9,2.137556884385262,49.482238429942804,100.0,50.5177615699572,0.9986633026613442,0.3275524100152585,4805.579475184729,5424.7018231077745,True
3680,302.1406214719523,113759.73797178439,0.6675838177229703,29,8,3.4779407634463073,52.48421067087499,0,0,0,0,0,0,False
3681,315.4404276930063,132592.41186640348,0.47733433085081095,22,10,4.510765368028761,53.76617056455032,0,0,0,0,0,0,False
3682,336.629531576648,146807.0553161003,0.5966262860957647,25,10,1.8228672705267104,50.385561181161115,0,0,0,0,0,0,False
3683,290.3410674405812,121021.92395590758,0.6203595422272596,17,8,2.631622561102281,44.30686533019178,100.0,55.693134669708215,0.9984731602846626,0.14507652833904422,6132.3987237667525,7171.5053040727635,True
3684,301.9095297931966,119420.83446176889,0.36642131939122946,22,9,3.191574158849809,44.62195222849088,0,0,0,0,0,0,False
3685,315.271076473352,127795.65202058383,0.4430869929304594,21,7,1.4944534357283576,41.01220064550797,0,0,0,0,0,0,False
3686,311.92412662825376,147734.55635943078,0.4931672103601903,22,9,4.798644735039333,42.36831432471812,0,0,0,0,0,0,False
3687,320.6574034312885,121132.82377476551,0.5989605111701024,23,11,4.172103885310282,47.057528019146396,0,0,0,0,0,0,False
3688,333.39494739360794,136826.71526227,0.32282257936622655,16,10,4.648410527941397,51.16029225602598,100.0,48.839707743874015,0.657268793569079,0.0035467879914355847,8865.937878005223,9493.555683468876,True
3689,342.6733941446776,121353.8420455117,0.4523956870246921,24,11,2.292926942511912,57.393145363611026,0,0,0,0,0,0,False
3690,347.2184496721495,141415.87898721301,0.53845580220936,23,12,1.4029282112398584,54.17735854197018,0,0,0,0,0,0,False
3691,333.87784936033506,104616.40615254748,0.583601146948777,20,11,1.2600091667565894,48.92734312492909,100.0,51.07265687497091,0.987187048437036,0.16231211875082505,3508.1641707932254,3981.057574710745,True
3692,349.32228816147597,118095.62547031479,0.3292883913804106,20,5,4.986658018596161,54.79886102862075,100.0,45.20113897127925,0.7284757155581533,1.78710218557133e-05,8611.297171509168,8999.175958000847,True
3693,315.21631891583496,105954.79807928565,0.42413023853753096,20,12,2.991456684411201,55.3901252983054,100.0,44.6098747015946,0.9439261443711734,0.0054916058106010725,5460.345520811524,6313.479957827812,True
3694,298.7992500021223,137708.46373335648,0.3171404428199137,24,13,4.242476292220392,48.746424744049904,0,0,0,0,0,0,False
3695,303.18310230708755,108792.0169545009,0.3515705569398473,21,5,1.6236838707001888,48.76868965521681,0,0,0,0,0,0,False
3696,344.7093757830275,101021.10002615541,0.6210450776907461,19,5,1.2899000994591932,57.16395782593077,100.0,42.836042173969226,0.9638522766338643,0.3641613833195254,2995.912122751518,3270.3057128437085,True
3697,342.55360941897635,144735.56000204157,0.43199103694758056,22,5,2.296891168847521,45.52293782645407,0,0,0,0,0,0,False
3698,300.2316197385521,102049.85039553429,0.3449748772623933,19,8,4.762849529448494,40.459715923461694,100.0,59.540284076438304,0.5793546618897121,6.316767374980032e-05,11133.456259148792,12211.759812145976,True
3699,337.50057472931604,142899.38661344728,0.5598175544360577,28,7,1.3506567213925118,48.95601059091014,0,0,0,0,0,0,False
3700,298.45871579865616,102353.07369097539,0.5543388151891594,17,10,3.805129982764618,55.40985272324089,100.0,44.59014727665911,0.9997389703876322,0.19591087223086628,6494.605028375565,7464.945311981489,True
3701,343.9874730337448,107144.49022614278,0.3087789157056221,18,8,3.695416213275762,53.11624550991643,100.0,46.883754489983566,0.6580741831083751,0.0004694391812668037,7074.176057675937,7550.929951296721,True
3702,302.5133762870355,145204.89290718472,0.4347718162090873,16,8,4.676658663702101,56.0811838559198,0,0,0,0,0,0,False
3703,345.24328669104233,101152.4203350303,0.3271047753879047,23,10,1.704314436179763,54.94735409189705,0,0,0,0,0,0,False
3704,337.9924713156868,140181.78977781435,0.4176287316245184,27,10,2.2765964523107702,42.17891212778084,0,0,0,0,0,0,False
3705,316.0181249386473,132552.71176363472,0.4451275076408311,27,10,1.7127215430149376,49.80757413245672,0,0,0,0,0,0,False
3706,341.5625964182968,146346.58999404986,0.3665092125944898,29,5,2.576971573013114,53.108061033904015,0,0,0,0,0,0,False
3707,339.63669234677377,108867.07128543552,0.3724139456913594,23,13,2.6746649090110566,51.5874612098244,0,0,0,0,0,0,False
3708,311.6760664850075,125604.23216656363,0.6422143710050061,21,5,2.6001308735609543,47.74936164674963,0,0,0,0,0,0,False
3709,341.6808561467309,110335.48349018558,0.3272012222255428,20,7,4.965399276068165,46.96809687381782,100.0,53.031903126082184,0.6169692713024795,2.3035535717971417e-05,10219.314176253129,10714.952398549867,True
3710,344.4770440670729,114395.80543771366,0.5887596772246638,18,11,2.735362021205198,51.85562237432547,100.0,48.14437762557453,0.9996616020460249,0.20726636491082076,5451.226913489998,5763.32509174451,True
3711,293.272142850004,109380.45420494024,0.4448083269281442,19,8,3.540902393561362,52.50969455084894,100.0,47.49030544905106,0.9360295628819149,0.0005516912086345205,6623.475012506175,7760.788987398502,True
3712,327.2146398025649,127242.65329711097,0.5261191222412529,17,6,1.245053105680609,41.12728699913534,100.0,58.872713000764655,0.8910787716895835,0.0037023897716879912,4094.6004134436444,4706.703161560052,True
3713,300.91507844399354,142597.30328088088,0.41269015741162196,28,7,4.177428598682008,47.62385162230803,0,0,0,0,0,0,False
3714,312.0893692658625,125909.23049538376,0.5030963242701504,22,11,4.38894987460123,48.978016583898636,0,0,0,0,0,0,False
3715,326.8895863830353,111803.92622353835,0.5091323350115574,23,8,4.699478273584024,50.761980932874266,0,0,0,0,0,0,False
3716,323.90096793800035,111260.33611775801,0.4048174111674083,16,11,4.4201970212860875,40.070023063643596,100.0,59.9299769362564,0.6713173788808711,0.006232277587153541,10420.186259388844,11131.545172922155,True
3717,327.4664060960463,116695.32118145787,0.34921409753936783,26,7,3.5421963469007043,52.02966782934499,0,0,0,0,0,0,False
3718,334.17590701473205,138705.09634082383,0.46108059841920207,28,12,2.381679288168659,52.79234014760222,0,0,0,0,0,0,False
3719,317.06130718949987,137265.22700835828,0.6912575447276177,15,13,2.332497428487323,40.22228271178258,100.0,59.77771728811743,0.9973731996942494,0.23632078933680484,6041.442563082817,6680.937257546841,True
3720,313.4065792370369,146998.2710683037,0.6367642751829456,23,12,4.574407025960675,52.34022396805524,0,0,0,0,0,0,False
3721,346.2068479000042,102514.24874129021,0.37570609161958785,19,12,2.1096598113131204,46.96082308580068,100.0,53.03917691409931,0.7025903414834207,0.006512023465468958,5268.160625544633,5671.3341117120135,True
3722,335.21291811776354,112728.4232644258,0.47613545455645573,15,10,3.7330021073682964,59.43167785986538,100.0,40.56832214003461,0.9991534010478057,0.11911053125230561,5820.86696203835,6339.9190435155415,True
3723,310.8176401421252,129031.38796081032,0.5681380136661951,22,5,2.52202248584105,48.18401050812199,0,0,0,0,0,0,False
3724,312.51296043138035,117138.12581191942,0.631071406900003,16,7,3.713439236619105,53.33443203470419,100.0,46.665567965195805,0.9985515279228915,0.30954056970679683,6668.9133757061945,7395.294025603453,True
3725,313.3808332209692,137276.25378546174,0.313455139591184,19,13,2.8346128435665094,48.70567999772756,100.0,51.29432000217244,0.6056871402725349,0.005691789620924945,6362.534078383598,7283.823353375639,True
3726,344.4398910929583,134682.78209628488,0.697656955179686,29,10,3.3932290659409565,44.58765346636525,0,0,0,0,0,0,False
3727,336.0392293846205,126501.57482954906,0.49007078754631006,16,11,2.4233998886736634,46.99385544091515,100.0,53.00614455898485,0.8988263928279052,0.029040280071980135,5613.436086127513,6117.720524438619,True
3728,300.6042519024969,144782.07895018253,0.31080716316797224,27,13,3.6657132262432226,43.30266291452978,0,0,0,0,0,0,False
3729,303.9068239786254,104766.98473629358,0.33711296771657956,15,7,2.066599753357795,54.42014106353297,100.0,45.579858936367025,0.7330084396200013,0.00552984701552807,4445.036561312272,5494.753179413954,True
3730,349.14169103401537,118447.76472591654,0.42646188649575223,16,9,1.7148519633711135,44.04815616774767,100.0,55.95184383215233,0.754529607530076,0.009737465186199253,4815.100480053178,5147.318859263216,True
3731,310.5777172666987,112509.65491639618,0.3690642436594492,23,7,4.964949958464867,43.59058741135563,0,0,0,0,0,0,False
3732,317.72378041852744,130935.34805455072,0.3153022124557582,29,8,1.3561157179329015,56.48768182400619,0,0,0,0,0,0,False
3733,297.6569477200072,117229.90362067173,0.5487599709664248,29,10,4.2458297875259206,44.80605459670863,0,0,0,0,0,0,False
3734,323.105324225121,146131.24226126497,0.40078857815977253,26,6,3.4852509883136804,57.06008510987952,0,0,0,0,0,0,False
3735,299.6921397757195,102444.53008471496,0.3241815744505006,24,7,2.820158456127551,55.367957730183306,0,0,0,0,0,0,False
3736,311.9944485614352,139266.88324413696,0.5277772041001589,26,6,2.723269724669904,53.866319437987514,0,0,0,0,0,0,False
3737,300.72179892100235,129265.09721260233,0.42989598558398673,16,9,3.5906985951575656,56.229148676859324,100.0,43.770851323040674,0.9713491820034023,0.008421230217132203,6127.645310933336,7178.242247537057,True
3738,344.72698073328735,122353.54584116525,0.6903362054650309,24,7,4.336817618460072,58.49517446359454,0,0,0,0,0,0,False
3739,335.86206052626636,144752.25125599824,0.6002919370521198,19,6,2.7891881553457782,58.98448912328347,100.0,41.015510876616524,0.9939025592939892,0.3265901284068732,4716.839905120618,5133.690385591584,True
3740,325.15185370929646,103612.46555688283,0.3063634885358979,28,7,3.4482499178359545,52.369990774140724,0,0,0,0,0,0,False
3741,333.02886916543184,131428.3920310244,0.34442124993421636,21,13,2.553577582454175,44.69422518684802,0,0,0,0,0,0,False
3742,325.4257127523985,126392.35088552366,0.6898642110764212,24,5,1.8869538030721318,53.550727127569495,0,0,0,0,0,0,False
3743,291.90693703127795,128400.5869757135,0.3069541707037444,19,6,4.741564370366964,56.42251037939111,100.0,43.577489620508885,0.7043169860391653,5.466908643820154e-05,7989.805375262204,9224.40787913182,True
3744,346.4372875190931,135734.2780362503,0.6637500579168418,26,7,2.1127543628177445,51.520408266516874,0,0,0,0,0,0,False
3745,290.08470964065225,123114.71158801994,0.5330548080579526,20,7,2.2359971777955208,54.0963028600777,100.0,45.9036971398223,0.9936595972870786,0.14221436865508877,4508.534748790982,5607.962658967,True
3746,311.2210654510671,106498.41679795993,0.3686291800412231,15,6,4.005548076306254,47.22299267123748,100.0,52.77700732866251,0.6978959476767578,0.0006372972142389713,8443.682520441977,9365.244788937516,True
3747,297.0006810698698,115419.4083505565,0.5295371071338606,22,9,1.8592290829440241,51.2515063207183,0,0,0,0,0,0,False
3748,314.6591734593654,128889.22518557274,0.44061063777576026,25,5,1.2018072851597355,59.70068294661185,0,0,0,0,0,0,False
3749,348.50010653046974,136266.81706718105,0.4972785416243273,19,5,4.187855381603591,55.06885186086672,100.0,44.931148139033276,0.9915111316105935,0.09401869467482141,7078.080472164911,7392.199145918859,True
3750,337.52522596892044,124815.23852721346,0.4815420264767705,24,5,2.4989555133432217,48.6997496665866,0,0,0,0,0,0,False
3751,339.30765718953114,138032.27980844953,0.3907383837849402,18,5,2.887998083994103,46.35459964375019,100.0,53.6454003561498,0.7282772890688866,0.00011123367352865094,6637.520493936037,7139.382701988449,True
3752,291.1362995308608,112186.11164189888,0.48441510741310234,28,9,1.6341351911955997,46.57234576183601,0,0,0,0,0,0,False
3753,340.44364380562405,135193.2795902146,0.5405343234317646,26,12,4.291488664716037,54.394462329336804,0,0,0,0,0,0,False
3754,302.2780669191348,148202.5622878794,0.5042153465673742,18,6,3.752672659239857,45.05453656680976,100.0,54.94546343309024,0.9175145833423795,0.00020018932252153154,8049.614086925618,9023.278902742495,True
3755,295.11944211166866,138433.16166338278,0.6688286620541448,20,13,4.450180717650212,47.045234842533844,100.0,52.95476515736615,0.9999888458036965,0.2960702131934093,8747.844678750445,9680.188634063074,True
3756,310.4052783359267,111555.33954339269,0.6040574448528517,20,10,1.8344203660508172,41.57540032443349,100.0,58.42459967546652,0.9979968439172361,0.05045117095402511,5021.49299969491,5823.35310070485,True
3757,333.848220147713,126609.65875856255,0.5936609001146737,17,12,2.4509828990831926,45.37665806895387,100.0,54.623341930946125,0.9993178387966175,0.10532063340393605,5714.3850515310605,6191.066400858497,True
3758,331.5845169911182,119415.95600676286,0.6361486118438233,20,12,2.9212004973410415,47.884156014633,100.0,52.11584398526699,0.9999002840950024,0.240250663203931,6194.158137038583,6663.821199283534,True
3759,304.10046091305435,127777.76196720754,0.4309489189797207,26,12,4.042736353327149,51.67307461818358,0,0,0,0,0,0,False
3760,299.2130677546264,121204.70210574017,0.478114760063584,29,6,2.5727093899637783,40.24328061886828,0,0,0,0,0,0,False
3761,306.40355354679974,147340.75776418124,0.3715553141809511,20,12,3.966572048279759,52.17687663881556,100.0,47.82312336108444,0.7751440486184338,0.0016423550435341262,7505.092218293993,8499.696451236085,True
3762,330.6467554291079,141686.41770842936,0.5487081970021941,28,13,1.5086594514849194,43.405704582851726,0,0,0,0,0,0,False
3763,299.02860236339416,133444.1105565042,0.5823780713354677,20,5,1.391087716493915,49.44572063093878,100.0,50.55427936896122,0.9683018786953981,0.18779147637010132,3688.5703985299756,4632.383893324171,True
3764,328.04337955468884,143238.16844672515,0.3620951955732754,28,11,3.980451892575208,49.60157239178875,0,0,0,0,0,0,False
3765,313.83703970288906,106449.0629118631,0.3784849049196465,16,12,3.751926033472846,55.73200012786559,100.0,44.26799987203441,0.8222905624590335,0.025966609114999737,6596.255667756776,7483.0318454560975,True
3766,310.13586529082147,134293.1890140283,0.6349372020518358,24,11,2.2629795556319188,48.48535882814132,0,0,0,0,0,0,False
3767,298.26416275540447,112680.54802122516,0.6646781764055728,26,9,4.030073756706705,43.27800658359654,0,0,0,0,0,0,False
3768,302.6838859403536,127455.20003701646,0.447872689051109,25,9,2.2928714176511957,47.24231137316035,0,0,0,0,0,0,False
3769,330.2531336588323,138523.07561035073,0.6828056448392563,29,6,1.841469706384797,49.58779056032591,0,0,0,0,0,0,False
3770,332.97587493288944,135328.51813244115,0.5476635470558083,29,8,3.834841938941315,51.02796037499864,0,0,0,0,0,0,False
3771,334.4988607860396,129956.81494942639,0.6477368146292053,28,11,3.70405566283266,52.40365948887928,0,0,0,0,0,0,False
3772,342.49086128886637,134676.0137280455,0.4222556269724871,26,6,2.9576649230474024,48.46604529570062,0,0,0,0,0,0,False
3773,325.86564850517084,126437.82173333313,0.3261261015160767,20,9,4.685727070987023,57.104709614678775,100.0,42.89529038522122,0.759971762874403,0.00023537975448449986,7724.657842351352,8472.477364124225,True
3774,312.34880006673853,102360.02854220282,0.5895602393637362,20,5,2.0982622146445875,48.225926411254726,100.0,51.77407358864527,0.9844115244292656,0.16566284240504575,4878.299489759457,5645.848192686582,True
3775,313.62748327124416,116557.2497072884,0.5706245478463909,28,10,1.7599438970623136,56.35270441920811,0,0,0,0,0,0,False
3776,312.5682803962785,130034.26398635565,0.375373527412407,21,12,3.9311494836098877,58.0804436504999,0,0,0,0,0,0,False
3777,319.7176458255125,132394.78681034222,0.441862198115766,22,13,2.0928161862124575,57.976005533948104,0,0,0,0,0,0,False
3778,316.3391911721652,138504.72927022912,0.5249764466882247,28,12,4.200522490655353,51.164390819928016,0,0,0,0,0,0,False
3779,328.3358808046602,115982.38780866639,0.4501719720447853,26,7,3.208162063438375,54.934632076490736,0,0,0,0,0,0,False
3780,317.3013016040637,100724.607346212,0.3884954130615238,21,10,2.8863265929622175,51.28867260117606,0,0,0,0,0,0,False
3781,303.35497189094673,143286.39425952255,0.5087821309032945,24,10,1.3162358197874282,57.357081860629386,0,0,0,0,0,0,False
3782,298.8558258393338,127641.17243959871,0.5821608930896944,27,7,2.765913934746677,43.14093026350382,0,0,0,0,0,0,False
3783,346.5754171896132,123440.11399339876,0.5200081232615299,17,6,3.0988187402304566,50.08782944002959,100.0,49.91217055987041,0.9931492897557049,0.048521139357722565,6210.012483476205,6549.17652470955,True
3784,305.16580674938643,147625.1989717292,0.34458443547501066,24,5,1.9783362162166245,57.97276952749925,0,0,0,0,0,0,False
3785,320.3856042828901,109865.86256947875,0.5527843600186311,17,7,3.3502487381106834,44.76399907897868,0,0,0,0,0,0,False
3786,338.1822844443001,132864.39492134636,0.3580290645446246,23,8,3.108161551858722,47.09624642176047,0,0,0,0,0,0,False
3787,338.3243491090148,131777.3225968403,0.37802253621270626,18,5,2.7952542784379126,51.37318815460473,100.0,48.626811845295265,0.7771622024428525,0.00022365372306934876,5829.620810500603,6359.9974309629515,True
3788,325.9197353033662,149517.54563192814,0.5871843561743777,29,13,3.1222787804770027,55.32524935975295,0,0,0,0,0,0,False
3789,297.22119154925974,105007.53593057334,0.3158998501698609,29,13,1.919539598610466,54.502253038308794,0,0,0,0,0,0,False
3790,306.4610143221473,140326.98674793483,0.4697098882703125,20,13,2.130210558609491,53.130867342669184,100.0,46.869132657230814,0.9778415197507893,0.021464912163406614,4467.874576450812,5412.058972224515,True
3791,348.98598852527573,122430.2173121657,0.36892395572829023,25,13,4.9121769129918125,58.63416335522968,0,0,0,0,0,0,False
3792,341.6385638498726,147410.93086310793,0.5478870277269144,24,13,3.292293585873643,47.79350995512109,0,0,0,0,0,0,False
3793,322.3860898527954,123739.15852634603,0.5460950482055099,27,6,3.0635799133200914,51.12162291290775,0,0,0,0,0,0,False
3794,296.9513812681002,130829.57920222853,0.3036035889008048,26,10,4.495843331681201,52.655813905781166,0,0,0,0,0,0,False
3795,326.24240689126503,138519.28441380133,0.3882741557394268,29,13,1.5412796019718107,51.88005902533225,0,0,0,0,0,0,False
3796,297.408932887729,109774.15712532289,0.6118905511905514,25,9,1.8203472649792194,51.02838153446164,0,0,0,0,0,0,False
3797,321.45494357390044,143540.6541045307,0.6518709176554676,19,12,3.794746064065375,47.509830283107405,100.0,52.490169716792586,0.9999592151804583,0.267293452666709,7628.365596063364,8227.070351081344,True
3798,316.54462385477507,129475.04070845328,0.6335556380942553,29,6,1.6020447109585998,44.67279884265904,0,0,0,0,0,0,False
3799,321.1400602626427,136853.84620100362,0.6791790135534176,22,12,1.73017625768082,55.76957889275933,0,0,0,0,0,0,False
3800,293.3317268161387,144936.67381949653,0.5861443279804077,25,12,3.6223939571329398,55.96414627543865,0,0,0,0,0,0,False
3801,311.1996380970189,132839.1799974783,0.4810220910162424,22,11,3.155393209421813,45.25916172931157,0,0,0,0,0,0,False
3802,337.5581751807955,119207.68729312814,0.48543407158639706,24,13,3.1050572274313932,55.52595498239807,0,0,0,0,0,0,False
3803,303.49450614394675,133371.3729489122,0.439156113243369,22,7,2.8193187644617983,56.880701268165396,0,0,0,0,0,0,False
3804,326.10673012886343,140931.2643899969,0.4017022235638962,24,6,2.774618480224757,44.183970058541526,0,0,0,0,0,0,False
3805,319.39169437302394,103914.599083158,0.5281732565316083,22,6,4.503142929320587,40.12132477455853,0,0,0,0,0,0,False
3806,310.6242551168016,120691.26688521286,0.46216017615453325,17,12,1.4041706338363027,56.60212829049165,100.0,43.39787170940835,0.9223147281415583,0.10935103732494104,3213.193662670225,4084.5579448897956,True
3807,312.5005163634444,147809.22251663273,0.5588523789194216,17,10,3.129190224654156,49.6744915542619,100.0,50.3255084456381,0.9995031689338221,0.11241563223329355,6299.179861962264,7091.617768458285,True
3808,349.4959019104664,120047.57442505211,0.5838838641436059,25,7,3.1068494632449735,40.83316351422552,0,0,0,0,0,0,False
3809,303.7073979067908,122137.24648409557,0.6559346103112513,26,11,3.6806149600745135,58.79212847955522,0,0,0,0,0,0,False
3810,338.52919731340035,110914.7279566564,0.3446799745018412,18,8,3.9271057781371503,49.05180881379252,100.0,50.94819118610748,0.6761999165197037,0.00034367513262324305,8047.324538631402,8585.497087225507,True
3811,337.9690242579982,141038.92295225326,0.5454588274737874,28,7,1.652865352874052,54.44094110296011,0,0,0,0,0,0,False
3812,340.13755719969663,121010.70610102531,0.5199786657966738,20,10,1.2427588936693417,40.378837581682546,100.0,59.62116241821745,0.8689121915346709,0.00476834752949182,4159.179583444401,4585.31421375627,True
3813,304.4395783598443,126676.0077173764,0.30555999865533,26,13,2.9459320415640438,47.16066639677709,0,0,0,0,0,0,False
3814,316.61007496220805,119679.07035613616,0.32633960025665343,16,5,1.891367665574312,44.489973833820464,100.0,55.510026166079534,0.587552585989566,0.0004251419527781496,5202.900372185198,6067.116772059475,True
3815,324.6246424572573,112352.94685708129,0.30197621732741436,26,7,4.23847010497653,44.30998515512778,0,0,0,0,0,0,False
3816,298.5778436094657,147464.27500030553,0.3823865339360939,28,7,2.0374758279272944,58.11024690551433,0,0,0,0,0,0,False
3817,336.1055352695148,104230.00136989827,0.3780951010514022,29,7,3.9729474248149854,58.303758839956274,0,0,0,0,0,0,False
3818,321.6879119468237,129229.3794677438,0.545841474828895,22,7,1.702097508367498,57.60005812333408,0,0,0,0,0,0,False
3819,293.5930380814101,121543.77640982624,0.34912399720612225,29,5,3.0239388575954353,48.96726939627552,0,0,0,0,0,0,False
3820,293.83177310572006,135124.51305729136,0.43901493945274117,27,11,1.2696155370221374,52.883179639567395,0,0,0,0,0,0,False
3821,335.2851010083319,116104.71961912219,0.5435847098982804,17,13,2.621143144342314,45.09431043179577,100.0,54.90568956810422,0.9486134619371228,0.050420019413135626,6091.3391920087015,6577.825886221273,True
3822,322.8485201649722,116440.26626019095,0.5264120080832767,21,11,2.6370678747152416,57.02505559164782,0,0,0,0,0,0,False
3823,338.83413408765887,122473.331150068,0.3440972332197806,16,6,2.619533609584657,54.62815231232979,100.0,45.37184768757021,0.7565079952759699,0.0015671332525300217,5204.188844260453,5746.25521800744,True
3824,301.0180304160557,108170.6353677049,0.5602151520779381,24,12,4.917935009520837,50.36335230151842,0,0,0,0,0,0,False
3825,300.5312352778554,108204.55168982802,0.3637260451297417,25,12,4.923597248163472,40.48908756472863,0,0,0,0,0,0,False
3826,292.10033349113604,137835.53596891632,0.5140870661503572,28,7,4.50888689471974,51.30295623371854,0,0,0,0,0,0,False
3827,346.1099584962959,118892.97600424319,0.6717878134201005,26,5,2.0844195985329774,47.500275030100006,0,0,0,0,0,0,False
3828,326.53913470733147,124216.80291847381,0.6292804077244083,26,11,3.7188188010374787,43.6545667410334,0,0,0,0,0,0,False
3829,306.6917181928294,133849.60577782954,0.40563313772327286,15,8,2.169544962685198,47.727342388217146,100.0,52.27265761168285,0.7694345437655031,0.007185908030364155,5239.865893656025,6204.4019049607205,True
3830,293.42330727662096,145340.94268725187,0.3034721759001703,26,11,2.8766236332514734,45.36230663126103,0,0,0,0,0,0,False
3831,305.17779930187567,108274.29627782063,0.31952656862011264,20,9,1.7614681005034902,49.4087423012337,100.0,50.59125769866629,0.6308746529501807,0.0007273030170886817,4505.173083134612,5540.8872380905395,True
3832,344.6147281614736,149845.11896400398,0.6569531326842364,19,13,1.7812550600187436,59.53580833765068,100.0,40.46419166224932,0.9995278633494047,0.42411845876154386,3411.4597432439286,3667.7221161251045,True
3833,338.3631863532375,146142.78963200748,0.45849878517866444,22,13,1.6211996555175783,41.5363108543273,0,0,0,0,0,0,False
3834,334.5874105095697,122523.70326299829,0.31170854882882687,22,8,3.6172088504153184,41.301415597017204,0,0,0,0,0,0,False
3835,330.9499472352853,122304.84721172447,0.6999974003064019,25,12,4.624221331159663,43.60513456278357,0,0,0,0,0,0,False
3836,340.94288624266,144808.83748170896,0.5366269520492623,17,6,4.6958161368625655,59.69048973174109,100.0,40.30951026815891,0.9967965286362218,0.22586651209146133,6963.846068244851,7350.440428947231,True
3837,340.48019727233316,134535.54955957297,0.6857267441526763,29,11,1.2221009817539834,50.251980135967834,0,0,0,0,0,0,False
3838,318.19891542374893,112371.8479529381,0.3128311796665727,23,9,1.9705833508264206,58.57322647113109,0,0,0,0,0,0,False
3839,331.6936886617227,125911.09064944506,0.515831101339026,20,11,3.0980359146214287,48.98021108949781,0,0,0,0,0,0,False
3840,328.0811329245497,107891.04544089152,0.5318091327349093,15,12,4.56958986806152,54.3056572449242,100.0,45.69434275497579,0.999689367245977,0.13810607955976073,7714.3445874287245,8302.558937793621,True
3841,324.37349003717316,122165.28684260552,0.6699744362879538,27,7,1.4791422145557171,46.064412118155495,0,0,0,0,0,0,False
3842,298.24753586249847,133884.5860411442,0.39222581496878356,25,13,2.593562769382973,52.6502686454005,0,0,0,0,0,0,False
3843,328.9880595133202,135227.33402499085,0.6922661178845465,28,10,2.261677190434612,42.734472300791005,0,0,0,0,0,0,False
3844,300.32637634109693,112009.02662279923,0.6180200202799981,18,5,3.480716934119017,49.79372581744158,100.0,50.206274182458415,0.9939375454066383,0.23898259626616547,6827.459344899502,7728.93766601965,True
3845,321.9208961076227,139336.09435544262,0.6047963538431103,15,9,1.2683037797150756,42.54943186118224,100.0,57.45056813871776,0.9726017974090189,0.10817686053174143,3972.9406765970543,4606.986794602301,True
3846,333.94168143884156,144719.1481189471,0.4228056744912031,21,12,4.734204654075646,49.89763094394247,0,0,0,0,0,0,False
3847,310.3034864474101,135330.6923637232,0.5901293294630756,17,9,2.3193745535518557,54.69353435962972,100.0,45.30646564027027,0.9983898120135691,0.2519390170160833,4559.868080799854,5344.788132716611,True
3848,327.3865095119383,124641.96497905496,0.6607986743470231,17,12,3.1940485738065534,46.54956539311261,100.0,53.45043460678739,0.9999108618149145,0.27141181991656155,6794.807719848772,7307.119297872503,True
3849,301.2488155208114,130335.08872321266,0.3920061740248689,25,13,1.7762492071984695,42.01298971129675,0,0,0,0,0,0,False
3850,325.05072092310047,105248.18527268994,0.6262023997252817,18,13,1.751520587606751,41.267841613556,100.0,58.73215838634399,0.9974378329331043,0.09787873094739744,4900.880941095776,5483.712114639316,True
3851,341.55096764826357,146282.30684977045,0.5056068425903113,21,8,3.6463144509838683,44.81959314451032,0,0,0,0,0,0,False
3852,296.0022043738135,114625.38608266847,0.5687459035441899,20,5,3.818753986466974,49.61261341934238,100.0,50.38738658055762,0.9937257514057842,0.13712006191705708,7369.364369723431,8370.217991756524,True
3853,303.60267583837,125791.63065203094,0.4383774905569161,28,9,2.4236379801851236,40.49941267220697,0,0,0,0,0,0,False
3854,291.7902705654565,116021.96040260376,0.6554655298185367,21,9,4.933787207276452,47.73177609625668,0,0,0,0,0,0,False
3855,345.06688109542876,133938.31644670066,0.47662418715465416,19,6,2.820975382604762,45.442549330955494,100.0,54.55745066894451,0.873471640392251,0.000183249814606539,6478.831367567647,6858.865245440937,True
3856,330.7827976724441,145104.1661834629,0.6806593812501863,19,13,2.085313261951457,48.41506959661103,100.0,51.584930403288965,0.9998211913918841,0.3406015031662924,4824.174481908354,5273.039423509294,True
3857,348.2949707547822,122734.41857518913,0.6894754939740693,19,6,3.028342770895633,46.72095085513327,100.0,53.27904914476673,0.9968582817087366,0.338946505311052,6509.726701432719,6705.724741276929,True
3858,322.99252457676914,132580.25872020278,0.4066893847476764,18,11,2.1242111306060494,51.01054148575206,100.0,48.98945851414795,0.8192248169960664,0.0104992976486285,4801.797969576571,5541.567457949487,True
3859,291.35232841838626,114897.34236209594,0.403839356125445,16,7,1.581832989170344,57.11274184272376,100.0,42.88725815717624,0.913841249407709,0.020860634172478226,3415.606687663512,4601.231259020241,True
3860,349.0006609016413,127675.69932872774,0.5556211365874741,19,8,2.599397441302359,46.67428786721851,100.0,53.32571213268149,0.997407605653082,0.05087120985791321,5820.961734935393,6105.019223005147,True
3861,307.8276069565587,135307.69057108174,0.3017449260886954,24,10,1.817618338886247,56.21135463938329,0,0,0,0,0,0,False
3862,315.1782917385227,124046.33530815256,0.34051853947696487,22,5,3.366972589713657,51.09991538687083,0,0,0,0,0,0,False
3863,341.9788577704984,126216.45984791622,0.5174847071830567,28,9,4.5728918179067195,59.873648779109175,0,0,0,0,0,0,False
3864,330.2145440149761,124347.48198503767,0.5129386019556803,23,11,2.9059083720034744,45.86645261108409,0,0,0,0,0,0,False
3865,303.2638266207273,117963.56412700786,0.6790097147678551,16,6,1.7509651522385394,55.197980723079525,100.0,44.80201927682047,0.9910099905306551,0.4257715685201317,3742.9097327789227,4554.074373188355,True
3866,341.4953130718576,149493.1349536139,0.4566256688871976,22,9,2.048171553123103,56.87210522419194,0,0,0,0,0,0,False
3867,339.98712942749523,144347.13550598145,0.5210863726372104,18,9,4.754621113420296,49.21984420558769,0,0,0,0,0,0,False
3868,300.06752748907894,113619.65308702033,0.3665703428211975,17,11,1.6178242121602378,46.15901264596396,100.0,53.84098735393604,0.6696353006942037,0.013068725303950585,4522.383728361374,5594.679622795627,True
3869,306.98857202260893,118128.58816431771,0.5629152379267075,27,9,1.892413843549288,47.20220657798288,0,0,0,0,0,0,False
3870,328.5500861266628,130641.9434530467,0.6281058432948498,23,12,2.2739741402901865,52.92019984183416,0,0,0,0,0,0,False
3871,323.97557512909117,141342.9849355366,0.606790068130219,28,6,2.2828471769248866,45.88288252830663,0,0,0,0,0,0,False
3872,305.480099757792,123397.45295226981,0.3963554641364292,20,8,3.2475537212912586,56.848828465267445,100.0,43.15117153463255,0.9178701159109974,0.0005052154030772769,5649.462137380791,6654.556281602388,True
3873,305.188371812288,137482.13521216676,0.4295820711079903,23,6,2.6599750879338,58.535789044968325,0,0,0,0,0,0,False
3874,336.3556057313463,123012.2646771201,0.6920191168754417,19,13,3.6835468345809765,53.44412845947489,100.0,46.555871540425116,0.9999795618905581,0.4237508825164859,6608.992741377934,6968.07579542043,True
3875,292.9101542086164,108073.80534197041,0.47282533599030285,23,8,4.6112728512301695,52.106960618677476,0,0,0,0,0,0,False
3876,345.4454909031285,108084.3502006925,0.6541147511532114,27,7,4.123158433928185,48.329664991257495,0,0,0,0,0,0,False
3877,293.63845916305166,146930.45856748105,0.4532264958646586,24,9,4.7729946938851295,57.89966182463363,0,0,0,0,0,0,False
3878,314.4524829186677,109920.24977259102,0.5318805905937742,27,6,4.089344320615979,46.77665351435754,0,0,0,0,0,0,False
3879,339.6205145044829,129746.3929384388,0.6122660919210994,27,6,4.877100043972962,57.283501151434756,0,0,0,0,0,0,False
3880,320.36455510666195,124994.66630446422,0.5466303061659912,18,7,3.922539746632723,56.03397556042258,100.0,43.96602443947742,0.9981023138571217,0.19239221783753774,6562.500476043712,7242.528300555212,True
3881,302.5257465097765,118595.01868924907,0.33695015523611493,21,5,4.158430868493602,48.044418382325816,0,0,0,0,0,0,False
3882,346.11280295895176,116001.46330223915,0.5050010493470496,25,10,2.982149193147877,50.34516918467102,0,0,0,0,0,0,False
3883,323.88615623609354,104686.79085419644,0.500813692229826,22,7,1.763530752752518,44.119926655382486,0,0,0,0,0,0,False
3884,320.7274304612321,120106.73007630672,0.3975299655897424,25,6,2.7769840956165535,51.084876427193336,0,0,0,0,0,0,False
3885,301.77816888183804,148600.74869867833,0.5580362624794071,17,11,2.295711363183008,58.69000192078615,100.0,41.309998079113846,0.9992719910327964,0.24746518197491077,4127.214656542244,5044.489421268694,True
3886,321.73852344221746,122240.139372137,0.669219633480211,20,10,1.56186876641658,50.191983855590294,100.0,49.8080161443097,0.9975011600272219,0.3434497166765082,3869.6839871116144,4448.3063074345,True
3887,349.08442284579814,126889.25246725927,0.590646311342688,18,10,1.3642825585453977,52.33973565728553,100.0,47.660264342614475,0.9890194603630424,0.2278909291453324,3423.477652332281,3663.24718051854,True
3888,327.59997057202844,124820.91532371819,0.31863627992691945,23,7,4.10895900345361,46.91470284296304,0,0,0,0,0,0,False
3889,328.9841169390171,122174.75171068548,0.592919070625594,16,10,2.477629193370457,51.72237259897786,100.0,48.277627400922135,0.9991060359023637,0.21378429668609858,5089.763190258433,5621.44025469773,True
3890,320.00605939904176,110796.14768199106,0.6878190937065188,24,7,3.870610170113964,50.96565507901268,0,0,0,0,0,0,False
3891,345.2494113873368,107231.50755476808,0.5547374111267243,23,8,2.256520363673598,54.093825858983664,0,0,0,0,0,0,False
3892,306.85777126411534,147339.78843258042,0.4598422249498568,29,10,3.133377529733906,52.57637587032722,0,0,0,0,0,0,False
3893,346.59211960851553,124670.31770917497,0.6001557048545114,22,9,3.9677145710357067,49.76736740678702,0,0,0,0,0,0,False
3894,321.97605377651627,102281.85734012123,0.374886314739084,27,12,4.853342307132339,52.75668887015159,0,0,0,0,0,0,False
3895,329.7678569378205,123846.2459831942,0.5507496595325754,26,10,3.335897661910961,43.62113916284488,0,0,0,0,0,0,False
3896,297.08733791631647,106271.47920286181,0.4123304152284096,23,8,3.7680555652463816,44.0633017922226,0,0,0,0,0,0,False
3897,346.05138485691236,141907.6983030815,0.5859616649274584,23,10,4.623405694104003,59.71806614374882,0,0,0,0,0,0,False
3898,337.9342928862741,102035.17259271338,0.593355495059005,27,13,4.1225238693381785,44.65077256762995,0,0,0,0,0,0,False
3899,329.92653683322874,145589.55529232087,0.3305605454531581,25,11,2.3767225719321905,46.92568548661257,0,0,0,0,0,0,False
3900,345.49772084755585,142537.51524767256,0.5278446706760814,15,12,1.9039921487313176,58.4130761118458,100.0,41.586923888054194,0.9866627110593936,0.20119045266418675,3670.9831815673674,3997.3962656417957,True
3901,342.79935842247266,105441.78978475115,0.3641696539612208,23,11,4.840876237061047,42.26219620664424,0,0,0,0,0,0,False
3902,322.7215348366687,123773.1649041693,0.4723119759186182,22,5,3.955602422429279,40.02412588199599,0,0,0,0,0,0,False
3903,311.1703317115419,105922.15490932707,0.509507027767847,22,10,3.0336643947322086,40.16364113121118,0,0,0,0,0,0,False
3904,311.7499983583027,107069.02071803118,0.45362688276078933,19,13,1.338154027509795,54.04762343415817,100.0,45.95237656574183,0.9039665981966077,0.07073859128105162,3320.522536745813,4186.63365182397,True
3905,316.8710948530288,120273.68622406005,0.49273238139092046,28,9,3.0953387238918033,56.38826736664177,0,0,0,0,0,0,False
3906,340.32667890314076,130796.33605859027,0.4298333889084476,23,13,2.1761284475374376,40.60928765396112,0,0,0,0,0,0,False
3907,326.25679274124457,122629.87984441489,0.38965760590279863,20,8,3.3237546221662715,54.10880618730056,100.0,45.89119381259944,0.8487192716692528,0.0003157600104243312,6193.916106517985,6902.797251734535,True
3908,316.4503318990119,117958.99022587397,0.4539800893058975,27,11,2.0945000442912596,40.23271375049711,0,0,0,0,0,0,False
3909,297.99124835948686,100577.93093327766,0.4309934091619349,20,9,3.0074035081330153,47.495076202161215,100.0,52.50492379773878,0.8205254619713859,0.0003749203883884608,6599.780928305177,7671.1758372844215,True
3910,313.2703184889892,115293.99306824319,0.45031241425265794,26,6,2.826070470913656,40.470752401529246,0,0,0,0,0,0,False
3911,302.89304948999865,104822.6158531333,0.6532802263217108,21,6,4.6970850011464975,43.45780359928362,0,0,0,0,0,0,False
3912,331.14399489040574,111522.4968330359,0.3425221670406731,20,12,1.2748080966508553,59.34457313344012,100.0,40.65542686645988,0.7914408682977224,0.03497914334080286,2914.747555311292,3570.4509390761314,True
3913,344.5807841321326,110689.67960463333,0.35021415674777645,18,9,1.4881527229152436,49.11934844252838,100.0,50.88065155737162,0.6839411987247481,0.004521138434219736,4054.1830797052853,4496.799041537498,True
3914,329.8998313974428,116482.23901875672,0.33870886386027516,26,7,2.739116431754004,40.224053762617594,0,0,0,0,0,0,False
3915,323.3907721915202,123997.89629778998,0.6241049922029602,22,13,2.1720879504689665,54.82370948183527,0,0,0,0,0,0,False
3916,339.8722479711936,119385.14952458332,0.587758137489151,24,12,3.5145285474882275,55.26344738647026,0,0,0,0,0,0,False
3917,337.9871195010286,118399.9442523133,0.435434262035836,24,8,4.590855744999049,43.10925837455219,0,0,0,0,0,0,False
3918,339.83340836337806,119833.45738392949,0.5493862996591478,29,5,1.6967792308657397,56.90292055691606,0,0,0,0,0,0,False
3919,334.669010138769,117646.5544823009,0.6857622462037427,27,8,1.4669998584573287,52.29013967028982,0,0,0,0,0,0,False
3920,314.01064192710714,145998.44744190428,0.5956703247986759,21,5,4.631228026107073,54.31918676885388,0,0,0,0,0,0,False
3921,320.13035096371357,137242.90192553366,0.5596453447566214,16,13,3.4983002650289663,56.79380673126089,100.0,43.20619326863911,0.9998514357019397,0.2247500017915729,5891.047646621032,6562.721245874569,True
3922,294.65839239187414,128771.19706230835,0.4159185921549658,26,12,3.2145934612888523,42.55925682639747,0,0,0,0,0,0,False
3923,338.10056250008336,135169.89930717257,0.5422184695603898,25,6,3.6083058059879924,58.544775107339355,0,0,0,0,0,0,False
3924,342.535992529715,124726.67484877954,0.3423967835084383,25,12,2.2488266398902406,49.57097026776422,0,0,0,0,0,0,False
3925,325.00026545958286,134180.93290764245,0.5594896331683821,16,9,1.6500355153777717,50.55524088910741,100.0,49.44475911079259,0.9915800006322067,0.13688888413651196,3978.7409386963723,4594.1976570084535,True
3926,340.9873826749782,119024.29055947484,0.47949474672869974,24,5,2.306858512669261,59.25437827533329,0,0,0,0,0,0,False
3927,322.47951541748836,123796.21989777261,0.6868615180320528,19,5,3.1436083763057754,49.796725777119015,100.0,50.20327422278098,0.9944824642176133,0.37672922907503786,6312.673828189017,6869.360378165191,True
3928,341.91850269165514,124149.7944277676,0.46892001368092645,28,8,4.538553939246319,47.72123431290702,0,0,0,0,0,0,False
3929,294.4954831844961,121557.51416098596,0.3435051721864071,17,5,2.301215984937791,41.47126066230384,100.0,58.52873933759615,0.5868135295765826,0.0001223818715173434,6263.99184659785,7422.090682559429,True
3930,291.4265198788639,143097.70894427516,0.41307575444945405,26,5,2.9938056198817513,45.12230401438176,0,0,0,0,0,0,False
3931,318.869381916482,147110.99394468137,0.35082498489177427,24,6,3.0104682661725053,55.72927670173071,0,0,0,0,0,0,False
3932,294.21854021989736,112454.24850669989,0.5414781972610276,23,10,4.25106871165901,54.96975817299305,0,0,0,0,0,0,False
3933,293.3205222315224,116716.25410111362,0.4109804716489236,25,7,4.8104984707623535,49.10393688208103,0,0,0,0,0,0,False
3934,338.8631349986193,108836.59968307987,0.355311007443641,27,7,3.4876765408957775,59.95776726304126,0,0,0,0,0,0,False
3935,344.98831905374544,126276.63963219254,0.6721083484889199,27,6,3.1011652261489453,56.107082660627995,0,0,0,0,0,0,False
3936,312.71843761968415,136753.5192772241,0.44502011996937757,28,5,2.2734653620447975,50.372245860726785,0,0,0,0,0,0,False
3937,315.5964941266101,116641.30547326985,0.5662251194068533,20,13,4.948369668391544,49.00730163746503,100.0,50.99269836243497,0.999984321311762,0.11487985780489322,9193.724650978858,9939.503330617461,True
3938,332.9574660009353,107251.78514678885,0.4135234199711597,19,13,4.332924570009677,58.068183035023274,100.0,41.931816964876724,0.9724083069478378,0.00994784830920273,6817.782996823395,7424.609733711358,True
3939,301.1006240229462,100274.3074886144,0.405767627805252,27,5,2.4930979266225215,54.33176399656223,0,0,0,0,0,0,False
3940,333.57167688790025,111970.0584477311,0.3569239386892993,28,8,4.9436999858444794,59.493354533994705,0,0,0,0,0,0,False
3941,310.4404651391863,142173.40090664243,0.4166435903329391,20,8,3.09256422177529,59.92014793278311,100.0,40.07985206711689,0.9967223946821475,0.028633911726517254,4975.24273729468,5899.873561768665,True
3942,324.81599826920365,140618.19376576808,0.3380400136300113,21,12,2.4001239345025405,56.14544487569819,0,0,0,0,0,0,False
3943,297.69142042424556,104450.24483013245,0.5951983473527822,17,5,2.462698695179157,50.29723012446677,100.0,49.702769875433226,0.9885991822728689,0.2064415543405215,5229.330042084781,6182.1904916543945,True
3944,335.29504223459287,130905.44499986542,0.38730908332631764,21,7,3.919595741192863,55.871260585174525,0,0,0,0,0,0,False
3945,294.86826903658283,148813.95147190758,0.49862725770293514,24,9,2.5131553455666937,55.44393941704794,0,0,0,0,0,0,False
3946,328.1787022069044,140964.15440003053,0.5798263801013475,23,5,1.43694200912802,53.15742906358958,0,0,0,0,0,0,False
3947,312.23969469289534,100031.66393763412,0.5593906699081861,28,12,2.0646697825819205,41.102826512661935,0,0,0,0,0,0,False
3948,339.9400394939077,118368.95625116545,0.47970273577315226,18,6,4.043957554133348,46.03347652642578,100.0,53.966523473474226,0.8887561929437495,0.00016705838111330022,8436.319777543731,8892.93758320506,True
3949,307.35965548467874,113715.11982206625,0.4703690193440583,29,5,3.856451402240128,57.0680494633894,0,0,0,0,0,0,False
3950,347.274832699993,100164.03209287609,0.493498779812539,23,13,1.297530583508182,44.609057771661305,0,0,0,0,0,0,False
3951,315.2584524218293,133274.68299930356,0.4014215980612777,15,8,4.455702063044526,59.33398588373409,100.0,40.66601411616592,0.975561048095553,0.007939152875893649,6759.745292970295,7629.48192395917,True
3952,316.6324049939205,146625.55877731272,0.427339816011933,26,8,3.537460246706357,52.44647760042849,0,0,0,0,0,0,False
3953,304.27103462912,133600.64832003426,0.6707435258976465,29,5,4.168965786876201,47.4997011732561,0,0,0,0,0,0,False
3954,312.4481567960765,140336.97154350864,0.6490765983229642,23,12,2.391548370389942,55.51244675626981,0,0,0,0,0,0,False
3955,301.6692354883614,121146.44154878109,0.33088826255491466,23,5,4.791081102303981,56.20246982353048,0,0,0,0,0,0,False
3956,291.1426006755853,137385.28624584485,0.530618353677874,25,9,3.5743157650242807,42.462874640375176,0,0,0,0,0,0,False
3957,300.26028990777553,105261.8087036528,0.3420004118405915,29,9,3.252487540875401,44.68391994201408,0,0,0,0,0,0,False
3958,313.5485154193227,113079.24351241323,0.49633539558477624,17,12,3.694831375951652,57.986663963111766,100.0,42.01333603678823,0.9998232436558968,0.13153235747218012,5978.715897536393,6791.657817345794,True
3959,331.4820766395265,125515.94690051352,0.5718370718191405,26,7,3.7006176225808494,46.36878817521476,0,0,0,0,0,0,False
3960,299.05328602872964,100190.55203628878,0.40271636151544554,29,9,2.344246369281695,51.72481713260585,0,0,0,0,0,0,False
3961,294.52725718023396,136125.48726699475,0.6626895639482124,23,5,4.3229745931180545,56.57596029679648,0,0,0,0,0,0,False
3962,301.5041996093524,146975.25688858598,0.659624442946309,25,12,3.1879710594798016,47.80894842123428,0,0,0,0,0,0,False
3963,341.6697782155128,136311.1210565215,0.46315906111698524,24,5,1.988241697074597,48.17319938280827,0,0,0,0,0,0,False
3964,317.9442215386087,131714.7792504004,0.6270076537686995,20,5,1.3332110667540602,49.550188435788925,100.0,50.44981156411107,0.9710354041128366,0.27673273758878947,3589.811854359103,4246.561851290649,True
3965,314.38317292371113,144539.95974386547,0.37432789329063276,16,13,3.8837674224109398,53.104069683625184,100.0,46.895930316274814,0.754977583369392,0.03817636038447231,7259.4750799027215,8132.586883831927,True
3966,325.3127881805063,148220.23651930777,0.5892196894428348,18,9,4.873061905748172,51.14509670636089,100.0,48.85490329353911,0.9997633060932932,0.1970591961353899,8697.193654010984,9284.277637718278,True
3967,294.5043098221726,143297.37120780107,0.4285265275833635,25,13,3.310214088188511,56.092295024055275,0,0,0,0,0,0,False
3968,333.6241884647056,101327.53992858171,0.6101847061068773,20,12,4.941513051654772,51.33207064169839,100.0,48.667929358201604,0.9999763167130639,0.24062329991798165,8764.481404658934,9218.621962159894,True
3969,311.43966976167405,143150.38596789064,0.5831175607599873,17,7,2.4862526681744113,44.42728384068141,100.0,55.57271615921859,0.9959735258660386,0.06667967798982594,5877.37544467349,6675.694769166417,True
3970,306.5372571856819,113391.57967151949,0.4688303618207783,29,8,4.129973420131638,53.845803814860304,0,0,0,0,0,0,False
3971,336.72868418131316,113189.56193197776,0.6482056560714364,21,5,3.687707140124358,48.5285233908522,0,0,0,0,0,0,False
3972,316.72462778931305,104651.06930406911,0.6529996758502578,15,9,4.01929441099177,43.139328192945975,100.0,56.86067180695402,0.9996594667516735,0.19607152179184406,8651.090598552795,9320.908821072377,True
3973,297.95553283935453,143666.48224114807,0.6323795021690481,18,6,2.2712783517473536,42.707880979107664,100.0,57.29211902079233,0.9939048025721244,0.14740127168458086,5688.124331236991,6621.729374877675,True
3974,346.06451708025645,130208.08630711692,0.49578824525659354,28,9,4.413238867974257,45.100370425166055,0,0,0,0,0,0,False
3975,322.7091828765576,127394.05958855888,0.4355898986536151,23,10,2.9620758349725644,40.12915844416484,0,0,0,0,0,0,False
3976,342.2092500867304,102025.4464181067,0.3857172682860467,27,8,4.759635280359121,49.95004749865018,0,0,0,0,0,0,False
3977,305.44730831602357,125474.79674037998,0.6259066867119756,25,6,4.9973196973394804,45.680207911712614,0,0,0,0,0,0,False
3978,349.45445002122113,112965.96132169083,0.375617603849969,28,10,3.106201497510538,40.3213122624429,0,0,0,0,0,0,False
3979,334.7598554066559,122659.63474851196,0.5826846693326584,17,8,1.8404635283051332,49.94103443324066,100.0,50.05896556665933,0.9937921384042144,0.17059747225084698,4315.570929897362,4775.740262978701,True
3980,312.77678920117137,119972.32148206796,0.40971515507491146,29,6,1.8820393534706787,53.06057047086085,0,0,0,0,0,0,False
3981,346.21884169292787,113620.4798128819,0.5777144375205059,25,13,1.6035514643180644,55.26754104186655,0,0,0,0,0,0,False
3982,327.6209235664975,133076.11813850506,0.6951047734682297,23,6,4.625341655500567,53.385255480404496,0,0,0,0,0,0,False
3983,340.8117154990802,128789.54512230062,0.6273654343591142,26,5,3.1411472197425745,45.33623056645297,0,0,0,0,0,0,False
3984,304.04064920979346,146852.95025671524,0.645939078097719,23,8,3.8121836883418956,49.047008967527105,0,0,0,0,0,0,False
3985,290.87178069934714,104726.33618654667,0.31656311057783587,25,10,4.893251710971963,47.01818984947876,0,0,0,0,0,0,False
3986,312.45556237228755,118079.36968391102,0.5709682863106,29,10,4.698096595318696,43.293755527399604,0,0,0,0,0,0,False
3987,322.7868402756819,114404.55572056136,0.4767576215871866,21,7,3.2938739403391644,58.118283780063365,0,0,0,0,0,0,False
3988,303.4010294408333,139765.8820607932,0.5219198596559189,19,8,2.430925637200461,49.66899315466013,100.0,50.33100684523988,0.9966574346533811,0.040846803115589546,5237.761102443717,6187.213686616973,True
3989,348.46110126532017,110646.47172989728,0.46742599401335094,16,5,3.2662936256806825,40.53838513537861,100.0,59.46161486452139,0.7859076998562906,0.0002790284114719937,8002.206767906434,8325.267136389557,True
3990,299.5283419950718,141519.6965851722,0.5344546485585764,17,7,2.4097069868531173,44.196431050441404,100.0,55.8035689494586,0.9560814037555596,0.0021194801230969345,5820.666814559674,6814.563820300339,True
3991,346.6666423668241,108492.93336600349,0.6204413238905111,29,6,3.571923532014564,59.238909557034916,0,0,0,0,0,0,False
3992,324.83560026750206,148846.68465194385,0.6864303747826204,18,5,3.80703543402272,52.79843512226317,100.0,47.20156487763683,0.9956361096266744,0.41000188000923826,6883.800267438623,7405.907352358572,True
3993,291.73878203510714,132688.36502519902,0.35338889056838163,23,6,4.897022098466017,50.768072380746105,0,0,0,0,0,0,False
3994,304.4974972332189,141795.0223796003,0.6257193159366441,20,12,3.895231129233128,42.67555462150094,100.0,57.32444537839905,0.9999596142738302,0.12300627728841533,8505.52144154877,9362.163968705347,True
3995,329.78079134183196,112415.22721357981,0.6755884537053236,17,11,2.4247847779917406,58.89346562225384,100.0,41.106534377646156,0.9996808117480589,0.4493781588244206,4267.350207595667,4723.842322774718,True
3996,305.5767051083936,133030.75887728186,0.3298973059634865,21,9,3.915248597570354,48.43919780543973,0,0,0,0,0,0,False
3997,316.9522997818081,114677.82608699366,0.47919196702958855,27,9,3.677233914053544,47.853431906349385,0,0,0,0,0,0,False
3998,302.876768497167,148778.9112491992,0.6414378603515718,28,5,3.207153119535711,43.66129567400273,0,0,0,0,0,0,False
3999,336.47558362178205,138923.58249899952,0.5447696602885553,21,9,2.38205486493138,59.1805274573574,0,0,0,0,0,0,False
4000,309.87283212128136,115035.27088036809,0.4948518804579024,24,8,2.4490661301137817,41.385792717799426,0,0,0,0,0,0,False
4001,329.59484878543026,148824.39352718135,0.43562707819048785,28,13,2.361963906687433,53.754245582438024,0,0,0,0,0,0,False
4002,307.44401463481165,145307.8113322213,0.5483367906115482,26,5,1.6772430786369394,41.63327794161758,0,0,0,0,0,0,False
4003,347.9333972969699,128168.09534538121,0.4559285275938482,26,12,3.388954214256599,43.700681014265605,0,0,0,0,0,0,False
4004,319.6289364985712,109805.99223139588,0.613435779624222,18,13,3.4205098011486132,54.019567808658095,100.0,45.9804321912419,0.9999554369807564,0.2844375347556569,6160.751123704599,6803.216905493982,True
4005,322.62660773310785,136513.0989850176,0.6014289659671652,28,6,2.7058567199476595,45.162396095355305,0,0,0,0,0,0,False
4006,331.4614330293352,135214.6749511445,0.5713956251850923,18,10,3.4355878550901737,48.15086237332548,100.0,51.849137626574525,0.9996770382202221,0.11021259730412401,6971.195602118618,7493.4306898946725,True
4007,334.9261634038026,107996.20406420255,0.35954442059202624,23,11,3.7302834860102285,56.4917367110269,0,0,0,0,0,0,False
4008,296.11754390463676,127470.97959877402,0.3637963895500753,15,6,4.070051834613959,53.15463068401137,100.0,46.845369315888625,0.7754796113489547,0.0009799900257027154,7504.426950044689,8645.527836382797,True
4009,295.84744553468016,132923.44731438186,0.6289083396177081,28,7,3.925987653244861,51.749450501300736,0,0,0,0,0,0,False
4010,316.9361506373452,108859.05000116158,0.3052206389449689,26,8,4.403485128974232,43.31937730159328,0,0,0,0,0,0,False
4011,300.979208019758,141495.0786859249,0.595592322011355,23,12,4.976641449759726,56.76788766865974,0,0,0,0,0,0,False
4012,293.07222452282133,140854.60307202046,0.34303410417718216,21,13,1.6487845742866296,49.86826107951604,0,0,0,0,0,0,False
4013,306.1788417752525,125285.76135501114,0.3601686977994682,15,5,3.6094863069162324,46.192537022936065,100.0,53.80746297696393,0.6690473558423662,0.00037135098880781525,7958.7228422053895,8953.504621665319,True
4014,348.4922908151352,105827.1153810991,0.5244701614908909,15,5,3.8900681637662053,56.34262159016674,100.0,43.65737840973325,0.9910235453332551,0.16296159157534598,6483.32928541548,6772.84497418867,True
4015,315.4333529193576,130732.35659777785,0.36200496145941596,27,6,4.908163633049491,47.21031048615303,0,0,0,0,0,0,False
4016,319.4221182704707,112523.12218337395,0.4137828374909208,15,11,2.046055897800228,57.512535470108,100.0,42.48746452979201,0.8755794402183119,0.0726342656573035,4020.697625877078,4801.890160801444,True
4017,330.5339784993909,109648.74752580578,0.5690027803382989,18,7,4.888295270650411,50.78081551027294,100.0,49.21918448962706,0.9989094916340264,0.15231065898249632,8786.39873086942,9317.168892365915,True
4018,292.79261977711195,103422.971766799,0.5052746672932349,22,8,4.400158835809508,55.73904262795433,0,0,0,0,0,0,False
4019,292.6699867320814,120728.79268475562,0.682344350600521,23,10,3.5465251977061554,42.94005682361453,0,0,0,0,0,0,False
4020,333.5413091533119,137206.68915315295,0.5364297272994188,19,7,2.178130647442787,48.80546575487822,100.0,51.19453424502177,0.9923292118652652,0.05820690212475674,4939.684347250574,5459.107868417717,True
4021,319.61099612415893,123369.94891340092,0.39935381385079705,20,10,1.5639012209271255,40.67221171804296,100.0,59.32778828185704,0.6723865617651872,0.0010867726342117334,4878.80435535912,5656.17044195102,True
4022,291.8056122022199,106244.1872491054,0.42223233295514095,26,12,4.030400277447162,51.470111360298205,0,0,0,0,0,0,False
4023,313.48621432168716,100731.78010796655,0.47010441470658665,24,6,2.797957458095663,43.33511890387322,0,0,0,0,0,0,False
4024,294.1936575993672,110286.85370624055,0.674435763867458,15,5,1.5917187879312122,54.94001586537038,100.0,45.05998413452963,0.9837573774989418,0.4207405347941423,3552.0331386323405,4481.452865343234,True
4025,334.3377147350698,130706.45547482079,0.5499244811324195,23,6,4.9197093924630115,51.87283036281382,0,0,0,0,0,0,False
4026,314.09097153915025,139314.34766806662,0.6019773552786576,22,11,1.4913755683142154,53.53305921489137,0,0,0,0,0,0,False
4027,320.3113320615367,144818.5693189868,0.37931282046713616,17,6,3.375290980237148,44.61731200458451,100.0,55.38268799531548,0.6847359922790215,0.00019704386163917994,7759.030161822652,8542.23967454035,True
4028,329.7391190455082,101541.26128179842,0.5808746186230531,15,7,1.832174814502658,46.516302102533295,100.0,53.483697897366696,0.9893715765578641,0.11118895197559786,4601.72436053924,5142.0816530350485,True
4029,345.07162441723045,100952.97690085569,0.5974706728796004,27,12,2.6347071535462803,48.645290647181604,0,0,0,0,0,0,False
4030,303.9537893765721,135388.97907938453,0.6046137078347336,21,12,3.758923343951869,44.46373124676838,0,0,0,0,0,0,False
4031,299.1899627394357,113952.09515476771,0.3238166492739335,25,11,4.918773557759212,44.088944333998136,0,0,0,0,0,0,False
4032,317.04809887356066,129069.06449553646,0.5225844320820862,17,9,1.4696033202845937,55.21305871720406,100.0,44.786941282695935,0.9838084375051152,0.14846102673345785,3364.1235510535544,4109.129951130544,True
4033,297.2813037661624,128071.93537009865,0.43481636833135,20,12,3.7248456752681047,53.504148092152526,100.0,46.49585190774747,0.9318826839346411,0.0028519850468192768,6752.976420776805,7843.222315814647,True
4034,326.1449462491972,148535.16198469204,0.34315434168523595,25,5,4.416653054865115,58.079354132145845,0,0,0,0,0,0,False
4035,319.4789566163341,115092.86906365019,0.4975746455623392,16,7,2.194338290721042,51.276900819170365,100.0,48.72309918072963,0.9869428845049717,0.032561508118684315,4730.641676141551,5476.70937111755,True
4036,335.5516623521483,108344.65415884748,0.48621592452372825,18,13,2.8027430797023363,53.81643771124105,100.0,46.18356228865895,0.9979460861919348,0.047081001527204035,5325.520195031924,5847.083096874149,True
4037,317.4503443122123,120784.69978555449,0.49806272186436695,16,10,2.211506037173251,53.99323112163674,100.0,46.006768878263266,0.995120006304225,0.07451212069447602,4483.048689457304,5250.349902570276,True
4038,312.85114823867076,133823.47696787782,0.5582928459529497,25,5,2.1968834047508783,51.518364709848086,0,0,0,0,0,0,False
4039,316.66118779126685,144453.49255009714,0.4050721062756091,20,11,3.315112346125498,51.18067220019498,100.0,48.81932779970502,0.828279157982145,0.0013884564289379554,6599.081478911788,7432.592332051323,True
4040,333.5799955879697,139511.44522937323,0.5818455290737861,21,6,2.148989416988173,50.30525206985691,0,0,0,0,0,0,False
4041,298.314210219015,116428.75516911103,0.31025454155172594,20,10,1.79082748730043,44.37292334861913,100.0,55.627076651280866,0.5571982809233221,0.0006797180684608071,5049.875342041778,6179.877099659512,True
4042,349.1177627070879,119880.14438901548,0.38090498576612936,24,13,2.850018452688468,56.71185118531223,0,0,0,0,0,0,False
4043,306.97243115266645,135604.08236036086,0.5007247618331223,16,9,1.4621805726424415,48.754516050270404,100.0,51.245483949629595,0.9398902914588386,0.039128105320776665,3872.4183418675325,4781.802917305243,True
4044,311.76577145656563,113062.31466500898,0.47124347344069417,25,12,3.2805998752491954,44.23900925710281,0,0,0,0,0,0,False
4045,313.87543186268056,126916.652663691,0.5197315257883586,18,12,4.897710532030069,43.8609697216282,100.0,56.139030278271804,0.9219744895997112,0.004877403820877206,10197.182355100786,11003.478652550835,True
4046,329.96598465142546,100630.22988473695,0.4694349903924129,20,11,4.273679505766629,54.70980912139192,100.0,45.29019087850808,0.9998294625196605,0.0303391290210831,7239.6579516917955,7855.571348706575,True
4047,290.1406847379973,102811.08307045349,0.5222210663450993,16,7,4.646500492538985,49.346408528402705,100.0,50.65359147149729,0.9983001486182639,0.03350694790852931,8672.292623610583,9796.82970656298,True
4048,304.45672625169226,149423.59989567052,0.4306766695824318,29,7,1.3386675106788186,54.99977494585427,0,0,0,0,0,0,False
4049,293.57715314471113,128378.51153806296,0.5391761205895484,23,10,3.2248982878924526,48.961700594786485,0,0,0,0,0,0,False
4050,290.9999008261122,145831.1667520871,0.5271399631443073,16,5,4.949816361868532,54.7503753574183,100.0,45.2496246424817,0.9946761326443513,0.14073190670898844,8169.642873571385,9261.349060082082,True
4051,345.5962937047205,149131.96667723273,0.40296552461751395,29,9,4.769727429506562,42.02376858634012,0,0,0,0,0,0,False
4052,347.8471012255537,112078.98758188906,0.6759758452438636,28,12,4.126889425923985,56.1336717570115,0,0,0,0,0,0,False
4053,291.77516721006754,119111.80592635475,0.683549957401082,20,8,2.2939508210208848,40.04809814967187,100.0,59.951901850228126,0.9985038042468464,0.21206718887592005,5987.495515214904,6960.854276187756,True
4054,310.1202682331019,125865.45711195367,0.4032831992915985,24,5,1.2463765729978535,49.08000478658638,0,0,0,0,0,0,False
4055,346.1472478634959,132707.1903205341,0.3933401679133466,19,13,2.4613774807144955,42.049813085256986,100.0,57.950186914643005,0.6735155409525074,0.00722154119027551,6432.677812277323,6821.787492150074,True
4056,292.4929335152456,136604.60778657036,0.30485359614131863,28,5,2.764708202301204,59.812164377516176,0,0,0,0,0,0,False
4057,297.9980061758287,131115.60610917798,0.6873832690784392,25,12,1.309498279955999,43.5654221419474,0,0,0,0,0,0,False
4058,325.63793356896866,140273.52555105326,0.6353168010374323,19,9,2.502536875080029,48.13062399611215,100.0,51.869376003787856,0.9990169279790436,0.24336650353895367,5507.702838183122,6060.159163392007,True
4059,294.6681914487223,125853.20348667944,0.5419180231739342,29,7,1.9487577093060393,52.42183009326905,0,0,0,0,0,0,False
4060,325.20484031961666,123250.1731595163,0.42203564591717935,26,7,3.358895351148414,46.52289869290185,0,0,0,0,0,0,False
4061,295.0767206584376,122920.57177529212,0.4462150627471866,26,6,3.983969653498179,58.28119059191083,0,0,0,0,0,0,False
4062,322.5155609394888,100759.67963795934,0.3416726706831385,23,5,1.765810660978321,43.68153195364791,0,0,0,0,0,0,False
4063,296.53028473562256,128915.60066984946,0.6191010789339633,22,11,4.384310032348683,51.73713023534609,0,0,0,0,0,0,False
4064,309.50875027329766,110734.79240890116,0.5652327062966487,29,9,4.055516614614449,55.15154729151453,0,0,0,0,0,0,False
4065,336.8865833876654,114782.04400396673,0.3808171992370909,23,6,3.922112078982228,43.309741910925425,0,0,0,0,0,0,False
4066,326.7259431342936,125677.0733226263,0.5367392387749969,16,7,3.232733963578914,47.07218785442694,0,0,0,0,0,0,False
4067,329.8538901575546,148024.7932184105,0.3775098435822196,23,11,2.4874927072047512,45.85754198236052,0,0,0,0,0,0,False
4068,329.77040369625996,123700.77981334251,0.3123675126007925,28,13,3.9419607733814477,56.784972826108316,0,0,0,0,0,0,False
4069,331.2606562362727,131389.84767590446,0.332708189373608,25,11,2.2693102939098524,43.97072216877103,0,0,0,0,0,0,False
4070,332.2559873472484,102621.28904085915,0.4227091512123876,25,11,4.193203715126017,44.33401462929875,0,0,0,0,0,0,False
4071,336.9333715461399,129769.28307460067,0.34635265558377487,29,8,3.463189756666197,43.742328693059385,0,0,0,0,0,0,False
4072,347.2977864104198,138538.9728336534,0.577813339790049,20,13,1.843630319652359,57.236206126652164,100.0,42.763793873247835,0.9992976280435184,0.2629037754334837,3686.375996909001,3955.005092386271,True
4073,308.48337490479776,121759.67677357563,0.689263909808114,20,12,3.8198250528828837,52.53851599312348,100.0,47.46148400677652,0.9999670592130329,0.40858547843725795,6933.614848863525,7673.305950337004,True
4074,292.12853548923056,133289.85507225065,0.39967252959466826,22,8,1.7429153721164004,54.88585005820886,0,0,0,0,0,0,False
4075,337.8250608396183,134709.55540450447,0.6982781103055463,28,11,4.80629210873057,53.25020369506012,0,0,0,0,0,0,False
4076,346.3513098549175,129687.91441309685,0.6445058657977175,19,9,4.634139386754806,42.53987186474079,100.0,57.46012813515921,0.9998039168810159,0.1645914933835556,9812.885943753645,10075.329011540323,True
4077,318.2913373096342,147719.0242970413,0.4018868194244398,16,9,2.898876205760049,47.59199513634957,100.0,52.40800486355043,0.7628271671728252,0.004422362967613517,6468.893498018431,7273.545871952217,True
4078,339.0394710012812,101125.11977224115,0.4908701967397213,28,12,1.9167737581451765,56.82046171171517,0,0,0,0,0,0,False
4079,294.0755379873078,131863.62394549593,0.43691941201865514,17,8,1.3852066128560807,51.20184531182821,100.0,48.79815468807179,0.882049698842353,0.01269175188468444,3611.7802700158595,4735.705837988491,True
4080,298.8662926041424,127021.7364647363,0.35897130319537146,17,10,2.5449186220702784,59.99009920053357,100.0,40.00990079936643,0.8777709226475415,0.012962832776299765,4404.5758202688385,5519.732983420741,True
4081,321.2567649647633,148517.3473281271,0.6229722766709478,24,9,4.1694472484432605,45.800115349772526,0,0,0,0,0,0,False
4082,334.78968545139236,110667.5967651758,0.6452345760480602,24,6,1.5872552583231907,43.88529046310897,0,0,0,0,0,0,False
4083,331.29263521015366,103418.47866506057,0.3608071300418272,15,11,3.9604528620052175,46.30554483913253,100.0,53.69445516076747,0.659087449644331,0.014931110095353462,8558.00085829997,9189.661953397152,True
4084,332.5112133840362,116517.68205811712,0.5033676026486948,21,10,3.647729801473984,55.3294754256374,0,0,0,0,0,0,False
4085,298.97808972267023,148977.82457066322,0.501098864450082,25,12,1.9309719004650643,56.95023229641336,0,0,0,0,0,0,False
4086,299.82515209311725,102163.99083060623,0.5214125714120659,24,13,2.6728358276234387,56.16868422957093,0,0,0,0,0,0,False
4087,342.4400819433851,120072.17603535845,0.6552391969564471,15,8,2.919976934651631,47.25698090657359,100.0,52.74301909332642,0.9987960604472969,0.27179922108300425,6268.2466076752535,6570.732089697569,True
4088,326.0503667688165,123126.33325566743,0.4749594106695505,24,8,4.198922385793621,42.95425411132066,0,0,0,0,0,0,False
4089,306.51866489590606,137021.29066018207,0.651001749915917,16,13,4.8352149562110025,45.732690019688675,100.0,54.26730998021132,0.9999541625261771,0.23691922426534867,9598.06193452288,10400.000664648871,True
4090,306.8621445111806,108465.0590059625,0.350716874661799,29,13,3.222844596363246,56.05849433981845,0,0,0,0,0,0,False
4091,317.16065548496425,119944.14347352303,0.5135601856715512,22,8,2.86235667147084,54.40703001400136,0,0,0,0,0,0,False
4092,331.3640648052909,144222.99771431315,0.44658574886455443,23,9,4.425940156669359,56.998159051751564,0,0,0,0,0,0,False
4093,310.377191141108,116017.68377622507,0.4623621077025907,23,10,1.8544569986995385,44.20525064459278,0,0,0,0,0,0,False
4094,343.2991068689782,101866.75697457917,0.49702391419470354,27,12,3.5107062763255312,43.72812003374028,0,0,0,0,0,0,False
4095,347.1075417696927,103381.50986131957,0.37352528246474215,21,5,2.718141254234591,53.596571345313144,0,0,0,0,0,0,False
4096,329.7090052207917,129290.16051443925,0.6329275150909455,23,11,3.2621444105691744,51.328776053212955,0,0,0,0,0,0,False
4097,309.4085036123631,137613.92507140947,0.54518903987861,15,9,3.017442875131497,45.90978196113347,100.0,54.09021803876654,0.989812012555567,0.021366247973484267,6600.952529793381,7457.236265023495,True
4098,294.0026407133097,116820.64295512791,0.5817834298865214,19,7,3.0505819297875822,46.953814819100415,100.0,53.04618518079958,0.997659995013023,0.11193104387955947,6515.925709575323,7538.042518628234,True
4099,335.6956422598944,124913.11858919373,0.5338573742798117,22,12,2.7169914596687588,55.47310993451397,0,0,0,0,0,0,False
4100,296.62157326093495,109600.5881906609,0.40022305285709464,19,8,4.7502295993702965,53.21533396660058,100.0,46.78466603329942,0.8552077867324926,0.00022201877782910127,8388.228715806277,9504.36465321329,True
4101,317.5634536104358,123410.11539654371,0.6270422968400082,29,9,2.917623454713471,42.43463337898002,0,0,0,0,0,0,False
4102,335.1542776074239,120069.37751163685,0.3428220143030013,26,10,1.3557295738060415,56.52391493637507,0,0,0,0,0,0,False
4103,343.4868156428,120752.34489013604,0.3906869750182803,22,6,2.3935571420404687,56.45104416423019,0,0,0,0,0,0,False
4104,297.8076616082514,107903.92459583966,0.6841238332304046,20,8,3.624735450630647,47.581212750315515,100.0,52.41878724958448,0.9994461193449609,0.3367425982132457,7348.694015433287,8234.61226202549,True
4105,308.36010493495104,106632.78353602387,0.32626922511185696,20,12,1.508291751893361,49.15801969517471,100.0,50.84198030472529,0.6368396423202647,0.0050605384437354285,4109.316022611009,5095.403856502569,True
4106,305.9895802109772,112138.52402191263,0.5234914565200433,22,8,1.6552929613521852,45.642141848005494,0,0,0,0,0,0,False
4107,320.01203046192177,129367.89147631708,0.536124599673794,27,10,3.274758934170003,54.39915089123417,0,0,0,0,0,0,False
4108,297.19820346764305,130953.78133791417,0.5816743167022906,28,6,2.702699273018996,56.17725844194953,0,0,0,0,0,0,False
4109,310.92992592769485,144442.2403908259,0.46877625932423034,27,10,2.7409680772555274,55.599442021295786,0,0,0,0,0,0,False
4110,329.53247294205806,105883.0709006794,0.4953007978852991,20,13,2.0238469138262505,54.12987410513128,100.0,45.87012589476872,0.9986558923624571,0.06873832291790188,4205.334497702027,4805.006542421072,True
4111,336.33822973876494,126627.9620920545,0.48973013103611884,19,13,3.572549104469439,59.407575598497736,100.0,40.59242440140226,0.9999229427847619,0.1411187499784039,5625.934996091324,6117.377936694389,True
4112,341.84916286729026,110655.3461242424,0.5894278332561328,20,10,1.6081917132385377,42.48924829416776,100.0,57.51075170573224,0.9949209379560187,0.04056357793190715,4551.454107413395,4924.13836877942,True
4113,340.41797273175786,113361.51168189754,0.3746208128458799,16,11,2.7819950242198193,56.84495862327656,100.0,43.15504137662344,0.8345124030430173,0.02548993860205028,5107.302893630271,5609.756926731396,True
4114,315.5734537359823,140405.16482317538,0.32664103758336394,29,11,4.051861581896812,42.84235951943323,0,0,0,0,0,0,False
4115,332.50180320865474,104892.2718700583,0.5226715076147904,21,6,4.738824864954493,43.2488677492182,0,0,0,0,0,0,False
4116,306.7747931675572,110610.73678165085,0.57943871755772,28,13,4.874856880828351,55.99399136865266,0,0,0,0,0,0,False
4117,321.82472803042725,110533.68340427228,0.6354877912092511,21,12,4.096694078975487,51.14348928996347,0,0,0,0,0,0,False
4118,293.76465914056007,119483.95527027201,0.5352755034334017,17,13,4.307835276075042,40.005385503437665,100.0,59.99461449646233,0.8789558634848896,0.019869543894994925,9887.051418249604,10942.751486710118,True
4119,290.5784914592634,144742.57983627386,0.5498197584637009,15,13,4.9027448255953825,41.318546789345135,100.0,58.68145321055485,0.8873034092486531,0.07051051377986899,10738.121757213214,11818.717036033775,True
4120,296.37127506900987,103185.8173557083,0.4625838098756098,24,10,1.7351011715398157,44.395553027557426,0,0,0,0,0,0,False
4121,330.1483826806313,108140.65832643025,0.6189007737281544,18,5,3.776882014901518,42.57181809812981,100.0,57.42818190177018,0.9948011305559938,0.11184214365974636,8324.19800123217,8837.981121684592,True
4122,343.3752248280992,117669.9412782319,0.6112712151279409,22,11,4.418365756354653,49.20992723946684,0,0,0,0,0,0,False
4123,341.0065818957047,124943.75996112365,0.6103704838657739,24,9,2.436932860775043,48.58887931751711,0,0,0,0,0,0,False
4124,348.212837232755,109760.57964863746,0.48517904402531997,15,5,4.119703078010476,52.91818886815649,100.0,47.08181113174351,0.9898917236533131,0.03611865393450321,7321.983315412587,7657.254746038676,True
4125,347.1406242581719,115795.46248425813,0.4299651752865065,15,7,3.3484933926876774,54.91307103884934,100.0,45.08692896105066,0.9458765934822694,0.006383684630239199,6010.045042331288,6393.087753414988,True
4126,317.3643692896256,149326.15450911978,0.3155203137807363,20,7,2.0380324669952574,58.3633208743646,100.0,41.636679125535395,0.7567061278771576,0.0007777972136919268,4008.3833479962755,4886.556662834352,True
4127,306.3194734392966,128197.8881108114,0.32203134142039297,26,5,4.417144736373608,58.504872103220464,0,0,0,0,0,0,False
4128,306.0580683579878,144476.29436803004,0.49981653745750065,27,11,3.5333340575382097,53.939514027894845,0,0,0,0,0,0,False
4129,330.82928150096626,120514.51847451506,0.6850340545076536,25,5,1.444317467284991,59.31116570739392,0,0,0,0,0,0,False
4130,340.847525728436,101106.57576550335,0.4083845811292768,21,10,2.8762280685854256,45.55627174766542,0,0,0,0,0,0,False
4131,299.52184955313703,115490.75782255371,0.32899700971155366,28,13,4.5141979235465195,41.50709170136454,0,0,0,0,0,0,False
4132,292.3230412796945,122009.5215136061,0.39773087647955385,21,6,3.482277371055222,43.62458581674364,0,0,0,0,0,0,False
4133,331.17741360609523,120459.59605576738,0.3389644039916734,19,10,1.7246953588664065,50.989078516778754,100.0,49.01092148312124,0.6878892466594333,0.00357697118340219,4274.1442208493245,4927.050039689935,True
4134,313.59239749078114,124313.92840125556,0.6016074331215839,28,8,4.665057696093825,48.49373288209735,0,0,0,0,0,0,False
4135,340.3704741676205,135812.92779032775,0.418557483947381,22,7,1.5900992834019876,57.8622608901413,0,0,0,0,0,0,False
4136,300.6656009444851,108977.70849214321,0.5678623734337007,24,8,3.4687941789914785,41.874428726032434,0,0,0,0,0,0,False
4137,343.2860076162661,141974.61536212685,0.5143407044314849,22,7,3.6672751935638113,41.62673542998443,0,0,0,0,0,0,False
4138,295.9179899921308,124832.13204194249,0.41453130288389944,25,7,3.9249789367978147,51.44315702298091,0,0,0,0,0,0,False
4139,319.6850627787218,118197.49033413641,0.5119758752234077,22,10,3.260242515125783,42.429029302678,0,0,0,0,0,0,False
4140,313.2331561126819,128980.90379083043,0.3029987759210142,26,11,3.234006997942714,48.57603362857381,0,0,0,0,0,0,False
4141,301.54658231399105,116145.22243390091,0.6693707190475644,27,12,2.8467170961414245,48.09095384824269,0,0,0,0,0,0,False
4142,321.4760436905626,126242.00315897856,0.6068604488434063,25,12,1.7549919658311286,40.77525769924209,0,0,0,0,0,0,False
4143,332.80443493277164,142283.92283180766,0.6923791037737134,20,11,4.568287905502624,53.50198036375099,100.0,46.49801963614901,0.9999568502231975,0.42506651055233696,7847.7331715453765,8256.177616264697,True
4144,305.65306456931177,124373.531734962,0.5497054647601346,25,9,1.7075155539578992,43.20826984409012,0,0,0,0,0,0,False
4145,314.4723010121574,138567.3929926657,0.58056094713297,29,10,3.5792206993871662,56.21647673543897,0,0,0,0,0,0,False
4146,291.3848409267427,116351.97257943302,0.5646199456329241,25,13,2.8357883664031425,44.55599855187073,0,0,0,0,0,0,False
4147,333.3308875561661,131247.52934158713,0.6475460179747223,27,7,2.376024598679262,49.42787635283396,0,0,0,0,0,0,False
4148,310.67353838114764,136328.78907700305,0.37008532525570625,17,7,4.4993468863734405,46.24207542936657,100.0,53.75792457053343,0.6882255391925601,0.00023730213715478804,9461.760932163748,10388.656616138504,True
4149,311.523350944015,130680.1276291893,0.37098866285943594,19,13,1.7331457043668652,53.5812034939518,100.0,46.4187965059482,0.7727959340071785,0.022893240754058276,4010.3046107597897,4930.299857155362,True
4150,318.47681914715423,138854.01577584387,0.5403382193629738,29,9,4.261375418811052,44.70553253262677,0,0,0,0,0,0,False
4151,346.27842365931883,142005.39212933538,0.36348540508876453,21,11,2.412948485769139,45.40588530005009,0,0,0,0,0,0,False
4152,331.1124549242014,123328.89894306703,0.6851911791355887,16,5,1.577009822085968,46.295522555130624,100.0,53.704477444769374,0.9834090579790075,0.33924778237851444,4209.754104528944,4650.962732761784,True
4153,298.4224662969771,120702.23528927128,0.42726136500703094,26,11,2.902599895774551,49.812513606100424,0,0,0,0,0,0,False
4154,317.6446715153542,110421.47689853096,0.6338566472301985,26,8,2.8653218580140853,46.45502817441723,0,0,0,0,0,0,False
4155,340.3285841628811,115204.93748564055,0.40630227275891145,27,13,3.2773487583464878,41.99274184766887,0,0,0,0,0,0,False
4156,346.9073788248166,105588.34636940378,0.5865252122614535,16,5,4.276989644401739,41.60610512568124,0,0,0,0,0,0,False
4157,329.8221681494735,132875.38628167458,0.5397723507899586,21,12,1.2775849122397984,50.954673131874046,0,0,0,0,0,0,False
4158,324.6359093633808,134912.57579363216,0.5568037442777012,20,7,4.109672701863915,49.8783414512343,100.0,50.1216585486657,0.998465632799126,0.1129935545521996,7765.103387342906,8391.378051213582,True
4159,334.0364233421517,118908.13506005125,0.6451035277221996,23,9,1.8018222540680482,55.101892290183685,0,0,0,0,0,0,False
4160,321.596766423117,148002.87388850283,0.5862127583291854,18,12,2.4037959787811327,58.95772167526528,100.0,41.042278324634715,0.9996962289265654,0.2983746038504717,4234.553739565029,4862.491110777566,True
4161,347.7375563683403,133551.12676041154,0.46255110612734773,25,11,2.7119043102356475,41.065626610448106,0,0,0,0,0,0,False
4162,298.1085135733537,103379.51421716674,0.4656181589332471,18,5,2.1578959558632604,41.66086467835057,100.0,58.33913532154943,0.7980093519095626,0.0001614160143001208,5800.099043652719,6841.609744829888,True
4163,308.44691471695097,125929.27684703248,0.5842762726364512,20,8,1.4607917121099698,48.21401757070355,100.0,51.78598242919645,0.9886723360678511,0.1499246556021778,3871.961717665095,4697.283682638676,True
4164,319.76095189524443,129656.73422461541,0.30054339409010133,16,5,4.74418286957735,51.53348784423132,100.0,48.466512155668674,0.6199585158633207,0.00013826643207142384,8989.914749547632,9831.336953294935,True
4165,327.33656907534777,141732.33766476176,0.6447308500994725,29,8,4.01087758033146,54.00781928078192,0,0,0,0,0,0,False
4166,312.11110962760335,121941.28088440931,0.39262994253948647,17,8,4.306696117753068,42.615182773072426,100.0,57.38481722682757,0.6838863247952949,0.00042982339811420075,9752.102165471622,10641.791636595835,True
4167,341.26467665839704,111463.40419570563,0.6560623907600484,19,9,4.081096928440907,43.515268348788815,100.0,56.48473165111118,0.9997512488536692,0.20993868627901596,8699.535997596146,9024.982824382529,True
4168,296.5664074264108,149950.03564885352,0.38114044139361425,20,11,2.232949627280749,40.68224717589781,100.0,59.31775282400219,0.6418789549054396,0.000964665478952166,6175.530036495093,7281.818983161289,True
4169,298.8741097051269,126818.47418257702,0.3827921008553042,26,5,1.3288879124765922,53.28289278969183,0,0,0,0,0,0,False
4170,331.94984260722725,105975.15722624595,0.59701009131473,28,12,3.7288152573971836,45.72725358796335,0,0,0,0,0,0,False
4171,306.21800677258693,132841.8685717484,0.4679625095422102,16,8,1.6720533266794118,52.57099906239694,100.0,47.429000937503055,0.9544798621852519,0.029043955951704985,3878.1453637619607,4822.882295460369,True
4172,310.2131433996201,112751.65664559384,0.652784750161977,29,8,2.3835882362399627,49.800644744093894,0,0,0,0,0,0,False
4173,325.5118469149625,116494.28099947268,0.4549396684787108,15,10,3.281903258638538,49.73917062901762,100.0,50.260829370882384,0.8869001646798379,0.018446375282864583,6672.248709519272,7350.927555032515,True
4174,312.9436747995175,123963.13015393713,0.5112376940700978,25,13,4.464664835235487,47.31427377306094,0,0,0,0,0,0,False
4175,297.65244873042786,129632.4914694082,0.5149288371191714,18,12,4.087870275907945,43.50953859967947,100.0,56.49046140022053,0.9068694332788848,0.006072023234996667,8877.663099723739,9902.835645075656,True
4176,314.1231880036365,139631.8990969572,0.371786019673457,21,12,4.260244773390261,51.68182424446292,0,0,0,0,0,0,False
4177,317.98861611208974,140420.5093465799,0.645842173948679,18,5,4.292859792644848,57.142667325969356,100.0,42.857332673930635,0.9954284929187068,0.3836504333664806,6882.23538510909,7519.806463861465,True
4178,342.4306683566715,141591.00314604485,0.45894427725955567,28,13,4.277978487712121,48.59404707276121,0,0,0,0,0,0,False
4179,319.2954472720272,144293.20443318534,0.3101711293112457,24,8,3.3130194518631386,52.37314540302617,0,0,0,0,0,0,False
4180,330.2612212237924,140849.814027191,0.6527010728163345,17,5,2.9544277905945595,44.34825530988812,100.0,55.65174469001188,0.9932170496980867,0.225395786660518,6680.106577931074,7160.617522072744,True
4181,327.1053927864692,112276.60643340365,0.5239485617945425,26,13,3.9572953796297163,49.4720629619855,0,0,0,0,0,0,False
4182,317.4021797838886,139081.76629398146,0.4409129610585847,29,12,4.056512046312624,48.62189819336739,0,0,0,0,0,0,False
4183,348.2602746295274,145179.8580083312,0.3816856003804544,20,13,2.3117751756061704,49.252141212801675,100.0,50.74785878709833,0.7452579089714139,0.007072191404400402,5334.972122963167,5707.294646640311,True
4184,337.1776507993873,126740.83539596121,0.46839074993214447,19,10,1.5393930875979727,40.0764813094171,100.0,59.92351869048291,0.7795393496082627,0.0031537704608747834,4804.941763783287,5294.642749497716,True
4185,329.5108228697423,105161.1549840308,0.6205307015647454,25,6,3.4116174514594135,42.98839629880471,0,0,0,0,0,0,False
4186,318.60565608965436,112489.01625138594,0.49429877612621576,27,12,4.473851112364408,40.606114098107014,0,0,0,0,0,0,False
4187,339.8936145386156,141159.0038810686,0.40015970321591876,20,13,4.339593116678706,55.0978981463069,100.0,44.902101853593095,0.8862663937743004,0.0040151985110400855,7434.149128674076,7938.138949662638,True
4188,309.7967992272352,141441.50654346682,0.32082480073065417,18,9,4.12591167120514,53.6800877366351,100.0,46.3199122632649,0.6917961318887789,0.0007184867375425344,7595.265607975919,8571.246687933217,True
4189,331.0644547505192,100322.98375577402,0.4928578595531282,24,6,3.4541359026116734,55.673997347352966,0,0,0,0,0,0,False
4190,299.3533752823717,103733.31198019267,0.443942201619289,24,6,4.837658234552179,56.89299070639389,0,0,0,0,0,0,False
4191,310.99125957842745,123817.04280222848,0.4402360432604739,23,5,1.894279204951891,47.65004712703521,0,0,0,0,0,0,False
4192,330.2832859350544,136071.88921383125,0.43525198753479566,20,13,3.7471677580378984,59.171500722264796,100.0,40.8284992776352,0.9998810392133197,0.0456367608871075,5874.802793414442,6502.817302125806,True
4193,301.41121904913723,136552.08489100542,0.5994933122711823,27,10,3.0195146578856376,43.66880550514797,0,0,0,0,0,0,False
4194,326.26557300260635,117743.09176319193,0.6083380596119645,28,8,3.8977295342200904,44.59511279343347,0,0,0,0,0,0,False
4195,304.6431538529504,112540.70764496093,0.3864846974781668,24,8,3.4370885420231767,55.34939424594622,0,0,0,0,0,0,False
4196,343.0629419829396,135783.24192141133,0.5035309626447348,16,8,1.306022578219235,41.483042796156575,100.0,58.51695720374342,0.8515596339522282,0.012597292933080621,4210.22018575256,4599.473500541209,True
4197,313.04421605014574,126326.25855129168,0.4626612348576117,18,7,4.404490716810727,56.158311022312986,100.0,43.841688977587005,0.9978843807726139,0.04481719570307381,7184.97876766287,8041.089413783685,True
4198,336.3968236314025,140661.29809177032,0.675055778080601,26,7,2.914099456046067,51.448602523213985,0,0,0,0,0,0,False
4199,294.6450455714947,127113.36741977352,0.5015879082035776,16,9,3.9233230988697416,56.597596411858376,100.0,43.40240358804162,0.9993274699680876,0.11988759935990756,6477.682168487433,7542.7183226920715,True
4200,344.5903070711862,131782.67418862088,0.38590633185455164,25,8,4.2264035400832904,58.62004592612824,0,0,0,0,0,0,False
4201,327.4769155828878,117433.41947221011,0.44045075356661517,27,10,4.58266766419934,56.58628194367313,0,0,0,0,0,0,False
4202,324.98480066455977,116268.11968914364,0.38846223853344397,15,5,1.367141844473296,46.474215275796304,100.0,53.5257847241037,0.7232637387332289,0.002862658529066669,4035.0809978803873,4748.894723134475,True
4203,335.8674734554762,115508.75061321072,0.6297269062891775,16,11,2.3121866269640723,56.531460651651905,100.0,43.46853934824809,0.9994554415131397,0.3454331659695009,4364.406929784847,4765.791456119763,True
4204,331.54668610553347,147032.77986356447,0.37721057368101485,15,10,1.613972218080794,52.004899044266125,100.0,47.99510095563387,0.7455034321863755,0.03731527861638475,3982.312271693071,4604.8139476532,True
4205,329.6306812843936,126402.15526886337,0.6960008641793464,15,11,1.5292133276642417,51.96748684009276,100.0,48.03251315980724,0.9978969749894653,0.416964503743819,3683.858872581303,4135.2658111934015,True
4206,349.07112029023125,132118.53532725156,0.4187798217387584,23,5,1.686085817660481,58.32696082897424,0,0,0,0,0,0,False
4207,299.4684578612284,102914.6223419088,0.5590976455142007,25,5,3.1512634392549685,57.751921145330485,0,0,0,0,0,0,False
4208,317.152124325582,114420.47294839504,0.5741702651262495,27,13,2.3421776057480113,48.256943484972496,0,0,0,0,0,0,False
4209,303.2895164134854,142547.36707359581,0.36457842355127945,20,11,4.7534167218086365,40.62904830706046,100.0,59.37095169283954,0.6138722499352146,0.0002874395708244553,11038.477476153119,12063.117836383775,True
4210,349.2557381078485,131919.59080848293,0.65734581862833,29,9,1.4118334724171604,59.92568574893557,0,0,0,0,0,0,False
4211,308.126669691095,139817.88500319578,0.41992999641537315,23,13,3.267765608979265,44.17037920419309,0,0,0,0,0,0,False
4212,296.1374186975201,141657.13498423834,0.5350102096734191,28,8,2.7699323032453846,52.672319283693334,0,0,0,0,0,0,False
4213,345.6843187684534,133951.79477405665,0.657497018401746,28,7,4.258074760155918,42.87007587216873,0,0,0,0,0,0,False
4214,328.50495322696054,121608.29919243675,0.6636568688024898,26,9,2.120127782572781,42.506067255885576,0,0,0,0,0,0,False
4215,344.6843852442785,114880.28803527367,0.5870737072473364,24,7,1.3048967838044823,54.154276856893645,0,0,0,0,0,0,False
4216,291.3934892789175,125386.23018164844,0.3831958296074578,15,13,1.662150132475943,40.64501716190444,100.0,59.35498283799556,0.581844589719855,0.09310416822684028,5125.62385800863,6283.9084455740685,True
4217,321.47063894540014,118100.30590511725,0.5907679314016201,17,11,2.8406086578900958,48.31529060529821,100.0,51.68470939460179,0.9996570000128685,0.15335547751015166,6016.9800505641,6662.406633301516,True
4218,299.23040657662057,109885.90678876931,0.39873135567186246,21,5,4.967773746485241,59.77418241558044,0,0,0,0,0,0,False
4219,320.61233893277443,127929.32665743699,0.36610003529553875,28,9,4.002493015910905,56.993938093847234,0,0,0,0,0,0,False
4220,334.97579320756876,136304.96668354457,0.683811611529456,23,5,4.220979104855381,41.9655464499013,0,0,0,0,0,0,False
4221,313.6735286809792,131153.51153121985,0.5703168660844249,20,7,4.384530180771491,40.03657713312434,100.0,59.96342286677566,0.9510822130303657,5.950433364792624e-05,9887.075355069872,10667.547854002756,True
4222,321.7903757976048,137745.04409412527,0.4358324208172623,17,10,1.6681490466865723,56.31191735484911,100.0,43.68808264505089,0.9387696538143102,0.04564043029722508,3578.2977405518063,4322.480358469882,True
4223,310.27285928485594,135073.55512775126,0.3324820522669917,15,5,3.9372419889099914,41.60005236835989,100.0,58.399947631540115,0.5691770665278938,0.00019965755486189688,9366.56433239059,10313.940533410161,True
4224,334.2325759517725,114645.77251179714,0.32884738408692615,26,8,3.3415368568700465,42.720928638169745,0,0,0,0,0,0,False
4225,290.9255893181481,130980.62403212191,0.3965707111793992,18,8,1.537326067370243,59.887329738641945,100.0,40.11267026125805,0.940981886090217,0.03191782332187469,3122.9901029595026,4319.611376246633,True
4226,312.65354093946456,117835.34145059911,0.5117214314074,21,6,2.049015166380417,51.53937999650592,0,0,0,0,0,0,False
4227,317.85508662865664,110257.55929414085,0.30042636531502154,18,11,1.288306794480489,45.19166321805073,100.0,54.80833678184927,0.5427056884375564,0.0065908870443080496,4086.053195439322,4946.630367711163,True
4228,344.0351721338372,100614.1106134075,0.6451865903867935,18,13,2.3991331571621552,42.88319769920893,100.0,57.11680230069108,0.9997969110646131,0.17286394043828393,5884.848661635022,6179.848748367465,True
4229,321.3237521040201,121190.69201484886,0.5219891642699268,25,9,3.690808618628272,44.21184345362069,0,0,0,0,0,0,False
4230,306.87929143421076,106096.4591288641,0.3439693274019988,28,6,3.529508512850895,52.04998158232787,0,0,0,0,0,0,False
4231,300.95165168712487,128156.09749115337,0.4571112378762857,16,12,2.1747055108555458,45.32790109827116,100.0,54.672098901628836,0.8017506668229238,0.04142666590966349,5461.126831234983,6465.44948685378,True
4232,317.5862110413523,101880.92692818068,0.3571966595396273,25,10,4.470557660188298,51.95301393699352,0,0,0,0,0,0,False
4233,328.20149720508584,102573.96216281258,0.4249245709749499,16,9,1.994293330414142,47.738958852574456,100.0,52.261041147325535,0.8040796453063681,0.009855003081906379,4921.762479916805,5572.953406828559,True
4234,315.1926611714575,139356.65690496494,0.46065745733846386,19,9,2.053331472025593,53.043767821649816,100.0,46.956232178250175,0.9731109672616345,0.007031603026179347,4370.565508310544,5202.932565054999,True
4235,325.7644246548619,116819.60130363486,0.6039316628714473,25,7,2.123489096553169,53.135710404300454,0,0,0,0,0,0,False
4236,320.3742888636128,110436.85871764834,0.6222159745451218,24,5,4.826768427115697,51.047831643622544,0,0,0,0,0,0,False
4237,335.1672223313569,131493.858142057,0.42115226885550694,26,6,2.2707294936875266,58.215432329237835,0,0,0,0,0,0,False
4238,314.1795252022667,105182.34020592087,0.5249011312959998,27,9,4.650686688012295,41.80718127749195,0,0,0,0,0,0,False
4239,294.0989837009524,130610.43352139585,0.6262716698521138,15,8,3.7165386225700017,58.960700325621644,100.0,41.039299674278354,0.9992108899920131,0.3666893125812332,5867.887558549805,6831.340717483347,True
4240,313.32411967517476,113771.49715764774,0.5771174867968443,24,5,4.739460732633238,48.80329408478822,0,0,0,0,0,0,False
4241,303.31467433317346,125043.85605225811,0.5404766962564538,19,13,3.8924686414885086,43.91817061422348,100.0,56.08182938567652,0.9578548052728861,0.00748787507475783,8390.487441021538,9329.702968980546,True
4242,345.52816269866616,125594.73157541326,0.5279894112285476,15,9,3.0186479371109733,53.6934506280987,100.0,46.3065493718013,0.9983452163547388,0.12233565697037335,5642.381511946071,5981.209906515885,True
4243,349.9239060250569,130787.63558115093,0.4629304782544108,22,6,4.152593886885663,51.24097714890157,0,0,0,0,0,0,False
4244,302.5539138228964,131137.049659613,0.653858224788098,22,7,1.7626889482047412,53.68990489091146,0,0,0,0,0,0,False
4245,345.9874528763,139796.4294419689,0.46390787933869015,18,13,4.9823719967779,42.77935690913183,100.0,57.22064309076817,0.8051500324605001,0.007470040300471999,10764.613785497682,11128.545936974808,True
4246,345.0416858634366,107013.44135726539,0.47909041998837,22,7,3.595368873323835,44.69845157738631,0,0,0,0,0,0,False
4247,297.0506004805694,125227.63969803043,0.553025913400115,22,7,3.88053085868236,53.177366996346734,0,0,0,0,0,0,False
4248,306.1102507920027,109796.09271976825,0.48471527084595345,26,8,3.45509127617283,54.97434074397092,0,0,0,0,0,0,False
4249,314.55943939043874,102298.57836732495,0.6656490846393828,24,10,4.492792122814109,50.530925802915476,0,0,0,0,0,0,False
4250,317.0822915903316,102066.52334327326,0.37392156927891973,28,11,4.219613721952548,59.50112277054224,0,0,0,0,0,0,False
4251,304.4705747863315,122422.72910632452,0.6922362224725376,16,12,2.5510344983895927,47.67847356059372,100.0,52.321526439306275,0.9998192195507891,0.3546997356525695,5631.659687770749,6426.130273344514,True
4252,343.44895595962055,108755.99634416042,0.5020511258037392,28,10,1.409731041666082,50.96075118800523,0,0,0,0,0,0,False
4253,349.9833006028674,104812.35706513553,0.5067986728539102,28,10,2.870035830425765,46.16231268803226,0,0,0,0,0,0,False
4254,334.899104237465,145520.82250365196,0.4615213462395418,16,13,4.5359061542990196,56.08965082449993,100.0,43.91034917540007,0.9828768739962885,0.05337845039562553,7394.942213405467,7937.184216826027,True
4255,324.31735735959916,130536.50366094432,0.36317125538264355,17,10,1.2616141148953521,43.245579433586464,100.0,56.75442056631353,0.6332078852150099,0.008782531482795472,4137.962775320874,4867.902551020021,True
4256,297.5369701795043,124906.4343782251,0.6742127021751128,20,10,3.7077944196707415,55.838698586562955,100.0,44.161301413337036,0.9998466147292554,0.41667780634865376,6301.701724352089,7189.943578436192,True
4257,303.8594535847011,139495.31994272792,0.31985584685271173,25,9,3.2609004252696696,52.18769794310822,0,0,0,0,0,0,False
4258,337.61847964446906,131328.6315679059,0.32444743219130145,23,13,3.310620768593245,51.155975011125555,0,0,0,0,0,0,False
4259,293.62620422071865,117392.026957266,0.30730371674329204,15,11,4.989919573432016,59.68297950773753,100.0,40.31702049216247,0.7388522752122695,0.015784573139651925,7673.241968473536,8884.76758969218,True
4260,299.61393092669095,129788.59413272791,0.42212701173724204,26,5,1.2938010851963642,48.120754563495666,0,0,0,0,0,0,False
4261,323.7827995766228,147472.29071740218,0.5395261290010511,19,10,3.6409758095169646,45.60546698525803,0,0,0,0,0,0,False
4262,298.2422782599941,121889.29296332167,0.5890968753307275,29,5,4.1078650655974815,49.92297368598555,0,0,0,0,0,0,False
4263,305.971035397318,109377.20013625272,0.3481856047048634,19,5,3.021448462872657,44.042299434817984,100.0,55.95770056508201,0.622208511558712,2.7603710311877333e-05,7264.526399229004,8266.161032549655,True
4264,306.0406572860504,108649.2614201827,0.5088064115959517,21,9,4.49785333308679,41.03642359749667,0,0,0,0,0,0,False
4265,329.6709029952851,137432.97358791446,0.4161449737219719,18,5,3.7255194140580734,57.85921162958782,0,0,0,0,0,0,False
4266,305.2520863540053,127438.61027445632,0.41130241873547785,17,11,2.3426626194795928,57.221537718795034,100.0,42.778462281104964,0.925814960858805,0.026652850756274778,4400.741946074587,5394.209291816001,True
4267,294.42506667983844,104787.57700585765,0.5982414543181745,19,9,2.96596003618931,40.838558172909316,0,0,0,0,0,0,False
4268,303.962950051174,118388.249594318,0.39702707295904893,19,5,3.063426462494062,55.912635359253485,100.0,44.087364640646506,0.9002316916592937,0.0002621466068921225,5540.346055458816,6564.04733743532,True
4269,318.92933647015093,125190.64885378988,0.3363580347702588,28,12,3.936042871441944,41.156006060332125,0,0,0,0,0,0,False
4270,336.4376141002092,149902.79778584983,0.6378402191275039,21,7,2.84994406054527,42.86588374857719,0,0,0,0,0,0,False
4271,348.25038296303615,111576.00210140272,0.36151513432901117,18,12,3.3998828374150296,43.805458402647744,100.0,56.19454159725225,0.6398496942229998,0.004462271325128338,7964.128990835944,8337.999167883176,True
4272,292.99799428035857,146656.68172518292,0.3150227239271592,28,6,4.848551864693992,53.23428780266756,0,0,0,0,0,0,False
4273,349.3400689247906,122341.06221444052,0.4396103709176232,27,7,4.006308791204407,47.16760906862384,0,0,0,0,0,0,False
4274,346.70534211038625,103712.18046873985,0.6237659053243545,29,11,4.504915278235711,46.07714813262683,0,0,0,0,0,0,False
4275,317.8029086373868,107694.10108456307,0.4956460798542178,24,6,4.694453808192871,58.73476779355872,0,0,0,0,0,0,False
4276,291.78518915962104,122377.91888633578,0.6799527246107644,29,13,1.3446301749296807,52.22190801128649,0,0,0,0,0,0,False
4277,314.01519538024024,130998.85024562321,0.4984171640374493,18,11,3.6294462611402922,58.01595628566751,100.0,41.98404371423249,0.9997828509784226,0.1355961280329118,5891.391369987158,6695.858377212637,True
4278,315.4952067506547,118287.64314774505,0.4455043817250417,29,11,1.526261553515775,43.081566369416564,0,0,0,0,0,0,False
4279,349.79648944693474,103091.67111985997,0.36580253976260807,23,9,2.265748897907417,44.708898493158465,0,0,0,0,0,0,False
4280,325.97739807823234,103766.3045990935,0.5137831529895895,20,7,1.619375649219922,57.21697750482443,100.0,42.78302249507558,0.9788732037336889,0.16602830891696319,3412.0503169029816,4034.184081504548,True
4281,290.7750621379371,137477.72172233264,0.45740604432679677,16,12,1.3825199359661144,43.34564097459502,100.0,56.65435902530498,0.7622487585564216,0.05896582348919845,4273.673285773132,5405.5340921621455,True
4282,335.10576567516415,119313.55711280616,0.44666135457384876,29,12,3.518605449318561,56.199636787349924,0,0,0,0,0,0,False
4283,316.68555109226594,142566.93635455123,0.5768839521506555,17,8,2.202959079790232,50.9959448466186,100.0,49.0040551532814,0.9965666705528125,0.1735866244433959,4760.917584444624,5476.8196650256905,True
4284,326.1847113745397,146210.13535465102,0.30592793748522507,26,6,3.294958895811132,51.28641847408701,0,0,0,0,0,0,False
4285,348.1492813117615,129405.22133550046,0.507150104762017,21,7,3.4829830437997895,56.83450618211995,0,0,0,0,0,0,False
4286,314.80218005565166,103879.73618933235,0.3991041885751899,19,13,2.126948515651537,59.95286487197353,100.0,40.047135127926474,0.9370343992304372,0.03978451853534192,3845.4299654823785,4712.955105696256,True
4287,313.53048999074997,143478.83726517553,0.416942401984421,17,5,2.415327101122716,50.398931691606286,100.0,49.60106830829371,0.8399630742875001,0.0006259466386345135,5296.107388954558,6166.941537772667,True
4288,327.15975283957573,110007.42875494489,0.5881121555052151,27,8,3.111959716775678,43.66435348318519,0,0,0,0,0,0,False
4289,295.26560901369874,149067.54787498974,0.3520757771128064,19,10,3.583066643057622,59.080367005184655,100.0,40.91963299471534,0.8577108102394545,0.0018676781288460528,5844.910654582068,7014.048536863303,True
4290,323.191644581193,111016.11148351626,0.4835020999881371,22,13,2.224503827467331,50.85175367419526,0,0,0,0,0,0,False
4291,295.48586298441506,129511.5990711427,0.4470166595341188,18,12,2.6583942830475635,46.5531298041388,100.0,53.44687019576121,0.8273476398622154,0.010360747609872155,6126.053825868456,7218.054227711239,True
4292,308.0395689805253,107516.78009872141,0.644659306711392,24,10,3.4290358828359597,47.00273541155383,0,0,0,0,0,0,False
4293,329.20940846262334,137805.20530210127,0.6551919329797808,27,11,1.6481529028757658,59.692044265942414,0,0,0,0,0,0,False
4294,346.4079099762011,116919.41669267394,0.4217616732846396,18,9,3.655192290522727,45.293076323713,100.0,54.706923676186996,0.7702784183996806,0.000809427676519942,8053.25587128632,8433.259836548155,True
4295,346.7413108884698,143927.18397067883,0.560955919456378,22,11,2.0974858590706016,51.600321309639185,0,0,0,0,0,0,False
4296,344.19731392472085,138969.0153157644,0.4127722120745937,18,9,2.9314582649969045,44.41456792424804,100.0,55.58543207565196,0.7417297347858633,0.001078081697016722,6940.6123866371245,7356.0961669506,True
4297,311.8481226168404,104877.71818552395,0.6150321054372718,17,9,1.392841835889817,40.46057207924052,100.0,59.53942792065947,0.9886420784924813,0.0652312193149668,4328.779726270588,5101.222565788704,True
4298,293.70830770546644,104475.30315379033,0.46978740208295156,28,8,3.221722906805666,42.604114473441385,0,0,0,0,0,0,False
4299,334.6930799962983,111717.21527166839,0.5541105023951232,27,9,4.2003227846727045,57.0965449091929,0,0,0,0,0,0,False
4300,319.9193073144083,140524.68074465694,0.5109645090408985,20,13,2.1780185332391673,45.45896432061445,100.0,54.54103567928555,0.9273787535573539,0.011366236991646643,5332.807437927521,6060.739911203414,True
4301,306.9400251651355,139440.59429034847,0.43774596053909187,27,5,4.284255707785129,41.996159390776654,0,0,0,0,0,0,False
4302,297.4446384262904,130012.32030212083,0.6583395061434165,20,13,2.05379592398279,51.78480764568795,100.0,48.21519235421205,0.9998099222465285,0.34040742957639825,4462.989507049302,5367.887066862285,True
4303,336.2398691318387,132619.97090741273,0.3228817433633194,29,6,2.4886551216155715,56.75140375211133,0,0,0,0,0,0,False
4304,290.75259712648136,144283.64433440985,0.4482037035933869,28,10,3.8084333213390655,52.68471924991804,0,0,0,0,0,0,False
4305,301.4714687865855,113554.19091934519,0.3678574575831209,19,7,2.2506224628828346,42.09320449466178,100.0,57.90679550523822,0.6351500380855856,0.00014887701937036263,6066.778972812577,7116.560987549769,True
4306,335.408059632332,127131.104356753,0.4384011880449449,27,11,3.1535956984169227,58.018973740896634,0,0,0,0,0,0,False
4307,293.5221194991687,119759.79807652641,0.5576443539238429,22,11,4.496776874759084,44.289091479652065,0,0,0,0,0,0,False
4308,298.7625133905908,110973.62087021978,0.530322194274663,27,12,1.8246396457706207,42.94879188193255,0,0,0,0,0,0,False
4309,307.46977861320113,109623.90124052961,0.4588421368870007,29,10,1.7492545493819849,42.34239124647276,0,0,0,0,0,0,False
4310,295.1611713686882,134970.3563356875,0.6453296093777227,29,13,1.4992193897592578,40.58982448315593,0,0,0,0,0,0,False
4311,348.6899927199013,142528.43262554478,0.6954937287240005,17,9,3.6030791906247632,55.961673397707905,100.0,44.03832660219209,0.9996694427416252,0.45612658284397256,6144.612036921307,6323.317770205923,True
4312,312.54412687349657,143386.15415001486,0.4190086039097443,17,5,2.4712991256086014,56.01625712221655,100.0,43.98374287768345,0.9479243397225023,0.003686429300024617,4678.366548107803,5572.746053888274,True
4313,294.28921777523294,147663.49956436365,0.3196962183330792,20,10,1.8675376407301711,54.52268337208149,100.0,45.47731662781851,0.7006027876443284,0.001983165730308761,4166.531645429838,5358.169065831673,True
4314,299.4835700341885,127839.82541327798,0.39983662542870113,20,13,2.1835849055868213,40.26612745817527,100.0,59.733872541724736,0.6667526219480242,0.0038735807662906912,6104.052197019623,7159.304418378413,True
4315,349.96676987199896,116794.62085141486,0.4422754994543059,15,11,4.783420945859057,59.07761858136968,100.0,40.92238141853032,0.9986854764241844,0.056837635706783164,7175.5257703639845,7503.722945652454,True
4316,343.3888992296404,129561.05528996422,0.4637312418310601,25,11,4.704962474168774,46.40324284511011,0,0,0,0,0,0,False
4317,298.5437711339144,141203.97329034927,0.5057191682979103,25,13,3.2887886350732582,42.94634945744465,0,0,0,0,0,0,False
4318,293.48569519004434,120321.89899002093,0.691738026659955,19,11,4.528496907929294,40.7259705677974,100.0,59.2740294321026,0.9999624227795548,0.243135454162684,9932.512860207426,10876.627069723734,True
4319,339.6831253148211,125627.16711370525,0.4727278520085481,27,6,4.924418468151239,43.71996790153746,0,0,0,0,0,0,False
4320,290.24832414964743,149083.4780263713,0.642544503412332,29,10,1.8101269526168484,52.09578106202172,0,0,0,0,0,0,False
4321,323.588076388196,105664.03045442363,0.3178041056657952,20,12,3.6424379348245726,41.25057481428096,100.0,58.74942518561903,0.5404304075836462,0.0007380283051682491,8887.882803484068,9652.300521744137,True
4322,322.2424925742803,134875.83217658638,0.42320799693181443,29,9,1.490992570280422,46.747541966168434,0,0,0,0,0,0,False
4323,311.56156464211233,130804.62391133702,0.5607979534453592,24,6,3.0560979355646154,51.85949730079784,0,0,0,0,0,0,False
4324,343.14272660726704,100963.0042708982,0.40516997506423863,29,5,1.3701909272727362,46.9973503964952,0,0,0,0,0,0,False
4325,311.4219289464686,117485.53191013451,0.663399031933515,21,5,2.1623294267328026,57.22662754849259,0,0,0,0,0,0,False
4326,310.7654572234089,119561.1330558542,0.5125479841846061,29,10,2.7245312753007593,46.262977498902046,0,0,0,0,0,0,False
4327,319.60350767833853,143365.23556439747,0.6346567734268822,19,10,1.6550536159259497,45.14670337897531,100.0,54.85329662092468,0.99755015925877,0.1937349483465735,4416.628257353386,5057.592861259789,True
4328,332.10630232012534,141772.07088955157,0.4086205901308135,25,11,1.966006503923448,52.02529028804302,0,0,0,0,0,0,False
4329,304.16324906570094,117551.90863139261,0.5950783352024052,17,10,3.327168465754384,47.82409770223177,100.0,52.17590229766823,0.9996849242636316,0.15365012990765028,6843.646573738215,7719.776775000804,True
4330,299.8815271319945,129801.3163887038,0.38711811074206826,23,7,1.5040311743651653,58.05170564131127,0,0,0,0,0,0,False
4331,293.2078901174624,120189.93836356938,0.31651851133941317,23,6,3.336362403240451,45.270894716814205,0,0,0,0,0,0,False
4332,321.8022891134177,138387.92736418248,0.6932000718514906,24,8,3.018823601284418,40.268001200514945,0,0,0,0,0,0,False
4333,322.02025689592654,107757.5632185532,0.6329606716871714,25,9,2.0965520529623682,50.773309188602454,0,0,0,0,0,0,False
4334,332.6101434298336,104304.79739805943,0.6064659291751974,16,5,4.710167903185801,50.70224441520921,100.0,49.2977555846908,0.9956194200163694,0.2280930747941167,8540.281276018546,9011.803861079623,True
4335,334.1570058157887,107648.19872872124,0.6852482308852686,24,9,4.607379265787718,46.528197771043295,0,0,0,0,0,0,False
4336,349.1505671329098,101435.39035678019,0.6975116865795007,16,8,3.3180163333341257,47.53529271247607,100.0,52.46470728742392,0.9992920000580366,0.36443684228717527,6867.55818451717,7045.880448716366,True
4337,324.9298704551455,120932.04273435062,0.6466786470251018,16,5,2.7229059702267002,50.80341471157809,100.0,49.1965852883219,0.991653906245425,0.31261415468583,5561.395433943543,6110.275388770316,True
4338,344.42443260863314,122480.6103836856,0.4197791795321236,24,10,1.3963562834716863,59.42491667519573,0,0,0,0,0,0,False
4339,290.23526431749076,108116.92200045462,0.3090829946487128,26,5,2.2253334636098643,41.09238647520934,0,0,0,0,0,0,False
4340,295.58886889150165,140733.16351809408,0.3283339715086244,24,8,3.1845605622146413,55.83114784951769,0,0,0,0,0,0,False
4341,348.54239014895256,124230.80146427812,0.5827979239774979,25,12,3.606984018153831,58.60173488922311,0,0,0,0,0,0,False
4342,327.4227993203604,116052.80145967002,0.6727339816413989,19,13,4.298996052279328,52.98601423569684,100.0,47.013985764203156,0.9999860514397225,0.38236639876663164,7551.0270278560365,8046.8983015222775,True
4343,322.97182855755375,109483.00456054811,0.42379873599340695,15,5,2.269893120002127,47.67038438889575,100.0,52.32961561100425,0.8083616621891498,0.0016529624276443236,5378.044087436059,6107.079596787126,True
4344,321.2726435290347,111866.49197578964,0.4546805891839244,15,12,2.8581078532667346,48.60931763209228,100.0,51.39068236780772,0.8271632264058869,0.060876933942771716,6212.125757472068,6938.158025122366,True
4345,340.5153874713618,139993.80229978074,0.5904002168008977,29,5,4.047156308467872,54.12207640914981,0,0,0,0,0,0,False
4346,299.27273890156437,133059.90276763076,0.30498981449297136,18,5,3.8300103421282765,59.96714869972054,100.0,40.03285130017946,0.7615980844116605,0.0001706588243926213,6122.654788553336,7263.70431265838,True
4347,292.17865512656897,122636.74984553093,0.36005467965889393,29,9,4.186928055429982,49.093131184608964,0,0,0,0,0,0,False
4348,299.09476570136474,105795.88381324268,0.6942818565226387,24,11,3.384678137361819,43.678548259758124,0,0,0,0,0,0,False
4349,326.81414955514884,148802.7408854455,0.3126717676542037,28,13,2.9728800785641925,44.85593307365948,0,0,0,0,0,0,False
4350,333.64405676376134,135137.35272113027,0.6661601202763183,26,8,4.790607036526484,56.187741199304114,0,0,0,0,0,0,False
4351,298.1362725607743,102433.30922761915,0.48983243718135006,23,12,1.9575039750800782,46.22501917151955,0,0,0,0,0,0,False
4352,330.9169506664916,105029.94264435215,0.5427310442459637,27,10,4.722248250209923,41.115347485441504,0,0,0,0,0,0,False
4353,298.49685748260066,125007.51345040678,0.5876011795214775,20,10,2.1803936254228553,56.685020375744614,100.0,43.314979624155384,0.9989013173578226,0.2733120955390229,4176.4434628225445,5116.053414133499,True
4354,290.01862609309615,144882.493829211,0.5314846858772307,25,9,4.391021601635911,51.05776692759318,0,0,0,0,0,0,False
4355,313.0360028675469,121324.19652602155,0.421659503308069,27,9,1.6248832714841699,48.77976738107698,0,0,0,0,0,0,False
4356,298.42525300765533,117290.07027746833,0.46247913701838783,25,9,1.773423622134528,57.990841085822915,0,0,0,0,0,0,False
4357,324.1228215821797,100707.4629914898,0.3880307357046737,22,13,4.602521567170372,57.31164226408403,0,0,0,0,0,0,False
4358,326.78496870363875,140159.5354176127,0.47634334497624575,24,6,3.5007948996483007,57.00800842355832,0,0,0,0,0,0,False
4359,315.96112714592437,128134.53192427492,0.4987246523132115,20,9,3.309401372038862,53.49334664381945,100.0,46.50665335608055,0.9991298737920159,0.06369472711246878,6075.725970104387,6865.561353958537,True
4360,323.57786952035644,145769.4427321792,0.4448983543750211,18,12,1.9020266920776416,58.03764631831258,100.0,41.962353681587416,0.9737566350522031,0.06251709816360113,3711.6999790026134,4424.841737055744,True
4361,293.2618505380488,109142.04711409012,0.5769850773372984,26,7,4.330642251953903,49.73221699337519,0,0,0,0,0,0,False
4362,317.02765095096015,120118.9249929976,0.4493639461385411,22,9,1.5610956069022977,40.1836288440951,0,0,0,0,0,0,False
4363,347.74607405060885,106454.59530248395,0.3330334647729653,18,11,3.7753504543877368,46.9747015742552,100.0,53.0252984256448,0.626201720107883,0.002104017496854495,8170.299278895275,8569.404248975883,True
4364,320.0310179172775,141290.7607898613,0.569648627043086,17,9,1.3634233071193673,40.39194318667584,100.0,59.60805681322417,0.9431810253613003,0.018421476200073478,4320.845973407103,5010.858797406614,True
4365,338.48341565514,127908.19465482015,0.591366676186849,21,8,2.6757156510952704,54.085511428237126,0,0,0,0,0,0,False
4366,337.9118814189724,114462.86831411393,0.6594857906277258,29,10,2.0855949699463645,51.98577406766927,0,0,0,0,0,0,False
4367,327.99267909508484,112862.71059988468,0.33419654624836037,18,6,3.992380530580509,47.10418947058189,100.0,52.895810529318105,0.6317357876654545,7.415921372825973e-05,8514.870623367735,9212.775675654504,True
4368,335.62442767114567,143372.11836767418,0.5352981886281071,28,13,2.8313676898229536,43.55674783524988,0,0,0,0,0,0,False
4369,324.4364134682569,138067.34654601355,0.42484654173817965,28,8,1.8628795933463296,52.43247698236885,0,0,0,0,0,0,False
4370,316.21067666186167,116943.73239413887,0.6641692537808415,16,10,4.2635565098343795,45.94649270163488,100.0,54.053507298265124,0.999872261738121,0.2692324255723878,8623.812186984063,9286.788734016429,True
4371,338.95952681942646,144878.87921482645,0.6404485860543987,28,9,2.220025911743896,52.664395068655594,0,0,0,0,0,0,False
4372,300.44005478244947,106676.55890959475,0.3994854961975747,19,6,4.9136831687389,59.82312466381869,0,0,0,0,0,0,False
4373,307.7882216032636,138491.57996375143,0.3713165931455856,15,8,2.215632653214383,46.464609705689114,100.0,53.535390294210885,0.6891109401553543,0.005162304967814897,5508.998288766684,6474.609777999915,True
4374,300.3787317013706,127785.48330638626,0.6193043397347866,17,13,4.3635600503717535,40.08243980037772,100.0,59.917560199522285,0.9997176333428335,0.05067569908311262,9741.32386803214,10665.363705944113,True
4375,332.7682754723819,146813.5720489771,0.5536440889814838,22,5,4.231318409430927,41.85586067809871,0,0,0,0,0,0,False
4376,315.0485200993592,141757.31931885105,0.6266187011926481,16,9,2.6260295877266566,59.41220068981151,100.0,40.58779931008849,0.9990086539346132,0.3722184175637469,4461.741023778447,5150.12058947368,True
4377,326.54754988828546,122186.15203115059,0.5261952839144958,22,7,1.4236223745852734,44.02193094365696,0,0,0,0,0,0,False
4378,338.7384556529757,145293.1103304783,0.3386220954875119,24,5,3.8716291185502216,41.586048562757526,0,0,0,0,0,0,False
4379,332.5827027891685,121577.66677709915,0.5722788753960026,24,9,3.6759294798150934,53.75183014800111,0,0,0,0,0,0,False
4380,291.6372627191086,146327.0760938007,0.681393390872649,29,10,4.237209475770563,46.43364092617809,0,0,0,0,0,0,False
4381,347.494034499092,113591.49558298549,0.3255619776673452,28,8,2.4333904230523866,53.373114464378354,0,0,0,0,0,0,False
4382,305.0750553181873,141951.2276090651,0.5080558313510769,27,9,1.789011379477433,52.9319014863817,0,0,0,0,0,0,False
4383,328.64465830358637,145887.36586170908,0.49819575876825495,19,10,1.9457464622920821,53.13995330143343,100.0,46.86004669846657,0.995629364123379,0.05953997192918321,4187.871165856904,4799.691280719803,True
4384,307.9652838460685,111691.03476582584,0.36143370216849624,18,10,4.588280285066663,45.749531342933956,100.0,54.25046865696604,0.6655510635046761,0.0008072729302353603,9732.675481234783,10701.327416587046,True
4385,318.7268215961632,147130.7070595478,0.5343265869549484,24,10,1.2154888019288217,43.49063574955669,0,0,0,0,0,0,False
4386,290.973080160461,128841.07428531937,0.3522235736695508,24,12,3.474845218819352,48.07883700674653,0,0,0,0,0,0,False
4387,324.0704244783889,116456.27642194998,0.6214591364197366,17,5,3.102176985799265,44.8388589245178,100.0,55.161141075382204,0.9928962911980347,0.16451763113808754,6869.07977465996,7459.288457866675,True
4388,337.4942534105569,142330.58014051782,0.33052065255266444,17,11,2.12091520444602,54.22504261568204,100.0,45.77495738421796,0.7046043956796513,0.014732559383814268,4561.794154487888,5125.487011362576,True
4389,297.5294256028961,103528.84634752505,0.5899778677337608,19,6,2.970680997905352,57.19066273236728,100.0,42.80933726753271,0.9949847686614393,0.2868159369435574,5157.735852341319,6106.798928213794,True
4390,321.5621940087225,115374.61033263546,0.6751987341862513,27,6,3.8079408713071574,50.10166780696062,0,0,0,0,0,0,False
4391,311.8032377552077,114874.46894449047,0.49932841598373634,28,7,4.590231420107863,55.27178490736184,0,0,0,0,0,0,False
4392,323.2253430719182,112174.60406380062,0.5456361276940307,21,10,1.8088647132144413,43.59701816420323,0,0,0,0,0,0,False
4393,343.1716179926492,128794.13249372791,0.4777910155115471,27,12,3.185321772273341,48.31726178307625,0,0,0,0,0,0,False
4394,345.3818281791291,107453.6434264447,0.3633832617001047,19,9,2.4760330671263238,42.067313607071696,100.0,57.9326863928283,0.6268895357361027,0.0004980418339375181,6497.10653157931,6912.872238284216,True
4395,325.5689444191986,120150.27889975373,0.49409273759444605,16,5,2.45172648599516,43.63611008721493,100.0,56.363889912685075,0.8759535837511352,0.0008609324955885714,6043.810477940324,6698.1688755633795,True
4396,312.4934131869354,117153.9455756509,0.39577400395769674,27,7,4.771886892743002,51.54900735022754,0,0,0,0,0,0,False
4397,322.9190364053083,136291.48102851206,0.3500851901068298,18,7,1.5053755315211534,52.39817355505629,100.0,47.60182644484371,0.7329065436665434,0.0023072408255335837,3792.6989006998087,4563.982648995214,True
4398,339.2467116152597,133946.70853572368,0.6120224442349378,19,13,4.749815366110651,55.95089787580262,100.0,44.04910212409739,0.9999852592842495,0.3065866192722474,7676.732405440418,8042.001586434132,True
4399,324.240290808553,131166.13618256446,0.3164551829573276,27,6,4.72010020712475,49.02170488502008,0,0,0,0,0,0,False
4400,345.4767090832877,121365.09522006073,0.5270946905370912,29,9,2.3877920800552106,56.15180033716943,0,0,0,0,0,0,False
4401,317.6899291983601,141870.15032770345,0.6286675544360718,24,11,2.7828013647240715,50.52321637091238,0,0,0,0,0,0,False
4402,317.94946005333236,112856.77808521362,0.30375326251578927,26,12,2.1985330083873666,41.612981923881215,0,0,0,0,0,0,False
4403,315.01222673138415,125701.55580647159,0.6667481883414118,18,7,4.034736023751705,49.0988876737825,100.0,50.90111232611749,0.998986912958884,0.32231417145153074,7769.330025562263,8441.859381295664,True
4404,337.6444656054221,114476.97298441242,0.42424857775199165,19,7,1.6582035239165216,43.27410119697576,100.0,56.725898802924235,0.7474855189209417,0.0005345478475919548,4784.954387527948,5292.373899071018,True
4405,294.9372130401272,141465.3098896796,0.3396016934617694,24,7,2.4834922603952903,46.65518238164155,0,0,0,0,0,0,False
4406,317.525787476658,128102.66505209262,0.36485739021593544,24,10,4.188768559693506,54.45879780157436,0,0,0,0,0,0,False
4407,336.80122558993713,111566.58066518517,0.670526633810222,18,7,1.641765017152696,40.30870267505859,100.0,59.69129732484141,0.9927128551783039,0.19341902628263768,4787.108164193092,5169.910160141448,True
4408,293.6965896043827,101688.7638277638,0.521231115131358,25,10,4.423823563409067,40.923831447228444,0,0,0,0,0,0,False
4409,317.00764570916374,117735.28578243614,0.3942776482435496,26,10,3.8306984099237296,56.26984327859279,0,0,0,0,0,0,False
4410,323.2109894040792,139046.37431844973,0.5998345572306629,17,7,4.087078330276705,51.38942610490922,100.0,48.61057389499077,0.9986435546877679,0.22259181014281806,7497.407819250043,8104.734079367874,True
4411,323.526809901207,103584.55580891205,0.5096004113963054,25,12,1.9221770527532547,46.0181601689249,0,0,0,0,0,0,False
4412,293.65330431113927,137849.93972059674,0.5003904842436518,27,6,4.474945487707306,55.1319147104428,0,0,0,0,0,0,False
4413,338.05361701772733,123982.15068589487,0.6162908816875573,25,9,1.9890942723947682,48.61920581084122,0,0,0,0,0,0,False
4414,329.75277824367015,103867.18852134718,0.31620276477539805,17,13,1.2274182715089401,46.004103157154866,100.0,53.995896842745125,0.5536220815610736,0.037539509776573235,3913.75412028925,4586.007580838041,True
4415,310.90845229372627,104112.61835394504,0.5656507970707507,16,6,2.3321028287103154,45.06511827727964,100.0,54.93488172262036,0.9908096206450816,0.04736486241962616,5559.196496178793,6378.2552734695355,True
4416,296.24732007179523,142705.93480645324,0.6576009136228887,26,9,4.379365982356272,40.702903522454676,0,0,0,0,0,0,False
4417,312.92293093141603,135612.27024343374,0.31179926063668356,23,7,4.2566873851067655,59.21270810578987,0,0,0,0,0,0,False
4418,296.9823933748752,147670.20079285686,0.6007035668234977,20,9,4.969192023119344,53.365297142517086,100.0,46.634702857382905,0.9997900806715286,0.25195118967113145,8437.788488242193,9391.58201238388,True
4419,339.25529646679416,111966.2805821656,0.4425128211921362,18,12,1.2069691729231145,51.06022207611623,100.0,48.93977792378376,0.8420091105236472,0.05960734647185736,3375.4994017884087,3849.715189982935,True
4420,297.88789576492655,114242.5338765465,0.6272371351092599,21,5,3.412398458553401,55.63851339602619,0,0,0,0,0,0,False
4421,332.1369739071466,111163.4623193345,0.3649352058201884,18,7,2.8915039328701524,48.39341566745248,100.0,51.60658433244752,0.706815883897426,0.0003554117443310973,6410.807635763425,7034.420766780631,True
4422,308.9309494957197,120543.54903035631,0.44389262152835396,26,13,2.9646807664909955,53.348172336318655,0,0,0,0,0,0,False
4423,346.77237950674856,119261.7982568468,0.42105376978764897,17,13,3.894686049889902,49.20135728067343,100.0,50.798642719226564,0.8073826821999569,0.022168867810917977,7816.098307001279,8192.04492684864,True
4424,338.22610020444813,127660.93820359063,0.4177570225871567,22,7,3.562846095338929,47.24761362502986,0,0,0,0,0,0,False
4425,305.8238603939658,109317.65572152114,0.4550834007098634,18,10,4.691783672052159,47.13235349679417,100.0,52.867646503105824,0.859673200349823,0.0012607207935443315,9375.142129008476,10328.193299854407,True
4426,303.6243921923071,115017.15787061932,0.4229406632100815,22,6,4.562486625693288,42.51444437562151,0,0,0,0,0,0,False
4427,333.45424134149243,130521.0736061874,0.31916643005080153,20,12,2.792654807249174,42.919062882622335,100.0,57.080937117277664,0.558225705503521,0.0012257101811961363,7041.20377620095,7660.286924655273,True
4428,303.8955612790214,102500.00469258249,0.49920169931934943,28,8,4.151772939070088,52.71688372052772,0,0,0,0,0,0,False
4429,316.5126500151469,106758.72695764707,0.6985501360304524,18,12,4.618780043994952,50.231681782901916,100.0,49.76831821699808,0.9999797589388892,0.39990110611078067,8475.80488419558,9105.505863489445,True
4430,301.0869834862398,128558.14149785803,0.44719258667917894,24,12,1.848354716755479,58.05839985083621,0,0,0,0,0,0,False
4431,298.3631552489161,138604.62693166762,0.39057020588867053,16,12,4.335272004921497,50.173435565878165,100.0,49.82656443402183,0.7662392039308141,0.017497740226280145,8411.658196402163,9498.69596525316,True
4432,301.06561439354795,106697.61357977465,0.5099921471127612,19,7,4.36429531149007,58.9777733061305,100.0,41.02222669376949,0.9982345475428355,0.1703812302764517,6672.404815038691,7639.398354560621,True
4433,333.17319436730895,129135.94257003316,0.41870384205596467,25,8,2.650583666853083,47.547603267460815,0,0,0,0,0,0,False
4434,293.72624660580396,106782.02408304332,0.3646456789930788,15,13,3.158295119456931,59.24002203183849,100.0,40.759977968061506,0.7632543798174127,0.09038355316998817,5365.5385779912685,6522.600936889124,True
4435,340.8707345669126,108254.60725049075,0.626897755432785,24,11,2.0580174448415613,57.8288850614398,0,0,0,0,0,0,False
4436,329.95814801655683,106018.2690740207,0.5076037275507133,19,5,2.54288033806255,46.11311181122927,100.0,53.88688818867074,0.9417325356712272,0.00031527716486021807,5857.162646693745,6449.04419307647,True
4437,335.8055019595694,130161.68137370778,0.5222861175126643,23,5,3.746754905601459,54.809420960637645,0,0,0,0,0,0,False
4438,321.9906954632971,144677.60804544197,0.5252323835115681,18,11,2.713974713139823,41.61151017259687,100.0,58.38848982730312,0.8953907932457632,0.005822526348968783,6712.578379465891,7399.03314211927,True
4439,338.67054080097523,132748.49837088055,0.46380436901158006,27,9,1.9683633153901665,56.37795146130084,0,0,0,0,0,0,False
4440,343.90344978873964,135901.6979548298,0.6454233015129455,29,6,4.356537736621866,40.92753491259659,0,0,0,0,0,0,False
4441,342.0914658555083,118975.9762307329,0.5013521889725281,21,11,3.4737629873306863,41.35513287010599,0,0,0,0,0,0,False
4442,349.2737477444721,110161.89866662101,0.34088173290021645,25,8,2.5897338925556967,45.96544312124792,0,0,0,0,0,0,False
4443,343.7503190101195,110778.58654958426,0.5151365119432103,21,9,2.827763570486014,51.499536809933886,0,0,0,0,0,0,False
4444,304.17207110047974,137925.04981813912,0.6909669003796861,23,6,3.673304466209675,56.14163007123388,0,0,0,0,0,0,False
4445,319.5204043125873,149246.41980456852,0.3708312803818529,28,9,4.614733097247302,55.491829843228416,0,0,0,0,0,0,False
4446,292.71128857946223,129356.70565537231,0.5917025594453325,22,12,3.620578292017174,59.0281487409219,0,0,0,0,0,0,False
4447,318.15409143794324,140011.05654212355,0.3932263313325265,21,9,3.2585978483478044,56.078649346286504,0,0,0,0,0,0,False
4448,326.83012838557966,140766.77959070352,0.5108921918125402,25,10,2.2499842394777376,51.64091283613493,0,0,0,0,0,0,False
4449,342.65418766873273,101229.56113241045,0.5728989791058041,16,12,2.6694562123297785,49.215428713615296,100.0,50.7845712862847,0.9991893114318886,0.1330002126109897,5649.292292010196,6006.062600735022,True
4450,325.50399087840174,125995.85450569469,0.6995275719893825,26,10,3.0441615485567586,54.13496842428439,0,0,0,0,0,0,False
4451,340.16805529870146,107383.09911700412,0.6959673110706125,28,9,1.544819163923675,55.03103223761563,0,0,0,0,0,0,False
4452,329.7071424303741,134360.20296259798,0.45498034480237903,20,11,1.9423378941129374,49.8320283529105,100.0,50.1679716469895,0.9009927462645182,0.005963656720055253,4564.4390417025415,5186.362988690902,True
4453,303.19518391605163,148083.2615641111,0.6226973651336313,28,11,1.678918107582372,43.27184938365161,0,0,0,0,0,0,False
4454,332.67155725791906,140805.1991271166,0.5825169629795837,22,5,3.7933109730308257,49.43188883885289,0,0,0,0,0,0,False
4455,328.06812643513905,138326.92444030524,0.411606159637919,17,8,2.3885733560430666,51.429496788247825,100.0,48.57050321165217,0.844008987728784,0.0032423449606859265,5141.853121717068,5809.038883551802,True
4456,291.0467873404405,118934.32138747975,0.6635027335436408,15,7,4.278416940359008,45.11052851728207,100.0,54.88947148261793,0.9991120860385755,0.25514088928783124,8783.357425688824,9774.12178280752,True
4457,309.7609111284512,103236.92541736212,0.3345492086944115,25,9,3.3536234512877536,51.815215597114985,0,0,0,0,0,0,False
4458,344.5754085169695,141696.30055331072,0.5675416647835545,28,8,3.9113874250234666,44.34341076883652,0,0,0,0,0,0,False
4459,299.42519810302554,135953.78428356582,0.4913088001925381,27,7,3.9893696066149573,43.00544225910148,0,0,0,0,0,0,False
4460,334.07266843214165,140124.7663407274,0.5394224344724203,20,6,2.4587064573514468,42.07809638583063,100.0,57.92190361406938,0.9311996954729468,0.0001495097692337135,6158.968767859326,6670.720234226925,True
4461,320.3443654006494,139195.24503931927,0.549356269022591,25,13,1.4321634251920452,59.37725893488271,0,0,0,0,0,0,False
4462,340.79281760960754,146419.41163309454,0.5993818791663614,24,12,1.7955174766376514,49.00865315740472,0,0,0,0,0,0,False
4463,345.5525007171058,113749.33988625267,0.5634073557664584,20,11,2.529773588744313,40.040237070689756,100.0,59.959762929210235,0.9382311107446443,0.0021202237480678057,6497.656010081862,6828.6406049673,True
4464,321.2156366910215,137224.79683085374,0.5348713587010853,19,9,4.635961143970268,42.92335565005976,100.0,57.07664434984024,0.9368420411841666,0.0003626954379313844,9878.601949584536,10576.19039698322,True
4465,338.39915858120673,109616.4211389627,0.5406074172653043,20,10,4.465406121422734,43.5192197614268,100.0,56.480780238473194,0.9568349491769679,0.0004209133058088048,9441.700635403498,9893.685326614346,True
4466,302.669905311381,145530.3156751615,0.64483605100298,27,7,4.265958651704434,55.75032420627227,0,0,0,0,0,0,False
4467,345.8937919301404,132374.2200019469,0.6503010335385433,22,8,2.3496417152853084,52.07467741309041,0,0,0,0,0,0,False
4468,299.452178885836,101521.03663503569,0.6979708166030181,22,7,2.1821041926680804,57.61713249127987,0,0,0,0,0,0,False
4469,292.08749184877286,136050.65550637012,0.5924635623240695,18,8,4.524754028463117,43.76969672160818,100.0,56.230303278291814,0.9994952053267679,0.06954069476183407,9417.05422114183,10462.734052723157,True
4470,345.69586084432797,119850.26230271318,0.518302124203623,21,12,1.3048562811370241,54.38210685910799,0,0,0,0,0,0,False
4471,333.6727802712662,101440.6678909367,0.4153657783126818,19,12,1.900921859892653,59.49675956233139,100.0,40.5032404375686,0.9580359168189874,0.045935971250354465,3592.913844994457,4179.282312874743,True
4472,347.230198960726,145467.21171912816,0.48777692786886995,26,7,4.9343125049020164,58.81409246945119,0,0,0,0,0,0,False
4473,299.51497385481696,128734.64932130964,0.6407475269411539,26,12,4.531381573857816,53.37658095178502,0,0,0,0,0,0,False
4474,331.71467690042994,127967.0074451385,0.6766924638149924,25,5,4.280267887350554,47.40152134819525,0,0,0,0,0,0,False
4475,326.66803245618956,145379.08284920853,0.5584277693548827,25,8,4.480869876774569,53.16087234445862,0,0,0,0,0,0,False
4476,346.7195988115281,125642.73576445936,0.47846721302100337,18,12,2.4210822223705604,51.49073063489652,100.0,48.509269365003476,0.9595119176498976,0.025272765085647554,5073.155528102263,5433.2277309775,True
4477,301.1580864898079,127624.86822931374,0.3286474634969938,29,5,1.5866804466995739,53.41867491293728,0,0,0,0,0,0,False
4478,318.3024003653528,142650.41495880706,0.5503691555193964,23,6,1.7580927727969424,47.704223819851556,0,0,0,0,0,0,False
4479,327.8023716132392,127079.19641122766,0.5848575522363906,29,5,3.9024764964624454,59.524033456289715,0,0,0,0,0,0,False
4480,321.6623092674329,136819.50728261843,0.5961877457601663,27,13,1.8973032736233892,49.99621130035695,0,0,0,0,0,0,False
4481,312.5500267778331,115402.43802720298,0.5729649773267101,28,7,3.401726169090195,57.772018757183965,0,0,0,0,0,0,False
4482,295.7906903997152,107725.71534946002,0.40745490943729135,27,8,3.359902908065333,41.0601609590588,0,0,0,0,0,0,False
4483,306.8910717652385,112582.7391713332,0.35270670057383935,17,12,4.638006573213892,58.04021958845166,100.0,41.959780411448335,0.8252730997550533,0.011073143120748953,7414.44842620746,8419.341816477556,True
4484,305.9727669692684,100603.83649571904,0.6731713672279476,28,13,4.031581142943535,40.154674684304034,0,0,0,0,0,0,False
4485,292.73708876561494,117536.36559064056,0.6978835105369102,27,6,4.175623759921365,45.45199566268996,0,0,0,0,0,0,False
4486,333.40526374824833,125299.84567800188,0.4579802922457248,28,8,2.0447952253770105,55.866262912068585,0,0,0,0,0,0,False
4487,305.6369952237809,108241.91830734932,0.48295903658559797,24,10,2.695863748090753,56.97088684997537,0,0,0,0,0,0,False
4488,345.0959027006616,123942.30805072005,0.6621647678462974,23,7,4.191430430822321,48.449901602847355,0,0,0,0,0,0,False
4489,312.98894214202596,109392.44817899005,0.6715403619668974,28,8,4.19126818713704,46.83007183137691,0,0,0,0,0,0,False
4490,349.7524117516301,137067.19052423333,0.5620469179346956,22,6,3.5277649661547468,48.011806095271815,0,0,0,0,0,0,False
4491,290.47388884149757,111891.32917234935,0.4817505990545562,19,11,4.232065196724112,57.81479518403205,100.0,42.18520481586795,0.9998673169105565,0.10369824301706076,6690.058266346225,7825.443159552315,True
4492,342.9128884410309,112935.11203873232,0.4455434029017362,24,5,3.356948531934983,57.84678557151133,0,0,0,0,0,0,False
4493,345.93052503471966,104229.35196337727,0.6097501419633224,22,8,3.937807064411107,50.53712725541121,0,0,0,0,0,0,False
4494,299.3702271663123,134881.09904059657,0.6175017039300454,28,13,4.9610344996062565,40.46424960261128,0,0,0,0,0,0,False
4495,315.02685593649795,117983.27861648236,0.6871333727076996,24,10,3.954899842699609,41.15508535680999,0,0,0,0,0,0,False
4496,349.88160747203904,141454.196004691,0.5727651136932946,21,9,1.5740027171660587,54.24710251070817,0,0,0,0,0,0,False
4497,343.13115637012953,120870.54740866339,0.30442127242413597,26,13,3.200853418120383,42.0428773837102,0,0,0,0,0,0,False
4498,298.20390901858775,128613.38069760003,0.3247727324835033,18,12,2.9062726082583152,51.56026575006566,100.0,48.43973424983434,0.663233275953517,0.006796876539626153,6076.427623125512,7206.565639206396,True
4499,322.3018052239097,128486.98151491527,0.466038978030554,29,9,3.379870156141318,43.03097765843822,0,0,0,0,0,0,False
4500,329.86642699647336,117574.39762353952,0.4818078727614471,21,7,3.727804488435945,56.592117936273716,0,0,0,0,0,0,False
4501,338.55680677509145,109689.76251034685,0.6148854793757521,20,7,1.3985577447845858,48.353846002075926,100.0,51.64615399782407,0.9832289286793541,0.22146514359561928,3768.208655990291,4150.312853735589,True
4502,328.81213043374487,129239.29264212129,0.5504978845908195,28,7,4.026786401530707,56.386125343951385,0,0,0,0,0,0,False
4503,331.51070969503536,126864.72751595467,0.36957692909593265,26,13,4.76803101998065,59.729328979205135,0,0,0,0,0,0,False
4504,348.366056740371,101083.28090508257,0.5663020624634514,21,5,3.947321770251879,45.217715956850796,0,0,0,0,0,0,False
4505,333.22274926528394,113762.38359081473,0.31905882230042737,27,7,2.638199164991091,59.91752012087572,0,0,0,0,0,0,False
4506,342.316537388513,113975.90726169283,0.35089350244543077,20,5,3.1448511586241152,57.45126982518569,100.0,42.54873017471431,0.8245185517474775,0.00012986449803711924,5528.0358251300595,6019.994411136384,True
4507,290.72195731078403,134744.97935482633,0.3339035910369707,20,6,4.178481282413416,45.896365675686674,100.0,54.103634324213324,0.6171435372269614,1.4482533204908177e-05,9050.334014627544,10270.2760525042,True
4508,309.97343130613064,111031.34174687749,0.5521790361796992,27,10,2.431870689778389,50.1595457344184,0,0,0,0,0,0,False
4509,344.07230488653346,124761.42287576207,0.45191971734798037,21,9,2.323081840119104,57.64522756606195,0,0,0,0,0,0,False
4510,300.1692794447593,117145.65514602128,0.4124490909480822,25,10,2.9409207664090316,43.787540317682534,0,0,0,0,0,0,False
4511,339.0245900111775,133543.67141055324,0.36156687840889995,29,11,2.704872517950747,59.130566024437044,0,0,0,0,0,0,False
4512,313.54260535385896,146094.35213945725,0.39629610858285635,27,10,4.658961893022213,54.56115297879148,0,0,0,0,0,0,False
4513,294.3938520026922,136970.00497274927,0.5719264650290317,29,6,1.9087533242098935,49.30934487270228,0,0,0,0,0,0,False
4514,332.3840215109446,128653.98846344458,0.42684365181271744,15,13,4.142653251423131,53.46229818683225,100.0,46.53770181306775,0.8278441409330197,0.07777247672412585,7497.623586407365,8078.443548740623,True
4515,298.0210490930541,133908.14392222656,0.517597938280055,19,8,4.204559145717431,58.76197094400404,100.0,41.23802905589596,0.9990986634801219,0.17968911462348408,6506.55237640941,7507.475480020696,True
4516,329.47059815132275,145797.67689672371,0.6427584117325702,22,13,1.44599200619179,42.314916933793214,0,0,0,0,0,0,False
4517,319.8518906460697,100567.96685072334,0.3765523535243016,24,13,2.0598714615965577,48.23523553506207,0,0,0,0,0,0,False
4518,299.5457264561638,108056.01999627927,0.6471710627230659,22,5,1.6261615648648005,40.18456686095135,0,0,0,0,0,0,False
4519,292.9692039164776,131301.36822680954,0.639222885503078,18,7,2.692180093941739,50.266519380123135,100.0,49.733480619776856,0.9975348551304032,0.28470988527955615,5568.625525550279,6546.820544744385,True
4520,317.4179845425907,119913.33918512469,0.3725667462353541,25,10,2.541066919607477,45.01458531746277,0,0,0,0,0,0,False
4521,290.8991890942777,102802.06078036471,0.5359112033701781,26,13,2.586223873638124,46.56591800961441,0,0,0,0,0,0,False
4522,328.61066654471375,146496.81511112716,0.670562476382336,24,11,2.2018545156993925,53.010801859287156,0,0,0,0,0,0,False
4523,319.694124214671,107362.88376494535,0.6009934565836816,17,9,2.878691005230875,43.84728418076266,100.0,56.152715819137335,0.999127014185224,0.09111155568074586,6602.712145758416,7275.1437540164725,True
4524,348.39879081880173,119407.0395067851,0.6211239357859825,28,13,3.9476201755820606,44.25157733625924,0,0,0,0,0,0,False
4525,332.8548161998925,144370.90841931183,0.31689659215486354,28,5,2.7378105831399004,41.14942120938615,0,0,0,0,0,0,False
4526,349.30894030600297,132065.80712199552,0.5059448343783355,15,12,2.8212239890565645,54.490726529678525,100.0,45.50927347022147,0.9858396592843554,0.10515304813392014,5286.990793826104,5582.08067768139,True
4527,309.3055576472455,143195.12437391034,0.6659123505609479,23,13,2.386545661140796,50.90040190930949,0,0,0,0,0,0,False
4528,344.29463997771586,146576.54595086136,0.4156113327548605,25,7,2.0031053157020726,57.58643150727141,0,0,0,0,0,0,False
4529,301.30862220336985,114922.18517662078,0.46206556118525577,23,12,1.8604442438051638,41.05287497304738,0,0,0,0,0,0,False
4530,345.0537456696632,104139.91793151258,0.5473335609269974,17,11,2.3703591968249924,46.69258263646262,100.0,53.30741736343739,0.9950175754635004,0.03624771618293516,5451.504429420036,5800.933818008039,True
4531,302.1095347998206,114539.96553160432,0.5311788849856817,17,13,3.277060837113254,52.3084179199038,100.0,47.691582079996195,0.9997084820331154,0.10398375142499097,6182.99274918931,7133.486442892876,True
4532,328.5967077808899,106792.00257306354,0.5220352646067112,16,10,3.356076628546126,41.92431190643757,100.0,58.07568809346243,0.893103238080468,0.008010418120151509,7834.25790902979,8429.05433930701,True
4533,290.5689513078401,100531.61223691033,0.5475322045084006,15,11,4.203071797210712,53.08558195500614,100.0,46.91441804489386,0.9996986677301158,0.1479171900404804,7399.095925592335,8482.678817634604,True
4534,314.2417564379806,117685.351249124,0.623336963164008,17,12,3.487340677420552,54.90949120696252,100.0,45.090508792937484,0.999924598020538,0.31409137220062044,6132.892208937126,6839.895485149078,True
4535,340.8893211557913,106859.8293179762,0.5345828677733665,16,12,2.43015676862386,52.56638181637382,100.0,47.43361818352618,0.9978458407174122,0.11654163575691098,4933.8653682143995,5338.802392188329,True
4536,344.7369232309621,141017.69205975806,0.5623955120775656,20,9,4.035089361793776,46.93005354569581,100.0,53.069946454204185,0.9996066897204777,0.06797687877061694,8099.8507045320075,8441.041391089313,True
4537,297.29287377721437,128860.84539724563,0.6143959328441738,25,8,3.201670094780546,58.30808168356687,0,0,0,0,0,0,False
4538,342.34464512394993,126180.4562310963,0.6073327718432783,28,12,2.3752563045453328,59.288671220543364,0,0,0,0,0,0,False
4539,314.221385900599,108045.98850439177,0.3655135660277919,16,11,4.445098088112803,45.9437136681319,100.0,54.0562863317681,0.670468202315144,0.00671151682580235,9443.166657556523,10320.801853357783,True
4540,308.9090658389978,137605.1282337443,0.33543613432385466,17,7,3.0101118102986817,49.44387793591501,100.0,50.55612206398499,0.662975667084324,0.0005292652891213398,6510.720878646838,7485.345993694145,True
4541,333.1387184135382,101075.07215303507,0.6694975206597245,26,5,4.93590684567942,50.825107831884935,0,0,0,0,0,0,False
4542,327.45570836176506,116150.57092915739,0.4804643983148685,27,11,2.7094001285054325,51.17511448963383,0,0,0,0,0,0,False
4543,330.6913525850923,111316.16364948188,0.6036275120592023,28,11,3.828149000786677,58.707600712738,0,0,0,0,0,0,False
4544,318.90106878175993,124032.68645361962,0.35496128210192646,27,12,4.032920639760454,46.700666386340075,0,0,0,0,0,0,False
4545,335.51058614773706,118379.92469247353,0.5194853406061581,28,7,3.784814771121341,46.26955668898228,0,0,0,0,0,0,False
4546,340.78241051309345,117936.54028648166,0.5560669734719303,18,10,1.5378186869602655,54.42834517174799,100.0,45.571654828152006,0.9920671151274655,0.19101443800941914,3511.4268055896446,3895.3254763646437,True
4547,315.2004085990432,117105.48123544309,0.36093332043432547,21,11,2.0101414856576625,52.899684691518935,0,0,0,0,0,0,False
4548,329.1475079859421,108327.91683845039,0.6123827317355646,23,6,2.8162684482116096,42.45465070513851,0,0,0,0,0,0,False
4549,299.9803948093864,146639.22147239334,0.4565259719668081,25,5,3.159597221141121,49.63791346404691,0,0,0,0,0,0,False
4550,346.62064388659024,128181.97377818124,0.30097058963700674,16,8,4.922620797531196,42.716066776049054,100.0,57.28393322385094,0.5250295235789625,0.0004988914476439496,11073.763360766934,11501.106987237636,True
4551,341.7664539926361,142689.96896260977,0.3257469139437141,15,8,1.7402986800014832,45.308217535827694,100.0,54.691782464072304,0.5909055019563134,0.00567307629647351,4856.469320767746,5348.039235945834,True
4552,316.80245052132744,130659.79499728148,0.4250124158298694,26,11,4.458288936915445,48.08616653456004,0,0,0,0,0,0,False
4553,319.43080106412,138778.40670267746,0.38996624257888823,17,13,4.581859205958463,52.06891318698658,100.0,47.931086812913414,0.7941213786444495,0.017926567868617623,8428.431339173758,9226.408287830207,True
4554,322.5564503376398,106184.3269453623,0.6876227432995043,16,10,3.623637168994879,48.87954795640622,100.0,51.120452043493785,0.999835556507587,0.3610964809246804,7164.369810285999,7721.3360269640725,True
4555,316.9044200062669,133040.0625226295,0.46986317375273823,17,6,4.61372400558448,45.21340333322385,100.0,54.78659666667615,0.8574629395007088,0.0002002885855784564,9585.934590496245,10375.924706581154,True
4556,337.5149027157101,139103.57997262685,0.4743990040458036,22,9,2.466969658207235,57.02356131827244,0,0,0,0,0,0,False
4557,338.15417681116793,118745.77051492546,0.5637349412049895,23,6,2.7194387350740845,55.25803326656954,0,0,0,0,0,0,False
4558,315.11301538423214,105917.87031176596,0.34547024133408344,24,5,1.28023195277291,45.23266311236517,0,0,0,0,0,0,False
4559,302.06089085315637,139125.54222339473,0.5824628455111838,20,9,1.2503068427847026,50.41645061570664,100.0,49.58354938419336,0.9846808470125726,0.18689913545724843,3393.0660967362965,4298.712917548677,True
4560,334.91401444270224,101497.11058095931,0.40147808913203875,17,6,3.638021423547851,57.00011080249248,100.0,42.99988919740752,0.9321398221800525,0.0011725394942954438,6130.155353986486,6713.1943591647105,True
4561,324.44409397353814,135623.05856706126,0.678735830784471,25,8,1.3278886310659888,41.024883988131236,0,0,0,0,0,0,False
4562,313.9501183629538,117453.64794944749,0.6390541833857473,22,13,4.883605423864412,50.567036282264624,0,0,0,0,0,0,False
4563,301.9264747290448,134265.0741908455,0.35873316301585806,19,6,1.6991547865276142,49.10880659447059,100.0,50.891193405429405,0.7045824632613874,0.00033224538003833034,4386.295288386149,5444.695611270584,True
4564,320.5513666857046,135656.9757743284,0.6532329034219184,21,8,2.031021197828432,50.919991330371985,0,0,0,0,0,0,False
4565,333.24363985385526,106165.63976135591,0.36126601691536486,28,6,4.68630161305298,58.6977044632552,0,0,0,0,0,0,False
4566,332.2123517545424,122465.38054344077,0.637223351240394,17,12,4.706533124334485,54.439042573640656,100.0,45.56095742625935,0.9999684687869193,0.3336358995853572,7880.471418669622,8331.146780128209,True
4567,334.3403570833019,144612.52367996945,0.6332453243563554,24,13,1.9852777401948773,40.812403186965774,0,0,0,0,0,0,False
4568,311.10448293412617,144652.2853934438,0.38301754241451863,18,9,1.8276643532352446,49.96839261468255,100.0,50.03160738521745,0.7620330537831795,0.0035234787804898104,4479.3851689480025,5398.64448297076,True
4569,323.09070340740345,120344.92814385486,0.5298277618960154,23,13,4.82856307039275,44.403829906651204,0,0,0,0,0,0,False
4570,336.31065150096106,117468.1768055165,0.4021332959464432,21,11,2.2044288318272933,53.039703541235255,0,0,0,0,0,0,False
4571,327.50325104127523,110419.96625902808,0.5501152858359086,18,7,4.0669681481903,53.91002148615702,100.0,46.089978513742984,0.9982797798405018,0.16696532837232214,7081.102849643386,7662.954482108548,True
4572,328.7923934552143,113163.17822894503,0.6134440256455831,29,11,2.8114152726176247,58.84955991835679,0,0,0,0,0,0,False
4573,299.31723457224825,100115.04617254017,0.3352882176127394,26,12,4.864045930754152,45.8247550649303,0,0,0,0,0,0,False
4574,304.93401642204844,133833.6689645181,0.3543761162779428,22,12,3.791501859321375,58.46753596547838,0,0,0,0,0,0,False
4575,315.9176110795404,106664.46329092878,0.6301049009774785,26,11,2.2670578188748083,55.275483155228535,0,0,0,0,0,0,False
4576,309.21556940554296,105130.1302536123,0.48341832490293535,18,8,2.3562325121340013,59.57141640954383,100.0,40.42858359035617,0.9951363161253243,0.1361437106707107,4117.010651208502,4996.01804491284,True
4577,298.02997859367713,146002.89395150356,0.6810983198405727,15,12,2.3730985619874123,54.870407831681874,100.0,45.129592168218124,0.9996923766835999,0.4190624361755878,4614.2751710893535,5492.096843431379,True
4578,342.68006250482625,135094.97706296528,0.6032989943628744,25,6,4.915388022828345,59.114572359601254,0,0,0,0,0,0,False
4579,297.56481323851085,131807.41899460644,0.46013975203744106,26,8,3.065904976204068,55.22712902172252,0,0,0,0,0,0,False
4580,318.20112358027546,136842.6609676415,0.41593132866385696,25,11,4.776242773001766,59.26596127039391,0,0,0,0,0,0,False
4581,325.65612098452084,107009.84306901757,0.30881007664392623,29,12,1.800830273100723,44.23460328971007,0,0,0,0,0,0,False
4582,301.57149607975316,114949.25701667422,0.5373909282442996,17,5,1.51741658657699,54.8976391076652,100.0,45.1023608922348,0.9644326807560312,0.18652716777860315,3467.414928601876,4405.785242751525,True
4583,294.13980631841844,128828.93888790815,0.31509177734146326,29,11,1.9765715206920738,41.408751105452616,0,0,0,0,0,0,False
4584,312.12555182339395,112409.97204491404,0.5026826117594231,27,10,4.416253715330484,42.40846156035637,0,0,0,0,0,0,False
4585,303.37327896358244,101131.58430398187,0.37533760477317724,16,6,2.317638873817967,45.53830287139342,100.0,54.46169712850658,0.6885495117044298,0.0007512369861023508,5782.547857306127,6806.875992481377,True
4586,342.6220226498232,105864.91157744275,0.329617587526121,20,12,2.985656861874888,52.52087849379495,100.0,47.479121506105045,0.6915160492855349,0.002460741845246964,6053.735443156634,6540.879196229732,True
4587,298.32108429799945,118967.10022268466,0.64342192904625,22,11,4.792419697961564,55.89289651537312,0,0,0,0,0,0,False
4588,316.59406354542466,123589.31275198312,0.6970211284975835,24,10,4.892721948938395,55.9549061678857,0,0,0,0,0,0,False
4589,349.43614721148845,121289.26657091608,0.5208099775651531,17,12,3.5515179402666597,50.30008570695563,100.0,49.69991429294438,0.9993446925519051,0.047958631732306425,6857.3733186686795,7154.021589388426,True
4590,343.8706347566874,130365.93270437891,0.6937007480099212,19,13,3.2385262878667582,58.43871381859452,100.0,41.561286181305476,0.9999675654316788,0.47588556960201434,5339.381336108852,5587.058988480551,True
4591,329.5191445442065,126153.75377120016,0.5154438357584422,28,8,3.0654658142607083,53.456901337317525,0,0,0,0,0,0,False
4592,304.7513987095845,120012.07318198039,0.39166838990618214,18,5,4.43698298816599,40.5615635117035,100.0,59.43843648819651,0.6589313998632327,2.49467340370932e-05,10383.79119359925,11373.14008367629,True
4593,297.13340391304587,129608.09716307587,0.40339086721395867,21,8,3.42483465815119,45.367876011412314,0,0,0,0,0,0,False
4594,317.3774185708639,133259.50810369552,0.37555827977990414,29,6,4.8759029018791376,49.560552283408995,0,0,0,0,0,0,False
4595,295.28984857779943,122930.17376146003,0.3961561637887288,21,7,1.5039705694949914,47.94082953212005,0,0,0,0,0,0,False
4596,322.6023266862176,100080.64529231262,0.6516471523402292,15,13,2.4476097021706797,49.127805078951134,100.0,50.872194920948864,0.9991539706297888,0.29179504265179523,5316.948417767047,5897.885381775914,True
4597,336.23252282905383,127601.78970695208,0.329695668805244,16,7,4.534123353928444,57.25457519756711,100.0,42.74542480233289,0.7699957373172622,0.0009748668891512661,7480.821299149284,8072.848366412842,True
4598,293.27653280719096,134212.32310808508,0.38386782419210064,19,8,2.3689048322068462,40.22855564363156,100.0,59.77144435626843,0.6420711118149133,0.00023092708127881757,6484.290046958455,7632.671341781529,True
4599,290.5063614026889,100521.02897184328,0.3519304390115921,24,7,3.248814856134972,49.74643062156032,0,0,0,0,0,0,False
4600,340.5492273120454,102773.2326738308,0.6858592841919442,24,12,1.9280656878801186,53.39399911919581,0,0,0,0,0,0,False
4601,328.0972982272222,125257.56961950853,0.5401564423025909,24,11,2.6988001079469783,55.56956532243756,0,0,0,0,0,0,False
4602,291.94805337944496,118428.30285360804,0.6912968231671842,25,12,4.218150708431148,46.39438232638949,0,0,0,0,0,0,False
4603,337.4525320248365,109267.58753793727,0.5327100042312163,23,9,3.994161581661195,45.141425473266494,0,0,0,0,0,0,False
4604,311.62515855870004,111493.19397997625,0.32345670607089394,21,13,3.256431899742724,55.54531179688979,0,0,0,0,0,0,False
4605,298.89628375653456,117126.90070506715,0.46061321959148926,22,5,1.8287109922265945,53.560726338629365,0,0,0,0,0,0,False
4606,313.0595883715362,136645.93723375036,0.3514588963218351,15,9,3.3183891063554363,46.62015648506379,100.0,53.37984351483622,0.6540906409831596,0.00494752151685605,7411.478244437481,8314.105566244796,True
4607,317.88838236368576,140419.65497094137,0.6232602529976299,28,8,3.4195927818779044,43.444425831439474,0,0,0,0,0,0,False
4608,308.2150484823563,131269.45468013003,0.44436052713790314,23,7,4.6560496252136625,53.99013731450536,0,0,0,0,0,0,False
4609,334.9929201225775,108135.40247881287,0.609010229785115,20,11,1.4424419207714145,49.5522611708598,100.0,50.44773882904019,0.995707650287564,0.21532529219516175,3738.1246600979725,4175.969899541297,True
4610,337.0272436482246,108437.04247647419,0.39444834906739284,16,11,1.9586688699746326,42.37268941657461,100.0,57.62731058332539,0.6714424714399306,0.01773369370692579,5469.324671033821,5994.048047767867,True
4611,311.61112040247485,125772.78945115258,0.4780039129936444,23,11,2.189439259085284,44.9951919601408,0,0,0,0,0,0,False
4612,325.5422432799829,126467.15295706462,0.30673144988541406,21,9,1.596105750391874,42.33148765064454,0,0,0,0,0,0,False
4613,315.98422483978305,148240.73601372936,0.6826994456113135,27,13,2.1114941528928552,42.12556662149551,0,0,0,0,0,0,False
4614,347.0453356196664,136353.34570526984,0.37729596150313616,20,6,4.202482746320674,54.97731236195682,100.0,45.022687637943186,0.8379354778433903,6.757496994166769e-05,7325.324566828145,7730.172030571531,True
4615,335.955615319142,128646.27827034335,0.3843339386864146,23,6,4.345408281464593,51.4383465723248,0,0,0,0,0,0,False
4616,344.91990616435265,147377.34749966173,0.6696737319687736,15,9,2.1896107314310456,50.13309863045219,100.0,49.86690136944781,0.9985592488597238,0.34253477714438074,4822.4743675850095,5075.779682824801,True
4617,311.4620122036014,117630.71943535074,0.39052138377786805,22,8,2.6341190088118074,50.73102659905292,0,0,0,0,0,0,False
4618,310.06133099572804,114825.24341206877,0.6813559539296933,17,10,1.7889807533462574,50.391148986529636,100.0,49.608851013370355,0.9986438051946233,0.36899401028609113,4194.851427782722,4921.198268495198,True
4619,349.09064756407867,124879.30208007108,0.5811046421376167,23,7,1.5256770154931063,40.442996923119104,0,0,0,0,0,0,False
4620,321.20914973780594,131470.86104423096,0.43977753433871736,17,7,2.0549230162894783,43.39164817970605,100.0,56.608351820193946,0.7759954458279945,0.0011516812373028305,5463.665257218158,6202.973253486383,True
4621,346.7851609222231,139132.16548887186,0.3027832409825256,23,12,3.6574034964456636,54.43311540994918,0,0,0,0,0,0,False
4622,323.0766424009994,134638.1454271448,0.5905709817529001,24,13,2.3277409610766906,47.27566616224281,0,0,0,0,0,0,False
4623,304.11945032522283,100646.10546058741,0.5980375841235261,19,9,1.6064513854973526,59.01759232074028,100.0,40.98240767915973,0.9947412715953069,0.322562975763556,3241.3460834646294,4095.8135254941853,True
4624,324.15664313706566,140495.66825571196,0.47381618905180234,21,11,2.969050889058267,55.629227168058314,0,0,0,0,0,0,False
4625,338.71748906448977,130346.10146213083,0.6677398343589289,21,5,4.779566286310979,50.807477982202705,0,0,0,0,0,0,False
4626,300.8442360419107,127995.45591573793,0.38183307923734344,29,11,4.537211324604245,44.54148427648735,0,0,0,0,0,0,False
4627,341.37027159793956,115672.68058175495,0.6273369400290751,25,9,3.2027362775696,41.315955823618616,0,0,0,0,0,0,False
4628,347.66552417490203,109633.39126008001,0.4229938346111689,18,5,1.7387337670905516,51.637093107159096,100.0,48.3629068927409,0.8724985865610932,0.002001010018011937,4117.246579473134,4489.180193500526,True
4629,314.32548359194004,103448.7143191147,0.5767448836852211,19,9,2.960358426866017,51.910312742177055,100.0,48.089687257722936,0.999190330462049,0.18539505634712464,5773.60252884686,6520.633602088923,True
4630,319.1076189073123,106543.20966439635,0.4382692223984555,24,13,3.4324685105264745,46.749859960218956,0,0,0,0,0,0,False
4631,313.96404278183314,104292.64169102994,0.42842061826427164,21,11,1.5560137501278306,47.444857176485534,0,0,0,0,0,0,False
4632,309.5734523031389,109720.11749624362,0.6921131317055659,20,13,4.752896224494529,56.283850374207205,100.0,43.7161496256928,0.9999907374948226,0.4529820333169843,7605.046825454531,8328.804204129076,True
4633,305.0414235477066,131487.3714416344,0.385130414884813,21,6,3.064371357551069,52.32068383036524,0,0,0,0,0,0,False
4634,335.60709699637346,104836.2542446868,0.48055157241921687,23,9,4.498641268182868,57.409781490947545,0,0,0,0,0,0,False
4635,323.0429223842172,125562.56600282309,0.4989934373404923,19,12,4.521898017533992,41.981358142077454,100.0,58.018641857822544,0.8583810419002481,0.002309160072645146,9983.770947502579,10668.144657422286,True
4636,293.00068214428995,134372.13539943035,0.3872659124776718,28,8,1.825169235481522,48.64177258142578,0,0,0,0,0,0,False
4637,319.809552896953,126657.24753603818,0.537912978888695,21,10,4.545155687152637,52.1590429239729,0,0,0,0,0,0,False
4638,296.0687435590431,104354.06609974637,0.44163957094791817,24,11,3.256775186897605,40.70639109982185,0,0,0,0,0,0,False
4639,323.4968599127516,136199.61295176082,0.3443328147379632,16,13,4.273223893907587,44.670481117107,100.0,55.32951888279299,0.6034548614991007,0.023380591289972517,9440.366750051633,10190.742468543664,True
4640,302.27051120111105,134732.34456656472,0.6437835192588768,15,13,1.3548102711839807,51.11362298967444,100.0,48.88637701022555,0.9621045013032689,0.3393307299508111,3517.2472164565224,4366.135273718739,True
4641,312.1661589066417,101849.12733698882,0.37111406380632517,25,13,1.6206563069385214,57.73049609455637,0,0,0,0,0,0,False
4642,317.60157298082066,100917.2685377951,0.3921050567872415,27,11,3.401102377605911,43.926409888649886,0,0,0,0,0,0,False
4643,309.37774724924674,109940.33452051801,0.5359612201233628,21,11,1.7047190157479877,59.32396431328149,0,0,0,0,0,0,False
4644,309.72650646314224,102995.56769052945,0.63455102727995,21,8,4.084973621447821,56.70541308580995,0,0,0,0,0,0,False
4645,294.9114259592122,106394.48151045943,0.4967578573557476,16,13,2.079069386147224,53.708249974729675,100.0,46.291750025170316,0.9316898314743275,0.12187442161624867,4381.601123458081,5440.283028223601,True
4646,311.5047655745447,109974.75714353082,0.4278944003269897,25,11,1.8749531028460553,56.372829023274605,0,0,0,0,0,0,False
4647,304.55582816640907,116089.7332741218,0.6282515710308868,23,11,4.294162041444393,59.59908737309769,0,0,0,0,0,0,False
4648,333.4862515375204,121232.8046800156,0.5853811506391795,21,7,2.5673003426141996,46.49390671071156,0,0,0,0,0,0,False
4649,322.6686447565714,105474.90645910762,0.5482110271808642,18,10,3.1802723625442635,50.79980324682877,100.0,49.200196753071225,0.9995508118739183,0.11107846533641848,6234.446053645577,6893.775830837233,True
4650,303.1114277943115,117336.20005479167,0.37170580261319774,20,5,2.0871371448920706,49.67698560429871,100.0,50.323014395601284,0.7385579467976378,8.433469897013666e-05,4936.408885860339,5972.73387084464,True
4651,308.407486233778,148375.22838552017,0.5788751776429255,15,6,1.5507880771363411,46.288622726919336,100.0,53.71137727298066,0.9793975498740323,0.11413026695484772,4170.987865126529,5003.905114282297,True
4652,328.47313736088836,113327.41231961799,0.42457557985251504,28,11,1.7693997195356803,46.25618724875375,0,0,0,0,0,0,False
4653,294.2702889719499,132029.97943622945,0.5449446125911511,23,11,2.566043459177846,46.39698236560304,0,0,0,0,0,0,False
4654,325.3228815157735,122644.85384789057,0.41105469160191155,25,9,3.627180857893661,48.855913696063205,0,0,0,0,0,0,False
4655,309.36227946759016,109522.58836897778,0.3883746252082033,17,12,3.6608824671819367,50.18272783622498,100.0,49.81727216367502,0.7679346058046604,0.01157586368821978,7345.103417748656,8284.434029388416,True
4656,300.41991572797536,123157.11579975404,0.599566652649885,25,11,2.539378932194788,56.24111265246785,0,0,0,0,0,0,False
4657,336.28808687909594,147616.95095229408,0.6986166367811687,16,7,3.764531983272054,54.30905692188727,100.0,45.69094307801273,0.9988870583566636,0.44599512968780425,6599.930318125782,6955.179842542483,True
4658,315.64127152077674,110049.7787000291,0.5491029844062026,27,13,3.540146937485779,53.44194902926351,0,0,0,0,0,0,False
4659,311.99617963354217,123552.74676829224,0.43851781560372266,18,11,4.917476903469735,49.06297577706858,100.0,50.93702422283142,0.8585726050438225,0.002417432383691596,9392.77978067898,10272.15876704915,True
4660,337.4738090883141,142465.00592474814,0.5306438144882859,29,12,3.237150085198275,45.5967629849128,0,0,0,0,0,0,False
4661,308.37322613609547,126516.37389548021,0.6307034287169206,23,11,2.1071890884177584,49.566675378865625,0,0,0,0,0,0,False
4662,310.26046660660586,133330.83274229214,0.34968288062081393,15,5,2.0152524488026025,59.7372670691947,100.0,40.2627329307053,0.856941499035321,0.007798637980258059,3784.216489921079,4747.5961701419565,True
4663,323.613805276605,141504.00615082707,0.5587604008252739,24,13,3.838158977528736,57.70442948246354,0,0,0,0,0,0,False
4664,290.7802910268905,119588.51346119492,0.6439641409297878,19,11,1.8698047807667573,47.48123220138683,100.0,52.518767798513174,0.9991879511058758,0.25105258624670584,4569.066984174337,5575.6307444830745,True
4665,328.41942009737465,143751.22025926993,0.6465440590335086,23,9,3.633751168995868,53.02134841724369,0,0,0,0,0,0,False
4666,330.8829790642807,137867.47589010687,0.5886813347789406,29,5,3.5929307976442884,52.205562810083535,0,0,0,0,0,0,False
4667,322.2882635476746,146198.76918594277,0.5993556852698436,21,8,1.833514075619858,56.32428849390226,0,0,0,0,0,0,False
4668,346.28792438594934,125095.22469240671,0.6513209803581009,26,10,3.1602413718623996,41.29923111142768,0,0,0,0,0,0,False
4669,327.56123278837873,104663.33376500066,0.5621498730403913,24,9,3.4519961852311747,42.69773226751546,0,0,0,0,0,0,False
4670,327.71514574772465,141768.64061310506,0.6139040170593657,15,11,1.924358836318345,43.06166003350967,100.0,56.93833996639033,0.9909438811203529,0.11537341661668497,5056.713659514693,5606.274916859124,True
4671,342.18404239899735,133412.5605121534,0.5716065880155283,27,13,3.928902982344831,42.71354157086964,0,0,0,0,0,0,False
4672,329.0215194813135,143976.9009449518,0.43361224157013983,24,8,1.6944290366933288,51.392629665525135,0,0,0,0,0,0,False
4673,305.598264351511,103481.75085205506,0.5351372631064678,29,5,1.2339830741764435,49.269008758376955,0,0,0,0,0,0,False
4674,296.4618017777107,138203.69201487003,0.5835158927827501,22,11,4.992950474777625,45.20110669655005,0,0,0,0,0,0,False
4675,295.9526300332569,137446.00424851433,0.5553145452012678,22,10,1.3171879888155782,40.54899235487756,0,0,0,0,0,0,False
4676,344.853076454507,141266.58998864584,0.4728964419591132,19,12,3.7084482953123947,40.06774271959611,100.0,59.93225728030388,0.7873244214830066,0.0025876381893762145,8899.438065298238,9273.270239649035,True
4677,294.8168015818667,116205.47384260013,0.6897428607657211,16,6,1.8997652487637788,54.24342987622032,100.0,45.75657012367968,0.9929568288929193,0.4339695114718745,4027.7404643824225,4940.1268696613715,True
4678,335.78168917637794,138166.32338217145,0.36110303414303224,27,6,2.771433314774516,57.881645590689224,0,0,0,0,0,0,False
4679,325.70477599457695,133308.70279028753,0.327387215940293,21,11,3.98085278355041,55.82255816282883,0,0,0,0,0,0,False
4680,308.1926090599137,107030.3306039511,0.5596810573773363,25,6,3.3379819877722188,43.80349714301754,0,0,0,0,0,0,False
4681,301.96624052580995,117711.06467770884,0.6977879109800003,26,6,3.5834820836701455,45.763128441327176,0,0,0,0,0,0,False
4682,300.50878326390495,120740.23633126236,0.33097939142844174,24,5,1.7669981811852236,54.647213653173026,0,0,0,0,0,0,False
4683,302.9426725148016,127260.26511862988,0.3133858155051904,17,10,2.131352360943493,50.791194884494864,100.0,49.20880511540514,0.6313177620589974,0.005359559894474038,4968.741093058889,6039.530975980024,True
4684,302.5994314348667,117079.03294094602,0.5646815140926951,25,10,4.326408358277898,50.574669183675525,0,0,0,0,0,0,False
4685,311.14237479549666,136924.35778385072,0.540861516087417,22,10,3.4259130307525973,52.15545446525905,0,0,0,0,0,0,False
4686,311.4901493393968,108489.09326478674,0.6685213555790821,27,13,4.666106235436488,55.64721171492196,0,0,0,0,0,0,False
4687,321.39047322840275,130373.01989868011,0.4099685094985239,23,5,3.4190343591222447,47.180463576235,0,0,0,0,0,0,False
4688,290.0411512120621,146825.62227917748,0.6433119734519258,20,9,4.568961303944166,57.83475712328276,100.0,42.165242876617235,0.9997759026921997,0.38342699018141196,7117.606812617134,8120.739494068697,True
4689,341.45815212443955,124323.71721572214,0.4742290587221896,23,6,1.5544014088477676,47.51755247885907,0,0,0,0,0,0,False
4690,332.8236390380233,134068.56509568833,0.5782035772470768,24,5,4.3912472312065916,40.34530218731439,0,0,0,0,0,0,False
4691,311.2922743343829,131765.86095821147,0.699208014860977,29,13,2.1843631077658063,49.84048756050843,0,0,0,0,0,0,False
4692,320.4631700248482,138075.68440224655,0.4775759297284352,18,10,1.8968583204717562,53.422799354672975,100.0,46.57720064522702,0.9871394122579119,0.03329247989075748,4100.971227737716,4845.325342433004,True
4693,314.9109730218165,122532.08680666832,0.5625985148206363,15,6,3.674195283850975,40.49478299585399,100.0,59.505217004046,0.9443580847736385,0.001640514510745229,8528.685815311872,9296.240283108831,True
4694,309.27573722220535,106383.86811855847,0.42891049468005366,16,5,4.004424424713935,45.666616580914976,100.0,54.33338341898502,0.789207335990885,0.00023709503913371932,8572.635406589277,9488.48477432134,True
4695,343.0848922705138,103147.57983101404,0.3185290944493939,16,8,3.0270633148220663,42.596802097577914,100.0,57.40319790232209,0.5540916077068393,0.001086671082512377,7522.010198553805,7995.084320915064,True
4696,292.39487966237823,107294.19281120307,0.6504290567584581,15,11,4.119926287362267,47.80513329940628,100.0,52.194866700493726,0.9998716113123706,0.26889369756002035,8100.049704067049,9080.657769930132,True
4697,307.84741077006555,100404.57388648705,0.4096040261759169,27,12,2.5308474983601013,56.90672668381478,0,0,0,0,0,0,False
4698,290.16893326045323,106286.68096947155,0.5872642432123886,18,9,4.730567120695017,41.6185054354987,0,0,0,0,0,0,False
4699,320.73300716489064,148237.10507272673,0.4339011689340499,26,10,2.875746075444969,59.21601645469383,0,0,0,0,0,0,False
4700,302.3340605515851,127580.30521547639,0.3002368376414108,15,5,2.956121786233619,57.27616881325613,100.0,42.72383118664387,0.7012649376433681,0.0011000897988905306,5399.708100578377,6496.454047393003,True
4701,302.64867034762983,103251.43598419632,0.5742630811975986,28,6,1.2759347937907484,50.05562328191146,0,0,0,0,0,0,False
4702,295.60451607409715,108780.36204544878,0.3789516293023514,18,10,1.630606494802342,52.49415786758668,100.0,47.50584213231332,0.7877196154160166,0.009028389181225832,3940.938272792223,5077.626902007127,True
4703,296.27422970761523,134440.4687948615,0.6531455838967494,22,6,1.5228602944643552,45.777600390419074,0,0,0,0,0,0,False
4704,316.3869492678882,136525.71055573982,0.37955698093923695,15,12,1.9805444412086297,59.18510602309778,100.0,40.81489397680221,0.7934811743008461,0.09410953694340843,3832.7367268135185,4668.630355838604,True
4705,302.39859978202884,126485.90935007182,0.4899677144815934,21,13,3.121725608996354,49.52931849462159,0,0,0,0,0,0,False
4706,343.6012042210594,119702.38383062,0.46433488699855746,21,6,4.730964620859423,41.424967083723914,0,0,0,0,0,0,False
4707,338.6345799284283,139652.63079559148,0.6274910057278433,25,7,2.59472554702348,56.92126146078016,0,0,0,0,0,0,False
4708,310.13918155690885,128597.26530929178,0.3433031743689576,19,8,3.406938336844439,51.509895523274224,100.0,48.490104476625774,0.707688870919281,0.0002803967856523581,6820.66081997538,7777.006683614109,True
4709,310.429386222357,139887.3267769158,0.38471782969289653,15,12,2.163074099947724,43.985708318755435,100.0,56.01429168114456,0.6477281501135036,0.04978348232050779,5701.279712404422,6610.142536613597,True
4710,347.19415754125384,149667.07611666888,0.5544033363962617,18,12,3.4929208514319248,42.93049318690574,100.0,57.06950681299426,0.9643718398790576,0.009425745905740709,7830.509376086755,8144.495578911562,True
4711,348.8072118330107,132565.94451432876,0.5570557867008403,26,9,1.6682657491791404,53.905286618608436,0,0,0,0,0,0,False
4712,345.8605653800831,132199.16975652514,0.34739400212312677,24,11,4.32806825202564,45.453760323350394,0,0,0,0,0,0,False
4713,339.970318335329,142841.79839822225,0.4528741227220902,29,8,1.2381879354676728,51.97934354546383,0,0,0,0,0,0,False
4714,334.4724607566255,123200.90244709462,0.5016130352302363,18,8,1.7118814505241868,52.7058199975921,100.0,47.2941800023079,0.9843300575819132,0.06847171981737454,3900.5318755872295,4423.744973164982,True
4715,339.00979408830915,106897.52403459593,0.35612860765136706,22,5,1.200526877413611,58.47208064517096,0,0,0,0,0,0,False
4716,349.7912830695637,123270.67800946499,0.6535116496620017,15,7,3.1872345109845446,43.095739257516605,100.0,56.904260742383386,0.9981889553637562,0.19839440391370722,7224.816848761921,7428.692884472901,True
4717,333.30945454065784,128945.25480473746,0.5765878081310358,22,7,1.3602948039905565,48.94135094918951,0,0,0,0,0,0,False
4718,349.54185833461304,121317.48012964061,0.5266228715879778,15,5,2.2014761062105874,58.22063994777687,100.0,41.77936005212313,0.9756989994526775,0.20436335874065134,4075.1872047344223,4340.629596516022,True
4719,305.6015614925968,143074.02877472123,0.3125147405643,18,13,2.8548087167575775,49.33716559810162,100.0,50.66283440179838,0.6066013308964215,0.010526501413712825,6316.60749876869,7347.770240759177,True
4720,305.1284859044446,137942.30109427407,0.42717233180110825,19,11,1.9208121466210728,54.79370227696318,100.0,45.206297722936824,0.927211472700228,0.014629106009822139,4062.4936967197405,5049.3167750337925,True
4721,348.043987424922,138222.6845224147,0.507079383949516,20,13,1.2342238919780297,48.92037016334603,100.0,51.07962983655397,0.9256951932742972,0.06998418378021352,3512.3104495458674,3825.4933794539525,True
4722,318.36367773089955,104697.61197374293,0.6345838344876605,24,10,4.135922253806968,55.16952511293857,0,0,0,0,0,0,False
4723,305.38948466039295,125336.70965036965,0.381204865783638,15,7,3.369756893628157,45.703683663516884,100.0,54.296316336383114,0.7008509295854464,0.0014635559458916047,7580.246181231839,8573.60433155298,True
4724,333.70085254379063,119768.4075266331,0.4909380088186431,25,13,2.153059288702133,44.054083047134135,0,0,0,0,0,0,False
4725,292.61056109705584,113826.78275874567,0.35026789897725363,25,13,2.239805370226739,47.03755692584353,0,0,0,0,0,0,False
4726,318.24911917498764,101814.17630593605,0.5400535080687627,29,8,4.58677745663708,40.21729740545714,0,0,0,0,0,0,False
4727,338.97548569223125,113931.72375390599,0.5053076343944755,18,6,3.496089485115717,50.68461452436977,100.0,49.31538547553023,0.9944318581283007,0.02938717420777241,6728.600981441432,7192.063310178006,True
4728,314.3377955138869,127500.3103249527,0.5563951436748658,21,11,3.303783581386658,57.99785288001257,0,0,0,0,0,0,False
4729,345.3080562069259,105272.45669570821,0.43762343576896245,16,13,3.549825487724748,58.97287897035795,100.0,41.02712102954206,0.9625442990856945,0.07244529905926636,5702.773798762618,6098.101136679991,True
4730,341.63456275286796,108874.9224129439,0.5354797827891828,27,8,4.131491022994095,42.96703631663592,0,0,0,0,0,0,False
4731,339.96371095490014,111091.45508063282,0.643720237795488,22,7,2.853358447566545,58.681589393850494,0,0,0,0,0,0,False
4732,323.03261757695105,147254.5148724919,0.4609959092084147,18,13,1.8705924638504556,45.41823701027746,100.0,54.58176298962253,0.8186599890539984,0.031163665266040523,4916.102710415535,5616.147954333977,True
4733,307.1468443287498,121646.1168843425,0.6341009672791063,16,11,1.584743356088546,44.36989044630356,100.0,55.630109553596434,0.996334907253841,0.17992983244882899,4361.706080394758,5171.353584163357,True
4734,310.7425343162396,122386.74042129781,0.6795362448295759,16,9,3.9989079265031915,40.86321138767268,100.0,59.13678861222731,0.9997510507365673,0.2161212689406399,8960.669026890899,9692.845993892672,True
4735,293.12687689921853,126599.68737028229,0.5269011655375129,23,13,4.5720943044403555,52.59539859297509,0,0,0,0,0,0,False
4736,312.6751328406048,127381.68727169772,0.5232636720301963,20,8,2.750759416355568,42.617800384828094,100.0,57.382199615071904,0.9116997463340795,0.000262951271069368,6641.7891714351645,7461.5183647100375,True
4737,292.8072854479126,134903.4756950906,0.593087946003465,29,8,2.5977267784394256,49.96148650890372,0,0,0,0,0,0,False
4738,295.2334255782562,129373.92360926286,0.6183156932944993,21,5,4.225341530877404,50.077983879321195,0,0,0,0,0,0,False
4739,337.72968933152083,119465.099213465,0.3630405104690396,21,13,3.8675421256803633,48.74987604341348,0,0,0,0,0,0,False
4740,308.62465861038544,134353.17111982012,0.5174193407323144,20,6,1.8049550559081102,52.215098745919136,100.0,47.784901253980856,0.9803159204755625,0.09380999705527314,4079.724339627806,4951.297411637769,True
4741,317.35688834391783,147359.17962614,0.4516083196178313,28,6,4.468256199129332,42.69562900280653,0,0,0,0,0,0,False
4742,298.08644177467653,121654.00882195767,0.638948657336401,26,13,2.325777343618604,42.2096609473045,0,0,0,0,0,0,False
4743,321.33892873681754,129642.56365054523,0.41263185032946254,17,9,3.1359184819582797,52.58594718945591,100.0,47.41405281044408,0.8663799249815467,0.0035108930379867246,6102.397902357787,6868.343520519247,True
4744,307.1986280319514,148141.07569488935,0.6275850915439365,23,6,2.6285868644367545,57.594966612136915,0,0,0,0,0,0,False
4745,297.6191446360031,129707.70786584605,0.3730170400151795,24,10,4.256990217413901,59.10103130937752,0,0,0,0,0,0,False
4746,294.1474243540698,100656.16252411247,0.46115465813627915,22,8,2.0229526424723776,57.676225868964565,0,0,0,0,0,0,False
4747,307.5276144907106,137059.38059571027,0.5918337114076733,21,10,2.3048198271892577,49.12151438926216,0,0,0,0,0,0,False
4748,328.4397550380926,135498.866691796,0.3281914213736049,26,9,1.401449894515524,51.45941967941777,0,0,0,0,0,0,False
4749,300.57176000504444,149643.3080726793,0.5653306192295493,16,5,3.205939243284302,49.50006200100722,100.0,50.499937998892776,0.9915185628456685,0.13051450568886375,6449.607169055944,7393.61311935025,True
4750,292.3138477877747,103853.61100480898,0.6383951685025732,19,12,4.451168243588435,55.06242445505678,100.0,44.93757554484322,0.9999722223864577,0.34330477455790315,7424.819207511518,8406.325203868866,True
4751,329.98818765575345,115217.14066408733,0.471352754189313,29,10,3.505511334953348,41.734441351298315,0,0,0,0,0,0,False
4752,300.27695070195466,108803.42657031126,0.6264943799106981,18,6,3.5258280247230056,52.67602124226422,100.0,47.32397875763578,0.9969425846679824,0.29368451479430563,6496.0782172032095,7387.525323315981,True
4753,302.0391175746968,125823.65598475635,0.5051900836155664,24,8,3.6502962906710454,50.4390367658445,0,0,0,0,0,0,False
4754,292.5940321660474,118061.29963231934,0.5921017564955575,15,13,2.5370452788349613,40.291215740896305,100.0,59.708784259003686,0.8970204198596464,0.14024512681501766,6535.372787104141,7554.364472850385,True
4755,299.7410412996203,132752.1870985751,0.5837783838824087,25,12,4.803963934420024,57.90589149928938,0,0,0,0,0,0,False
4756,295.33262857640614,144212.12262221263,0.4919547179986234,27,5,3.150426650472916,48.60433153492977,0,0,0,0,0,0,False
4757,309.8362273854499,126121.6188843883,0.3982140595536627,29,6,2.779422824035139,41.95488624636794,0,0,0,0,0,0,False
4758,325.24159868613015,123348.70220889234,0.6416446278384941,20,13,3.817905517854755,48.29488812574091,100.0,51.70511187415909,0.9999787474267847,0.25800774194621456,7550.536784746581,8103.774320049204,True
4759,309.88571612376796,136624.55470757998,0.5280816942401534,16,12,4.728744736171121,55.19354014764507,100.0,44.806459852254925,0.999880435383932,0.1450585251939387,7780.284112897274,8621.85345801317,True
4760,317.0441942742258,128337.35464384692,0.3948054652143038,21,13,2.115180289984143,55.12278569681887,0,0,0,0,0,0,False
4761,343.1952179088716,120923.50627095792,0.4944166111653213,17,8,2.689105478429855,57.924298289259696,100.0,42.0757017106403,0.9963845373782743,0.12977814660274611,4708.43746555598,5097.902575377173,True
4762,323.41460714493616,102154.46999447708,0.464795949505762,29,7,2.1174732763903226,41.09610043197938,0,0,0,0,0,0,False
4763,307.7615354430158,127738.14120752134,0.5185673418368684,29,10,2.4457873591904638,53.30991693082363,0,0,0,0,0,0,False
4764,315.3375896624722,115595.10881200245,0.5401758025769257,27,11,2.9422764051842645,53.381082051330466,0,0,0,0,0,0,False
4765,303.0963999157933,141237.60868615954,0.5579814457117416,24,10,3.001900556402708,50.470410041457534,0,0,0,0,0,0,False
4766,331.5041828490388,116221.95859994086,0.5640372042708535,17,8,3.763480508689277,45.49973676331336,100.0,54.50026323658665,0.9989250035377656,0.043101364473692366,7870.610981967536,8406.731735785013,True
4767,305.41876870234705,106826.25064421135,0.5251195771012119,23,12,2.279734176361794,43.732503555966176,0,0,0,0,0,0,False
4768,315.0328857477691,138989.2526993699,0.4092214117334992,29,13,2.1599902555720183,43.440554528858875,0,0,0,0,0,0,False
4769,308.8052195089788,148317.74447029323,0.5744811069078495,29,13,4.56125529514439,58.50000668117518,0,0,0,0,0,0,False
4770,303.20703831169806,144558.84556599165,0.6938229193992964,26,12,4.079400731029282,59.74426810367222,0,0,0,0,0,0,False
4771,324.5586549683092,145628.8439921991,0.41177998484544787,28,13,1.3758186580863287,47.05092857731251,0,0,0,0,0,0,False
4772,341.52611249152903,113447.30183771308,0.39126318096411916,29,11,1.2814995380306686,43.600985613560375,0,0,0,0,0,0,False
4773,298.2086882616133,110926.6241254762,0.5338074689100888,27,7,3.597453046343036,44.51333787601429,0,0,0,0,0,0,False
4774,315.08139340669896,133239.69086262683,0.40056721418882524,22,10,4.046456504136466,40.96720291827048,0,0,0,0,0,0,False
4775,330.96474084382663,124003.46715365157,0.6492164269590507,23,12,2.5762504415366205,56.91970152237635,0,0,0,0,0,0,False
4776,292.54470456775124,140798.90434409684,0.35078712087026265,29,8,4.819483729578943,54.35391055308499,0,0,0,0,0,0,False
4777,308.0723491021042,103101.79890177686,0.6373528531866506,22,11,1.656084901951189,50.86260811246075,0,0,0,0,0,0,False
4778,292.8954915537593,134327.79967336432,0.36542687250480743,27,13,2.9379769703084757,42.53125652203757,0,0,0,0,0,0,False
4779,327.79101244286437,126028.45963379878,0.34786705063918283,25,6,2.4595905941259435,53.89298319173674,0,0,0,0,0,0,False
4780,307.158612581759,135437.20636406643,0.3675834373018476,19,7,2.179179454968928,56.842207246536304,100.0,43.1577927533637,0.8500815661945338,0.0012466757879184952,4281.9933812869995,5276.857435674758,True
4781,300.14013963116366,145690.53273174644,0.39721421975809584,22,7,3.8551199341360585,52.874515254296526,0,0,0,0,0,0,False
4782,330.33859524044004,131047.30025661092,0.5773272242335437,20,12,2.6227862949451777,41.900377768926305,0,0,0,0,0,0,False
4783,328.3157140915132,148716.0685255507,0.6012979849665929,20,10,4.631642157121278,48.58611312146326,100.0,51.41388687843675,0.9998836823254761,0.17951315246132504,8776.281291808647,9317.0731771001,True
4784,340.09381245820543,106929.06657525658,0.6038883024637051,27,9,4.703881893512601,53.69891747928511,0,0,0,0,0,0,False
4785,335.2006557566938,126587.91881533025,0.5812246455074956,19,9,2.664474758178935,41.18802094959668,0,0,0,0,0,0,False
4786,313.7630948351852,142293.37109620834,0.6644984549011211,28,7,4.105102886861749,54.139220932197446,0,0,0,0,0,0,False
4787,349.1984574068336,145281.2220597635,0.6997873719424264,20,11,2.786360455841199,52.41546200924269,100.0,47.58453799065731,0.9998298737538783,0.4273986716498822,5461.19756383552,5632.854888382964,True
4788,349.6632423554433,111595.34144236032,0.45927547909239036,18,8,1.6300100264153832,40.21572696180896,100.0,59.78427303809104,0.7671422082993531,0.001605501885057707,4974.479487340364,5281.527641155157,True
4789,307.74063934021575,131182.6556606337,0.6177664168961359,25,5,1.5859359918017466,40.65273710595216,0,0,0,0,0,0,False
4790,304.2834310860572,143801.8952526293,0.6449553851307543,27,9,4.259543152578182,46.36480898221326,0,0,0,0,0,0,False
4791,332.4077019376633,109747.65490096096,0.6385999916259661,15,9,3.7540200811241977,44.875447657496046,100.0,55.12455234240395,0.999565402333357,0.19518845918356137,7943.852365098177,8405.678884055636,True
4792,307.538381617809,149456.43960495753,0.514511813430263,20,13,4.551430355912485,50.130636933566855,0,0,0,0,0,0,False
4793,317.6982527146646,139789.5291790443,0.45563785402137863,21,13,2.177328532076651,54.95297326934694,0,0,0,0,0,0,False
4794,310.20370385030003,132312.6471498452,0.48828349467330995,24,10,4.405828234177452,52.16191278672802,0,0,0,0,0,0,False
4795,337.58293056313295,121861.659635741,0.5188247962223287,23,11,3.3768028910794285,47.39732882987207,0,0,0,0,0,0,False
4796,316.0571090400629,121442.83490166921,0.3853542978156594,28,8,3.4210653081898226,53.79490217722192,0,0,0,0,0,0,False
4797,298.55619781735646,113044.71515300333,0.698778092183771,15,6,3.623665965173119,58.26011895035602,100.0,41.73988104954398,0.9977036709233461,0.4846159255052332,5852.453865670752,6709.268070321609,True
4798,309.6143286532906,130051.28042610787,0.3281053657748234,29,11,4.610874934417216,58.807934954320956,0,0,0,0,0,0,False
4799,293.6786551367786,115443.58944934269,0.5104608383605878,20,8,2.6649087832812715,41.16103285178737,100.0,58.83896714811262,0.86741398377922,0.00020334294470396555,6709.179581201197,7785.208458858494,True
4800,296.38170006076007,146746.24709603254,0.507300598716081,22,6,2.800677447589164,52.11080884734984,0,0,0,0,0,0,False
4801,339.3252373466594,142914.45542127726,0.4858111517406447,18,12,2.5063348328262443,59.99649627361245,100.0,40.00350372628755,0.9993614215265169,0.14339102626068612,4252.024247438114,4701.1133363931995,True
4802,303.53388324546955,119621.72797918954,0.6403304763077312,24,8,3.6709744764385137,40.26021288966683,0,0,0,0,0,0,False
4803,320.4962007364848,100395.2791522122,0.5009537127720836,28,12,4.561598152729639,53.065820689959835,0,0,0,0,0,0,False
4804,296.16026491906126,119936.76791105603,0.5314076048750056,19,5,4.757668167392195,50.42235545701624,100.0,49.57764454288376,0.9947877669412812,0.07578188208295634,8661.769111097916,9694.399571427715,True
4805,337.68842078803203,119253.18243854241,0.6981170367212818,25,13,3.387050430841458,58.88017169956202,0,0,0,0,0,0,False
4806,313.3485568743712,106807.33344257469,0.45998750713774644,20,13,2.3896755228748363,55.17762640158112,100.0,44.822373598318876,0.9965669631635978,0.02412373508475419,4608.506660804367,5466.226068596081,True
4807,328.8011199604607,132247.3566058078,0.6829957865310942,28,8,4.700497448850665,46.638085161431725,0,0,0,0,0,0,False
4808,338.52672745715154,110299.72873505844,0.3226987512366437,23,8,2.0714807011682135,45.126777314671614,0,0,0,0,0,0,False
4809,331.1678068397628,130069.23105855756,0.5160607960032465,19,8,1.2481821721217574,47.71803422069067,100.0,52.28196577920932,0.9546733401263883,0.035492084871779836,3596.6773993398597,4161.589071962446,True
4810,306.12897513297094,116534.22973993467,0.6543245633565155,25,11,3.4136189318656127,56.56817589918963,0,0,0,0,0,0,False
4811,343.99430101681213,134573.4323554813,0.6181373900427836,25,11,3.2701984574071217,42.96265639692806,0,0,0,0,0,0,False
4812,329.72290585361935,112101.17233641812,0.4438220841337915,23,13,3.519203363523004,45.55283121371688,0,0,0,0,0,0,False
4813,348.30902297526654,110547.94231305306,0.3442281208551682,28,7,3.181482286865875,41.268912025791074,0,0,0,0,0,0,False
4814,329.794503934534,101013.79084715116,0.6374055326368059,29,6,3.8742491520160858,55.84566400606673,0,0,0,0,0,0,False
4815,326.0855127031179,106483.24888307131,0.6413040568145314,29,7,2.5045820486257147,58.16870840370301,0,0,0,0,0,0,False
4816,334.83004699176445,100808.28522682196,0.33714853666764566,28,9,1.6871719821515678,58.404431988484355,0,0,0,0,0,0,False
4817,325.81984643662497,137584.7477224595,0.6104442352277506,25,10,2.6985215358823442,47.29917275481507,0,0,0,0,0,0,False
4818,326.7192614985353,145256.76772357302,0.34629891099345045,28,11,3.286799639461714,40.66071924666167,0,0,0,0,0,0,False
4819,310.2907801845288,142431.48340348824,0.4881908363485167,17,9,1.7981537817442081,43.79451012705351,100.0,56.20548987284648,0.8633959713632039,0.006657783636857935,4896.692831312683,5765.284608878963,True
4820,346.2236922411213,144188.49342990207,0.3457775527590736,24,10,2.453173354830578,57.80146178843083,0,0,0,0,0,0,False
4821,324.46790597211276,105255.13841725618,0.4037253039412209,28,8,3.1925697053712083,43.58002457138892,0,0,0,0,0,0,False
4822,338.657886799826,131540.4064574919,0.6971346137233105,20,7,4.022159939317605,42.483375122870854,100.0,57.516624877029145,0.9991399183758629,0.288261039457955,8756.874352363326,9091.91371081176,True
4823,348.0265367904833,110210.92266856424,0.3172361986883972,23,13,2.234466951918695,49.69366267208497,0,0,0,0,0,0,False
4824,301.7430179789687,149355.49287943874,0.5632398779233145,23,5,3.884669059063012,42.43822829791839,0,0,0,0,0,0,False
4825,319.26007724139816,140688.52930363745,0.43157801937128504,28,6,4.129414759189052,58.74856199886563,0,0,0,0,0,0,False
4826,317.46801936246686,109810.42285609037,0.5389690979540052,27,11,4.357232688707957,51.87628555691619,0,0,0,0,0,0,False
4827,308.7561374971152,126361.45218133232,0.5667721679759383,28,10,4.73554882376314,51.27140530375537,0,0,0,0,0,0,False
4828,314.66108563440775,102661.8431857797,0.4806066441638135,23,10,2.652780100439802,52.657637514053704,0,0,0,0,0,0,False
4829,324.1445622298844,117315.62854783668,0.608476768405044,21,10,2.563332893157954,44.90369881380752,0,0,0,0,0,0,False
4830,299.29841992376254,141247.655962735,0.300327455943737,24,7,1.556749616775793,49.45433640491666,0,0,0,0,0,0,False
4831,290.2918217162145,131089.86607782805,0.5826031027046059,28,7,3.9618715503414306,56.56272302674071,0,0,0,0,0,0,False
4832,321.4046110549751,116586.14747926831,0.4133357605098448,27,10,1.6493398146376448,57.806981484759056,0,0,0,0,0,0,False
4833,332.83387588063584,133925.2344839909,0.39958733497620486,18,11,1.9725429783894792,45.81100789680659,100.0,54.188992103093405,0.731247823858843,0.007273153141815026,5123.85807676563,5715.619754321673,True
4834,300.8720865213857,112739.10581518075,0.5298526692128568,25,5,3.215804112868428,49.659634426192795,0,0,0,0,0,0,False
4835,336.21628346176584,138278.09635620943,0.36429862572040356,19,13,2.5189252519181506,49.225302947223504,100.0,50.77469705267649,0.7083407518892356,0.009427033719757867,5702.344692654035,6264.260653768334,True
4836,303.1406398555083,138232.1301197116,0.5713252644631039,28,10,1.3703824085327252,46.50348210507575,0,0,0,0,0,0,False
4837,340.95703005915334,111408.47733267976,0.5883913395546336,26,11,2.4147501532237703,48.946655257984716,0,0,0,0,0,0,False
4838,304.63060956179066,144828.6829233485,0.6200872435262732,19,13,2.374921357801197,45.274928794410904,100.0,54.72507120548909,0.9998353917288878,0.1610644390080865,5598.215298594376,6451.805161847441,True
4839,339.3971057138177,131210.80832205646,0.5184134067516615,15,13,1.5123387231643362,46.68016857000104,100.0,53.31983142989896,0.8089885557915317,0.18650503581926953,4209.836103809414,4619.4617378452795,True
4840,340.1942318639465,118493.03433776484,0.6091065556432949,23,9,4.636945749906716,57.44645454656978,0,0,0,0,0,0,False
4841,317.1037289498406,121662.58763509429,0.5495245982545147,18,11,3.1972221843854016,58.56282185595083,100.0,41.43717814394917,0.9997651811795317,0.23094874254520165,5271.792912961451,5990.066585139119,True
4842,349.5440602224621,140594.5793048006,0.3367230678758689,19,11,2.191127703526102,54.7863932314088,100.0,45.213606768491196,0.737269826636035,0.006164441447550678,4585.480335199176,4964.977979062294,True
4843,336.1902230051888,143123.13132592113,0.5209825308736127,19,5,3.9104397521054324,58.18712194412889,100.0,41.81287805577111,0.9911512150605225,0.18313412750403787,6235.109331807852,6704.824423355646,True
4844,318.7065162123986,118684.414899763,0.6144129812104622,27,8,3.4060574837552853,51.03809057902414,0,0,0,0,0,0,False
4845,315.85643622781436,128523.84236185772,0.6000215737476234,24,9,1.866449589708871,47.81806887411909,0,0,0,0,0,0,False
4846,322.05980144724384,148635.44227789366,0.5477616953840229,23,8,2.4648767490530963,55.57417267758174,0,0,0,0,0,0,False
4847,327.05578053068695,145034.94895660068,0.35739006252544664,21,11,3.1741162643095673,59.97823490303732,0,0,0,0,0,0,False
4848,291.8903316785777,105387.41125716355,0.6366794026842597,15,8,3.177012975956787,56.246850060598256,100.0,43.753149939301736,0.9989792405735839,0.3548547082022025,5540.582601463619,6527.262132598809,True
4849,296.8080672374734,134406.92955516337,0.3783203915452192,21,12,2.193564008248457,48.23100948619842,0,0,0,0,0,0,False
4850,331.0954549067787,109180.57908404082,0.632803181363728,19,6,2.448065124330939,57.641058528890795,100.0,42.3589414710092,0.9934729360432102,0.36775618902564855,4433.201796635029,4898.142612870625,True
4851,340.83701870050396,115654.86245104909,0.3285322462245092,18,12,2.8461507100120587,51.67001394407147,100.0,48.32998605582853,0.6714760096585799,0.007757273150946166,5962.7962964845365,6475.026430267527,True
4852,348.6159133772129,148951.36124299,0.6599637203660728,22,6,4.916382008632626,55.583708859298326,0,0,0,0,0,0,False
4853,322.5726061995771,125738.42525818112,0.6524737761508552,28,7,3.3832301098375037,45.31371804385452,0,0,0,0,0,0,False
4854,296.0238109525287,108980.64896523682,0.6805822426157722,23,13,2.4278479480555,40.13201028559469,0,0,0,0,0,0,False
4855,344.0057885821203,110984.42935872653,0.4473446985995832,16,7,1.250958334291126,48.29881561108216,100.0,51.701184388817836,0.850275688835976,0.01603365618421222,3631.8256819590483,4039.8996918710272,True
4856,314.9725873925911,110888.55788423514,0.5771396526387181,28,7,1.4503197515456805,58.39244087754611,0,0,0,0,0,0,False
4857,346.1309823789915,106971.27534444397,0.321169910513695,23,7,4.3534122971748594,44.17663376295171,0,0,0,0,0,0,False
4858,302.5709358674876,108946.18017029128,0.3991433939254512,20,9,3.1142798283603756,58.20361640332718,100.0,41.79638359657282,0.9532437577740156,0.0012495553195622025,5263.5205305167565,6309.988007871246,True
4859,306.6090830080037,105846.54204905665,0.5566614888882808,18,5,2.2645221508739812,44.80892783256022,100.0,55.19107216733977,0.9845382485104053,0.029639524898864306,5479.169425501634,6363.728301041276,True
4860,305.50069485305954,143250.68108811,0.5725973345335893,26,6,2.0162239939348328,49.14496766290219,0,0,0,0,0,0,False
4861,335.19175909309496,124716.61692401161,0.6939103544567324,28,8,1.49609872092422,51.26071883880246,0,0,0,0,0,0,False
4862,323.70426288897795,124394.1941227565,0.6581025689716987,18,6,1.9869792847645147,46.47031631655523,100.0,53.52968368334478,0.9922281094852382,0.2732175044782703,4854.450865335512,5418.054407245836,True
4863,344.49784492321294,100231.85785451072,0.3200982158959605,21,11,2.984864132113648,51.40304487586224,0,0,0,0,0,0,False
4864,313.7800807825157,126856.531349809,0.3720626124423361,23,10,3.030683171719456,47.42899257429259,0,0,0,0,0,0,False
4865,304.0784900600744,107561.7738229288,0.5588898658868979,18,13,1.2365206766535215,51.97481356238648,100.0,48.02518643751352,0.9726168609156883,0.17660244095274888,3274.5920240501678,4168.597795367614,True
4866,309.0755547022873,121005.16493358693,0.6260996894929753,24,9,1.673045477034076,48.42275694930873,0,0,0,0,0,0,False
4867,341.81177653924254,115741.76079417154,0.48835163325955233,16,5,3.5811584547527797,41.33552613026557,100.0,58.66447386963443,0.832242429709281,0.0002963461877293106,8413.135897357946,8829.409243749404,True
4868,293.2915480456453,130191.21446718718,0.4925432745612089,23,8,3.254620106724964,41.578827474083596,0,0,0,0,0,0,False
4869,290.36218808956744,107816.17380559714,0.672524967789772,19,10,3.595539600279259,40.71293442966488,100.0,59.28706557023512,0.9998562151499475,0.1958570294912485,8258.36561465686,9258.129522926152,True
4870,342.74839052909084,128380.5830367932,0.5022607644715585,28,11,3.0126541336085433,54.16905191021309,0,0,0,0,0,0,False
4871,316.2829547528453,115737.71675459378,0.3824785124165685,26,10,4.683648727062761,59.0337576167478,0,0,0,0,0,0,False
4872,297.6351045244015,142136.4406893071,0.5289708767573471,27,11,4.60218845878331,41.40643067146166,0,0,0,0,0,0,False
4873,343.4759684656192,141530.69603026024,0.41418998718385375,28,10,4.041429552212106,53.288877650896026,0,0,0,0,0,0,False
4874,290.4038761837485,107345.22446816345,0.35983588717694986,15,10,4.243554871706173,50.1061286071255,100.0,49.8938713927745,0.7128769024312948,0.008290714385881715,8344.269592243487,9557.195569727588,True
4875,319.3151513908508,146869.934126021,0.5145677157240737,22,5,3.0313688208496394,49.4357638139029,0,0,0,0,0,0,False
4876,336.86116109202817,142032.76211354902,0.5496130929354681,15,10,1.5128402578504319,46.662189115154646,100.0,53.33781088474536,0.9517359486651136,0.08996418028740523,4103.706332094128,4558.343997173114,True
4877,295.8117510458175,141470.3461621971,0.45806478823418995,20,13,3.522192511433678,40.97674645478684,100.0,59.02325354511317,0.7742659254146822,0.0026395353409976586,8435.158859681516,9508.990955563155,True
4878,322.9121070944373,120605.99183637596,0.35358719333402633,24,12,2.3844020891202167,42.30714141730988,0,0,0,0,0,0,False
4879,328.23505935063497,114966.52542080346,0.5407582431224544,29,13,3.3804869408979457,51.767889947428316,0,0,0,0,0,0,False
4880,293.95973766917257,120421.98520139148,0.5137432182738914,25,10,2.9505406048824288,57.766960737243735,0,0,0,0,0,0,False
4881,302.7423421735522,122959.77927483432,0.6944900193261712,24,5,1.309199457909826,51.92504553872176,0,0,0,0,0,0,False
4882,329.5705252612815,102275.72457256894,0.5798945518530345,18,7,1.2860966957972233,56.63604242573266,100.0,43.36395757416734,0.97355543614057,0.27848452526070683,3021.7155852202213,3542.4954916677298,True
4883,327.64638045161877,126820.90930038234,0.3414575255012926,22,13,4.557905035177113,47.69676945106158,0,0,0,0,0,0,False
4884,317.238611917186,130432.57607774269,0.4515871208655611,23,12,4.410059259138588,48.14065323014912,0,0,0,0,0,0,False
4885,307.31654891229107,111022.98641895634,0.531282742469476,25,8,4.821913461239207,46.13901663022083,0,0,0,0,0,0,False
4886,348.351594204272,139073.0169061955,0.516276078311757,16,8,2.255830314883724,49.52028808742832,100.0,50.47971191247168,0.9900313024191899,0.0333201761501443,4992.251738010364,5309.044043211011,True
4887,336.0661100221008,123929.78531220766,0.47890518583740793,28,12,4.525293731471805,45.083011496991,0,0,0,0,0,0,False
4888,305.6837013841613,141882.21481353056,0.6408764314545943,24,9,3.4087025209681947,44.398408905220805,0,0,0,0,0,0,False
4889,327.7657738772828,134197.89198222072,0.4365576302903265,19,9,3.4344971376844278,53.46486863706682,100.0,46.535131362833184,0.9367368511508047,0.00121344819720835,6337.287233898614,7003.714840004812,True
4890,344.23550442513107,124489.54246664702,0.5836996374455724,22,7,2.88441249549265,56.724839838041845,0,0,0,0,0,0,False
4891,347.36377850636165,145506.08707514527,0.41173763858801693,22,8,3.1630800945540716,52.62068096101103,0,0,0,0,0,0,False
4892,337.20456696871304,100518.19829264416,0.37330472926174924,15,8,2.378300668514145,51.84967311549046,100.0,48.15032688440953,0.7667367087380058,0.007943848145497923,5146.691639068851,5694.681119230762,True
4893,324.71509026338947,134966.61167541193,0.47546536271504575,26,6,1.592511453027487,42.10763012247964,0,0,0,0,0,0,False
4894,339.7169472425037,102054.11135604142,0.5665271526015299,21,12,2.392502070832343,45.60946837981457,0,0,0,0,0,0,False
4895,297.8526830560047,144549.6611676521,0.4079984263644064,20,6,1.6542550026555927,42.18970171666599,100.0,57.81029828323401,0.7056811345195203,0.00010056780730536563,4899.004385224455,5975.153545974294,True
4896,302.6351548064587,127333.30182886215,0.33086369441127067,23,11,3.8224461246570547,53.02764472758591,0,0,0,0,0,0,False
4897,296.601139687524,118812.049669611,0.6764383446724408,16,5,1.8023235155719206,57.5554764378048,100.0,42.4445235620952,0.9864667881323391,0.44780669134932,3615.664054481742,4511.558266083461,True
4898,317.43839051620853,100425.62734272247,0.3259786147855239,24,10,1.478177471676854,58.113288447551334,0,0,0,0,0,0,False
4899,294.78375797929715,100460.04660806373,0.4983520935845897,24,5,4.392517742454634,50.48073460852878,0,0,0,0,0,0,False
4900,313.083019005743,111210.2772213122,0.5660048167152854,24,10,4.675994791699782,45.93801513342651,0,0,0,0,0,0,False
4901,293.87548390991117,106642.05157521952,0.41254173370697717,19,11,2.7065313303589407,51.171628947118876,100.0,48.82837105278112,0.8409896917161431,0.00370941235578976,5657.135096192118,6798.693207892686,True
4902,313.4781456499824,137091.52525388586,0.5047810403997482,23,11,3.9568770132381736,53.733873373467645,0,0,0,0,0,0,False
4903,330.41164793767825,140141.6836667793,0.34537757792168544,19,13,2.4103293590145087,41.928050050038856,100.0,58.07194994986115,0.5905945362108791,0.005743208095028031,6417.6966530708905,7066.376951844464,True
4904,311.8301104798129,148747.35138345856,0.41200994819930187,19,8,4.9472636024225185,46.10938738604509,100.0,53.890612613854906,0.7644303183874428,0.00011752945020719568,10144.154413098615,11033.36234786579,True
4905,301.59434324057344,119285.86386959563,0.6708527869359013,22,9,1.4345075791773052,46.59908907788347,0,0,0,0,0,0,False
4906,325.60477919711053,106734.9693734998,0.5444908909883003,23,5,4.500915802934059,46.382114988341314,0,0,0,0,0,0,False
4907,293.78765282952537,132177.2061715489,0.3531436459808944,17,13,4.443760681843227,45.30653466496687,100.0,54.69346533493314,0.6356622433963417,0.012091351879131677,9595.516773686073,10759.435555642802,True
4908,332.37969955899723,122095.2806545522,0.6056020346982105,18,12,1.980496326655037,45.931309916524064,100.0,54.06869008337593,0.9991757276797,0.1422899169642611,4885.356526921654,5371.424184075467,True
4909,330.8596219592206,146339.99951821653,0.473876930034529,26,5,3.245372201014507,52.54782919398983,0,0,0,0,0,0,False
4910,300.1993113581022,128213.35713532098,0.5302052101226336,24,6,2.0519688100930176,41.1308574678426,0,0,0,0,0,0,False
4911,294.35353230429746,135932.38127973792,0.46284172636914633,15,13,4.609702027487308,59.48797732200869,100.0,40.51202267789131,0.9937992198608456,0.10126200313526104,6897.47715669366,7994.508103925512,True
4912,344.16218420902294,144661.80949224162,0.537529425102144,23,11,1.8920647856206765,49.515037967019126,0,0,0,0,0,0,False
4913,295.82565523938047,148050.18600168847,0.502387474061436,27,7,2.347055169904553,57.726765096848055,0,0,0,0,0,0,False
4914,307.08951013683816,116111.20360016871,0.5272381185809396,22,11,3.4888586873225496,49.03234502878385,0,0,0,0,0,0,False
4915,303.5221013175435,132673.17172077723,0.5931904361540147,28,8,1.6715423736115815,52.19508878794965,0,0,0,0,0,0,False
4916,308.3847751982603,124252.67670598549,0.4340877940568625,16,9,3.962745446478639,43.03628851322418,100.0,56.96371148667582,0.7602884574823476,0.0023227916218574196,8953.293200265567,9873.663935843035,True
4917,308.11905045381366,147646.7267268104,0.5873702462524404,17,10,3.990391741407759,41.78254943709798,0,0,0,0,0,0,False
4918,342.10198187652446,109168.39123751683,0.6651171371545044,24,9,3.0620688425553304,50.84287169910082,0,0,0,0,0,0,False
4919,342.1240303744106,149274.37050662996,0.6885160261615926,21,9,4.622005681750431,58.82138608190263,0,0,0,0,0,0,False
4920,320.8111687047558,138057.69770257932,0.6124810957784814,23,5,4.712692974772129,45.476607673226226,0,0,0,0,0,0,False
4921,311.49422694545717,107651.5027309348,0.45734190662019547,26,11,3.561995913237741,44.14743414184069,0,0,0,0,0,0,False
4922,313.7414462649883,146513.63340639492,0.32360560417024514,28,12,2.0953573043861016,43.462087156980445,0,0,0,0,0,0,False
4923,332.2201234981441,130760.583804798,0.6722376276822778,16,9,1.7165840527860534,52.63385168407703,100.0,47.36614831582297,0.997130793725736,0.379860757829938,3902.522490396801,4331.97854088033,True
4924,326.84153910088384,137813.92823854683,0.38892182875486386,28,5,3.589614245286077,56.27405045040833,0,0,0,0,0,0,False
4925,329.93980514333805,103556.99790941933,0.5374482260493748,24,9,4.271899646890357,48.68629229412984,0,0,0,0,0,0,False
4926,324.93802409905203,142166.08733630413,0.5376387396132782,17,5,4.6960099523029575,47.064448056748205,0,0,0,0,0,0,False
4927,331.846912447918,148540.01264339886,0.6968601888871102,18,9,1.7227255606127065,54.95905003672115,100.0,45.040949963178846,0.9975920168952217,0.45039963803597977,3718.966382310755,4136.670117537455,True
4928,323.70982169757303,102405.83768615325,0.5170696202668057,19,13,2.02847015670607,42.90762433840916,100.0,57.09237566149084,0.8917138677482722,0.018560885982515433,5355.762241778556,6021.220160064641,True
4929,304.98001319271515,112615.80950158465,0.3335516421715976,24,7,3.8099492826565973,42.81572360677515,0,0,0,0,0,0,False
4930,340.2798328855446,129177.11483473197,0.391331688694683,22,6,3.6327856122818956,55.41615562138509,0,0,0,0,0,0,False
4931,348.92191628453384,110512.83584986102,0.39588615725812254,17,13,3.824166582793584,45.50625833758447,100.0,54.49374166231553,0.7118774758647037,0.01748780254724741,8385.834208012508,8734.158052209,True
4932,319.645977312905,113902.77563875468,0.657027111827637,17,6,1.698020195841374,41.45944557943875,100.0,58.54055442046124,0.9895243795762145,0.18754584917997727,4798.073928956084,5426.003212445679,True
4933,307.481607646139,122918.46889531707,0.3978482591000118,15,12,2.3538512434387955,50.64798338011333,100.0,49.352016619786674,0.7426056683441078,0.06191451363502389,5256.23494543337,6204.737813374834,True
4934,304.0908786511102,142235.58196266732,0.4711465256246631,26,5,3.2109336560774624,53.24129541179247,0,0,0,0,0,0,False
4935,304.8867706427633,113726.06631498873,0.3159919788740312,26,5,1.725930195947476,59.2636674197187,0,0,0,0,0,0,False
4936,336.56881431677283,109426.46526856028,0.529199722852924,29,5,1.9349932000997174,46.23483149603741,0,0,0,0,0,0,False
4937,322.3576002498218,119609.62001571641,0.5001406958624703,29,8,3.53232921515265,45.484274433128554,0,0,0,0,0,0,False
4938,336.5052028485461,101707.86211865608,0.44418253142615843,16,12,3.9722766777243823,50.85433656173694,100.0,49.14566343816306,0.877284571683315,0.0256518948637729,7589.4361557001075,8112.695145457935,True
4939,296.769697597766,122446.21291002342,0.5791739771987171,20,6,3.2594235421035895,41.00697154104647,0,0,0,0,0,0,False
4940,342.97751794585844,102341.53136562323,0.6061522687382332,20,12,2.648235212944899,40.45541698925185,100.0,59.54458301064814,0.9996800199117474,0.026897395660228474,6584.7509559174505,6934.497678954507,True
4941,336.48448550572175,138157.933673773,0.6027407490896906,22,9,1.705727764040152,57.85415325343342,0,0,0,0,0,0,False
4942,293.96477783518793,113351.90309415132,0.3632239874974698,19,8,4.841280395383646,45.51044131500379,100.0,54.48955868489621,0.6665172740598649,9.187015092525665e-05,10216.831054996801,11375.553252441583,True
4943,315.86401463179607,140570.71222711285,0.5217283753847692,22,9,2.7370356953163366,56.431685178194144,0,0,0,0,0,0,False
4944,327.5465883947943,134340.13959170206,0.6154005808953527,28,13,2.366009745583369,45.76474271831507,0,0,0,0,0,0,False
4945,304.5145698419202,112339.68777769365,0.3424120077062536,17,9,1.6972811425060619,45.849661088316196,100.0,54.1503389115838,0.6294491937866358,0.0034096141880533433,4710.868336982241,5737.53731100742,True
4946,295.449509248784,109875.15023731111,0.5383365638957173,16,10,2.4010492615129304,47.28138753367446,100.0,52.71861246622554,0.9920887815998486,0.03242457117155222,5443.812246409838,6488.0572567213485,True
4947,310.9856077852077,145750.73303327817,0.34256833883820276,24,12,3.9444553494859687,59.0988563970816,0,0,0,0,0,0,False
4948,332.53029099789046,100900.65500923758,0.6125769584476479,17,8,2.668388618741151,44.52420188049661,100.0,55.475798119403386,0.9982907418764553,0.13199004209029952,6170.553031032903,6652.079411260549,True
4949,340.7089568139267,144156.0505125078,0.6363162042192418,29,7,2.247163329336718,48.042591843055106,0,0,0,0,0,0,False
4950,338.80222976428325,138634.72720435777,0.3941581459355743,16,11,2.4959015059257643,55.43985749868511,100.0,44.56014250121489,0.8470606323625275,0.0301345874857772,4864.139013363802,5379.28716991298,True
4951,290.53745476618855,101954.86605900306,0.5378204325218324,16,6,1.6934455270387052,41.36187104765246,100.0,58.63812895224754,0.9150611252685654,0.003027436792320485,4870.775175691986,5973.668608758312,True
4952,298.59608623967654,102264.41780190225,0.562243781148313,25,10,4.746226570764324,56.07537844954987,0,0,0,0,0,0,False
4953,319.1982555788454,123383.65712044452,0.6870677386423332,22,5,1.4487880368419876,51.90193408883258,0,0,0,0,0,0,False
4954,323.2762752521768,118768.82057080332,0.38149974218940225,29,5,4.114555385287261,44.5474707335643,0,0,0,0,0,0,False
4955,321.0917303764513,145018.89991105656,0.6712753945647908,24,9,3.55374992228907,59.3712836371586,0,0,0,0,0,0,False
4956,327.2767256488963,109842.65585613734,0.4814696892800555,16,7,4.121239877877954,47.76659101451789,100.0,52.23340898538211,0.9206423203919406,0.00124030893795078,8240.757131287848,8884.449556262807,True
4957,295.6501644410074,122543.9309225537,0.5214529529794829,25,13,3.73681430902056,50.01857682843203,0,0,0,0,0,0,False
4958,295.5635652914657,100313.17997566564,0.46623058514283683,25,8,3.008341785853969,45.73935618245788,0,0,0,0,0,0,False
4959,323.94766911014307,111483.42478935095,0.41065856641522025,25,13,2.6154836137279296,49.72612169695948,0,0,0,0,0,0,False
4960,306.55935238891806,107484.1229142708,0.4754182907809449,19,8,1.2354494069276083,49.82075938983208,100.0,50.17924061006792,0.93172835700659,0.015815052576483666,3448.2249976676385,4383.387217132526,True
4961,299.6463740280859,115555.99813891065,0.5046045868150253,17,9,4.084207464928124,55.10941421704058,100.0,44.89058578285942,0.999453268971971,0.10151066165728455,6918.535754275224,7919.0608923101745,True
4962,341.77323800072827,112595.63982265252,0.5513095730786421,22,11,3.8554766063017434,48.098854744882644,0,0,0,0,0,0,False
4963,322.0031115923231,107123.5026197874,0.4457213189941551,15,12,3.626115318723751,48.823862383603384,100.0,51.17613761629661,0.8265825803141904,0.04650036252802484,7418.362068136846,8141.905037212442,True
4964,321.6315575656401,132955.8403990547,0.3806220338124498,22,5,1.6700431844652224,43.50227710853626,0,0,0,0,0,0,False
4965,338.24196956770135,103973.41004409993,0.3520995685796496,21,5,4.47138840520317,57.68174715286328,0,0,0,0,0,0,False
4966,343.410599496654,125873.48645874717,0.5631561449671805,23,9,2.2300225413825245,41.68282016508745,0,0,0,0,0,0,False
4967,310.75562465191604,140821.7247715012,0.5357622109684234,28,13,4.929355238221592,45.61390092458223,0,0,0,0,0,0,False
4968,344.80368787100497,101748.27881425433,0.5913265692359162,21,12,3.6479749105636055,54.16238483078846,0,0,0,0,0,0,False
4969,299.9382487323788,115242.78020602066,0.46497878452684316,17,12,4.126028381726813,55.39426740980762,100.0,44.60573259009237,0.999247878179336,0.034738466691466095,6931.491683143863,7966.459998775153,True
4970,337.2666502644524,125167.04427086291,0.5813490354881938,16,7,2.9069848534064127,46.651573962048026,100.0,53.34842603785197,0.9969033683042534,0.10613944973058774,6321.774516932809,6755.798678637634,True
4971,332.91893005670937,136013.53455770685,0.4088345500964995,16,5,1.3784185545858763,49.87350500096536,100.0,50.126494998934646,0.8113345921475189,0.004298132188392241,3745.2950377298116,4339.458279972788,True
4972,323.54177764763165,126037.03113878974,0.6786424073539185,15,11,2.7635237639456287,51.79230353786419,100.0,48.207696462035805,0.9997340828682664,0.3797739791815873,5499.461372148492,6045.821701755936,True
4973,322.82614458078206,144025.27285873872,0.6300113114731019,22,6,2.902179469615273,46.04870340215536,0,0,0,0,0,0,False
4974,306.30087775572065,146434.58684576536,0.4632638855037394,23,9,3.0024674417482062,53.48862989714112,0,0,0,0,0,0,False
4975,320.67129081678775,104602.06420245726,0.6779198956987067,19,10,1.4675903045459169,57.090993166294766,100.0,42.90900683360523,0.9968682057147236,0.43820181655971135,3211.444229536593,3792.468945095575,True
4976,335.3896169754042,104255.48080665406,0.3499852459409286,20,13,4.788216071235007,54.60185711765489,100.0,45.39814288224511,0.7679021313995321,0.0025115821348045022,8312.56328793531,8903.801957353102,True
4977,320.8344928308982,102584.15549167135,0.6808591164533531,17,5,4.3548759547777705,53.519889075433866,100.0,46.480110924466125,0.9962773292623754,0.40692975133809234,7550.069720854902,8129.875225036768,True
4978,323.56461738169673,103307.20786195382,0.6154878818051692,28,6,2.5549195523952077,42.34913910730947,0,0,0,0,0,0,False
4979,336.086695164382,137391.22205271438,0.4303749123076796,25,5,2.70756535400065,47.27726176670569,0,0,0,0,0,0,False
4980,319.74873426641733,146375.2371802085,0.5088872495310839,16,8,4.552036903497617,44.4860677468992,100.0,55.5139322530008,0.9154426718847618,0.001554072729887429,9504.568103489948,10236.244699853734,True
4981,292.7555541422447,114605.45928210585,0.6611745940109819,25,6,4.130854747255623,55.137580867560104,0,0,0,0,0,0,False
4982,339.7622176932522,131458.09932244863,0.6192562367893153,16,9,2.1324786198375714,50.92305193144775,100.0,49.07694806845225,0.9979898993337932,0.25425283944662025,4661.644420637357,5021.630399260688,True
4983,315.6571392280462,115801.00141327482,0.3511241359717947,21,5,2.538227313456333,53.03243663768163,0,0,0,0,0,0,False
4984,299.25676931288075,120379.39539704424,0.6384418960360039,28,13,4.492207830938615,43.6967027814739,0,0,0,0,0,0,False
4985,339.7148408558506,113196.44148947776,0.5247555057301776,19,13,2.928232817931473,53.8997959597472,100.0,46.100204040152796,0.9998510324402615,0.11839805884019602,5489.062747013967,5916.278300459711,True
4986,301.30042892088784,100682.2122325013,0.5685859896288246,19,11,3.034718817522681,42.88961959592091,0,0,0,0,0,0,False
4987,292.33866312957554,149251.0493059169,0.42403843057791935,26,5,3.566023617179585,53.54157326827753,0,0,0,0,0,0,False
4988,328.24427933479706,112324.97303493161,0.4511614432933201,19,12,1.9967115773925168,49.0570018412038,100.0,50.9429981586962,0.8727342513751388,0.013373650362804683,4745.211140397183,5386.260921771824,True
4989,328.2837693718533,139054.36914176287,0.5120523850130831,17,6,1.582744918215753,44.00893482979389,100.0,55.99106517010611,0.9121167834952149,0.0030780803010225528,4462.255933759672,5070.831033448152,True
4990,329.38553777902143,109751.46533008864,0.4517670389225887,23,13,1.9230409083104296,50.66469052998942,0,0,0,0,0,0,False
4991,335.13006153977216,130120.8705284318,0.450618892374771,25,8,2.641263249535836,40.25871176645334,0,0,0,0,0,0,False
4992,343.6377006084124,126470.24275505383,0.5989097763588727,25,7,3.8686787311477184,52.601140189407346,0,0,0,0,0,0,False
4993,305.7370974232054,101275.81936223422,0.3024395438003259,18,12,4.522856869742793,43.20755393403134,100.0,56.79244606586867,0.5308280063685432,0.0022436260252673332,10231.561116533221,11262.203425723612,True
4994,307.80783096008713,116249.47534473719,0.629666410028348,20,13,3.560958923922982,43.32109339806281,100.0,56.67890660183719,0.9999707588331388,0.1451674628512087,7835.459190134767,8643.591244020574,True
4995,332.92447451081773,133352.33910175873,0.6234009483354548,21,11,1.7703565583015948,59.20008988347969,0,0,0,0,0,0,False
4996,323.16363518313125,124176.365220909,0.3574815791359282,29,11,1.6515521888305658,48.694172547283245,0,0,0,0,0,0,False
4997,292.52300625506575,100993.007877895,0.3971792237677428,26,10,1.7143127175109396,41.230059918377414,0,0,0,0,0,0,False
4998,325.6209633364088,124092.4306042437,0.3826591302612069,16,8,2.8366156916705885,50.21782121234899,100.0,49.782178787551004,0.7657517430932994,0.0028909093070528438,6043.924015386072,6757.235644673969,True
4999,326.5858718587813,129449.57759013039,0.6865182110254763,20,8,3.089195727448171,59.19256773112531,100.0,40.80743226877469,0.9990685221468852,0.47104571868711476,5058.817249655363,5552.594923226428,True
5000,336.5326046664232,124797.1908463096,0.666649470785689,20,11,2.915718508295831,50.54187586010577,100.0,49.45812413979423,0.9998348449559993,0.34060861628958716,5870.14330541943,6245.1773940408275,True
